Student_ID,Status,Kohort,Is_Dropout,Skor_Risiko,Level_Risiko,Program_Studi,Jalur_Masuk,Kelas,Gender_Label,Kelompok_Usia,Age_at_enrollment,Status_Pernikahan,Debtor_Label,Tuition_fees_up_to_date_Label,Scholarship_holder_Label,Displaced_Label,Educational_special_needs_Label,International_Label,Admission_grade,Previous_qualification_grade,Curricular_units_1st_sem_enrolled,Curricular_units_1st_sem_approved,Curricular_units_1st_sem_grade,Curricular_units_2nd_sem_enrolled,Curricular_units_2nd_sem_approved,Curricular_units_2nd_sem_grade,Approval_Rate,Rata_Nilai,Kategori_Performa,Unemployment_rate,Inflation_rate,GDP
STD-3660,Enrolled,Masih Aktif,,100.0,Tinggi,Management,Change of institution/course,Reguler (Siang),Perempuan,21-23,22,Single,Ya,Menunggak,Tidak,Ya,Tidak,Domestik,99.7,99.0,5,0,0.0,5,0,0.0,0.0,0.0,Kritis (<25%),8.9,1.4,3.51
STD-4021,Enrolled,Masih Aktif,,100.0,Tinggi,Veterinary Nursing,Over 23 years old,Reguler (Siang),Laki-laki,24-27,25,Single,Ya,Menunggak,Tidak,Ya,Tidak,Domestik,138.3,133.1,6,0,0.0,6,0,0.0,0.0,0.0,Kritis (<25%),8.9,1.4,3.51
STD-4115,Enrolled,Masih Aktif,,100.0,Tinggi,Informatics Engineering,1st phase - general,Reguler (Siang),Laki-laki,<=20,20,Single,Ya,Lunas,Tidak,Ya,Tidak,Domestik,166.0,140.0,5,0,0.0,5,0,0.0,0.0,0.0,Kritis (<25%),9.4,-0.8,-3.12
STD-4184,Enrolled,Masih Aktif,,100.0,Tinggi,Informatics Engineering,Change of course,Reguler (Siang),Laki-laki,24-27,27,Single,Ya,Menunggak,Tidak,Tidak,Tidak,Domestik,128.0,130.0,5,0,0.0,5,0,0.0,0.0,0.0,Kritis (<25%),13.9,-0.3,0.79
STD-3787,Enrolled,Masih Aktif,,100.0,Tinggi,Informatics Engineering,2nd phase - general,Reguler (Siang),Laki-laki,<=20,18,Single,Ya,Menunggak,Tidak,Ya,Tidak,Domestik,120.4,127.0,5,0,0.0,5,0,0.0,0.0,0.0,Kritis (<25%),9.4,-0.8,-3.12
STD-3674,Enrolled,Masih Aktif,,99.9,Tinggi,Journalism & Comm,1st phase - general,Reguler (Siang),Perempuan,<=20,18,Single,Tidak,Lunas,Tidak,Ya,Tidak,Domestik,123.2,127.0,6,1,11.0,6,0,0.0,8.3,5.5,Kritis (<25%),9.4,-0.8,-3.12
STD-3645,Enrolled,Masih Aktif,,99.9,Tinggi,Communication Design,Change of course,Reguler (Siang),Laki-laki,24-27,24,Single,Tidak,Lunas,Tidak,Tidak,Tidak,Domestik,120.9,116.0,6,0,0.0,6,0,0.0,0.0,0.0,Kritis (<25%),12.7,3.7,-1.7
STD-3898,Enrolled,Masih Aktif,,99.9,Tinggi,Equinculture,Tech. specialization holder,Reguler (Siang),Perempuan,<=20,20,Single,Ya,Menunggak,Tidak,Ya,Tidak,Domestik,140.0,140.0,6,3,12.0,6,2,11.0,41.7,11.5,Rendah (25-50%),12.4,0.5,1.79
STD-4045,Enrolled,Masih Aktif,,99.9,Tinggi,Informatics Engineering,Over 23 years old,Reguler (Siang),Laki-laki,24-27,24,Single,Ya,Lunas,Tidak,Tidak,Tidak,Domestik,110.3,139.0,5,1,10.0,5,1,11.0,20.0,10.5,Kritis (<25%),8.9,1.4,3.51
STD-3931,Enrolled,Masih Aktif,,99.9,Tinggi,Nursing,Over 23 years old,Reguler (Siang),Laki-laki,28-35,33,Married,Tidak,Lunas,Ya,Tidak,Tidak,Domestik,130.0,100.0,8,1,10.0,8,1,10.0,12.5,10.0,Kritis (<25%),12.7,3.7,-1.7
STD-4120,Enrolled,Masih Aktif,,99.9,Tinggi,Oral Hygiene,Over 23 years old,Reguler (Siang),Perempuan,24-27,26,Married,Tidak,Lunas,Ya,Tidak,Tidak,Domestik,112.8,110.0,7,0,0.0,8,0,0.0,0.0,0.0,Kritis (<25%),10.8,1.4,1.74
STD-4112,Enrolled,Masih Aktif,,99.9,Tinggi,Agronomy,Tech. specialization holder,Reguler (Siang),Laki-laki,24-27,26,Single,Ya,Lunas,Tidak,Ya,Tidak,Domestik,140.0,140.0,6,0,0.0,6,0,0.0,0.0,0.0,Kritis (<25%),8.9,1.4,3.51
STD-4343,Enrolled,Masih Aktif,,99.9,Tinggi,Nursing,1st phase - general,Reguler (Siang),Perempuan,<=20,20,Single,Tidak,Lunas,Ya,Tidak,Tidak,Domestik,108.3,103.0,7,0,0.0,7,0,0.0,0.0,0.0,Kritis (<25%),11.1,0.6,2.02
STD-4277,Enrolled,Masih Aktif,,99.9,Tinggi,Informatics Engineering,1st phase - general,Reguler (Siang),Laki-laki,<=20,18,Single,Tidak,Lunas,Tidak,Ya,Tidak,Domestik,125.7,140.0,5,0,0.0,5,0,0.0,0.0,0.0,Kritis (<25%),9.4,-0.8,-3.12
STD-3689,Enrolled,Masih Aktif,,99.9,Tinggi,Agronomy,Over 23 years old,Reguler (Siang),Perempuan,28-35,30,Single,Ya,Lunas,Ya,Tidak,Tidak,Domestik,130.0,133.1,6,0,0.0,6,0,0.0,0.0,0.0,Kritis (<25%),11.1,0.6,2.02
STD-3793,Enrolled,Masih Aktif,,99.9,Tinggi,Veterinary Nursing,Over 23 years old,Reguler (Siang),Perempuan,28-35,28,Single,Ya,Lunas,Tidak,Ya,Tidak,Domestik,129.3,140.0,6,0,0.0,6,0,0.0,0.0,0.0,Kritis (<25%),8.9,1.4,3.51
STD-4276,Enrolled,Masih Aktif,,99.9,Tinggi,Nursing,Over 23 years old,Reguler (Siang),Laki-laki,28-35,33,Married,Tidak,Lunas,Tidak,Tidak,Tidak,Domestik,100.0,133.1,7,5,13.06,7,0,0.0,35.7,6.53,Rendah (25-50%),16.2,0.3,-0.92
STD-4168,Enrolled,Masih Aktif,,99.9,Tinggi,Nursing,2nd phase - general,Reguler (Siang),Perempuan,<=20,18,Single,Tidak,Lunas,Tidak,Ya,Tidak,Domestik,133.0,138.0,8,0,0.0,8,0,0.0,0.0,0.0,Kritis (<25%),9.4,-0.8,-3.12
STD-3650,Enrolled,Masih Aktif,,99.9,Tinggi,Informatics Engineering,Change of course,Reguler (Siang),Laki-laki,<=20,18,Single,Ya,Lunas,Tidak,Ya,Tidak,Domestik,112.2,115.0,5,2,10.0,5,0,0.0,20.0,5.0,Kritis (<25%),15.5,2.8,-4.06
STD-4329,Enrolled,Masih Aktif,,99.9,Tinggi,Communication Design,2nd phase - general,Reguler (Siang),Laki-laki,21-23,22,Single,Tidak,Lunas,Tidak,Ya,Tidak,Domestik,122.6,125.0,6,1,11.0,6,0,0.0,8.3,5.5,Kritis (<25%),9.4,-0.8,-3.12
STD-4034,Enrolled,Masih Aktif,,99.9,Tinggi,Informatics Engineering,Tech. specialization holder,Reguler (Siang),Laki-laki,21-23,23,Single,Tidak,Lunas,Tidak,Tidak,Tidak,Domestik,140.0,140.0,7,3,14.0,6,1,14.0,30.8,14.0,Rendah (25-50%),12.4,0.5,1.79
STD-4055,Enrolled,Masih Aktif,,99.8,Tinggi,Informatics Engineering,2nd phase - general,Reguler (Siang),Laki-laki,<=20,20,Single,Tidak,Lunas,Tidak,Tidak,Tidak,Domestik,115.8,127.0,5,4,11.5,5,0,0.0,40.0,5.75,Rendah (25-50%),13.9,-0.3,0.79
STD-4424,Enrolled,Masih Aktif,,99.8,Tinggi,Biofuel Production Tech,Change of course,Reguler (Siang),Laki-laki,24-27,25,Single,Tidak,Lunas,Tidak,Ya,Tidak,Domestik,121.2,143.0,10,5,11.6,8,2,13.0,38.9,12.3,Rendah (25-50%),12.4,0.5,1.79
STD-4402,Enrolled,Masih Aktif,,99.8,Tinggi,Veterinary Nursing,1st phase - general,Reguler (Siang),Laki-laki,21-23,21,Single,Tidak,Lunas,Tidak,Ya,Tidak,Domestik,105.0,133.1,6,3,11.25,6,0,0.0,25.0,5.62,Kritis (<25%),12.4,0.5,1.79
STD-3942,Enrolled,Masih Aktif,,99.8,Tinggi,Management,Change of institution/course,Reguler (Siang),Laki-laki,28-35,32,Single,Ya,Lunas,Tidak,Tidak,Tidak,Domestik,115.2,116.0,7,3,12.0,8,3,10.333333333333334,40.0,11.17,Rendah (25-50%),8.9,1.4,3.51
STD-3930,Enrolled,Masih Aktif,,99.8,Tinggi,Veterinary Nursing,Tech. specialization holder,Reguler (Siang),Perempuan,24-27,24,Single,Ya,Menunggak,Tidak,Tidak,Tidak,Domestik,140.0,140.0,6,4,12.5,6,2,11.5,50.0,12.0,Rendah (25-50%),12.4,0.5,1.79
STD-3963,Enrolled,Masih Aktif,,99.8,Tinggi,Informatics Engineering,Over 23 years old,Reguler (Siang),Laki-laki,28-35,34,Single,Tidak,Lunas,Tidak,Tidak,Tidak,Domestik,125.9,110.0,5,0,0.0,5,1,11.0,10.0,5.5,Kritis (<25%),10.8,1.4,1.74
STD-3801,Enrolled,Masih Aktif,,99.8,Tinggi,Informatics Engineering,2nd phase - general,Reguler (Siang),Laki-laki,<=20,18,Single,Ya,Menunggak,Tidak,Ya,Tidak,Domestik,116.9,120.0,5,3,12.0,5,3,10.333333333333334,60.0,11.17,Sedang (50-75%),8.9,1.4,3.51
STD-4228,Enrolled,Masih Aktif,,99.8,Tinggi,Journalism & Comm,2nd phase - general,Reguler (Siang),Laki-laki,21-23,21,Single,Tidak,Lunas,Tidak,Ya,Tidak,Domestik,132.5,129.0,6,0,0.0,6,1,10.0,8.3,5.0,Kritis (<25%),10.8,1.4,1.74
STD-3837,Enrolled,Masih Aktif,,99.8,Tinggi,Informatics Engineering,Over 23 years old,Reguler (Siang),Laki-laki,24-27,25,Single,Tidak,Lunas,Tidak,Tidak,Tidak,Domestik,100.0,133.1,5,1,11.0,5,1,10.0,20.0,10.5,Kritis (<25%),13.9,-0.3,0.79
STD-4118,Enrolled,Masih Aktif,,99.8,Tinggi,Advertising & Marketing,2nd phase - general,Reguler (Siang),Laki-laki,<=20,19,Single,Tidak,Lunas,Tidak,Tidak,Tidak,Domestik,108.0,109.0,5,0,0.0,5,0,0.0,0.0,0.0,Kritis (<25%),7.6,2.6,0.32
STD-4088,Enrolled,Masih Aktif,,99.7,Tinggi,Social Service,1st phase - general,Reguler (Siang),Perempuan,<=20,20,Single,Tidak,Lunas,Tidak,Tidak,Tidak,Domestik,126.0,133.0,6,1,12.0,5,0,0.0,9.1,6.0,Kritis (<25%),9.4,-0.8,-3.12
STD-4128,Enrolled,Masih Aktif,,99.7,Tinggi,Agronomy,Tech. specialization holder,Reguler (Siang),Laki-laki,21-23,23,Single,Tidak,Lunas,Tidak,Tidak,Tidak,Domestik,120.0,120.0,6,0,0.0,6,0,0.0,0.0,0.0,Kritis (<25%),15.5,2.8,-4.06
STD-3983,Enrolled,Masih Aktif,,99.7,Tinggi,Management (evening),Over 23 years old,Kelas Malam,Perempuan,28-35,34,Married,Tidak,Lunas,Tidak,Tidak,Tidak,Domestik,130.0,140.0,5,0,0.0,5,0,0.0,0.0,0.0,Kritis (<25%),9.4,-0.8,-3.12
STD-3798,Enrolled,Masih Aktif,,99.7,Tinggi,Social Service,Over 23 years old,Reguler (Siang),Perempuan,28-35,31,Married,Tidak,Lunas,Tidak,Ya,Tidak,Domestik,130.0,133.1,6,0,0.0,5,0,0.0,0.0,0.0,Kritis (<25%),9.4,-0.8,-3.12
STD-3956,Enrolled,Masih Aktif,,99.7,Tinggi,Management,2nd phase - general,Reguler (Siang),Perempuan,<=20,19,Single,Tidak,Lunas,Tidak,Ya,Tidak,Domestik,138.6,162.0,5,1,11.0,5,0,0.0,10.0,5.5,Kritis (<25%),12.7,3.7,-1.7
STD-4304,Enrolled,Masih Aktif,,99.7,Tinggi,Agronomy,Tech. specialization holder,Reguler (Siang),Laki-laki,<=20,19,Single,Tidak,Lunas,Tidak,Tidak,Tidak,Domestik,120.0,120.0,6,1,11.0,6,0,0.0,8.3,5.5,Kritis (<25%),16.2,0.3,-0.92
STD-4041,Enrolled,Masih Aktif,,99.7,Tinggi,Informatics Engineering,Change of institution/course,Reguler (Siang),Laki-laki,<=20,19,Single,Tidak,Lunas,Tidak,Ya,Tidak,Domestik,121.6,129.0,5,0,0.0,5,1,10.0,10.0,5.0,Kritis (<25%),7.6,2.6,0.32
STD-3895,Enrolled,Masih Aktif,,99.7,Tinggi,Management,2nd phase - general,Reguler (Siang),Laki-laki,<=20,18,Single,Ya,Lunas,Tidak,Ya,Tidak,Domestik,143.6,139.0,5,0,0.0,5,0,0.0,0.0,0.0,Kritis (<25%),7.6,2.6,0.32
STD-4140,Enrolled,Masih Aktif,,99.7,Tinggi,Management (evening),Over 23 years old,Kelas Malam,Laki-laki,28-35,29,Divorced,Tidak,Lunas,Tidak,Tidak,Tidak,Domestik,127.6,130.0,5,0,0.0,5,0,0.0,0.0,0.0,Kritis (<25%),7.6,2.6,0.32
STD-4337,Enrolled,Masih Aktif,,99.6,Tinggi,Management,Change of course,Reguler (Siang),Laki-laki,21-23,23,Single,Tidak,Lunas,Tidak,Ya,Tidak,Internasional,124.2,127.0,5,1,10.0,5,0,0.0,10.0,5.0,Kritis (<25%),15.5,2.8,-4.06
STD-4279,Enrolled,Masih Aktif,,99.6,Tinggi,Management,1st phase - general,Reguler (Siang),Laki-laki,<=20,19,Single,Tidak,Lunas,Tidak,Ya,Tidak,Domestik,116.7,124.0,5,0,0.0,5,0,0.0,0.0,0.0,Kritis (<25%),7.6,2.6,0.32
STD-4226,Enrolled,Masih Aktif,,99.6,Tinggi,Informatics Engineering,Over 23 years old,Reguler (Siang),Laki-laki,28-35,34,Facto Union,Ya,Lunas,Ya,Tidak,Tidak,Domestik,116.0,120.0,5,1,17.0,5,2,11.0,30.0,14.0,Rendah (25-50%),9.4,-0.8,-3.12
STD-4261,Enrolled,Masih Aktif,,99.6,Tinggi,Agronomy,Over 23 years old,Reguler (Siang),Laki-laki,24-27,27,Single,Tidak,Lunas,Tidak,Tidak,Tidak,Domestik,140.0,160.0,6,0,0.0,6,0,0.0,0.0,0.0,Kritis (<25%),11.1,0.6,2.02
STD-3977,Enrolled,Masih Aktif,,99.5,Tinggi,Nursing,3rd phase - general,Reguler (Siang),Perempuan,<=20,20,Single,Tidak,Lunas,Ya,Tidak,Tidak,Domestik,125.8,128.0,8,0,0.0,8,0,0.0,0.0,0.0,Kritis (<25%),9.4,-0.8,-3.12
STD-3838,Enrolled,Masih Aktif,,99.5,Tinggi,Advertising & Marketing,Short cycle holder,Reguler (Siang),Perempuan,21-23,21,Single,Ya,Lunas,Tidak,Ya,Tidak,Domestik,140.0,140.0,6,1,12.0,6,1,11.0,16.7,11.5,Kritis (<25%),8.9,1.4,3.51
STD-4048,Enrolled,Masih Aktif,,99.5,Tinggi,Animation & Multimedia,1st phase - general,Reguler (Siang),Laki-laki,21-23,23,Single,Ya,Lunas,Tidak,Ya,Tidak,Domestik,127.2,131.0,17,13,12.153846153846152,17,11,11.909090909090908,70.6,12.03,Sedang (50-75%),11.1,0.6,2.02
STD-4410,Enrolled,Masih Aktif,,99.5,Tinggi,Journalism & Comm,1st phase - general,Reguler (Siang),Perempuan,<=20,20,Single,Tidak,Lunas,Tidak,Ya,Tidak,Domestik,117.1,129.0,6,1,17.0,6,1,17.0,16.7,17.0,Kritis (<25%),9.4,-0.8,-3.12
STD-3980,Enrolled,Masih Aktif,,99.5,Tinggi,Social Service,Change of institution/course,Reguler (Siang),Perempuan,<=20,20,Single,Ya,Lunas,Tidak,Tidak,Tidak,Domestik,112.6,122.0,11,8,12.625,10,3,11.0,52.4,11.81,Sedang (50-75%),11.1,0.6,2.02
STD-4246,Enrolled,Masih Aktif,,99.5,Tinggi,Management,2nd phase - general,Reguler (Siang),Perempuan,<=20,18,Single,Tidak,Lunas,Tidak,Tidak,Tidak,Domestik,133.4,139.0,5,1,11.0,5,0,0.0,10.0,5.5,Kritis (<25%),9.4,-0.8,-3.12
STD-4383,Enrolled,Masih Aktif,,99.4,Tinggi,Management (evening),1st phase - general,Kelas Malam,Perempuan,<=20,20,Single,Tidak,Lunas,Tidak,Ya,Tidak,Domestik,118.4,131.0,5,0,0.0,5,0,0.0,0.0,0.0,Kritis (<25%),7.6,2.6,0.32
STD-4025,Enrolled,Masih Aktif,,99.3,Tinggi,Nursing,Change of course,Reguler (Siang),Laki-laki,21-23,21,Single,Tidak,Lunas,Ya,Tidak,Tidak,Domestik,124.1,136.0,8,0,0.0,8,0,0.0,0.0,0.0,Kritis (<25%),9.4,-0.8,-3.12
STD-3647,Enrolled,Masih Aktif,,99.3,Tinggi,Management,2nd phase - general,Reguler (Siang),Laki-laki,<=20,18,Single,Tidak,Lunas,Tidak,Tidak,Tidak,Domestik,134.0,148.0,5,0,0.0,5,0,0.0,0.0,0.0,Kritis (<25%),7.6,2.6,0.32
STD-4164,Enrolled,Masih Aktif,,99.3,Tinggi,Nursing,1st phase - general,Reguler (Siang),Perempuan,<=20,19,Single,Tidak,Lunas,Tidak,Ya,Tidak,Domestik,127.0,136.0,8,1,13.67,8,1,13.67,12.5,13.67,Kritis (<25%),9.4,-0.8,-3.12
STD-3979,Enrolled,Masih Aktif,,99.3,Tinggi,Basic Education,2nd phase - general,Reguler (Siang),Perempuan,<=20,18,Single,Ya,Lunas,Tidak,Tidak,Tidak,Domestik,128.2,146.0,6,4,13.25,6,3,10.666666666666666,58.3,11.96,Sedang (50-75%),12.7,3.7,-1.7
STD-4382,Enrolled,Masih Aktif,,99.2,Tinggi,Basic Education,2nd phase - general,Reguler (Siang),Perempuan,<=20,18,Single,Ya,Lunas,Tidak,Ya,Tidak,Domestik,121.8,127.0,6,4,13.5,6,3,10.666666666666666,58.3,12.08,Sedang (50-75%),10.8,1.4,1.74
STD-4353,Enrolled,Masih Aktif,,99.2,Tinggi,Animation & Multimedia,2nd phase - general,Reguler (Siang),Perempuan,21-23,22,Single,Ya,Lunas,Tidak,Ya,Tidak,Domestik,135.5,146.0,17,12,11.833333333333334,17,11,11.25,67.6,11.54,Sedang (50-75%),11.1,0.6,2.02
STD-3663,Enrolled,Masih Aktif,,99.1,Tinggi,Agronomy,Over 23 years old,Reguler (Siang),Perempuan,>35,47,Widower,Ya,Lunas,Tidak,Tidak,Tidak,Domestik,170.0,170.0,1,0,0.0,6,0,0.0,0.0,0.0,Kritis (<25%),8.9,1.4,3.51
STD-4417,Enrolled,Masih Aktif,,99.1,Tinggi,Social Service,1st phase - general,Reguler (Siang),Perempuan,<=20,20,Single,Tidak,Lunas,Tidak,Tidak,Tidak,Domestik,121.4,145.0,6,0,0.0,5,0,0.0,0.0,0.0,Kritis (<25%),9.4,-0.8,-3.12
STD-4319,Enrolled,Masih Aktif,,99.1,Tinggi,Informatics Engineering,1st phase - general,Reguler (Siang),Laki-laki,<=20,18,Single,Tidak,Lunas,Tidak,Ya,Tidak,Domestik,129.8,142.0,5,0,0.0,5,1,15.0,10.0,7.5,Kritis (<25%),10.8,1.4,1.74
STD-3722,Enrolled,Masih Aktif,,98.8,Tinggi,Communication Design,1st phase - general,Reguler (Siang),Perempuan,<=20,18,Single,Tidak,Lunas,Tidak,Ya,Tidak,Domestik,120.7,121.0,6,4,10.75,6,0,0.0,33.3,5.38,Rendah (25-50%),9.4,-0.8,-3.12
STD-4230,Enrolled,Masih Aktif,,98.7,Tinggi,Advertising & Marketing,2nd phase - general,Reguler (Siang),Laki-laki,<=20,20,Single,Ya,Menunggak,Tidak,Tidak,Tidak,Domestik,123.0,138.0,6,5,12.4,6,4,13.0,75.0,12.7,Sedang (50-75%),13.9,-0.3,0.79
STD-3723,Enrolled,Masih Aktif,,98.6,Tinggi,Informatics Engineering,Over 23 years old,Reguler (Siang),Laki-laki,24-27,24,Single,Tidak,Lunas,Tidak,Ya,Tidak,Domestik,100.9,133.1,5,1,12.0,5,3,10.5,40.0,11.25,Rendah (25-50%),10.8,1.4,1.74
STD-4406,Enrolled,Masih Aktif,,98.6,Tinggi,Informatics Engineering,1st phase - general,Reguler (Siang),Laki-laki,<=20,18,Single,Tidak,Lunas,Tidak,Ya,Tidak,Domestik,123.5,135.0,5,0,0.0,5,1,10.0,10.0,5.0,Kritis (<25%),7.6,2.6,0.32
STD-4372,Enrolled,Masih Aktif,,98.5,Tinggi,Veterinary Nursing,Over 23 years old,Reguler (Siang),Perempuan,>35,44,Divorced,Tidak,Menunggak,Ya,Tidak,Tidak,Domestik,154.6,140.0,6,4,12.75,6,2,10.0,50.0,11.38,Rendah (25-50%),8.9,1.4,3.51
STD-3938,Enrolled,Masih Aktif,,98.5,Tinggi,Informatics Engineering,Tech. specialization holder,Reguler (Siang),Laki-laki,<=20,20,Single,Tidak,Lunas,Tidak,Tidak,Tidak,Domestik,150.0,150.0,5,0,0.0,5,2,10.5,20.0,5.25,Kritis (<25%),12.7,3.7,-1.7
STD-3976,Enrolled,Masih Aktif,,98.4,Tinggi,Veterinary Nursing,Short cycle holder,Reguler (Siang),Perempuan,24-27,24,Single,Ya,Menunggak,Tidak,Ya,Tidak,Domestik,130.0,130.0,9,8,13.125,9,6,13.0,77.8,13.06,Baik (>75%),8.9,1.4,3.51
STD-4163,Enrolled,Masih Aktif,,98.3,Tinggi,Social Service (eve),Over 23 years old,Kelas Malam,Perempuan,28-35,34,Single,Tidak,Lunas,Tidak,Tidak,Tidak,Domestik,117.5,155.0,6,4,13.25,6,0,0.0,33.3,6.62,Rendah (25-50%),12.7,3.7,-1.7
STD-3900,Enrolled,Masih Aktif,,98.3,Tinggi,Oral Hygiene,International student,Reguler (Siang),Perempuan,<=20,19,Single,Ya,Lunas,Tidak,Tidak,Tidak,Internasional,137.0,137.0,7,0,0.0,7,2,11.666666666666666,14.3,5.83,Kritis (<25%),8.9,1.4,3.51
STD-4339,Enrolled,Masih Aktif,,98.2,Tinggi,Management,1st phase - general,Reguler (Siang),Perempuan,<=20,19,Single,Ya,Lunas,Tidak,Tidak,Tidak,Domestik,115.2,126.0,5,1,10.0,5,2,10.0,30.0,10.0,Rendah (25-50%),12.4,0.5,1.79
STD-4225,Enrolled,Masih Aktif,,98.0,Tinggi,Animation & Multimedia,1st phase - general,Reguler (Siang),Laki-laki,<=20,19,Single,Tidak,Lunas,Tidak,Tidak,Tidak,Domestik,118.8,123.0,10,5,11.0,7,2,10.0,41.2,10.5,Rendah (25-50%),8.9,1.4,3.51
STD-4144,Enrolled,Masih Aktif,,98.0,Tinggi,Journalism & Comm,Change of course,Reguler (Siang),Perempuan,<=20,18,Single,Tidak,Lunas,Tidak,Ya,Tidak,Domestik,117.6,127.0,6,0,0.0,6,3,11.0,25.0,5.5,Kritis (<25%),16.2,0.3,-0.92
STD-3644,Enrolled,Masih Aktif,,97.8,Tinggi,Communication Design,2nd phase - general,Reguler (Siang),Laki-laki,<=20,19,Single,Tidak,Lunas,Tidak,Ya,Tidak,Domestik,130.2,127.0,6,5,11.4,6,1,10.0,50.0,10.7,Rendah (25-50%),10.8,1.4,1.74
STD-4260,Enrolled,Masih Aktif,,97.7,Tinggi,Social Service,Over 23 years old,Reguler (Siang),Laki-laki,28-35,28,Single,Ya,Lunas,Tidak,Tidak,Tidak,Domestik,124.0,160.0,8,7,11.0,6,1,10.0,57.1,10.5,Sedang (50-75%),10.8,1.4,1.74
STD-4066,Enrolled,Masih Aktif,,97.7,Tinggi,Animation & Multimedia,1st phase - general,Reguler (Siang),Laki-laki,<=20,18,Single,Ya,Menunggak,Tidak,Tidak,Tidak,Domestik,118.1,130.0,0,0,0.0,0,0,0.0,0.0,0.0,Kritis (<25%),9.4,-0.8,-3.12
STD-4321,Enrolled,Masih Aktif,,97.6,Tinggi,Communication Design,Change of course,Reguler (Siang),Laki-laki,28-35,34,Single,Tidak,Lunas,Tidak,Ya,Tidak,Domestik,108.0,100.0,12,7,11.428571428571429,12,7,11.857142857142858,58.3,11.64,Sedang (50-75%),7.6,2.6,0.32
STD-4123,Enrolled,Masih Aktif,,97.6,Tinggi,Equinculture,1st phase - general,Reguler (Siang),Perempuan,21-23,21,Single,Tidak,Lunas,Tidak,Ya,Tidak,Domestik,123.0,138.0,5,1,11.0,5,2,10.5,30.0,10.75,Rendah (25-50%),12.7,3.7,-1.7
STD-3800,Enrolled,Masih Aktif,,97.6,Tinggi,Informatics Engineering,Over 23 years old,Reguler (Siang),Laki-laki,24-27,24,Single,Tidak,Lunas,Tidak,Tidak,Tidak,Domestik,120.0,150.0,5,3,10.666666666666666,5,2,10.5,50.0,10.58,Rendah (25-50%),15.5,2.8,-4.06
STD-4046,Enrolled,Masih Aktif,,97.5,Tinggi,Informatics Engineering,Tech. specialization holder,Reguler (Siang),Laki-laki,21-23,22,Single,Tidak,Lunas,Tidak,Ya,Tidak,Domestik,140.0,140.0,5,0,0.0,5,2,11.666666666666666,20.0,5.83,Kritis (<25%),10.8,1.4,1.74
STD-4005,Enrolled,Masih Aktif,,97.5,Tinggi,Social Service,2nd phase - general,Reguler (Siang),Perempuan,<=20,19,Single,Tidak,Lunas,Tidak,Ya,Tidak,Domestik,136.2,133.0,6,1,11.5,6,2,10.5,25.0,11.0,Kritis (<25%),7.6,2.6,0.32
STD-4231,Enrolled,Masih Aktif,,97.5,Tinggi,Informatics Engineering,1st phase - general,Reguler (Siang),Laki-laki,<=20,19,Single,Tidak,Lunas,Tidak,Tidak,Tidak,Domestik,153.7,160.0,5,1,13.0,5,2,10.0,30.0,11.5,Rendah (25-50%),9.4,-0.8,-3.12
STD-4233,Enrolled,Masih Aktif,,97.5,Tinggi,Informatics Engineering,Tech. specialization holder,Reguler (Siang),Laki-laki,<=20,20,Single,Tidak,Lunas,Tidak,Tidak,Tidak,Domestik,130.0,130.0,5,1,13.0,5,3,12.6,40.0,12.8,Rendah (25-50%),12.4,0.5,1.79
STD-4095,Enrolled,Masih Aktif,,97.4,Tinggi,Basic Education,1st phase - general,Reguler (Siang),Perempuan,21-23,22,Single,Ya,Menunggak,Tidak,Ya,Tidak,Domestik,95.0,133.1,7,6,11.5,7,6,13.166666666666666,85.7,12.33,Baik (>75%),11.1,0.6,2.02
STD-4380,Enrolled,Masih Aktif,,97.4,Tinggi,Management,Change of course,Reguler (Siang),Perempuan,<=20,18,Single,Tidak,Lunas,Tidak,Ya,Tidak,Domestik,123.7,131.0,5,1,14.0,5,1,14.0,20.0,14.0,Kritis (<25%),7.6,2.6,0.32
STD-4378,Enrolled,Masih Aktif,,97.3,Tinggi,Basic Education,3rd phase - general,Reguler (Siang),Perempuan,<=20,20,Single,Tidak,Lunas,Tidak,Ya,Tidak,Domestik,110.0,110.0,6,4,12.75,6,3,11.333333333333334,58.3,12.04,Sedang (50-75%),10.8,1.4,1.74
STD-3954,Enrolled,Masih Aktif,,97.3,Tinggi,Veterinary Nursing,Change of course,Reguler (Siang),Perempuan,<=20,19,Single,Tidak,Menunggak,Tidak,Ya,Tidak,Domestik,130.0,130.0,6,5,13.0,6,3,11.666666666666666,66.7,12.33,Sedang (50-75%),13.9,-0.3,0.79
STD-4312,Enrolled,Masih Aktif,,97.2,Tinggi,Oral Hygiene,Change of course,Reguler (Siang),Perempuan,24-27,25,Single,Tidak,Lunas,Tidak,Tidak,Tidak,Domestik,100.0,126.0,7,3,13.0,8,3,11.666666666666666,40.0,12.33,Rendah (25-50%),10.8,1.4,1.74
STD-3757,Enrolled,Masih Aktif,,97.2,Tinggi,Veterinary Nursing,Tech. specialization holder,Reguler (Siang),Laki-laki,<=20,20,Single,Tidak,Menunggak,Tidak,Tidak,Tidak,Domestik,130.0,130.0,6,5,13.2,6,3,12.0,66.7,12.6,Sedang (50-75%),12.4,0.5,1.79
STD-3653,Enrolled,Masih Aktif,,97.2,Tinggi,Basic Education,2nd phase - general,Reguler (Siang),Perempuan,<=20,20,Single,Tidak,Lunas,Tidak,Ya,Tidak,Domestik,107.0,133.1,7,6,11.666666666666666,7,3,13.0,64.3,12.33,Sedang (50-75%),16.2,0.3,-0.92
STD-4137,Enrolled,Masih Aktif,,97.2,Tinggi,Journalism & Comm,Change of course,Reguler (Siang),Perempuan,21-23,23,Single,Tidak,Lunas,Tidak,Ya,Tidak,Domestik,105.0,119.0,6,3,11.333333333333334,6,2,11.0,41.7,11.17,Rendah (25-50%),16.2,0.3,-0.92
STD-3728,Enrolled,Masih Aktif,,97.1,Tinggi,Informatics Engineering,Over 23 years old,Reguler (Siang),Laki-laki,24-27,25,Single,Tidak,Lunas,Tidak,Tidak,Tidak,Domestik,146.8,120.0,5,5,14.2,5,2,13.5,70.0,13.85,Sedang (50-75%),16.2,0.3,-0.92
STD-4387,Enrolled,Masih Aktif,,97.1,Tinggi,Basic Education,1st phase - Azores,Reguler (Siang),Perempuan,21-23,22,Single,Tidak,Lunas,Tidak,Ya,Tidak,Domestik,118.3,119.0,6,3,15.0,6,4,10.25,58.3,12.62,Sedang (50-75%),9.4,-0.8,-3.12
STD-4071,Enrolled,Masih Aktif,,97.0,Tinggi,Equinculture,Tech. specialization holder,Reguler (Siang),Laki-laki,<=20,19,Single,Tidak,Lunas,Tidak,Ya,Tidak,Domestik,150.0,150.0,6,5,11.6,6,2,11.0,58.3,11.3,Sedang (50-75%),13.9,-0.3,0.79
STD-3782,Enrolled,Masih Aktif,,97.0,Tinggi,Informatics Engineering,1st phase - general,Reguler (Siang),Laki-laki,<=20,18,Single,Tidak,Lunas,Tidak,Ya,Tidak,Domestik,121.8,133.0,5,4,12.0,5,2,11.0,60.0,11.5,Sedang (50-75%),8.9,1.4,3.51
STD-3709,Enrolled,Masih Aktif,,96.8,Tinggi,Equinculture,Change of course,Reguler (Siang),Perempuan,<=20,18,Single,Ya,Lunas,Tidak,Ya,Tidak,Domestik,120.7,127.0,5,1,12.0,5,3,12.0,40.0,12.0,Rendah (25-50%),12.7,3.7,-1.7
STD-4002,Enrolled,Masih Aktif,,96.8,Tinggi,Equinculture,2nd phase - general,Reguler (Siang),Perempuan,<=20,18,Single,Ya,Menunggak,Tidak,Ya,Tidak,Domestik,131.8,143.0,6,5,12.4,6,5,14.166666666666666,83.3,13.28,Baik (>75%),8.9,1.4,3.51
STD-4069,Enrolled,Masih Aktif,,96.7,Tinggi,Informatics Engineering,1st phase - general,Reguler (Siang),Laki-laki,<=20,18,Single,Tidak,Lunas,Tidak,Ya,Tidak,Domestik,148.5,146.0,5,4,10.0,5,1,16.0,50.0,13.0,Rendah (25-50%),10.8,1.4,1.74
STD-4398,Enrolled,Masih Aktif,,96.7,Tinggi,Communication Design,2nd phase - general,Reguler (Siang),Laki-laki,<=20,18,Single,Tidak,Lunas,Tidak,Ya,Tidak,Domestik,141.0,142.0,6,6,13.0,6,1,10.0,58.3,11.5,Sedang (50-75%),10.8,1.4,1.74
STD-4026,Enrolled,Masih Aktif,,96.7,Tinggi,Agronomy,Tech. specialization holder,Reguler (Siang),Laki-laki,<=20,20,Single,Tidak,Lunas,Tidak,Tidak,Tidak,Domestik,130.0,130.0,7,3,10.666666666666666,6,2,11.5,38.5,11.08,Rendah (25-50%),15.5,2.8,-4.06
STD-4096,Enrolled,Masih Aktif,,96.6,Tinggi,Management,2nd phase - general,Reguler (Siang),Perempuan,21-23,23,Single,Tidak,Lunas,Tidak,Ya,Tidak,Domestik,115.0,115.0,5,2,10.0,5,1,12.0,30.0,11.0,Rendah (25-50%),9.4,-0.8,-3.12
STD-3962,Enrolled,Masih Aktif,,96.5,Tinggi,Management (evening),Transfer,Kelas Malam,Laki-laki,24-27,27,Married,Tidak,Lunas,Tidak,Tidak,Tidak,Domestik,130.0,130.0,2,2,12.5,5,2,12.5,57.1,12.5,Sedang (50-75%),12.7,3.7,-1.7
STD-3631,Enrolled,Masih Aktif,,96.5,Tinggi,Social Service,3rd phase - general,Reguler (Siang),Perempuan,<=20,18,Single,Tidak,Lunas,Tidak,Ya,Tidak,Domestik,137.4,137.0,6,1,12.0,6,2,11.0,25.0,11.5,Kritis (<25%),10.8,1.4,1.74
STD-3775,Enrolled,Masih Aktif,,96.5,Tinggi,Equinculture,1st phase - general,Reguler (Siang),Perempuan,21-23,23,Single,Ya,Menunggak,Tidak,Tidak,Tidak,Domestik,141.3,143.0,6,6,14.0,6,4,13.0,83.3,13.5,Baik (>75%),11.1,0.6,2.02
STD-3638,Enrolled,Masih Aktif,,96.4,Tinggi,Management,1st phase - general,Reguler (Siang),Laki-laki,<=20,18,Single,Tidak,Menunggak,Tidak,Tidak,Tidak,Domestik,138.8,143.0,5,3,11.333333333333334,5,2,13.5,50.0,12.42,Rendah (25-50%),8.9,1.4,3.51
STD-4289,Enrolled,Masih Aktif,,96.2,Tinggi,Social Service,1st phase - general,Reguler (Siang),Perempuan,<=20,20,Single,Tidak,Lunas,Tidak,Tidak,Tidak,Domestik,121.0,135.0,6,1,10.0,6,1,13.0,16.7,11.5,Kritis (<25%),9.4,-0.8,-3.12
STD-3765,Enrolled,Masih Aktif,,96.2,Tinggi,Management,International student,Reguler (Siang),Laki-laki,>35,40,Single,Ya,Lunas,Tidak,Tidak,Tidak,Internasional,100.0,133.1,5,1,11.0,5,1,10.0,20.0,10.5,Kritis (<25%),11.1,0.6,2.02
STD-3667,Enrolled,Masih Aktif,,95.9,Tinggi,Social Service,Change of course,Reguler (Siang),Perempuan,21-23,21,Single,Ya,Menunggak,Tidak,Tidak,Tidak,Domestik,126.6,143.0,10,8,11.5,6,4,10.0,75.0,10.75,Sedang (50-75%),9.4,-0.8,-3.12
STD-3774,Enrolled,Masih Aktif,,95.6,Tinggi,Management,2nd phase - general,Reguler (Siang),Perempuan,<=20,20,Single,Ya,Lunas,Tidak,Ya,Tidak,Domestik,113.5,118.0,5,2,11.5,5,3,10.0,50.0,10.75,Rendah (25-50%),11.1,0.6,2.02
STD-4299,Enrolled,Masih Aktif,,95.6,Tinggi,Equinculture,Change of course,Reguler (Siang),Laki-laki,28-35,33,Single,Tidak,Lunas,Tidak,Ya,Tidak,Domestik,130.0,130.0,5,1,13.0,5,3,14.0,40.0,13.5,Rendah (25-50%),9.4,-0.8,-3.12
STD-3892,Enrolled,Masih Aktif,,95.6,Tinggi,Informatics Engineering,Holder of other higher course,Reguler (Siang),Laki-laki,28-35,30,Single,Ya,Lunas,Tidak,Tidak,Tidak,Domestik,180.0,180.0,5,4,14.5,5,3,16.2,70.0,15.35,Sedang (50-75%),13.9,-0.3,0.79
STD-3719,Enrolled,Masih Aktif,,95.6,Tinggi,Communication Design,1st phase - general,Reguler (Siang),Perempuan,<=20,18,Single,Tidak,Menunggak,Tidak,Tidak,Tidak,Domestik,132.0,125.0,6,5,12.2,6,4,10.833333333333334,75.0,11.52,Sedang (50-75%),13.9,-0.3,0.79
STD-4075,Enrolled,Masih Aktif,,95.5,Tinggi,Journalism & Comm,2nd phase - general,Reguler (Siang),Laki-laki,<=20,20,Single,Tidak,Lunas,Tidak,Ya,Tidak,Domestik,127.9,124.0,6,3,13.666666666666666,6,4,10.25,58.3,11.96,Sedang (50-75%),9.4,-0.8,-3.12
STD-4117,Enrolled,Masih Aktif,,95.3,Tinggi,Advertising & Marketing,2nd phase - general,Reguler (Siang),Laki-laki,21-23,21,Single,Ya,Menunggak,Tidak,Tidak,Tidak,Domestik,109.1,115.0,6,4,12.25,6,4,13.4,66.7,12.82,Sedang (50-75%),11.1,0.6,2.02
STD-4311,Enrolled,Masih Aktif,,95.3,Tinggi,Veterinary Nursing,Tech. specialization holder,Reguler (Siang),Perempuan,21-23,23,Single,Tidak,Lunas,Tidak,Ya,Tidak,Domestik,160.0,160.0,6,4,13.4,6,2,13.5,50.0,13.45,Rendah (25-50%),12.4,0.5,1.79
STD-4011,Enrolled,Masih Aktif,,95.0,Tinggi,Communication Design,Change of course,Reguler (Siang),Laki-laki,<=20,19,Single,Tidak,Lunas,Tidak,Ya,Tidak,Domestik,112.5,117.0,6,3,11.666666666666666,6,4,10.333333333333334,58.3,11.0,Sedang (50-75%),13.9,-0.3,0.79
STD-3906,Enrolled,Masih Aktif,,95.0,Tinggi,Informatics Engineering,2nd phase - general,Reguler (Siang),Laki-laki,21-23,21,Single,Tidak,Lunas,Tidak,Ya,Tidak,Domestik,117.0,133.1,5,5,11.166666666666666,5,3,10.8,80.0,10.98,Baik (>75%),12.4,0.5,1.79
STD-4264,Enrolled,Masih Aktif,,94.9,Tinggi,Journalism & Comm,Change of course,Reguler (Siang),Laki-laki,21-23,23,Single,Tidak,Lunas,Tidak,Ya,Tidak,Domestik,121.0,121.0,6,1,13.0,6,4,11.25,41.7,12.12,Rendah (25-50%),9.4,-0.8,-3.12
STD-4278,Enrolled,Masih Aktif,,94.8,Tinggi,Management,2nd phase - general,Reguler (Siang),Laki-laki,<=20,19,Single,Ya,Menunggak,Tidak,Ya,Tidak,Domestik,115.5,120.0,5,4,12.5,5,5,10.5,90.0,11.5,Baik (>75%),8.9,1.4,3.51
STD-4033,Enrolled,Masih Aktif,,94.8,Tinggi,Informatics Engineering,Transfer,Reguler (Siang),Laki-laki,<=20,19,Single,Tidak,Lunas,Tidak,Tidak,Tidak,Domestik,117.5,136.0,5,4,11.8,5,2,11.5,60.0,11.65,Sedang (50-75%),15.5,2.8,-4.06
STD-3706,Enrolled,Masih Aktif,,94.7,Tinggi,Management,2nd phase - general,Reguler (Siang),Perempuan,<=20,20,Single,Tidak,Lunas,Tidak,Ya,Tidak,Domestik,112.2,116.0,5,3,11.333333333333334,5,2,10.666666666666666,50.0,11.0,Rendah (25-50%),10.8,1.4,1.74
STD-4405,Enrolled,Masih Aktif,,94.7,Tinggi,Agronomy,Over 23 years old,Reguler (Siang),Laki-laki,28-35,28,Single,Tidak,Lunas,Tidak,Ya,Tidak,Domestik,120.0,130.0,13,8,11.625,10,6,11.0,60.9,11.31,Sedang (50-75%),15.5,2.8,-4.06
STD-3882,Enrolled,Masih Aktif,,94.6,Tinggi,Informatics Engineering,2nd phase - general,Reguler (Siang),Laki-laki,<=20,20,Single,Tidak,Lunas,Tidak,Ya,Tidak,Domestik,123.7,131.0,5,4,12.0,5,2,12.5,60.0,12.25,Sedang (50-75%),10.8,1.4,1.74
STD-4420,Enrolled,Masih Aktif,,94.4,Tinggi,Basic Education,1st phase - Azores,Reguler (Siang),Perempuan,21-23,21,Single,Tidak,Lunas,Tidak,Ya,Tidak,Domestik,110.4,116.0,6,5,12.6,6,3,11.666666666666666,66.7,12.13,Sedang (50-75%),9.4,-0.8,-3.12
STD-4093,Enrolled,Masih Aktif,,94.4,Tinggi,Management,1st phase - general,Reguler (Siang),Perempuan,24-27,24,Single,Tidak,Lunas,Tidak,Ya,Tidak,Domestik,106.0,133.1,5,2,10.5,5,1,11.0,30.0,10.75,Rendah (25-50%),12.7,3.7,-1.7
STD-3989,Enrolled,Masih Aktif,,94.1,Tinggi,Nursing,Transfer,Reguler (Siang),Laki-laki,21-23,22,Single,Tidak,Lunas,Tidak,Tidak,Tidak,Domestik,153.0,100.0,6,3,14.5,7,4,14.375,53.8,14.44,Sedang (50-75%),15.5,2.8,-4.06
STD-3750,Enrolled,Masih Aktif,,94.0,Tinggi,Veterinary Nursing,Short cycle holder,Reguler (Siang),Perempuan,21-23,23,Single,Tidak,Menunggak,Tidak,Ya,Tidak,Domestik,143.3,140.0,12,9,13.666666666666666,9,6,13.5,71.4,13.58,Sedang (50-75%),8.9,1.4,3.51
STD-4292,Enrolled,Masih Aktif,,93.7,Tinggi,Basic Education,Over 23 years old,Reguler (Siang),Perempuan,28-35,33,Divorced,Ya,Menunggak,Tidak,Tidak,Tidak,Domestik,108.0,133.1,7,7,12.857142857142858,7,6,12.666666666666666,92.9,12.76,Baik (>75%),8.9,1.4,3.51
STD-3809,Enrolled,Masih Aktif,,93.6,Tinggi,Basic Education,1st phase - general,Reguler (Siang),Perempuan,<=20,18,Single,Ya,Lunas,Tidak,Ya,Tidak,Domestik,146.6,163.0,6,5,13.6,6,4,11.75,75.0,12.68,Sedang (50-75%),9.4,-0.8,-3.12
STD-4170,Enrolled,Masih Aktif,,93.6,Tinggi,Basic Education,Change of course,Reguler (Siang),Perempuan,<=20,20,Single,Tidak,Lunas,Tidak,Ya,Tidak,Domestik,110.0,118.0,6,4,12.25,6,4,11.5,66.7,11.88,Sedang (50-75%),10.8,1.4,1.74
STD-4023,Enrolled,Masih Aktif,,93.6,Tinggi,Informatics Engineering,Change of course,Reguler (Siang),Laki-laki,<=20,19,Single,Tidak,Lunas,Tidak,Tidak,Tidak,Domestik,100.0,128.0,5,5,12.0,5,2,10.5,70.0,11.25,Sedang (50-75%),13.9,-0.3,0.79
STD-4078,Enrolled,Masih Aktif,,93.2,Tinggi,Informatics Engineering,2nd phase - general,Reguler (Siang),Laki-laki,<=20,20,Single,Tidak,Lunas,Tidak,Ya,Tidak,Internasional,121.0,122.0,5,4,14.25,5,1,10.0,50.0,12.12,Rendah (25-50%),8.9,1.4,3.51
STD-4250,Enrolled,Masih Aktif,,93.2,Tinggi,Management (evening),Change of course,Kelas Malam,Perempuan,28-35,29,Single,Tidak,Lunas,Tidak,Ya,Tidak,Domestik,122.5,120.0,13,8,10.5,12,9,10.333333333333334,68.0,10.42,Sedang (50-75%),9.4,-0.8,-3.12
STD-4263,Enrolled,Masih Aktif,,93.2,Tinggi,Equinculture,Tech. specialization holder,Reguler (Siang),Laki-laki,<=20,20,Single,Tidak,Lunas,Tidak,Tidak,Tidak,Domestik,140.0,140.0,6,5,12.4,6,2,15.0,58.3,13.7,Sedang (50-75%),13.9,-0.3,0.79
STD-3968,Enrolled,Masih Aktif,,93.1,Tinggi,Veterinary Nursing,1st phase - general,Reguler (Siang),Perempuan,21-23,21,Single,Tidak,Lunas,Tidak,Tidak,Ya,Domestik,102.6,105.0,6,4,12.0,6,2,11.5,50.0,11.75,Rendah (25-50%),11.1,0.6,2.02
STD-4153,Enrolled,Masih Aktif,,93.1,Tinggi,Management (evening),Over 23 years old,Kelas Malam,Perempuan,>35,50,Married,Tidak,Lunas,Tidak,Tidak,Tidak,Domestik,119.9,120.0,5,2,10.5,5,3,11.0,50.0,10.75,Rendah (25-50%),12.7,3.7,-1.7
STD-4286,Enrolled,Masih Aktif,,93.0,Tinggi,Informatics Engineering,Tech. specialization holder,Reguler (Siang),Laki-laki,<=20,19,Single,Tidak,Lunas,Tidak,Ya,Tidak,Domestik,130.0,130.0,5,2,12.5,5,3,11.6,50.0,12.05,Rendah (25-50%),12.4,0.5,1.79
STD-4058,Enrolled,Masih Aktif,,92.8,Tinggi,Journalism & Comm,Change of course,Reguler (Siang),Laki-laki,21-23,22,Single,Tidak,Lunas,Tidak,Ya,Tidak,Domestik,124.2,128.0,6,3,11.333333333333334,6,3,12.333333333333334,50.0,11.83,Rendah (25-50%),15.5,2.8,-4.06
STD-4008,Enrolled,Masih Aktif,,92.7,Tinggi,Informatics Engineering,2nd phase - general,Reguler (Siang),Laki-laki,<=20,18,Single,Tidak,Lunas,Tidak,Tidak,Tidak,Domestik,127.3,142.0,5,3,11.0,5,3,11.0,60.0,11.0,Sedang (50-75%),16.2,0.3,-0.92
STD-4017,Enrolled,Masih Aktif,,92.7,Tinggi,Informatics Engineering,Change of course,Reguler (Siang),Laki-laki,<=20,18,Single,Tidak,Lunas,Tidak,Tidak,Tidak,Domestik,100.0,146.0,5,4,12.25,5,3,11.666666666666666,70.0,11.96,Sedang (50-75%),13.9,-0.3,0.79
STD-4303,Enrolled,Masih Aktif,,92.5,Tinggi,Management,1st phase - general,Reguler (Siang),Laki-laki,<=20,20,Single,Tidak,Lunas,Tidak,Ya,Tidak,Domestik,124.8,116.0,5,2,14.333333333333334,5,2,12.5,40.0,13.42,Rendah (25-50%),7.6,2.6,0.32
STD-4368,Enrolled,Masih Aktif,,92.4,Tinggi,Veterinary Nursing,Tech. specialization holder,Reguler (Siang),Perempuan,21-23,21,Single,Tidak,Lunas,Tidak,Ya,Tidak,Domestik,140.0,140.0,12,8,12.25,12,8,12.2,66.7,12.22,Sedang (50-75%),12.4,0.5,1.79
STD-3794,Enrolled,Masih Aktif,,92.3,Tinggi,Management,1st phase - general,Reguler (Siang),Perempuan,<=20,18,Single,Tidak,Lunas,Tidak,Ya,Tidak,Domestik,122.2,125.0,5,1,11.0,5,2,12.5,30.0,11.75,Rendah (25-50%),7.6,2.6,0.32
STD-3703,Enrolled,Masih Aktif,,92.1,Tinggi,Tourism,2nd phase - general,Reguler (Siang),Perempuan,<=20,20,Single,Tidak,Lunas,Tidak,Ya,Tidak,Domestik,121.7,136.0,6,3,10.333333333333334,6,3,10.333333333333334,50.0,10.33,Rendah (25-50%),10.8,1.4,1.74
STD-3720,Enrolled,Masih Aktif,,92.0,Tinggi,Nursing,Over 23 years old,Reguler (Siang),Perempuan,24-27,27,Single,Tidak,Lunas,Tidak,Tidak,Tidak,Domestik,143.7,133.1,7,4,14.0,7,3,12.525,50.0,13.26,Rendah (25-50%),12.4,0.5,1.79
STD-3836,Enrolled,Masih Aktif,,91.9,Tinggi,Veterinary Nursing,Short cycle holder,Reguler (Siang),Perempuan,21-23,21,Single,Ya,Lunas,Tidak,Ya,Tidak,Domestik,140.0,140.0,9,8,13.25,9,5,12.2,72.2,12.72,Sedang (50-75%),8.9,1.4,3.51
STD-3732,Enrolled,Masih Aktif,,91.8,Tinggi,Tourism,Tech. specialization holder,Reguler (Siang),Laki-laki,21-23,23,Single,Ya,Lunas,Tidak,Ya,Tidak,Domestik,130.0,130.0,6,3,11.5,6,3,10.666666666666666,50.0,11.08,Rendah (25-50%),8.9,1.4,3.51
STD-4291,Enrolled,Masih Aktif,,91.7,Tinggi,Social Service,Tech. specialization holder,Reguler (Siang),Perempuan,21-23,21,Single,Ya,Lunas,Tidak,Ya,Tidak,Domestik,136.1,140.0,6,3,12.0,6,2,12.5,41.7,12.25,Rendah (25-50%),12.4,0.5,1.79
STD-3784,Enrolled,Masih Aktif,,91.6,Tinggi,Management,2nd phase - general,Reguler (Siang),Laki-laki,21-23,22,Single,Tidak,Menunggak,Tidak,Tidak,Tidak,Domestik,115.7,116.0,5,4,11.5,5,4,14.0,80.0,12.75,Baik (>75%),8.9,1.4,3.51
STD-4202,Enrolled,Masih Aktif,,91.4,Tinggi,Communication Design,Change of course,Reguler (Siang),Laki-laki,<=20,20,Single,Tidak,Lunas,Ya,Ya,Tidak,Domestik,122.8,135.0,6,3,11.0,6,2,11.333333333333334,41.7,11.17,Rendah (25-50%),10.8,1.4,1.74
STD-4422,Enrolled,Masih Aktif,,91.3,Tinggi,Communication Design,1st phase - general,Reguler (Siang),Laki-laki,<=20,20,Single,Tidak,Lunas,Tidak,Ya,Tidak,Domestik,127.5,145.0,6,4,12.0,6,2,11.333333333333334,50.0,11.67,Rendah (25-50%),10.8,1.4,1.74
STD-3783,Enrolled,Masih Aktif,,91.2,Tinggi,Oral Hygiene,Change of institution/course,Reguler (Siang),Laki-laki,21-23,23,Single,Tidak,Lunas,Tidak,Ya,Tidak,Domestik,126.6,131.0,7,5,12.414285714285713,7,2,13.5,50.0,12.96,Rendah (25-50%),8.9,1.4,3.51
STD-3927,Enrolled,Masih Aktif,,91.1,Tinggi,Informatics Engineering,1st phase - general,Reguler (Siang),Laki-laki,<=20,18,Single,Tidak,Lunas,Tidak,Tidak,Tidak,Domestik,135.9,131.0,5,2,14.0,5,3,11.0,50.0,12.5,Rendah (25-50%),7.6,2.6,0.32
STD-3814,Enrolled,Masih Aktif,,91.1,Tinggi,Basic Education,1st phase - general,Reguler (Siang),Perempuan,<=20,18,Single,Tidak,Lunas,Tidak,Ya,Tidak,Domestik,120.0,121.0,6,3,12.0,6,4,10.25,58.3,11.12,Sedang (50-75%),10.8,1.4,1.74
STD-3668,Enrolled,Masih Aktif,,91.1,Tinggi,Social Service (eve),1st phase - general,Kelas Malam,Perempuan,21-23,23,Single,Tidak,Lunas,Tidak,Tidak,Tidak,Domestik,122.8,120.0,6,2,10.0,5,1,10.0,27.3,10.0,Rendah (25-50%),9.4,-0.8,-3.12
STD-3972,Enrolled,Masih Aktif,,91.0,Tinggi,Basic Education,1st phase - general,Reguler (Siang),Perempuan,<=20,18,Single,Tidak,Lunas,Tidak,Tidak,Tidak,Domestik,132.6,142.0,6,5,12.8,6,3,10.0,66.7,11.4,Sedang (50-75%),9.4,-0.8,-3.12
STD-3731,Enrolled,Masih Aktif,,90.5,Tinggi,Management,2nd phase - general,Reguler (Siang),Laki-laki,<=20,20,Single,Tidak,Lunas,Tidak,Ya,Tidak,Domestik,117.8,130.0,5,3,11.0,5,3,12.0,60.0,11.5,Sedang (50-75%),10.8,1.4,1.74
STD-3799,Enrolled,Masih Aktif,,90.4,Tinggi,Informatics Engineering,1st phase - general,Reguler (Siang),Laki-laki,<=20,18,Single,Tidak,Lunas,Tidak,Tidak,Tidak,Domestik,141.0,149.0,5,2,11.666666666666666,5,2,12.5,40.0,12.08,Rendah (25-50%),7.6,2.6,0.32
STD-4306,Enrolled,Masih Aktif,,90.3,Tinggi,Tourism,1st phase - general,Reguler (Siang),Laki-laki,21-23,21,Single,Tidak,Lunas,Tidak,Tidak,Tidak,Domestik,125.0,133.1,6,5,11.333333333333334,6,2,11.5,58.3,11.42,Sedang (50-75%),12.7,3.7,-1.7
STD-3850,Enrolled,Masih Aktif,,90.2,Tinggi,Veterinary Nursing,1st phase - general,Reguler (Siang),Perempuan,21-23,21,Single,Tidak,Lunas,Tidak,Ya,Tidak,Domestik,98.9,101.0,6,4,12.5,6,2,12.666666666666666,50.0,12.58,Rendah (25-50%),11.1,0.6,2.02
STD-3964,Enrolled,Masih Aktif,,90.1,Tinggi,Informatics Engineering,Tech. specialization holder,Reguler (Siang),Laki-laki,>35,41,Married,Ya,Lunas,Tidak,Tidak,Tidak,Domestik,160.0,160.0,7,5,14.333333333333334,6,6,14.636363636363637,84.6,14.48,Baik (>75%),12.4,0.5,1.79
STD-3672,Enrolled,Masih Aktif,,90.0,Tinggi,Animation & Multimedia,1st phase - Madeira,Reguler (Siang),Perempuan,24-27,24,Single,Tidak,Lunas,Tidak,Ya,Tidak,Domestik,155.0,145.0,17,11,12.909090909090908,13,9,13.555555555555555,66.7,13.23,Sedang (50-75%),12.4,0.5,1.79
STD-3971,Enrolled,Masih Aktif,,89.7,Tinggi,Veterinary Nursing,Tech. specialization holder,Reguler (Siang),Perempuan,<=20,20,Single,Tidak,Lunas,Tidak,Ya,Tidak,Domestik,140.0,140.0,6,5,14.2,6,2,13.5,58.3,13.85,Sedang (50-75%),13.9,-0.3,0.79
STD-4198,Enrolled,Masih Aktif,,89.6,Tinggi,Equinculture,1st phase - general,Reguler (Siang),Perempuan,<=20,20,Single,Tidak,Lunas,Tidak,Ya,Tidak,Domestik,109.3,117.0,5,4,12.5,5,2,13.0,60.0,12.75,Sedang (50-75%),12.7,3.7,-1.7
STD-4084,Enrolled,Masih Aktif,,89.6,Tinggi,Informatics Engineering,3rd phase - general,Reguler (Siang),Laki-laki,<=20,18,Single,Ya,Lunas,Tidak,Ya,Tidak,Domestik,124.9,134.0,5,3,10.666666666666666,5,3,11.333333333333334,60.0,11.0,Sedang (50-75%),8.9,1.4,3.51
STD-3700,Enrolled,Masih Aktif,,89.2,Tinggi,Veterinary Nursing,Tech. specialization holder,Reguler (Siang),Perempuan,21-23,21,Single,Tidak,Lunas,Tidak,Ya,Tidak,Domestik,140.0,140.0,6,4,12.75,6,1,11.0,41.7,11.88,Rendah (25-50%),12.4,0.5,1.79
STD-4019,Enrolled,Masih Aktif,,89.0,Tinggi,Tourism,1st phase - general,Reguler (Siang),Laki-laki,<=20,19,Single,Tidak,Lunas,Tidak,Tidak,Tidak,Domestik,117.8,123.0,6,4,12.75,6,2,13.0,50.0,12.88,Rendah (25-50%),10.8,1.4,1.74
STD-4068,Enrolled,Masih Aktif,,89.0,Tinggi,Management,1st phase - general,Reguler (Siang),Laki-laki,24-27,27,Single,Tidak,Lunas,Tidak,Tidak,Tidak,Domestik,146.4,166.0,5,3,10.0,5,1,13.0,40.0,11.5,Rendah (25-50%),7.6,2.6,0.32
STD-3965,Enrolled,Masih Aktif,,89.0,Tinggi,Nursing,Over 23 years old,Reguler (Siang),Perempuan,>35,48,Married,Tidak,Lunas,Tidak,Tidak,Tidak,Domestik,115.2,133.1,7,4,11.75,7,3,11.725,50.0,11.74,Rendah (25-50%),11.1,0.6,2.02
STD-3891,Enrolled,Masih Aktif,,89.0,Tinggi,Agronomy,Over 23 years old,Reguler (Siang),Perempuan,>35,39,Divorced,Tidak,Lunas,Tidak,Tidak,Tidak,Domestik,100.7,133.1,6,2,13.0,6,3,13.0,41.7,13.0,Rendah (25-50%),15.5,2.8,-4.06
STD-4265,Enrolled,Masih Aktif,,88.7,Tinggi,Advertising & Marketing,Change of course,Reguler (Siang),Laki-laki,21-23,21,Single,Tidak,Lunas,Tidak,Tidak,Tidak,Domestik,113.2,117.0,5,2,10.0,5,3,10.333333333333334,50.0,10.17,Rendah (25-50%),9.4,-0.8,-3.12
STD-4065,Enrolled,Masih Aktif,,88.6,Tinggi,Nursing,Over 23 years old,Reguler (Siang),Laki-laki,28-35,34,Single,Tidak,Lunas,Tidak,Tidak,Tidak,Domestik,100.0,120.0,7,6,11.333333333333334,7,4,12.6,71.4,11.97,Sedang (50-75%),16.2,0.3,-0.92
STD-4056,Enrolled,Masih Aktif,,88.6,Tinggi,Journalism & Comm,1st phase - general,Reguler (Siang),Laki-laki,21-23,22,Single,Tidak,Lunas,Tidak,Ya,Tidak,Domestik,126.1,125.0,6,5,13.4,6,3,10.666666666666666,66.7,12.03,Sedang (50-75%),9.4,-0.8,-3.12
STD-3967,Enrolled,Masih Aktif,,88.3,Tinggi,Communication Design,1st phase - general,Reguler (Siang),Perempuan,<=20,19,Single,Tidak,Lunas,Tidak,Ya,Tidak,Domestik,132.1,124.0,6,2,10.5,6,3,11.0,41.7,10.75,Rendah (25-50%),7.6,2.6,0.32
STD-3996,Enrolled,Masih Aktif,,88.2,Tinggi,Communication Design,1st phase - Madeira,Reguler (Siang),Perempuan,<=20,18,Single,Tidak,Lunas,Tidak,Ya,Tidak,Domestik,146.1,145.0,6,1,15.0,6,4,12.5,41.7,13.75,Rendah (25-50%),9.4,-0.8,-3.12
STD-3733,Enrolled,Masih Aktif,,88.0,Tinggi,Equinculture,1st phase - general,Reguler (Siang),Laki-laki,<=20,20,Single,Tidak,Lunas,Tidak,Ya,Tidak,Domestik,143.9,132.0,5,2,11.0,5,3,12.666666666666666,50.0,11.83,Rendah (25-50%),9.4,-0.8,-3.12
STD-3935,Enrolled,Masih Aktif,,88.0,Tinggi,Tourism,2nd phase - general,Reguler (Siang),Laki-laki,<=20,19,Single,Tidak,Lunas,Tidak,Ya,Tidak,Domestik,116.1,122.0,6,5,12.2,6,2,12.0,58.3,12.1,Sedang (50-75%),7.6,2.6,0.32
STD-4373,Enrolled,Masih Aktif,,87.5,Tinggi,Management,1st phase - general,Reguler (Siang),Perempuan,<=20,20,Single,Tidak,Lunas,Tidak,Ya,Tidak,Domestik,120.2,117.0,5,2,10.0,5,2,11.0,40.0,10.5,Rendah (25-50%),7.6,2.6,0.32
STD-4271,Enrolled,Masih Aktif,,87.4,Tinggi,Management (evening),Over 23 years old,Kelas Malam,Laki-laki,>35,38,Single,Tidak,Lunas,Tidak,Tidak,Tidak,Domestik,121.5,133.1,5,2,10.5,5,3,11.333333333333334,50.0,10.92,Rendah (25-50%),7.6,2.6,0.32
STD-3995,Enrolled,Masih Aktif,,87.3,Tinggi,Nursing,Change of course,Reguler (Siang),Perempuan,<=20,18,Single,Tidak,Lunas,Ya,Tidak,Tidak,Domestik,121.1,127.0,7,5,12.16,7,2,13.4,50.0,12.78,Rendah (25-50%),16.2,0.3,-0.92
STD-4182,Enrolled,Masih Aktif,,87.2,Tinggi,Informatics Engineering,Over 23 years old,Reguler (Siang),Laki-laki,28-35,33,Single,Tidak,Lunas,Tidak,Ya,Tidak,Domestik,149.0,130.0,5,4,12.0,5,3,13.666666666666666,70.0,12.83,Sedang (50-75%),7.6,2.6,0.32
STD-3708,Enrolled,Masih Aktif,,87.2,Tinggi,Oral Hygiene,Change of course,Reguler (Siang),Perempuan,<=20,18,Single,Tidak,Lunas,Tidak,Tidak,Tidak,Domestik,100.0,147.0,2,0,0.0,4,1,16.0,16.7,8.0,Kritis (<25%),10.8,1.4,1.74
STD-3791,Enrolled,Masih Aktif,,87.1,Tinggi,Management (evening),Over 23 years old,Kelas Malam,Perempuan,>35,37,Divorced,Tidak,Lunas,Tidak,Tidak,Tidak,Domestik,110.0,120.0,5,2,10.0,5,3,11.333333333333334,50.0,10.67,Rendah (25-50%),12.7,3.7,-1.7
STD-3923,Enrolled,Masih Aktif,,87.0,Tinggi,Informatics Engineering,1st phase - general,Reguler (Siang),Laki-laki,<=20,19,Single,Tidak,Lunas,Tidak,Ya,Tidak,Domestik,124.5,128.0,5,3,10.666666666666666,5,2,14.0,50.0,12.33,Rendah (25-50%),7.6,2.6,0.32
STD-3876,Enrolled,Masih Aktif,,86.9,Tinggi,Advertising & Marketing,1st phase - general,Reguler (Siang),Laki-laki,<=20,19,Single,Tidak,Lunas,Tidak,Ya,Tidak,Domestik,129.7,136.0,6,4,12.5,6,1,10.0,41.7,11.25,Rendah (25-50%),16.2,0.3,-0.92
STD-4049,Enrolled,Masih Aktif,,86.7,Tinggi,Journalism & Comm,1st phase - general,Reguler (Siang),Laki-laki,28-35,29,Single,Tidak,Menunggak,Tidak,Ya,Tidak,Domestik,133.4,140.0,6,6,16.5,6,5,13.8,91.7,15.15,Baik (>75%),11.1,0.6,2.02
STD-3872,Enrolled,Masih Aktif,,86.3,Tinggi,Informatics Engineering,International student,Reguler (Siang),Perempuan,<=20,19,Single,Ya,Lunas,Tidak,Tidak,Tidak,Internasional,160.0,160.0,6,2,13.5,5,2,11.0,36.4,12.25,Rendah (25-50%),8.9,1.4,3.51
STD-3840,Enrolled,Masih Aktif,,85.9,Tinggi,Management (evening),Short cycle holder,Kelas Malam,Perempuan,21-23,23,Single,Ya,Lunas,Tidak,Tidak,Tidak,Domestik,135.0,140.0,11,8,12.375,9,5,12.6,65.0,12.49,Sedang (50-75%),8.9,1.4,3.51
STD-4209,Enrolled,Masih Aktif,,85.9,Tinggi,Journalism & Comm,1st phase - general,Reguler (Siang),Laki-laki,<=20,20,Single,Tidak,Lunas,Tidak,Ya,Tidak,Domestik,122.8,127.0,6,6,12.166666666666666,6,3,12.0,75.0,12.08,Sedang (50-75%),12.4,0.5,1.79
STD-4109,Enrolled,Masih Aktif,,85.8,Tinggi,Informatics Engineering,2nd phase - general,Reguler (Siang),Laki-laki,<=20,18,Single,Ya,Lunas,Tidak,Ya,Tidak,Domestik,123.3,138.0,5,4,12.5,5,5,11.285714285714286,90.0,11.89,Baik (>75%),12.4,0.5,1.79
STD-4341,Enrolled,Masih Aktif,,85.5,Tinggi,Tourism,1st phase - general,Reguler (Siang),Perempuan,21-23,22,Single,Tidak,Lunas,Tidak,Ya,Tidak,Domestik,125.9,121.0,6,4,10.0,6,2,13.5,50.0,11.75,Rendah (25-50%),9.4,-0.8,-3.12
STD-4300,Enrolled,Masih Aktif,,85.4,Tinggi,Tourism,2nd phase - general,Reguler (Siang),Laki-laki,<=20,19,Single,Tidak,Lunas,Tidak,Tidak,Tidak,Domestik,125.0,119.0,6,5,10.8,6,2,10.5,58.3,10.65,Sedang (50-75%),10.8,1.4,1.74
STD-3786,Enrolled,Masih Aktif,,84.9,Tinggi,Basic Education,1st phase - Azores,Reguler (Siang),Perempuan,21-23,22,Single,Tidak,Lunas,Tidak,Ya,Tidak,Domestik,112.6,122.0,6,5,12.6,6,4,11.25,75.0,11.92,Sedang (50-75%),12.7,3.7,-1.7
STD-4293,Enrolled,Masih Aktif,,84.8,Tinggi,Veterinary Nursing,Over 23 years old,Reguler (Siang),Perempuan,24-27,26,Single,Tidak,Lunas,Tidak,Ya,Tidak,Domestik,144.9,133.1,6,3,11.75,6,4,12.8,58.3,12.28,Sedang (50-75%),12.4,0.5,1.79
STD-4132,Enrolled,Masih Aktif,,84.6,Tinggi,Management (evening),Over 23 years old,Kelas Malam,Perempuan,24-27,25,Single,Tidak,Lunas,Tidak,Tidak,Tidak,Domestik,130.1,130.0,5,3,11.0,5,3,11.25,60.0,11.12,Sedang (50-75%),10.8,1.4,1.74
STD-3686,Enrolled,Masih Aktif,,84.5,Tinggi,Management,Transfer,Reguler (Siang),Perempuan,24-27,26,Single,Tidak,Lunas,Tidak,Ya,Tidak,Domestik,130.0,130.0,5,4,13.0,5,2,12.0,60.0,12.5,Sedang (50-75%),9.4,-0.8,-3.12
STD-4282,Enrolled,Masih Aktif,,84.5,Tinggi,Agronomy,Tech. specialization holder,Reguler (Siang),Laki-laki,21-23,22,Single,Tidak,Lunas,Tidak,Tidak,Tidak,Domestik,150.0,150.0,6,3,13.333333333333334,6,3,12.75,50.0,13.04,Rendah (25-50%),15.5,2.8,-4.06
STD-4085,Enrolled,Masih Aktif,,84.3,Tinggi,Informatics Engineering,1st phase - general,Reguler (Siang),Laki-laki,<=20,18,Single,Tidak,Lunas,Tidak,Ya,Tidak,Domestik,150.8,163.0,5,4,10.5,5,2,10.5,60.0,10.5,Sedang (50-75%),7.6,2.6,0.32
STD-3857,Enrolled,Masih Aktif,,84.3,Tinggi,Veterinary Nursing,Short cycle holder,Reguler (Siang),Perempuan,21-23,23,Single,Ya,Menunggak,Tidak,Ya,Tidak,Domestik,144.9,140.0,11,11,13.166666666666666,9,8,13.333333333333334,95.0,13.25,Baik (>75%),8.9,1.4,3.51
STD-3849,Enrolled,Masih Aktif,,84.3,Tinggi,Management,2nd phase - general,Reguler (Siang),Perempuan,<=20,18,Single,Tidak,Lunas,Tidak,Ya,Tidak,Domestik,118.7,125.0,5,4,10.666666666666666,5,2,12.0,60.0,11.33,Sedang (50-75%),13.9,-0.3,0.79
STD-4074,Enrolled,Masih Aktif,,84.3,Tinggi,Management,2nd phase - general,Reguler (Siang),Laki-laki,<=20,20,Single,Tidak,Lunas,Tidak,Ya,Tidak,Domestik,123.2,133.0,5,3,12.666666666666666,5,2,12.5,50.0,12.58,Rendah (25-50%),9.4,-0.8,-3.12
STD-4099,Enrolled,Masih Aktif,,84.1,Tinggi,Tourism,2nd phase - general,Reguler (Siang),Perempuan,21-23,22,Single,Tidak,Lunas,Tidak,Ya,Tidak,Domestik,112.9,122.0,6,4,12.25,6,3,11.333333333333334,58.3,11.79,Sedang (50-75%),7.6,2.6,0.32
STD-3952,Enrolled,Masih Aktif,,83.8,Tinggi,Informatics Engineering,1st phase - general,Reguler (Siang),Laki-laki,<=20,18,Single,Tidak,Menunggak,Ya,Tidak,Tidak,Domestik,126.8,131.0,5,5,12.2,5,4,12.0,90.0,12.1,Baik (>75%),8.9,1.4,3.51
STD-3957,Enrolled,Masih Aktif,,83.7,Tinggi,Veterinary Nursing,2nd phase - general,Reguler (Siang),Perempuan,21-23,21,Single,Tidak,Lunas,Tidak,Ya,Tidak,Domestik,118.4,125.0,5,3,11.333333333333334,5,2,10.5,50.0,10.92,Rendah (25-50%),9.4,-0.8,-3.12
STD-3817,Enrolled,Masih Aktif,,83.7,Tinggi,Management (evening),Over 23 years old,Kelas Malam,Perempuan,24-27,25,Single,Tidak,Lunas,Tidak,Tidak,Tidak,Domestik,140.0,120.0,5,3,10.666666666666666,5,3,11.333333333333334,60.0,11.0,Sedang (50-75%),15.5,2.8,-4.06
STD-4254,Enrolled,Masih Aktif,,83.4,Tinggi,Nursing,Over 23 years old,Reguler (Siang),Perempuan,28-35,28,Single,Ya,Lunas,Tidak,Tidak,Tidak,Domestik,121.4,133.1,7,4,13.375,7,5,13.5,64.3,13.44,Sedang (50-75%),13.9,-0.3,0.79
STD-3762,Enrolled,Masih Aktif,,83.4,Tinggi,Journalism & Comm,Change of course,Reguler (Siang),Laki-laki,28-35,32,Single,Tidak,Lunas,Tidak,Tidak,Tidak,Domestik,116.9,140.0,11,7,11.285714285714286,7,6,12.333333333333334,72.2,11.81,Sedang (50-75%),13.9,-0.3,0.79
STD-3754,Enrolled,Masih Aktif,,83.3,Tinggi,Basic Education,1st phase - general,Reguler (Siang),Perempuan,<=20,18,Single,Tidak,Lunas,Tidak,Ya,Tidak,Domestik,126.7,133.0,6,5,11.833333333333334,6,4,12.0,75.0,11.92,Sedang (50-75%),15.5,2.8,-4.06
STD-3696,Enrolled,Masih Aktif,,83.0,Tinggi,Veterinary Nursing,Tech. specialization holder,Reguler (Siang),Perempuan,21-23,21,Single,Tidak,Lunas,Tidak,Ya,Tidak,Domestik,140.0,140.0,6,5,12.666666666666666,6,2,13.5,58.3,13.08,Sedang (50-75%),16.2,0.3,-0.92
STD-4029,Enrolled,Masih Aktif,,82.9,Tinggi,Veterinary Nursing,3rd phase - general,Reguler (Siang),Laki-laki,21-23,21,Single,Tidak,Menunggak,Tidak,Tidak,Tidak,Domestik,104.6,106.0,6,5,14.0,6,4,14.8,75.0,14.4,Sedang (50-75%),11.1,0.6,2.02
STD-4036,Enrolled,Masih Aktif,,82.8,Tinggi,Management,1st phase - general,Reguler (Siang),Laki-laki,21-23,22,Single,Ya,Lunas,Ya,Tidak,Tidak,Domestik,118.8,130.0,5,5,10.666666666666666,5,2,11.0,70.0,10.83,Sedang (50-75%),15.5,2.8,-4.06
STD-3936,Enrolled,Masih Aktif,,82.7,Tinggi,Agronomy,Tech. specialization holder,Reguler (Siang),Laki-laki,21-23,21,Single,Tidak,Lunas,Tidak,Ya,Tidak,Domestik,120.0,120.0,9,7,11.285714285714286,8,4,12.25,64.7,11.77,Sedang (50-75%),12.7,3.7,-1.7
STD-4110,Enrolled,Masih Aktif,,82.6,Tinggi,Management (evening),Over 23 years old,Kelas Malam,Laki-laki,>35,40,Married,Tidak,Lunas,Tidak,Tidak,Tidak,Domestik,114.3,160.0,5,3,11.0,5,4,12.5,70.0,11.75,Sedang (50-75%),7.6,2.6,0.32
STD-4039,Enrolled,Masih Aktif,,82.6,Tinggi,Communication Design,Change of course,Reguler (Siang),Laki-laki,>35,38,Single,Tidak,Lunas,Tidak,Tidak,Tidak,Domestik,100.0,160.0,6,5,16.0,6,4,16.5,75.0,16.25,Sedang (50-75%),13.9,-0.3,0.79
STD-4043,Enrolled,Masih Aktif,,82.6,Tinggi,Informatics Engineering,2nd phase - general,Reguler (Siang),Laki-laki,<=20,18,Single,Tidak,Lunas,Tidak,Ya,Tidak,Domestik,133.1,139.0,5,4,12.5,5,3,14.666666666666666,70.0,13.58,Sedang (50-75%),7.6,2.6,0.32
STD-4256,Enrolled,Masih Aktif,,82.5,Tinggi,Basic Education,1st phase - general,Reguler (Siang),Perempuan,<=20,19,Single,Tidak,Lunas,Tidak,Ya,Tidak,Domestik,146.0,160.0,6,3,10.333333333333334,6,5,11.8,66.7,11.07,Sedang (50-75%),9.4,-0.8,-3.12
STD-3716,Enrolled,Masih Aktif,,82.1,Tinggi,Veterinary Nursing,1st phase - general,Reguler (Siang),Perempuan,21-23,22,Single,Ya,Lunas,Tidak,Ya,Tidak,Domestik,101.0,101.0,6,5,13.333333333333334,6,4,11.4,75.0,12.37,Sedang (50-75%),12.4,0.5,1.79
STD-4013,Enrolled,Masih Aktif,,82.1,Tinggi,Management,Change of course,Reguler (Siang),Laki-laki,21-23,22,Single,Tidak,Lunas,Tidak,Tidak,Tidak,Domestik,130.8,130.0,5,0,0.0,5,3,13.333333333333334,30.0,6.67,Rendah (25-50%),16.2,0.3,-0.92
STD-3924,Enrolled,Masih Aktif,,81.7,Tinggi,Journalism & Comm,1st phase - general,Reguler (Siang),Laki-laki,<=20,19,Single,Tidak,Lunas,Tidak,Tidak,Tidak,Domestik,109.3,117.0,6,4,12.25,6,3,12.666666666666666,58.3,12.46,Sedang (50-75%),7.6,2.6,0.32
STD-3729,Enrolled,Masih Aktif,,81.6,Tinggi,Advertising & Marketing,1st phase - general,Reguler (Siang),Laki-laki,21-23,22,Single,Ya,Lunas,Tidak,Tidak,Tidak,Domestik,138.0,133.1,6,6,12.625,6,2,14.5,66.7,13.56,Sedang (50-75%),11.1,0.6,2.02
STD-3704,Enrolled,Masih Aktif,,81.6,Tinggi,Journalism & Comm,1st phase - general,Reguler (Siang),Perempuan,<=20,19,Single,Tidak,Lunas,Tidak,Ya,Ya,Domestik,114.8,120.0,6,4,12.25,6,3,11.0,58.3,11.62,Sedang (50-75%),7.6,2.6,0.32
STD-4285,Enrolled,Masih Aktif,,81.4,Tinggi,Animation & Multimedia,1st phase - general,Reguler (Siang),Laki-laki,<=20,19,Single,Ya,Lunas,Tidak,Tidak,Tidak,Domestik,117.0,133.1,0,0,0.0,0,0,0.0,0.0,0.0,Kritis (<25%),15.5,2.8,-4.06
STD-3745,Enrolled,Masih Aktif,,81.1,Tinggi,Management,1st phase - general,Reguler (Siang),Perempuan,<=20,18,Single,Tidak,Lunas,Tidak,Tidak,Tidak,Domestik,116.5,128.0,5,3,11.666666666666666,5,2,11.0,50.0,11.33,Rendah (25-50%),7.6,2.6,0.32
STD-3662,Enrolled,Masih Aktif,,81.1,Tinggi,Basic Education,2nd phase - general,Reguler (Siang),Perempuan,<=20,18,Single,Tidak,Lunas,Tidak,Ya,Tidak,Domestik,124.7,138.0,6,3,12.333333333333334,6,5,10.833333333333334,66.7,11.58,Sedang (50-75%),9.4,-0.8,-3.12
STD-4149,Enrolled,Masih Aktif,,81.0,Tinggi,Agronomy,Over 23 years old,Reguler (Siang),Perempuan,28-35,34,Married,Ya,Menunggak,Tidak,Tidak,Tidak,Domestik,120.0,150.0,6,6,14.333333333333334,6,6,12.833333333333334,100.0,13.58,Baik (>75%),11.1,0.6,2.02
STD-3701,Enrolled,Masih Aktif,,81.0,Tinggi,Nursing,Over 23 years old,Reguler (Siang),Perempuan,24-27,26,Single,Tidak,Lunas,Tidak,Tidak,Ya,Domestik,140.0,150.0,7,5,11.2,8,5,12.14,66.7,11.67,Sedang (50-75%),16.2,0.3,-0.92
STD-3868,Enrolled,Masih Aktif,,80.9,Tinggi,Tourism,1st phase - general,Reguler (Siang),Perempuan,<=20,19,Single,Tidak,Lunas,Tidak,Ya,Tidak,Domestik,133.2,143.0,6,5,13.4,6,2,13.5,58.3,13.45,Sedang (50-75%),10.8,1.4,1.74
STD-4211,Enrolled,Masih Aktif,,80.9,Tinggi,Social Service (eve),Change of course,Kelas Malam,Perempuan,21-23,23,Single,Tidak,Lunas,Tidak,Tidak,Tidak,Domestik,134.7,148.0,13,9,11.0,11,7,11.571428571428571,66.7,11.29,Sedang (50-75%),15.5,2.8,-4.06
STD-3937,Enrolled,Masih Aktif,,80.8,Tinggi,Communication Design,2nd phase - general,Reguler (Siang),Laki-laki,<=20,20,Single,Tidak,Lunas,Tidak,Ya,Tidak,Domestik,134.2,152.0,6,5,11.8,6,4,12.0,75.0,11.9,Sedang (50-75%),15.5,2.8,-4.06
STD-4152,Enrolled,Masih Aktif,,80.8,Tinggi,Veterinary Nursing,Over 23 years old,Reguler (Siang),Perempuan,24-27,25,Single,Tidak,Lunas,Ya,Tidak,Tidak,Domestik,110.0,130.0,6,3,11.666666666666666,6,2,11.333333333333334,41.7,11.5,Rendah (25-50%),11.1,0.6,2.02
STD-3743,Enrolled,Masih Aktif,,80.4,Tinggi,Basic Education,1st phase - general,Reguler (Siang),Perempuan,<=20,19,Single,Tidak,Lunas,Tidak,Ya,Tidak,Domestik,109.7,117.0,6,5,12.2,6,4,13.0,75.0,12.6,Sedang (50-75%),9.4,-0.8,-3.12
STD-4080,Enrolled,Masih Aktif,,80.2,Tinggi,Basic Education,2nd phase - general,Reguler (Siang),Perempuan,<=20,19,Single,Tidak,Lunas,Tidak,Ya,Tidak,Domestik,130.2,141.0,6,5,11.4,6,4,10.75,75.0,11.08,Sedang (50-75%),12.7,3.7,-1.7
STD-3641,Enrolled,Masih Aktif,,79.8,Tinggi,Journalism & Comm,1st phase - general,Reguler (Siang),Perempuan,<=20,20,Single,Tidak,Lunas,Ya,Ya,Tidak,Domestik,121.8,127.0,6,4,14.0,6,3,11.0,58.3,12.5,Sedang (50-75%),9.4,-0.8,-3.12
STD-3761,Enrolled,Masih Aktif,,79.5,Tinggi,Advertising & Marketing,Change of course,Reguler (Siang),Laki-laki,<=20,18,Single,Tidak,Lunas,Tidak,Ya,Tidak,Domestik,133.3,141.0,6,4,13.75,6,5,11.2,75.0,12.48,Sedang (50-75%),13.9,-0.3,0.79
STD-3991,Enrolled,Masih Aktif,,79.4,Tinggi,Veterinary Nursing,Tech. specialization holder,Reguler (Siang),Perempuan,<=20,20,Single,Tidak,Lunas,Tidak,Tidak,Tidak,Domestik,150.0,150.0,6,6,13.0,6,2,12.0,66.7,12.5,Sedang (50-75%),12.4,0.5,1.79
STD-4401,Enrolled,Masih Aktif,,79.4,Tinggi,Informatics Engineering,2nd phase - general,Reguler (Siang),Laki-laki,<=20,18,Single,Tidak,Lunas,Tidak,Ya,Tidak,Domestik,133.0,141.0,5,4,13.0,5,3,12.333333333333334,70.0,12.67,Sedang (50-75%),7.6,2.6,0.32
STD-4235,Enrolled,Masih Aktif,,79.3,Tinggi,Management (evening),1st phase - general,Kelas Malam,Laki-laki,24-27,26,Single,Tidak,Lunas,Tidak,Tidak,Tidak,Domestik,113.6,122.0,5,2,11.5,5,3,12.0,50.0,11.75,Rendah (25-50%),7.6,2.6,0.32
STD-4051,Enrolled,Masih Aktif,,79.1,Tinggi,Animation & Multimedia,2nd phase - general,Reguler (Siang),Laki-laki,21-23,22,Single,Tidak,Lunas,Tidak,Ya,Ya,Domestik,117.0,125.0,0,0,0.0,0,0,0.0,0.0,0.0,Kritis (<25%),10.8,1.4,1.74
STD-4330,Enrolled,Masih Aktif,,79.0,Tinggi,Management,Holder of other higher course,Reguler (Siang),Perempuan,28-35,33,Married,Tidak,Lunas,Tidak,Tidak,Tidak,Domestik,120.0,120.0,8,5,12.6,7,5,11.25,66.7,11.92,Sedang (50-75%),10.8,1.4,1.74
STD-3818,Enrolled,Masih Aktif,,78.5,Tinggi,Oral Hygiene,Over 23 years old,Reguler (Siang),Perempuan,24-27,25,Single,Tidak,Lunas,Tidak,Ya,Tidak,Domestik,159.0,130.0,7,7,11.857142857142858,8,5,11.7,80.0,11.78,Baik (>75%),12.4,0.5,1.79
STD-3948,Enrolled,Masih Aktif,,78.3,Tinggi,Management,2nd phase - general,Reguler (Siang),Laki-laki,<=20,19,Single,Ya,Lunas,Tidak,Ya,Tidak,Domestik,116.1,122.0,5,4,11.0,5,2,12.0,60.0,11.5,Sedang (50-75%),8.9,1.4,3.51
STD-3749,Enrolled,Masih Aktif,,78.0,Tinggi,Social Service,1st phase - general,Reguler (Siang),Perempuan,21-23,21,Single,Tidak,Lunas,Tidak,Tidak,Tidak,Domestik,121.0,135.0,6,5,11.2,6,1,10.0,50.0,10.6,Rendah (25-50%),7.6,2.6,0.32
STD-4238,Enrolled,Masih Aktif,,77.7,Tinggi,Veterinary Nursing,1st phase - general,Reguler (Siang),Perempuan,<=20,19,Single,Tidak,Lunas,Tidak,Ya,Tidak,Domestik,122.8,127.0,5,2,14.5,5,3,11.333333333333334,50.0,12.92,Rendah (25-50%),12.7,3.7,-1.7
STD-3997,Enrolled,Masih Aktif,,77.3,Tinggi,Veterinary Nursing,2nd phase - general,Reguler (Siang),Perempuan,<=20,18,Single,Tidak,Lunas,Tidak,Ya,Tidak,Domestik,126.8,138.0,5,2,11.5,5,3,11.8,50.0,11.65,Rendah (25-50%),10.8,1.4,1.74
STD-3764,Enrolled,Masih Aktif,,77.2,Tinggi,Animation & Multimedia,1st phase - Azores,Reguler (Siang),Laki-laki,<=20,20,Single,Tidak,Lunas,Tidak,Ya,Tidak,Domestik,144.7,137.0,0,0,0.0,0,0,0.0,0.0,0.0,Kritis (<25%),16.2,0.3,-0.92
STD-3907,Enrolled,Masih Aktif,,77.1,Tinggi,Management,1st phase - general,Reguler (Siang),Laki-laki,<=20,18,Single,Tidak,Lunas,Tidak,Ya,Tidak,Domestik,122.8,120.0,5,4,11.5,5,2,10.333333333333334,60.0,10.92,Sedang (50-75%),10.8,1.4,1.74
STD-4178,Enrolled,Masih Aktif,,76.9,Tinggi,Management,Transfer,Reguler (Siang),Perempuan,<=20,19,Single,Tidak,Lunas,Tidak,Ya,Tidak,Domestik,112.3,139.0,5,2,11.5,5,3,10.857142857142858,50.0,11.18,Rendah (25-50%),10.8,1.4,1.74
STD-4126,Enrolled,Masih Aktif,,76.8,Tinggi,Social Service,2nd phase - general,Reguler (Siang),Perempuan,<=20,18,Single,Tidak,Lunas,Tidak,Ya,Ya,Domestik,110.7,118.0,6,2,10.333333333333334,6,3,13.333333333333334,41.7,11.83,Rendah (25-50%),12.7,3.7,-1.7
STD-4314,Enrolled,Masih Aktif,,76.7,Tinggi,Agronomy,Tech. specialization holder,Reguler (Siang),Laki-laki,<=20,20,Single,Tidak,Lunas,Ya,Tidak,Tidak,Domestik,150.0,150.0,6,3,12.0,6,3,11.666666666666666,50.0,11.83,Rendah (25-50%),15.5,2.8,-4.06
STD-3969,Enrolled,Masih Aktif,,76.6,Tinggi,Basic Education,2nd phase - general,Reguler (Siang),Perempuan,<=20,19,Single,Tidak,Lunas,Tidak,Ya,Tidak,Domestik,106.1,112.0,6,5,12.333333333333334,6,5,11.0,83.3,11.67,Baik (>75%),15.5,2.8,-4.06
STD-3752,Enrolled,Masih Aktif,,76.6,Tinggi,Social Service,1st phase - general,Reguler (Siang),Perempuan,<=20,18,Single,Ya,Lunas,Tidak,Tidak,Tidak,Domestik,121.0,135.0,6,5,10.6,6,2,10.0,58.3,10.3,Sedang (50-75%),7.6,2.6,0.32
STD-3806,Enrolled,Masih Aktif,,76.4,Tinggi,Basic Education,1st phase - general,Reguler (Siang),Perempuan,<=20,18,Single,Tidak,Lunas,Ya,Tidak,Tidak,Domestik,115.1,120.0,6,4,12.0,6,4,10.75,66.7,11.38,Sedang (50-75%),15.5,2.8,-4.06
STD-3855,Enrolled,Masih Aktif,,76.4,Tinggi,Management,2nd phase - general,Reguler (Siang),Perempuan,<=20,19,Single,Ya,Menunggak,Ya,Ya,Tidak,Domestik,142.8,147.0,5,5,12.8,5,4,12.0,90.0,12.4,Baik (>75%),11.1,0.6,2.02
STD-4302,Enrolled,Masih Aktif,,76.3,Tinggi,Management,1st phase - general,Reguler (Siang),Laki-laki,21-23,21,Single,Ya,Lunas,Ya,Tidak,Tidak,Domestik,111.6,120.0,5,5,12.6,5,3,12.833333333333334,80.0,12.72,Baik (>75%),10.8,1.4,1.74
STD-4346,Enrolled,Masih Aktif,,76.3,Tinggi,Oral Hygiene,International student,Reguler (Siang),Perempuan,<=20,20,Single,Tidak,Lunas,Tidak,Tidak,Tidak,Internasional,114.0,114.0,7,0,0.0,7,2,11.666666666666666,14.3,5.83,Kritis (<25%),8.9,1.4,3.51
STD-4150,Enrolled,Masih Aktif,,75.6,Tinggi,Advertising & Marketing,1st phase - general,Reguler (Siang),Perempuan,21-23,22,Single,Tidak,Lunas,Tidak,Tidak,Tidak,Domestik,111.8,117.0,5,3,12.0,5,2,11.0,50.0,11.5,Rendah (25-50%),7.6,2.6,0.32
STD-3865,Enrolled,Masih Aktif,,75.5,Tinggi,Journalism & Comm,1st phase - general,Reguler (Siang),Perempuan,<=20,19,Single,Tidak,Lunas,Ya,Ya,Tidak,Domestik,126.9,122.0,6,4,11.0,6,3,11.666666666666666,58.3,11.33,Sedang (50-75%),9.4,-0.8,-3.12
STD-4060,Enrolled,Masih Aktif,,75.2,Tinggi,Management (evening),Over 23 years old,Kelas Malam,Perempuan,>35,43,Married,Tidak,Lunas,Tidak,Tidak,Tidak,Domestik,120.0,150.0,5,3,10.666666666666666,5,4,12.5,70.0,11.58,Sedang (50-75%),9.4,-0.8,-3.12
STD-4270,Enrolled,Masih Aktif,,75.1,Tinggi,Veterinary Nursing,2nd phase - general,Reguler (Siang),Laki-laki,<=20,19,Single,Tidak,Menunggak,Tidak,Tidak,Tidak,Domestik,122.5,120.0,6,5,13.6,6,5,13.666666666666666,83.3,13.63,Baik (>75%),11.1,0.6,2.02
STD-4053,Enrolled,Masih Aktif,,75.0,Tinggi,Equinculture,Over 23 years old,Reguler (Siang),Laki-laki,24-27,24,Single,Tidak,Lunas,Tidak,Ya,Tidak,Domestik,160.0,150.0,5,4,13.75,5,3,12.0,70.0,12.88,Sedang (50-75%),9.4,-0.8,-3.12
STD-3988,Enrolled,Masih Aktif,,74.6,Tinggi,Animation & Multimedia,1st phase - general,Reguler (Siang),Laki-laki,<=20,17,Single,Tidak,Lunas,Tidak,Ya,Tidak,Domestik,133.5,127.0,0,0,0.0,0,0,0.0,0.0,0.0,Kritis (<25%),15.5,2.8,-4.06
STD-4028,Enrolled,Masih Aktif,,74.6,Tinggi,Basic Education,1st phase - general,Reguler (Siang),Laki-laki,>35,42,Single,Tidak,Lunas,Tidak,Ya,Tidak,Domestik,114.3,110.0,6,5,12.4,6,5,11.8,83.3,12.1,Baik (>75%),7.6,2.6,0.32
STD-4404,Enrolled,Masih Aktif,,74.5,Tinggi,Management,1st phase - general,Reguler (Siang),Laki-laki,21-23,22,Single,Tidak,Lunas,Tidak,Tidak,Tidak,Domestik,134.7,134.0,5,4,11.75,5,3,11.0,70.0,11.38,Sedang (50-75%),7.6,2.6,0.32
STD-4318,Enrolled,Masih Aktif,,74.3,Tinggi,Agronomy,Tech. specialization holder,Reguler (Siang),Laki-laki,21-23,22,Single,Tidak,Lunas,Tidak,Ya,Tidak,Domestik,120.0,140.0,6,5,13.0,6,2,11.5,58.3,12.25,Sedang (50-75%),12.4,0.5,1.79
STD-3961,Enrolled,Masih Aktif,,74.3,Tinggi,Tourism,Change of course,Reguler (Siang),Laki-laki,<=20,19,Single,Tidak,Lunas,Tidak,Tidak,Tidak,Domestik,122.1,135.0,6,3,12.5,6,4,11.0,58.3,11.75,Sedang (50-75%),12.7,3.7,-1.7
STD-3908,Enrolled,Masih Aktif,,74.2,Tinggi,Management,2nd phase - general,Reguler (Siang),Laki-laki,<=20,19,Single,Tidak,Lunas,Tidak,Ya,Tidak,Domestik,118.4,118.0,5,2,10.5,5,4,11.75,60.0,11.12,Sedang (50-75%),12.4,0.5,1.79
STD-4022,Enrolled,Masih Aktif,,74.1,Tinggi,Management (evening),Over 23 years old,Kelas Malam,Laki-laki,>35,37,Married,Tidak,Lunas,Tidak,Tidak,Tidak,Domestik,127.8,130.0,5,4,10.75,5,3,11.333333333333334,70.0,11.04,Sedang (50-75%),7.6,2.6,0.32
STD-4345,Enrolled,Masih Aktif,,74.1,Tinggi,Management,1st phase - Azores,Reguler (Siang),Perempuan,<=20,19,Single,Tidak,Lunas,Tidak,Ya,Tidak,Domestik,117.3,126.0,5,3,10.8,5,3,10.5,60.0,10.65,Sedang (50-75%),13.9,-0.3,0.79
STD-4116,Enrolled,Masih Aktif,,73.7,Tinggi,Nursing,Over 23 years old,Reguler (Siang),Laki-laki,28-35,30,Single,Ya,Lunas,Tidak,Tidak,Tidak,Domestik,125.3,120.0,7,4,14.4,7,6,13.5,71.4,13.95,Sedang (50-75%),12.4,0.5,1.79
STD-4062,Enrolled,Masih Aktif,,73.7,Tinggi,Informatics Engineering,2nd phase - general,Reguler (Siang),Laki-laki,<=20,18,Single,Tidak,Lunas,Tidak,Ya,Tidak,Domestik,126.6,135.0,5,4,12.0,5,3,13.0,70.0,12.5,Sedang (50-75%),7.6,2.6,0.32
STD-4010,Enrolled,Masih Aktif,,73.6,Tinggi,Management,2nd phase - general,Reguler (Siang),Laki-laki,<=20,20,Single,Tidak,Lunas,Tidak,Ya,Tidak,Domestik,122.0,130.0,5,2,10.5,5,4,12.25,60.0,11.38,Sedang (50-75%),10.8,1.4,1.74
STD-3805,Enrolled,Masih Aktif,,73.5,Tinggi,Veterinary Nursing,Tech. specialization holder,Reguler (Siang),Perempuan,21-23,22,Single,Tidak,Lunas,Tidak,Ya,Tidak,Internasional,130.0,130.0,6,5,12.8,6,2,11.5,58.3,12.15,Sedang (50-75%),12.4,0.5,1.79
STD-3695,Enrolled,Masih Aktif,,73.4,Tinggi,Basic Education,2nd phase - general,Reguler (Siang),Perempuan,<=20,18,Single,Tidak,Menunggak,Ya,Ya,Tidak,Domestik,116.6,125.0,7,7,12.285714285714286,7,6,13.333333333333334,92.9,12.81,Baik (>75%),8.9,1.4,3.51
STD-4207,Enrolled,Masih Aktif,,73.4,Tinggi,Management (evening),Change of institution/course,Kelas Malam,Laki-laki,24-27,24,Single,Ya,Lunas,Tidak,Tidak,Tidak,Domestik,128.2,120.0,10,7,10.714285714285714,10,9,12.555555555555555,80.0,11.63,Baik (>75%),12.4,0.5,1.79
STD-3975,Enrolled,Masih Aktif,,73.3,Tinggi,Social Service,1st phase - general,Reguler (Siang),Perempuan,<=20,18,Single,Tidak,Lunas,Tidak,Ya,Ya,Domestik,122.6,125.0,6,5,11.833333333333334,6,2,11.5,58.3,11.67,Sedang (50-75%),13.9,-0.3,0.79
STD-4229,Enrolled,Masih Aktif,,73.1,Tinggi,Advertising & Marketing,2nd phase - general,Reguler (Siang),Laki-laki,24-27,24,Single,Tidak,Lunas,Tidak,Tidak,Tidak,Domestik,133.4,140.0,6,4,11.25,6,4,10.428571428571429,66.7,10.84,Sedang (50-75%),10.8,1.4,1.74
STD-3845,Enrolled,Masih Aktif,,73.0,Tinggi,Tourism,3rd phase - general,Reguler (Siang),Laki-laki,24-27,26,Single,Tidak,Lunas,Tidak,Ya,Tidak,Domestik,123.3,118.0,6,4,10.0,6,3,12.0,58.3,11.0,Sedang (50-75%),9.4,-0.8,-3.12
STD-3790,Enrolled,Masih Aktif,,72.3,Tinggi,Social Service,2nd phase - general,Reguler (Siang),Perempuan,<=20,20,Single,Tidak,Lunas,Tidak,Ya,Tidak,Domestik,130.0,130.0,6,4,11.25,6,3,10.0,58.3,10.62,Sedang (50-75%),9.4,-0.8,-3.12
STD-4386,Enrolled,Masih Aktif,,72.0,Tinggi,Basic Education,2nd phase - general,Reguler (Siang),Perempuan,21-23,22,Single,Tidak,Lunas,Tidak,Ya,Tidak,Domestik,132.5,150.0,6,4,12.25,6,5,11.6,75.0,11.92,Sedang (50-75%),10.8,1.4,1.74
STD-4063,Enrolled,Masih Aktif,,71.8,Tinggi,Veterinary Nursing,Change of course,Reguler (Siang),Laki-laki,21-23,21,Married,Tidak,Lunas,Tidak,Tidak,Tidak,Domestik,120.0,160.0,5,0,0.0,5,3,11.666666666666666,30.0,5.83,Rendah (25-50%),9.4,-0.8,-3.12
STD-3744,Enrolled,Masih Aktif,,71.7,Tinggi,Management (evening),Over 23 years old,Kelas Malam,Perempuan,24-27,27,Single,Tidak,Lunas,Tidak,Tidak,Tidak,Domestik,123.2,120.0,5,3,10.666666666666666,5,4,11.4,70.0,11.03,Sedang (50-75%),10.8,1.4,1.74
STD-3922,Enrolled,Masih Aktif,,71.6,Tinggi,Management (evening),Over 23 years old,Kelas Malam,Perempuan,24-27,25,Single,Tidak,Lunas,Tidak,Tidak,Tidak,Domestik,127.7,133.1,5,4,12.5,5,4,11.0,80.0,11.75,Baik (>75%),13.9,-0.3,0.79
STD-3894,Enrolled,Masih Aktif,,71.4,Tinggi,Journalism & Comm,3rd phase - general,Reguler (Siang),Perempuan,<=20,18,Single,Tidak,Menunggak,Tidak,Tidak,Tidak,Domestik,122.2,125.0,6,5,12.6,6,5,11.8,83.3,12.2,Baik (>75%),11.1,0.6,2.02
STD-4185,Enrolled,Masih Aktif,,71.4,Tinggi,Management,Holder of other higher course,Reguler (Siang),Perempuan,28-35,33,Married,Tidak,Lunas,Tidak,Tidak,Tidak,Domestik,110.0,110.0,8,6,12.833333333333334,5,4,12.0,76.9,12.42,Baik (>75%),11.1,0.6,2.02
STD-3974,Enrolled,Masih Aktif,,71.4,Tinggi,Nursing,1st phase - general,Reguler (Siang),Perempuan,<=20,17,Single,Tidak,Lunas,Tidak,Ya,Tidak,Domestik,133.8,140.0,8,5,12.46,8,5,12.46,62.5,12.46,Sedang (50-75%),10.8,1.4,1.74
STD-3657,Enrolled,Masih Aktif,,71.4,Tinggi,Management,2nd phase - general,Reguler (Siang),Perempuan,<=20,20,Single,Tidak,Lunas,Tidak,Tidak,Tidak,Domestik,113.4,120.0,5,3,10.333333333333334,5,3,10.666666666666666,60.0,10.5,Sedang (50-75%),12.4,0.5,1.79
STD-3946,Enrolled,Masih Aktif,,71.3,Tinggi,Tourism,2nd phase - general,Reguler (Siang),Laki-laki,<=20,19,Single,Tidak,Lunas,Tidak,Ya,Tidak,Domestik,112.2,108.0,6,5,10.8,6,3,10.0,66.7,10.4,Sedang (50-75%),9.4,-0.8,-3.12
STD-4020,Enrolled,Masih Aktif,,71.2,Tinggi,Equinculture,Over 23 years old,Reguler (Siang),Laki-laki,24-27,24,Single,Tidak,Lunas,Tidak,Tidak,Tidak,Domestik,110.0,130.0,6,6,11.333333333333334,6,3,11.333333333333334,75.0,11.33,Sedang (50-75%),16.2,0.3,-0.92
STD-3746,Enrolled,Masih Aktif,,71.0,Tinggi,Management,1st phase - general,Reguler (Siang),Perempuan,<=20,18,Single,Tidak,Lunas,Tidak,Ya,Tidak,Domestik,121.0,129.0,5,2,10.5,5,3,12.333333333333334,50.0,11.42,Rendah (25-50%),7.6,2.6,0.32
STD-4374,Enrolled,Masih Aktif,,70.9,Tinggi,Animation & Multimedia,1st phase - general,Reguler (Siang),Perempuan,<=20,19,Single,Ya,Lunas,Tidak,Ya,Tidak,Domestik,143.8,135.0,0,0,0.0,0,0,0.0,0.0,0.0,Kritis (<25%),12.7,3.7,-1.7
STD-4393,Enrolled,Masih Aktif,,70.9,Tinggi,Social Service,1st phase - general,Reguler (Siang),Laki-laki,21-23,22,Single,Tidak,Lunas,Tidak,Ya,Tidak,Domestik,100.0,133.1,6,4,11.25,6,3,11.0,58.3,11.12,Sedang (50-75%),8.9,1.4,3.51
STD-4014,Enrolled,Masih Aktif,,70.8,Tinggi,Management,2nd phase - general,Reguler (Siang),Laki-laki,21-23,22,Single,Tidak,Lunas,Ya,Ya,Tidak,Domestik,109.0,133.1,5,3,12.333333333333334,5,3,10.571428571428571,60.0,11.45,Sedang (50-75%),10.8,1.4,1.74
STD-4269,Enrolled,Masih Aktif,,70.5,Tinggi,Management (evening),Over 23 years old,Kelas Malam,Laki-laki,>35,39,Single,Tidak,Lunas,Tidak,Tidak,Tidak,Domestik,140.0,100.0,5,4,12.25,5,4,12.75,80.0,12.5,Baik (>75%),15.5,2.8,-4.06
STD-4094,Enrolled,Masih Aktif,,70.4,Tinggi,Basic Education,1st phase - general,Reguler (Siang),Perempuan,<=20,18,Single,Tidak,Lunas,Tidak,Ya,Tidak,Domestik,127.4,134.0,6,5,12.2,6,5,12.2,83.3,12.2,Baik (>75%),10.8,1.4,1.74
STD-3772,Enrolled,Masih Aktif,,70.3,Tinggi,Basic Education,1st phase - general,Reguler (Siang),Perempuan,<=20,18,Single,Tidak,Lunas,Tidak,Ya,Tidak,Domestik,137.2,127.0,6,6,12.166666666666666,6,4,12.75,83.3,12.46,Baik (>75%),10.8,1.4,1.74
STD-4323,Enrolled,Masih Aktif,,70.1,Tinggi,Social Service,1st phase - general,Reguler (Siang),Laki-laki,<=20,20,Single,Tidak,Lunas,Tidak,Tidak,Tidak,Domestik,118.7,125.0,6,4,11.75,6,3,11.333333333333334,58.3,11.54,Sedang (50-75%),15.5,2.8,-4.06
STD-3932,Enrolled,Masih Aktif,,70.1,Tinggi,Equinculture,Tech. specialization holder,Reguler (Siang),Perempuan,<=20,20,Single,Tidak,Lunas,Ya,Ya,Tidak,Domestik,130.0,130.0,6,4,12.0,6,4,10.75,66.7,11.38,Sedang (50-75%),16.2,0.3,-0.92
STD-4122,Enrolled,Masih Aktif,,69.7,Tinggi,Veterinary Nursing,Change of course,Reguler (Siang),Perempuan,21-23,21,Single,Tidak,Lunas,Tidak,Tidak,Tidak,Domestik,100.0,127.0,6,4,11.75,6,3,13.666666666666666,58.3,12.71,Sedang (50-75%),13.9,-0.3,0.79
STD-4409,Enrolled,Masih Aktif,,69.5,Tinggi,Management,1st phase - general,Reguler (Siang),Perempuan,21-23,21,Single,Tidak,Lunas,Tidak,Ya,Tidak,Domestik,118.8,123.0,5,3,10.666666666666666,5,2,12.5,50.0,11.58,Rendah (25-50%),7.6,2.6,0.32
STD-3781,Enrolled,Masih Aktif,,69.2,Tinggi,Equinculture,Change of course,Reguler (Siang),Perempuan,21-23,21,Single,Ya,Lunas,Tidak,Tidak,Tidak,Internasional,120.0,120.0,5,5,13.2,5,2,12.5,70.0,12.85,Sedang (50-75%),10.8,1.4,1.74
STD-3897,Enrolled,Masih Aktif,,68.8,Tinggi,Equinculture,2nd phase - general,Reguler (Siang),Perempuan,21-23,21,Single,Tidak,Lunas,Tidak,Ya,Tidak,Domestik,130.0,137.0,6,5,13.6,6,4,14.25,75.0,13.92,Sedang (50-75%),12.4,0.5,1.79
STD-4054,Enrolled,Masih Aktif,,68.8,Tinggi,Agronomy,Short cycle holder,Reguler (Siang),Laki-laki,21-23,21,Single,Ya,Lunas,Tidak,Tidak,Tidak,Domestik,130.0,130.0,12,10,11.8,12,9,11.444444444444445,79.2,11.62,Baik (>75%),8.9,1.4,3.51
STD-3846,Enrolled,Masih Aktif,,68.8,Tinggi,Advertising & Marketing,1st phase - general,Reguler (Siang),Perempuan,<=20,18,Single,Tidak,Lunas,Tidak,Ya,Tidak,Domestik,118.3,127.0,6,6,12.333333333333334,6,3,12.0,75.0,12.17,Sedang (50-75%),13.9,-0.3,0.79
STD-3998,Enrolled,Masih Aktif,,68.8,Tinggi,Veterinary Nursing,Tech. specialization holder,Reguler (Siang),Perempuan,<=20,19,Single,Tidak,Lunas,Tidak,Ya,Tidak,Domestik,150.0,150.0,5,1,13.0,5,3,15.333333333333334,40.0,14.17,Rendah (25-50%),12.7,3.7,-1.7
STD-3987,Enrolled,Masih Aktif,,68.8,Tinggi,Management (evening),Over 23 years old,Kelas Malam,Perempuan,28-35,34,Married,Tidak,Lunas,Tidak,Tidak,Tidak,Domestik,170.0,120.0,5,2,11.5,5,4,11.75,60.0,11.62,Sedang (50-75%),9.4,-0.8,-3.12
STD-4388,Enrolled,Masih Aktif,,68.6,Tinggi,Animation & Multimedia,2nd phase - general,Reguler (Siang),Perempuan,<=20,20,Single,Tidak,Lunas,Tidak,Ya,Tidak,Domestik,143.9,125.0,0,0,0.0,0,0,0.0,0.0,0.0,Kritis (<25%),15.5,2.8,-4.06
STD-3737,Enrolled,Masih Aktif,,68.4,Tinggi,Nursing,1st phase - general,Reguler (Siang),Perempuan,<=20,19,Single,Tidak,Lunas,Tidak,Tidak,Tidak,Domestik,126.7,133.0,7,4,12.45,7,5,11.7,64.3,12.08,Sedang (50-75%),16.2,0.3,-0.92
STD-4241,Enrolled,Masih Aktif,,67.2,Tinggi,Management,Change of course,Reguler (Siang),Perempuan,<=20,18,Single,Tidak,Lunas,Tidak,Tidak,Tidak,Domestik,126.1,131.0,5,0,0.0,5,4,13.25,40.0,6.62,Rendah (25-50%),16.2,0.3,-0.92
STD-3912,Enrolled,Masih Aktif,,67.0,Tinggi,Tourism,1st phase - general,Reguler (Siang),Laki-laki,<=20,18,Single,Tidak,Lunas,Tidak,Ya,Tidak,Domestik,121.5,125.0,6,5,11.0,6,3,10.333333333333334,66.7,10.67,Sedang (50-75%),9.4,-0.8,-3.12
STD-3769,Enrolled,Masih Aktif,,67.0,Tinggi,Veterinary Nursing,1st phase - general,Reguler (Siang),Perempuan,<=20,19,Single,Tidak,Lunas,Tidak,Ya,Tidak,Domestik,123.9,126.0,6,4,11.8,6,4,12.2,66.7,12.0,Sedang (50-75%),12.4,0.5,1.79
STD-3639,Enrolled,Masih Aktif,,66.8,Tinggi,Management (evening),2nd phase - general,Kelas Malam,Perempuan,24-27,24,Single,Tidak,Lunas,Tidak,Tidak,Tidak,Domestik,134.1,154.0,5,2,11.5,5,3,14.333333333333334,50.0,12.92,Rendah (25-50%),7.6,2.6,0.32
STD-4255,Enrolled,Masih Aktif,,66.8,Tinggi,Nursing,Change of course,Reguler (Siang),Perempuan,>35,38,Divorced,Tidak,Lunas,Tidak,Tidak,Tidak,Domestik,103.7,130.0,8,5,13.126,8,5,13.126,62.5,13.13,Sedang (50-75%),10.8,1.4,1.74
STD-3890,Enrolled,Masih Aktif,,66.5,Tinggi,Animation & Multimedia,1st phase - general,Reguler (Siang),Laki-laki,<=20,18,Single,Tidak,Lunas,Tidak,Ya,Tidak,Domestik,141.7,134.0,0,0,0.0,0,0,0.0,0.0,0.0,Kritis (<25%),7.6,2.6,0.32
STD-3851,Enrolled,Masih Aktif,,66.4,Tinggi,Veterinary Nursing,1st phase - general,Reguler (Siang),Perempuan,<=20,18,Single,Tidak,Lunas,Tidak,Tidak,Tidak,Domestik,113.4,120.0,6,4,11.5,6,3,13.75,58.3,12.62,Sedang (50-75%),11.1,0.6,2.02
STD-3699,Enrolled,Masih Aktif,,66.2,Tinggi,Basic Education,2nd phase - general,Reguler (Siang),Perempuan,21-23,22,Single,Tidak,Lunas,Tidak,Ya,Tidak,Domestik,122.5,134.0,6,5,13.166666666666666,6,5,12.4,83.3,12.78,Baik (>75%),15.5,2.8,-4.06
STD-3939,Enrolled,Masih Aktif,,66.2,Tinggi,Informatics Engineering,1st phase - general,Reguler (Siang),Laki-laki,<=20,18,Single,Tidak,Menunggak,Ya,Tidak,Tidak,Domestik,143.4,150.0,5,5,14.2,5,5,14.2,100.0,14.2,Baik (>75%),8.9,1.4,3.51
STD-4057,Enrolled,Masih Aktif,,66.1,Tinggi,Management,1st phase - general,Reguler (Siang),Laki-laki,<=20,18,Single,Tidak,Lunas,Tidak,Tidak,Tidak,Domestik,126.3,135.0,5,2,13.5,5,3,12.333333333333334,50.0,12.92,Rendah (25-50%),8.9,1.4,3.51
STD-4284,Enrolled,Masih Aktif,,65.7,Tinggi,Animation & Multimedia,Change of course,Reguler (Siang),Laki-laki,21-23,22,Single,Tidak,Lunas,Tidak,Tidak,Tidak,Domestik,121.6,144.0,0,0,0.0,0,0,0.0,0.0,0.0,Kritis (<25%),13.9,-0.3,0.79
STD-3715,Enrolled,Masih Aktif,,65.5,Tinggi,Veterinary Nursing,Tech. specialization holder,Reguler (Siang),Perempuan,<=20,20,Single,Tidak,Lunas,Tidak,Tidak,Tidak,Domestik,140.0,140.0,6,6,12.666666666666666,6,2,13.0,66.7,12.83,Sedang (50-75%),13.9,-0.3,0.79
STD-3852,Enrolled,Masih Aktif,,65.4,Tinggi,Social Service,1st phase - general,Reguler (Siang),Perempuan,<=20,20,Single,Tidak,Lunas,Tidak,Ya,Tidak,Domestik,103.5,107.0,6,3,11.2,6,4,12.0,58.3,11.6,Sedang (50-75%),16.2,0.3,-0.92
STD-3879,Enrolled,Masih Aktif,,65.0,Tinggi,Informatics Engineering,2nd phase - general,Reguler (Siang),Laki-laki,21-23,21,Married,Tidak,Lunas,Tidak,Ya,Tidak,Domestik,122.9,126.0,5,4,13.2,5,4,14.25,80.0,13.72,Baik (>75%),7.6,2.6,0.32
STD-3826,Enrolled,Masih Aktif,,65.0,Tinggi,Nursing,1st phase - general,Reguler (Siang),Perempuan,<=20,19,Single,Tidak,Lunas,Tidak,Ya,Tidak,Domestik,127.5,138.0,7,5,12.94,7,5,13.76,71.4,13.35,Sedang (50-75%),16.2,0.3,-0.92
STD-4206,Enrolled,Masih Aktif,,64.8,Tinggi,Management,1st phase - general,Reguler (Siang),Laki-laki,21-23,21,Single,Tidak,Lunas,Tidak,Tidak,Tidak,Domestik,116.4,122.0,5,3,11.25,5,3,11.0,60.0,11.12,Sedang (50-75%),15.5,2.8,-4.06
STD-3992,Enrolled,Masih Aktif,,64.8,Tinggi,Basic Education,3rd phase - general,Reguler (Siang),Perempuan,<=20,19,Single,Tidak,Lunas,Tidak,Ya,Tidak,Domestik,123.7,123.0,6,5,12.666666666666666,6,5,11.0,83.3,11.83,Baik (>75%),15.5,2.8,-4.06
STD-4200,Enrolled,Masih Aktif,,64.8,Tinggi,Management,1st phase - general,Reguler (Siang),Perempuan,<=20,18,Single,Tidak,Lunas,Tidak,Tidak,Tidak,Domestik,117.8,130.0,5,2,10.0,5,3,11.333333333333334,50.0,10.67,Rendah (25-50%),7.6,2.6,0.32
STD-3925,Enrolled,Masih Aktif,,64.7,Tinggi,Animation & Multimedia,1st phase - general,Reguler (Siang),Laki-laki,<=20,20,Single,Tidak,Lunas,Tidak,Ya,Tidak,Domestik,121.2,124.0,0,0,0.0,0,0,0.0,0.0,0.0,Kritis (<25%),10.8,1.4,1.74
STD-3777,Enrolled,Masih Aktif,,64.6,Tinggi,Management,Change of institution/course,Reguler (Siang),Perempuan,21-23,21,Single,Tidak,Lunas,Tidak,Tidak,Tidak,Domestik,120.0,130.0,5,5,12.8,5,3,12.666666666666666,80.0,12.73,Baik (>75%),11.1,0.6,2.02
STD-4227,Enrolled,Masih Aktif,,64.6,Tinggi,Management,2nd phase - general,Reguler (Siang),Laki-laki,21-23,21,Single,Tidak,Lunas,Tidak,Tidak,Tidak,Domestik,99.0,110.0,5,5,11.0,5,3,11.428571428571429,80.0,11.21,Baik (>75%),10.8,1.4,1.74
STD-3904,Enrolled,Masih Aktif,,64.3,Tinggi,Communication Design,1st phase - Madeira,Reguler (Siang),Perempuan,<=20,18,Single,Tidak,Lunas,Tidak,Ya,Tidak,Domestik,122.5,133.0,6,1,11.0,6,4,11.0,41.7,11.0,Rendah (25-50%),7.6,2.6,0.32
STD-3803,Enrolled,Masih Aktif,,64.2,Tinggi,Management (evening),Over 23 years old,Kelas Malam,Laki-laki,28-35,34,Married,Tidak,Lunas,Tidak,Tidak,Tidak,Domestik,145.6,130.0,5,4,11.75,5,4,10.833333333333334,80.0,11.29,Baik (>75%),13.9,-0.3,0.79
STD-4201,Enrolled,Masih Aktif,,64.2,Tinggi,Tourism,2nd phase - general,Reguler (Siang),Laki-laki,21-23,21,Single,Tidak,Lunas,Tidak,Ya,Tidak,Domestik,123.1,121.0,6,6,11.166666666666666,6,3,14.666666666666666,75.0,12.92,Sedang (50-75%),7.6,2.6,0.32
STD-3951,Enrolled,Masih Aktif,,64.0,Tinggi,Informatics Engineering,1st phase - general,Reguler (Siang),Laki-laki,<=20,19,Single,Tidak,Lunas,Ya,Tidak,Tidak,Domestik,111.1,117.0,5,5,11.8,5,3,11.5,80.0,11.65,Baik (>75%),11.1,0.6,2.02
STD-4003,Enrolled,Masih Aktif,,63.9,Tinggi,Veterinary Nursing,Tech. specialization holder,Reguler (Siang),Perempuan,21-23,21,Single,Tidak,Lunas,Tidak,Ya,Tidak,Domestik,130.0,130.0,6,3,11.75,6,5,12.333333333333334,66.7,12.04,Sedang (50-75%),12.4,0.5,1.79
STD-4399,Enrolled,Masih Aktif,,63.7,Tinggi,Veterinary Nursing,2nd phase - general,Reguler (Siang),Laki-laki,<=20,18,Single,Tidak,Lunas,Tidak,Tidak,Tidak,Domestik,118.9,123.0,5,3,14.0,5,3,12.666666666666666,60.0,13.33,Sedang (50-75%),7.6,2.6,0.32
STD-3687,Enrolled,Masih Aktif,,63.1,Tinggi,Social Service,Change of course,Reguler (Siang),Perempuan,>35,36,Single,Tidak,Lunas,Tidak,Tidak,Tidak,Domestik,110.0,110.0,16,13,10.692307692307692,13,9,12.307692307692308,75.9,11.5,Baik (>75%),15.5,2.8,-4.06
STD-4037,Enrolled,Masih Aktif,,63.1,Tinggi,Informatics Engineering,3rd phase - general,Reguler (Siang),Laki-laki,<=20,19,Single,Tidak,Lunas,Tidak,Ya,Tidak,Domestik,125.2,136.0,5,5,11.833333333333334,5,5,14.714285714285714,100.0,13.27,Baik (>75%),12.4,0.5,1.79
STD-3812,Enrolled,Masih Aktif,,62.9,Tinggi,Basic Education,2nd phase - general,Reguler (Siang),Perempuan,<=20,18,Single,Tidak,Lunas,Tidak,Ya,Tidak,Domestik,108.8,114.0,7,5,11.4,7,6,13.333333333333334,78.6,12.37,Baik (>75%),13.9,-0.3,0.79
STD-4391,Enrolled,Masih Aktif,,62.9,Tinggi,Management (evening),Over 23 years old,Kelas Malam,Perempuan,24-27,25,Single,Ya,Lunas,Tidak,Tidak,Tidak,Domestik,130.0,140.0,5,4,11.25,5,4,12.0,80.0,11.62,Baik (>75%),12.7,3.7,-1.7
STD-4044,Enrolled,Masih Aktif,,62.8,Tinggi,Advertising & Marketing,Change of course,Reguler (Siang),Laki-laki,<=20,19,Single,Tidak,Lunas,Tidak,Tidak,Tidak,Domestik,120.5,132.0,6,4,12.5,6,4,13.25,66.7,12.88,Sedang (50-75%),13.9,-0.3,0.79
STD-4210,Enrolled,Masih Aktif,,62.7,Tinggi,Animation & Multimedia,1st phase - general,Reguler (Siang),Laki-laki,<=20,18,Single,Tidak,Lunas,Tidak,Ya,Tidak,Domestik,118.4,124.0,0,0,0.0,0,0,0.0,0.0,0.0,Kritis (<25%),7.6,2.6,0.32
STD-4124,Enrolled,Masih Aktif,,62.5,Tinggi,Veterinary Nursing,Over 23 years old,Reguler (Siang),Perempuan,24-27,26,Single,Tidak,Menunggak,Tidak,Tidak,Tidak,Domestik,120.0,130.0,6,6,15.428571428571429,6,5,14.5,91.7,14.96,Baik (>75%),11.1,0.6,2.02
STD-4413,Enrolled,Masih Aktif,,62.2,Tinggi,Management (evening),Over 23 years old,Kelas Malam,Perempuan,28-35,30,Divorced,Tidak,Lunas,Tidak,Tidak,Tidak,Domestik,146.2,150.0,5,3,10.333333333333334,5,4,12.8,70.0,11.57,Sedang (50-75%),12.4,0.5,1.79
STD-3724,Enrolled,Masih Aktif,,61.9,Tinggi,Management,2nd phase - general,Reguler (Siang),Laki-laki,<=20,19,Single,Tidak,Lunas,Ya,Tidak,Tidak,Domestik,116.9,126.0,5,3,11.666666666666666,5,3,11.666666666666666,60.0,11.67,Sedang (50-75%),12.7,3.7,-1.7
STD-3928,Enrolled,Masih Aktif,,61.9,Tinggi,Management,1st phase - general,Reguler (Siang),Laki-laki,<=20,19,Single,Tidak,Lunas,Tidak,Ya,Tidak,Domestik,117.0,117.0,5,4,10.75,5,4,12.25,80.0,11.5,Baik (>75%),12.4,0.5,1.79
STD-3825,Enrolled,Masih Aktif,,61.8,Tinggi,Management,2nd phase - general,Reguler (Siang),Perempuan,<=20,19,Single,Tidak,Lunas,Tidak,Ya,Tidak,Domestik,107.8,112.0,5,3,10.333333333333334,5,3,14.428571428571429,60.0,12.38,Sedang (50-75%),10.8,1.4,1.74
STD-3682,Enrolled,Masih Aktif,,61.7,Tinggi,Basic Education,1st phase - general,Reguler (Siang),Perempuan,<=20,18,Single,Tidak,Lunas,Tidak,Ya,Tidak,Domestik,125.0,132.0,6,5,12.6,6,5,11.4,83.3,12.0,Baik (>75%),9.4,-0.8,-3.12
STD-3944,Enrolled,Masih Aktif,,61.4,Tinggi,Management,Over 23 years old,Reguler (Siang),Perempuan,24-27,24,Single,Tidak,Lunas,Tidak,Tidak,Tidak,Internasional,134.8,133.1,5,2,10.5,5,4,10.0,60.0,10.25,Sedang (50-75%),16.2,0.3,-0.92
STD-4139,Enrolled,Masih Aktif,,61.3,Tinggi,Advertising & Marketing,1st phase - general,Reguler (Siang),Laki-laki,<=20,19,Single,Tidak,Lunas,Tidak,Ya,Tidak,Domestik,111.3,120.0,5,3,11.333333333333334,5,4,11.0,70.0,11.17,Sedang (50-75%),9.4,-0.8,-3.12
STD-3808,Enrolled,Masih Aktif,,61.2,Tinggi,Basic Education,1st phase - general,Reguler (Siang),Perempuan,<=20,18,Single,Tidak,Lunas,Tidak,Tidak,Tidak,Domestik,121.6,124.0,6,5,12.333333333333334,6,5,10.6,83.3,11.47,Baik (>75%),15.5,2.8,-4.06
STD-4244,Enrolled,Masih Aktif,,60.9,Tinggi,Basic Education,1st phase - Madeira,Reguler (Siang),Perempuan,<=20,19,Single,Tidak,Lunas,Tidak,Ya,Tidak,Domestik,121.1,134.0,6,5,12.2,6,5,11.8,83.3,12.0,Baik (>75%),10.8,1.4,1.74
STD-4016,Enrolled,Masih Aktif,,60.8,Tinggi,Journalism & Comm,1st phase - general,Reguler (Siang),Laki-laki,<=20,19,Single,Tidak,Lunas,Tidak,Tidak,Tidak,Domestik,130.2,133.0,6,5,12.6,10,8,11.0,81.2,11.8,Baik (>75%),8.9,1.4,3.51
STD-3815,Enrolled,Masih Aktif,,60.5,Tinggi,Management,Change of course,Reguler (Siang),Perempuan,21-23,21,Single,Tidak,Lunas,Tidak,Tidak,Tidak,Domestik,113.2,123.0,10,6,11.166666666666666,10,7,10.571428571428571,65.0,10.87,Sedang (50-75%),7.6,2.6,0.32
STD-3920,Enrolled,Masih Aktif,,60.3,Tinggi,Animation & Multimedia,1st phase - general,Reguler (Siang),Perempuan,<=20,20,Single,Tidak,Lunas,Tidak,Ya,Tidak,Domestik,152.5,136.0,0,0,0.0,0,0,0.0,0.0,0.0,Kritis (<25%),13.9,-0.3,0.79
STD-4423,Enrolled,Masih Aktif,,60.3,Tinggi,Communication Design,Change of course,Reguler (Siang),Laki-laki,<=20,19,Single,Tidak,Lunas,Ya,Ya,Tidak,Domestik,133.4,125.0,6,4,13.0,6,5,12.2,75.0,12.6,Sedang (50-75%),13.9,-0.3,0.79
STD-3999,Enrolled,Masih Aktif,,60.3,Tinggi,Animation & Multimedia,2nd phase - general,Reguler (Siang),Perempuan,<=20,18,Single,Tidak,Lunas,Tidak,Ya,Tidak,Domestik,134.8,133.0,0,0,0.0,0,0,0.0,0.0,0.0,Kritis (<25%),12.4,0.5,1.79
STD-4018,Enrolled,Masih Aktif,,60.2,Tinggi,Tourism,2nd phase - general,Reguler (Siang),Laki-laki,<=20,18,Single,Tidak,Lunas,Ya,Tidak,Tidak,Domestik,121.2,118.0,6,3,10.666666666666666,6,4,12.0,58.3,11.33,Sedang (50-75%),15.5,2.8,-4.06
STD-3654,Enrolled,Masih Aktif,,60.0,Sedang,Management,2nd phase - general,Reguler (Siang),Perempuan,<=20,18,Single,Tidak,Lunas,Ya,Ya,Tidak,Domestik,115.3,123.0,5,3,13.0,5,3,11.0,60.0,12.0,Sedang (50-75%),8.9,1.4,3.51
STD-3910,Enrolled,Masih Aktif,,59.8,Sedang,Nursing,1st phase - general,Reguler (Siang),Laki-laki,21-23,22,Single,Tidak,Lunas,Tidak,Ya,Tidak,Domestik,99.0,133.1,7,6,12.833333333333334,8,6,12.5,80.0,12.67,Baik (>75%),16.2,0.3,-0.92
STD-4004,Enrolled,Masih Aktif,,59.5,Sedang,Animation & Multimedia,2nd phase - general,Reguler (Siang),Perempuan,<=20,18,Single,Tidak,Lunas,Tidak,Ya,Tidak,Domestik,143.3,137.0,0,0,0.0,0,0,0.0,0.0,0.0,Kritis (<25%),9.4,-0.8,-3.12
STD-3759,Enrolled,Masih Aktif,,59.4,Sedang,Advertising & Marketing,Change of course,Reguler (Siang),Laki-laki,<=20,18,Single,Tidak,Lunas,Tidak,Ya,Tidak,Domestik,138.5,142.0,6,5,13.8,6,5,12.4,83.3,13.1,Baik (>75%),13.9,-0.3,0.79
STD-4385,Enrolled,Masih Aktif,,59.0,Sedang,Veterinary Nursing,Tech. specialization holder,Reguler (Siang),Perempuan,<=20,20,Single,Tidak,Lunas,Tidak,Ya,Tidak,Domestik,140.0,140.0,6,6,12.666666666666666,6,4,11.5,83.3,12.08,Baik (>75%),13.9,-0.3,0.79
STD-4086,Enrolled,Masih Aktif,,59.0,Sedang,Animation & Multimedia,1st phase - general,Reguler (Siang),Perempuan,<=20,18,Single,Tidak,Lunas,Tidak,Ya,Tidak,Domestik,163.6,165.0,0,0,0.0,0,0,0.0,0.0,0.0,Kritis (<25%),12.4,0.5,1.79
STD-4015,Enrolled,Masih Aktif,,58.7,Sedang,Informatics Engineering,1st phase - general,Reguler (Siang),Laki-laki,<=20,19,Single,Tidak,Lunas,Tidak,Tidak,Tidak,Domestik,130.2,126.0,5,5,10.2,5,3,12.0,80.0,11.1,Baik (>75%),10.8,1.4,1.74
STD-4310,Enrolled,Masih Aktif,,58.7,Sedang,Basic Education,1st phase - general,Reguler (Siang),Perempuan,21-23,23,Single,Tidak,Lunas,Tidak,Ya,Tidak,Domestik,112.6,122.0,6,5,13.6,6,5,11.6,83.3,12.6,Baik (>75%),7.6,2.6,0.32
STD-3959,Enrolled,Masih Aktif,,58.7,Sedang,Nursing,Over 23 years old,Reguler (Siang),Perempuan,>35,39,Married,Tidak,Lunas,Tidak,Ya,Tidak,Domestik,109.0,133.1,7,5,12.16,7,5,12.16,71.4,12.16,Sedang (50-75%),7.6,2.6,0.32
STD-3853,Enrolled,Masih Aktif,,58.4,Sedang,Basic Education,2nd phase - general,Reguler (Siang),Perempuan,<=20,19,Single,Tidak,Lunas,Tidak,Ya,Tidak,Domestik,126.0,126.0,6,5,13.0,6,5,10.4,83.3,11.7,Baik (>75%),7.6,2.6,0.32
STD-4098,Enrolled,Masih Aktif,,58.2,Sedang,Basic Education,2nd phase - general,Reguler (Siang),Perempuan,<=20,18,Single,Tidak,Lunas,Tidak,Ya,Tidak,Domestik,121.2,118.0,6,5,13.4,6,5,12.0,83.3,12.7,Baik (>75%),7.6,2.6,0.32
STD-4195,Enrolled,Masih Aktif,,58.2,Sedang,Basic Education,1st phase - general,Reguler (Siang),Perempuan,<=20,19,Single,Tidak,Lunas,Ya,Ya,Tidak,Domestik,126.9,129.0,6,5,12.2,6,4,11.5,75.0,11.85,Sedang (50-75%),7.6,2.6,0.32
STD-3685,Enrolled,Masih Aktif,,58.1,Sedang,Veterinary Nursing,1st phase - general,Reguler (Siang),Perempuan,<=20,19,Single,Tidak,Lunas,Tidak,Ya,Tidak,Domestik,125.9,129.0,5,4,12.0,5,3,12.0,70.0,12.0,Sedang (50-75%),9.4,-0.8,-3.12
STD-4381,Enrolled,Masih Aktif,,58.1,Sedang,Veterinary Nursing,Over 23 years old,Reguler (Siang),Perempuan,24-27,27,Single,Ya,Lunas,Tidak,Ya,Tidak,Domestik,148.2,133.1,6,6,12.125,6,5,12.0,91.7,12.06,Baik (>75%),12.4,0.5,1.79
STD-3756,Enrolled,Masih Aktif,,57.6,Sedang,Tourism,1st phase - general,Reguler (Siang),Laki-laki,<=20,20,Single,Tidak,Lunas,Tidak,Tidak,Tidak,Domestik,137.2,154.0,6,3,10.0,6,5,10.8,66.7,10.4,Sedang (50-75%),15.5,2.8,-4.06
STD-4376,Enrolled,Masih Aktif,,57.5,Sedang,Tourism,2nd phase - general,Reguler (Siang),Perempuan,<=20,18,Single,Tidak,Menunggak,Tidak,Ya,Tidak,Internasional,110.3,118.0,6,5,12.6,6,5,11.8,83.3,12.2,Baik (>75%),11.1,0.6,2.02
STD-3811,Enrolled,Masih Aktif,,57.5,Sedang,Communication Design,Change of institution/course,Reguler (Siang),Perempuan,21-23,21,Single,Tidak,Lunas,Tidak,Ya,Tidak,Domestik,120.0,117.0,6,5,12.2,6,4,12.6,75.0,12.4,Sedang (50-75%),8.9,1.4,3.51
STD-3982,Enrolled,Masih Aktif,,57.4,Sedang,Veterinary Nursing,Tech. specialization holder,Reguler (Siang),Perempuan,<=20,20,Single,Tidak,Lunas,Tidak,Tidak,Tidak,Domestik,140.0,140.0,6,6,14.285714285714286,6,3,13.0,75.0,13.64,Sedang (50-75%),13.9,-0.3,0.79
STD-4249,Enrolled,Masih Aktif,,57.4,Sedang,Management,3rd phase - general,Reguler (Siang),Perempuan,24-27,24,Single,Tidak,Lunas,Tidak,Ya,Tidak,Domestik,101.8,100.0,5,5,10.8,5,2,11.0,70.0,10.9,Sedang (50-75%),10.8,1.4,1.74
STD-4288,Enrolled,Masih Aktif,,57.4,Sedang,Informatics Engineering,1st phase - general,Reguler (Siang),Laki-laki,<=20,18,Single,Tidak,Menunggak,Ya,Tidak,Tidak,Domestik,129.8,148.0,5,5,15.0,5,5,14.2,100.0,14.6,Baik (>75%),8.9,1.4,3.51
STD-4092,Enrolled,Masih Aktif,,57.0,Sedang,Management,3rd phase - general,Reguler (Siang),Perempuan,21-23,21,Single,Tidak,Lunas,Tidak,Ya,Tidak,Domestik,108.7,115.0,5,3,12.0,5,3,12.666666666666666,60.0,12.33,Sedang (50-75%),9.4,-0.8,-3.12
STD-3632,Enrolled,Masih Aktif,,57.0,Sedang,Basic Education,1st phase - general,Reguler (Siang),Perempuan,<=20,18,Single,Tidak,Lunas,Tidak,Ya,Tidak,Domestik,124.6,140.0,7,6,11.666666666666666,7,6,13.5,85.7,12.58,Baik (>75%),16.2,0.3,-0.92
STD-4205,Enrolled,Masih Aktif,,56.9,Sedang,Informatics Engineering,Over 23 years old,Reguler (Siang),Laki-laki,28-35,28,Single,Tidak,Lunas,Tidak,Ya,Tidak,Domestik,137.0,130.0,5,4,10.5,5,4,11.0,80.0,10.75,Baik (>75%),7.6,2.6,0.32
STD-3945,Enrolled,Masih Aktif,,56.6,Sedang,Agronomy,Transfer,Reguler (Siang),Laki-laki,24-27,25,Single,Tidak,Lunas,Tidak,Ya,Tidak,Domestik,140.0,140.0,6,5,11.666666666666666,6,4,12.0,75.0,11.83,Sedang (50-75%),15.5,2.8,-4.06
STD-4397,Enrolled,Masih Aktif,,56.5,Sedang,Animation & Multimedia,Tech. specialization holder,Reguler (Siang),Laki-laki,21-23,21,Single,Tidak,Lunas,Tidak,Tidak,Tidak,Domestik,140.0,140.0,0,0,0.0,0,0,0.0,0.0,0.0,Kritis (<25%),15.5,2.8,-4.06
STD-3717,Enrolled,Masih Aktif,,56.5,Sedang,Basic Education,1st phase - general,Reguler (Siang),Perempuan,<=20,18,Single,Tidak,Lunas,Tidak,Ya,Ya,Domestik,116.9,126.0,7,6,10.666666666666666,7,6,12.833333333333334,85.7,11.75,Baik (>75%),13.9,-0.3,0.79
STD-3727,Enrolled,Masih Aktif,,56.3,Sedang,Management,1st phase - general,Reguler (Siang),Laki-laki,<=20,20,Single,Tidak,Lunas,Tidak,Tidak,Tidak,Domestik,121.8,133.0,5,4,10.2,5,3,11.0,70.0,10.6,Sedang (50-75%),15.5,2.8,-4.06
STD-3788,Enrolled,Masih Aktif,,56.2,Sedang,Oral Hygiene,1st phase - general,Reguler (Siang),Laki-laki,21-23,21,Single,Tidak,Lunas,Ya,Tidak,Tidak,Domestik,131.5,135.0,7,5,11.2,8,6,11.583333333333334,73.3,11.39,Sedang (50-75%),16.2,0.3,-0.92
STD-4357,Enrolled,Masih Aktif,,55.6,Sedang,Veterinary Nursing,1st phase - general,Reguler (Siang),Perempuan,21-23,21,Single,Ya,Lunas,Tidak,Tidak,Tidak,Domestik,130.7,131.0,5,2,11.5,5,4,11.0,60.0,11.25,Sedang (50-75%),10.8,1.4,1.74
STD-4344,Enrolled,Masih Aktif,,55.4,Sedang,Journalism & Comm,Over 23 years old,Reguler (Siang),Perempuan,>35,40,Divorced,Tidak,Lunas,Tidak,Tidak,Tidak,Domestik,133.0,133.1,6,5,13.0,6,5,12.6,83.3,12.8,Baik (>75%),16.2,0.3,-0.92
STD-4030,Enrolled,Masih Aktif,,55.2,Sedang,Communication Design,1st phase - general,Reguler (Siang),Laki-laki,<=20,19,Single,Tidak,Lunas,Tidak,Ya,Tidak,Domestik,136.6,132.0,6,5,11.4,6,3,11.0,66.7,11.2,Sedang (50-75%),7.6,2.6,0.32
STD-4131,Enrolled,Masih Aktif,,55.0,Sedang,Social Service (eve),Over 23 years old,Kelas Malam,Perempuan,24-27,26,Single,Tidak,Lunas,Ya,Ya,Tidak,Domestik,111.0,100.0,6,3,12.333333333333334,6,3,11.666666666666666,50.0,12.0,Rendah (25-50%),7.6,2.6,0.32
STD-4287,Enrolled,Masih Aktif,,54.9,Sedang,Informatics Engineering,International student,Reguler (Siang),Laki-laki,24-27,24,Single,Ya,Lunas,Tidak,Tidak,Tidak,Internasional,100.0,133.1,8,7,13.142857142857142,6,6,11.833333333333334,92.9,12.49,Baik (>75%),8.9,1.4,3.51
STD-3955,Enrolled,Masih Aktif,,54.8,Sedang,Nursing,1st phase - general,Reguler (Siang),Perempuan,<=20,19,Single,Tidak,Lunas,Ya,Ya,Tidak,Domestik,114.8,122.0,7,4,12.65,7,5,11.1,64.3,11.88,Sedang (50-75%),12.4,0.5,1.79
STD-3863,Enrolled,Masih Aktif,,54.7,Sedang,Animation & Multimedia,1st phase - general,Reguler (Siang),Perempuan,<=20,18,Single,Tidak,Lunas,Tidak,Ya,Tidak,Domestik,138.3,140.0,0,0,0.0,0,0,0.0,0.0,0.0,Kritis (<25%),12.4,0.5,1.79
STD-4219,Enrolled,Masih Aktif,,54.6,Sedang,Management (evening),Over 23 years old,Kelas Malam,Laki-laki,24-27,25,Married,Ya,Lunas,Tidak,Tidak,Tidak,Domestik,132.0,162.0,5,4,11.0,5,4,12.0,80.0,11.5,Baik (>75%),7.6,2.6,0.32
STD-4349,Enrolled,Masih Aktif,,54.5,Sedang,Social Service,2nd phase - general,Reguler (Siang),Perempuan,21-23,21,Single,Tidak,Lunas,Ya,Ya,Tidak,Domestik,122.0,130.0,6,1,10.0,6,5,11.4,50.0,10.7,Rendah (25-50%),12.7,3.7,-1.7
STD-4307,Enrolled,Masih Aktif,,54.3,Sedang,Informatics Engineering,Over 23 years old,Reguler (Siang),Laki-laki,28-35,28,Single,Tidak,Lunas,Ya,Tidak,Tidak,Domestik,123.0,133.1,5,3,14.333333333333334,5,5,12.428571428571429,80.0,13.38,Baik (>75%),9.4,-0.8,-3.12
STD-4077,Enrolled,Masih Aktif,,54.3,Sedang,Nursing,International student,Reguler (Siang),Perempuan,<=20,18,Single,Tidak,Lunas,Tidak,Ya,Tidak,Internasional,190.0,190.0,7,4,11.575,7,5,12.419999999999998,64.3,12.0,Sedang (50-75%),12.4,0.5,1.79
STD-3698,Enrolled,Masih Aktif,,54.1,Sedang,Social Service,1st phase - general,Reguler (Siang),Perempuan,<=20,19,Single,Tidak,Lunas,Tidak,Tidak,Tidak,Domestik,121.0,135.0,6,3,10.333333333333334,6,3,10.333333333333334,50.0,10.33,Rendah (25-50%),7.6,2.6,0.32
STD-4121,Enrolled,Masih Aktif,,54.0,Sedang,Management,2nd phase - general,Reguler (Siang),Perempuan,<=20,19,Single,Tidak,Lunas,Tidak,Ya,Tidak,Domestik,128.3,129.0,5,3,11.0,5,4,11.75,70.0,11.38,Sedang (50-75%),12.7,3.7,-1.7
STD-4223,Enrolled,Masih Aktif,,53.8,Sedang,Communication Design,Change of institution/course,Reguler (Siang),Perempuan,28-35,31,Single,Ya,Lunas,Tidak,Tidak,Tidak,Domestik,106.6,133.1,6,5,11.0,6,6,10.166666666666666,91.7,10.58,Baik (>75%),8.9,1.4,3.51
STD-3810,Enrolled,Masih Aktif,,53.6,Sedang,Basic Education,1st phase - general,Reguler (Siang),Perempuan,<=20,19,Single,Tidak,Lunas,Tidak,Tidak,Tidak,Domestik,142.2,145.0,6,4,12.5,6,5,12.5,75.0,12.5,Sedang (50-75%),9.4,-0.8,-3.12
STD-4032,Enrolled,Masih Aktif,,53.0,Sedang,Communication Design,1st phase - general,Reguler (Siang),Laki-laki,<=20,20,Single,Tidak,Lunas,Tidak,Tidak,Tidak,Domestik,138.3,140.0,6,6,13.428571428571429,6,4,11.5,83.3,12.46,Baik (>75%),13.9,-0.3,0.79
STD-4421,Enrolled,Masih Aktif,,52.9,Sedang,Basic Education,3rd phase - general,Reguler (Siang),Laki-laki,<=20,18,Single,Tidak,Lunas,Tidak,Ya,Tidak,Domestik,126.8,168.0,6,5,12.6,6,6,13.0,91.7,12.8,Baik (>75%),10.8,1.4,1.74
STD-3949,Enrolled,Masih Aktif,,52.7,Sedang,Management,Change of course,Reguler (Siang),Laki-laki,24-27,25,Single,Tidak,Lunas,Tidak,Tidak,Tidak,Domestik,110.0,123.0,5,3,11.0,5,4,11.5,70.0,11.25,Sedang (50-75%),9.4,-0.8,-3.12
STD-4073,Enrolled,Masih Aktif,,52.5,Sedang,Animation & Multimedia,Change of course,Reguler (Siang),Laki-laki,21-23,22,Single,Tidak,Lunas,Tidak,Ya,Tidak,Domestik,120.0,120.0,0,0,0.0,0,0,0.0,0.0,0.0,Kritis (<25%),7.6,2.6,0.32
STD-3941,Enrolled,Masih Aktif,,52.0,Sedang,Tourism,Tech. specialization holder,Reguler (Siang),Laki-laki,24-27,26,Single,Tidak,Menunggak,Tidak,Tidak,Tidak,Domestik,170.0,170.0,8,8,15.125,6,6,13.666666666666666,100.0,14.4,Baik (>75%),11.1,0.6,2.02
STD-4358,Enrolled,Masih Aktif,,51.8,Sedang,Tourism,2nd phase - general,Reguler (Siang),Perempuan,<=20,19,Single,Tidak,Lunas,Tidak,Ya,Tidak,Domestik,109.8,115.0,6,4,11.25,6,4,12.0,66.7,11.62,Sedang (50-75%),10.8,1.4,1.74
STD-3773,Enrolled,Masih Aktif,,51.5,Sedang,Communication Design,Short cycle holder,Reguler (Siang),Perempuan,21-23,22,Single,Tidak,Menunggak,Ya,Ya,Tidak,Domestik,130.0,130.0,6,6,11.0,6,4,12.0,83.3,11.5,Baik (>75%),8.9,1.4,3.51
STD-4105,Enrolled,Masih Aktif,,51.3,Sedang,Communication Design,Change of course,Reguler (Siang),Laki-laki,24-27,26,Single,Tidak,Lunas,Tidak,Tidak,Tidak,Domestik,126.4,150.0,7,7,13.285714285714286,8,7,12.142857142857142,93.3,12.71,Baik (>75%),12.4,0.5,1.79
STD-3748,Enrolled,Masih Aktif,,51.3,Sedang,Management,1st phase - general,Reguler (Siang),Perempuan,<=20,19,Single,Tidak,Lunas,Ya,Ya,Tidak,Domestik,131.8,130.0,5,2,10.5,5,3,13.333333333333334,50.0,11.92,Rendah (25-50%),7.6,2.6,0.32
STD-3681,Enrolled,Masih Aktif,,51.2,Sedang,Veterinary Nursing,1st phase - Azores,Reguler (Siang),Perempuan,<=20,19,Single,Tidak,Lunas,Tidak,Ya,Tidak,Domestik,128.8,141.0,5,3,10.333333333333334,5,3,13.0,60.0,11.67,Sedang (50-75%),7.6,2.6,0.32
STD-4167,Enrolled,Masih Aktif,,51.1,Sedang,Advertising & Marketing,Over 23 years old,Reguler (Siang),Perempuan,28-35,35,Married,Tidak,Lunas,Tidak,Tidak,Tidak,Domestik,100.0,100.0,5,5,11.4,5,3,12.333333333333334,80.0,11.87,Baik (>75%),9.4,-0.8,-3.12
STD-4059,Enrolled,Masih Aktif,,51.0,Sedang,Journalism & Comm,1st phase - general,Reguler (Siang),Laki-laki,<=20,19,Single,Tidak,Lunas,Tidak,Ya,Tidak,Domestik,136.1,135.0,6,5,11.4,6,5,12.4,83.3,11.9,Baik (>75%),8.9,1.4,3.51
STD-3679,Enrolled,Masih Aktif,,50.8,Sedang,Advertising & Marketing,1st phase - general,Reguler (Siang),Perempuan,<=20,19,Single,Tidak,Lunas,Tidak,Ya,Tidak,Domestik,115.5,119.0,6,4,11.0,6,4,11.0,66.7,11.0,Sedang (50-75%),10.8,1.4,1.74
STD-3893,Enrolled,Masih Aktif,,50.8,Sedang,Management (evening),Tech. specialization holder,Kelas Malam,Perempuan,>35,41,Married,Tidak,Lunas,Tidak,Tidak,Tidak,Domestik,140.0,140.0,6,4,12.25,7,6,12.5,76.9,12.38,Baik (>75%),9.4,-0.8,-3.12
STD-4190,Enrolled,Masih Aktif,,50.3,Sedang,Veterinary Nursing,1st phase - general,Reguler (Siang),Perempuan,21-23,21,Single,Tidak,Lunas,Tidak,Ya,Tidak,Domestik,115.0,133.1,5,3,11.333333333333334,5,3,13.333333333333334,60.0,12.33,Sedang (50-75%),12.7,3.7,-1.7
STD-3966,Enrolled,Masih Aktif,,50.2,Sedang,Animation & Multimedia,1st phase - general,Reguler (Siang),Perempuan,<=20,18,Single,Tidak,Lunas,Tidak,Ya,Tidak,Domestik,145.3,147.0,0,0,0.0,0,0,0.0,0.0,0.0,Kritis (<25%),12.4,0.5,1.79
STD-3888,Enrolled,Masih Aktif,,50.1,Sedang,Management (evening),Over 23 years old,Kelas Malam,Laki-laki,>35,47,Married,Tidak,Lunas,Tidak,Tidak,Tidak,Domestik,150.0,133.1,5,4,10.0,5,4,12.5,80.0,11.25,Baik (>75%),9.4,-0.8,-3.12
STD-3887,Enrolled,Masih Aktif,,49.9,Sedang,Management (evening),Over 23 years old,Kelas Malam,Perempuan,28-35,31,Single,Tidak,Lunas,Ya,Tidak,Tidak,Internasional,160.0,160.0,5,4,10.5,5,4,10.5,80.0,10.5,Baik (>75%),15.5,2.8,-4.06
STD-4194,Enrolled,Masih Aktif,,49.9,Sedang,Nursing,2nd phase - general,Reguler (Siang),Perempuan,<=20,18,Single,Tidak,Lunas,Tidak,Ya,Tidak,Domestik,135.4,141.0,7,7,12.50625,8,5,13.2,80.0,12.85,Baik (>75%),13.9,-0.3,0.79
STD-3970,Enrolled,Masih Aktif,,49.8,Sedang,Advertising & Marketing,Change of course,Reguler (Siang),Perempuan,<=20,20,Single,Ya,Lunas,Tidak,Tidak,Tidak,Domestik,100.0,151.0,6,5,12.2,6,5,14.6,83.3,13.4,Baik (>75%),13.9,-0.3,0.79
STD-3648,Enrolled,Masih Aktif,,49.7,Sedang,Tourism,2nd phase - general,Reguler (Siang),Laki-laki,<=20,18,Single,Tidak,Lunas,Tidak,Tidak,Tidak,Domestik,125.5,120.0,5,5,12.0,5,3,11.333333333333334,80.0,11.67,Baik (>75%),12.7,3.7,-1.7
STD-4328,Enrolled,Masih Aktif,,49.5,Sedang,Nursing,1st phase - general,Reguler (Siang),Perempuan,21-23,21,Single,Tidak,Lunas,Tidak,Ya,Tidak,Internasional,114.8,120.0,7,4,13.25,7,5,13.82,64.3,13.54,Sedang (50-75%),11.1,0.6,2.02
STD-3738,Enrolled,Masih Aktif,,49.5,Sedang,Advertising & Marketing,2nd phase - general,Reguler (Siang),Perempuan,<=20,20,Single,Tidak,Lunas,Tidak,Ya,Tidak,Domestik,134.7,155.0,6,5,13.4,6,4,13.0,75.0,13.2,Sedang (50-75%),12.7,3.7,-1.7
STD-3767,Enrolled,Masih Aktif,,49.2,Sedang,Equinculture,Tech. specialization holder,Reguler (Siang),Perempuan,<=20,20,Single,Tidak,Lunas,Tidak,Ya,Tidak,Domestik,150.0,150.0,5,4,12.0,5,4,12.4,80.0,12.2,Baik (>75%),10.8,1.4,1.74
STD-4283,Enrolled,Masih Aktif,,49.0,Sedang,Informatics Engineering,2nd phase - general,Reguler (Siang),Laki-laki,<=20,18,Single,Tidak,Lunas,Tidak,Ya,Tidak,Domestik,121.7,135.0,5,5,11.8,5,3,12.0,80.0,11.9,Baik (>75%),8.9,1.4,3.51
STD-3643,Enrolled,Masih Aktif,,48.9,Sedang,Animation & Multimedia,2nd phase - general,Reguler (Siang),Laki-laki,<=20,19,Single,Tidak,Lunas,Ya,Ya,Tidak,Domestik,126.0,133.0,0,0,0.0,0,0,0.0,0.0,0.0,Kritis (<25%),10.8,1.4,1.74
STD-4158,Enrolled,Masih Aktif,,48.9,Sedang,Social Service (eve),Over 23 years old,Kelas Malam,Perempuan,>35,49,Single,Tidak,Lunas,Tidak,Tidak,Tidak,Domestik,106.8,120.0,6,5,12.333333333333334,6,4,11.5,75.0,11.92,Sedang (50-75%),13.9,-0.3,0.79
STD-3877,Enrolled,Masih Aktif,,48.8,Sedang,Advertising & Marketing,1st phase - general,Reguler (Siang),Laki-laki,<=20,19,Single,Tidak,Lunas,Tidak,Ya,Tidak,Domestik,122.4,121.0,5,3,11.666666666666666,5,4,12.0,70.0,11.83,Sedang (50-75%),9.4,-0.8,-3.12
STD-4240,Enrolled,Masih Aktif,,48.4,Sedang,Management,1st phase - general,Reguler (Siang),Perempuan,<=20,19,Single,Tidak,Lunas,Tidak,Ya,Tidak,Domestik,118.9,129.0,5,4,12.8,5,3,14.5,70.0,13.65,Sedang (50-75%),10.8,1.4,1.74
STD-3742,Enrolled,Masih Aktif,,48.2,Sedang,Veterinary Nursing,Tech. specialization holder,Reguler (Siang),Perempuan,<=20,19,Single,Tidak,Lunas,Tidak,Ya,Tidak,Domestik,140.0,140.0,6,5,12.666666666666666,6,4,11.75,75.0,12.21,Sedang (50-75%),12.4,0.5,1.79
STD-4342,Enrolled,Masih Aktif,,47.1,Sedang,Management,Over 23 years old,Reguler (Siang),Perempuan,>35,36,Married,Tidak,Lunas,Tidak,Tidak,Tidak,Domestik,124.6,120.0,5,3,11.0,5,4,13.375,70.0,12.19,Sedang (50-75%),10.8,1.4,1.74
STD-4146,Enrolled,Masih Aktif,,47.0,Sedang,Nursing,1st phase - general,Reguler (Siang),Perempuan,<=20,19,Single,Tidak,Lunas,Tidak,Ya,Tidak,Domestik,120.3,125.0,7,5,11.716666666666669,7,5,13.7,71.4,12.71,Sedang (50-75%),13.9,-0.3,0.79
STD-4133,Enrolled,Masih Aktif,,47.0,Sedang,Nursing,1st phase - general,Reguler (Siang),Laki-laki,<=20,19,Single,Tidak,Lunas,Tidak,Ya,Tidak,Domestik,117.5,124.0,8,5,12.858,8,5,12.858,62.5,12.86,Sedang (50-75%),9.4,-0.8,-3.12
STD-4213,Enrolled,Masih Aktif,,46.7,Sedang,Management,Over 23 years old,Reguler (Siang),Perempuan,>35,39,Married,Tidak,Lunas,Tidak,Tidak,Tidak,Domestik,142.5,130.0,5,4,11.25,5,4,11.5,80.0,11.38,Baik (>75%),11.1,0.6,2.02
STD-4309,Enrolled,Masih Aktif,,46.4,Sedang,Veterinary Nursing,Tech. specialization holder,Reguler (Siang),Perempuan,<=20,20,Single,Tidak,Lunas,Tidak,Ya,Tidak,Domestik,130.0,130.0,6,5,11.8,6,4,12.0,75.0,11.9,Sedang (50-75%),12.4,0.5,1.79
STD-4100,Enrolled,Masih Aktif,,46.1,Sedang,Communication Design,Transfer,Reguler (Siang),Perempuan,28-35,29,Single,Tidak,Lunas,Tidak,Tidak,Tidak,Domestik,115.9,100.0,10,9,11.555555555555555,11,10,11.9,90.5,11.73,Baik (>75%),9.4,-0.8,-3.12
STD-4186,Enrolled,Masih Aktif,,46.0,Sedang,Basic Education,2nd phase - general,Reguler (Siang),Perempuan,<=20,20,Single,Tidak,Lunas,Ya,Ya,Tidak,Domestik,128.4,128.0,6,5,13.2,6,5,12.833333333333334,83.3,13.02,Baik (>75%),9.4,-0.8,-3.12
STD-3919,Enrolled,Masih Aktif,,45.8,Sedang,Veterinary Nursing,1st phase - general,Reguler (Siang),Perempuan,<=20,20,Single,Tidak,Lunas,Tidak,Tidak,Tidak,Domestik,129.0,130.0,5,4,11.75,5,2,10.5,60.0,11.12,Sedang (50-75%),7.6,2.6,0.32
STD-3651,Enrolled,Masih Aktif,,45.7,Sedang,Informatics Engineering,International student,Reguler (Siang),Laki-laki,<=20,19,Single,Tidak,Lunas,Tidak,Ya,Tidak,Internasional,137.0,130.0,5,5,14.0,5,3,13.25,80.0,13.62,Baik (>75%),13.9,-0.3,0.79
STD-4247,Enrolled,Masih Aktif,,45.1,Sedang,Nursing,2nd phase - general,Reguler (Siang),Perempuan,<=20,20,Single,Tidak,Lunas,Tidak,Ya,Tidak,Domestik,125.7,136.0,7,6,13.548333333333334,8,6,14.775,80.0,14.16,Baik (>75%),11.1,0.6,2.02
STD-3661,Enrolled,Masih Aktif,,45.0,Sedang,Animation & Multimedia,1st phase - general,Reguler (Siang),Perempuan,<=20,18,Single,Tidak,Lunas,Tidak,Ya,Tidak,Domestik,121.7,136.0,0,0,0.0,0,0,0.0,0.0,0.0,Kritis (<25%),9.4,-0.8,-3.12
STD-4174,Enrolled,Masih Aktif,,44.9,Sedang,Management,2nd phase - general,Reguler (Siang),Perempuan,<=20,19,Single,Tidak,Lunas,Ya,Ya,Tidak,Domestik,124.6,127.0,5,2,10.0,5,4,11.75,60.0,10.88,Sedang (50-75%),11.1,0.6,2.02
STD-3875,Enrolled,Masih Aktif,,44.9,Sedang,Nursing,1st phase - general,Reguler (Siang),Laki-laki,<=20,18,Single,Tidak,Lunas,Tidak,Ya,Tidak,Domestik,114.3,122.0,7,6,13.976666666666668,8,6,12.041666666666666,80.0,13.01,Baik (>75%),11.1,0.6,2.02
STD-3813,Enrolled,Masih Aktif,,44.9,Sedang,Animation & Multimedia,Change of course,Reguler (Siang),Perempuan,<=20,18,Single,Tidak,Lunas,Tidak,Tidak,Tidak,Domestik,133.0,133.0,0,0,0.0,0,0,0.0,0.0,0.0,Kritis (<25%),15.5,2.8,-4.06
STD-4091,Enrolled,Masih Aktif,,44.8,Sedang,Management (evening),Over 23 years old,Kelas Malam,Perempuan,24-27,26,Single,Tidak,Lunas,Tidak,Tidak,Tidak,Domestik,138.5,150.0,5,4,12.0,5,4,11.25,80.0,11.62,Baik (>75%),12.7,3.7,-1.7
STD-3725,Enrolled,Masih Aktif,,44.8,Sedang,Management,1st phase - general,Reguler (Siang),Laki-laki,<=20,20,Single,Tidak,Lunas,Tidak,Tidak,Tidak,Domestik,118.4,117.0,5,5,10.0,5,2,12.0,70.0,11.0,Sedang (50-75%),7.6,2.6,0.32
STD-3690,Enrolled,Masih Aktif,,44.8,Sedang,Management,2nd phase - general,Reguler (Siang),Perempuan,<=20,20,Single,Tidak,Lunas,Tidak,Ya,Tidak,Domestik,112.0,112.0,5,3,10.333333333333334,5,4,11.0,70.0,10.67,Sedang (50-75%),16.2,0.3,-0.92
STD-4333,Enrolled,Masih Aktif,,44.6,Sedang,Social Service,1st phase - general,Reguler (Siang),Perempuan,21-23,22,Single,Tidak,Lunas,Tidak,Ya,Tidak,Domestik,136.7,157.0,6,4,12.5,6,3,13.666666666666666,58.3,13.08,Sedang (50-75%),9.4,-0.8,-3.12
STD-3873,Enrolled,Masih Aktif,,44.4,Sedang,Informatics Engineering,1st phase - general,Reguler (Siang),Laki-laki,<=20,20,Single,Tidak,Lunas,Tidak,Tidak,Tidak,Domestik,114.0,121.0,5,4,11.6,5,4,12.25,80.0,11.92,Baik (>75%),7.6,2.6,0.32
STD-4392,Enrolled,Masih Aktif,,44.0,Sedang,Management,1st phase - general,Reguler (Siang),Laki-laki,<=20,20,Single,Tidak,Lunas,Tidak,Ya,Tidak,Domestik,107.4,113.0,5,3,10.5,5,4,11.25,70.0,10.88,Sedang (50-75%),12.4,0.5,1.79
STD-3847,Enrolled,Masih Aktif,,44.0,Sedang,Veterinary Nursing,2nd phase - general,Reguler (Siang),Perempuan,<=20,19,Single,Tidak,Lunas,Tidak,Ya,Tidak,Domestik,113.6,123.0,5,3,12.0,5,4,11.75,70.0,11.88,Sedang (50-75%),9.4,-0.8,-3.12
STD-3712,Enrolled,Masih Aktif,,44.0,Sedang,Social Service,2nd phase - general,Reguler (Siang),Perempuan,<=20,20,Single,Tidak,Lunas,Tidak,Tidak,Tidak,Domestik,129.8,148.0,6,5,10.6,6,4,10.4,75.0,10.5,Sedang (50-75%),15.5,2.8,-4.06
STD-4237,Enrolled,Masih Aktif,,44.0,Sedang,Management,1st phase - general,Reguler (Siang),Perempuan,<=20,19,Married,Tidak,Lunas,Tidak,Tidak,Tidak,Domestik,124.4,137.0,5,4,11.25,5,3,11.714285714285714,70.0,11.48,Sedang (50-75%),10.8,1.4,1.74
STD-4305,Enrolled,Masih Aktif,,43.4,Sedang,Informatics Engineering,Over 23 years old,Reguler (Siang),Laki-laki,24-27,24,Single,Tidak,Lunas,Ya,Tidak,Tidak,Domestik,134.0,130.0,5,5,11.833333333333334,5,4,14.0,90.0,12.92,Baik (>75%),12.7,3.7,-1.7
STD-4379,Enrolled,Masih Aktif,,43.2,Sedang,Social Service,1st phase - general,Reguler (Siang),Perempuan,<=20,18,Single,Tidak,Lunas,Ya,Ya,Tidak,Domestik,121.7,135.0,6,0,0.0,6,4,11.0,33.3,5.5,Rendah (25-50%),7.6,2.6,0.32
STD-3656,Enrolled,Masih Aktif,,42.9,Sedang,Social Service,2nd phase - general,Reguler (Siang),Perempuan,<=20,20,Single,Tidak,Lunas,Ya,Ya,Tidak,Domestik,140.4,154.0,6,2,10.0,6,4,10.75,50.0,10.38,Rendah (25-50%),7.6,2.6,0.32
STD-4042,Enrolled,Masih Aktif,,42.8,Sedang,Informatics Engineering,2nd phase - general,Reguler (Siang),Laki-laki,<=20,20,Single,Tidak,Lunas,Tidak,Tidak,Tidak,Domestik,114.7,122.0,5,5,15.8,5,5,13.714285714285714,100.0,14.76,Baik (>75%),11.1,0.6,2.02
STD-4297,Enrolled,Masih Aktif,,42.8,Sedang,Agronomy,Over 23 years old,Reguler (Siang),Laki-laki,>35,43,Single,Tidak,Lunas,Tidak,Tidak,Tidak,Domestik,140.0,133.1,6,6,12.875,6,5,12.142857142857142,91.7,12.51,Baik (>75%),16.2,0.3,-0.92
STD-4331,Enrolled,Masih Aktif,,42.7,Sedang,Tourism,2nd phase - general,Reguler (Siang),Perempuan,<=20,20,Single,Tidak,Lunas,Ya,Ya,Tidak,Domestik,123.5,127.0,6,4,11.5,6,3,11.0,58.3,11.25,Sedang (50-75%),7.6,2.6,0.32
STD-3642,Enrolled,Masih Aktif,,42.3,Sedang,Animation & Multimedia,1st phase - general,Reguler (Siang),Perempuan,<=20,18,Single,Tidak,Lunas,Tidak,Ya,Tidak,Domestik,115.2,125.0,0,0,0.0,0,0,0.0,0.0,0.0,Kritis (<25%),7.6,2.6,0.32
STD-3899,Enrolled,Masih Aktif,,42.3,Sedang,Veterinary Nursing,2nd phase - general,Reguler (Siang),Perempuan,<=20,20,Single,Tidak,Lunas,Tidak,Tidak,Tidak,Domestik,106.0,106.0,6,6,13.166666666666666,6,4,14.0,83.3,13.58,Baik (>75%),13.9,-0.3,0.79
STD-3721,Enrolled,Masih Aktif,,41.9,Sedang,Biofuel Production Tech,Over 23 years old,Reguler (Siang),Perempuan,24-27,26,Single,Tidak,Lunas,Tidak,Tidak,Tidak,Domestik,152.8,140.0,7,7,14.75,7,5,13.8,85.7,14.28,Baik (>75%),16.2,0.3,-0.92
STD-4320,Enrolled,Masih Aktif,,41.8,Sedang,Advertising & Marketing,2nd phase - general,Reguler (Siang),Laki-laki,<=20,19,Single,Tidak,Lunas,Tidak,Ya,Tidak,Domestik,135.7,128.0,6,5,13.2,6,5,13.25,83.3,13.22,Baik (>75%),10.8,1.4,1.74
STD-4245,Enrolled,Masih Aktif,,41.8,Sedang,Advertising & Marketing,1st phase - Azores,Reguler (Siang),Perempuan,<=20,19,Single,Tidak,Lunas,Tidak,Ya,Tidak,Domestik,140.3,135.0,6,6,13.428571428571429,6,4,14.0,83.3,13.71,Baik (>75%),12.4,0.5,1.79
STD-4082,Enrolled,Masih Aktif,,41.7,Sedang,Agronomy,Tech. specialization holder,Reguler (Siang),Perempuan,<=20,19,Single,Tidak,Lunas,Tidak,Tidak,Tidak,Domestik,140.0,140.0,6,3,11.666666666666666,6,4,11.5,58.3,11.58,Sedang (50-75%),15.5,2.8,-4.06
STD-4076,Enrolled,Masih Aktif,,41.5,Sedang,Management,1st phase - general,Reguler (Siang),Laki-laki,<=20,19,Single,Tidak,Lunas,Tidak,Tidak,Tidak,Domestik,120.3,128.0,5,5,10.8,5,2,13.5,70.0,12.15,Sedang (50-75%),8.9,1.4,3.51
STD-4258,Enrolled,Masih Aktif,,41.3,Sedang,Management (evening),1st phase - general,Kelas Malam,Perempuan,28-35,29,Single,Tidak,Lunas,Tidak,Tidak,Tidak,Domestik,124.6,140.0,5,5,11.4,5,4,10.25,90.0,10.82,Baik (>75%),15.5,2.8,-4.06
STD-3880,Enrolled,Masih Aktif,,41.2,Sedang,Management,2nd phase - general,Reguler (Siang),Laki-laki,<=20,18,Single,Tidak,Lunas,Tidak,Ya,Tidak,Domestik,124.2,120.0,5,5,12.0,5,4,11.4,90.0,11.7,Baik (>75%),13.9,-0.3,0.79
STD-4097,Enrolled,Masih Aktif,,41.1,Sedang,Veterinary Nursing,2nd phase - general,Reguler (Siang),Perempuan,21-23,21,Single,Tidak,Lunas,Tidak,Ya,Tidak,Domestik,121.3,130.0,5,2,13.0,5,4,12.0,60.0,12.5,Sedang (50-75%),9.4,-0.8,-3.12
STD-4340,Enrolled,Masih Aktif,,41.1,Sedang,Tourism,1st phase - general,Reguler (Siang),Perempuan,<=20,19,Single,Tidak,Lunas,Tidak,Tidak,Tidak,Domestik,125.1,123.0,6,4,11.0,6,4,12.5,66.7,11.75,Sedang (50-75%),16.2,0.3,-0.92
STD-4412,Enrolled,Masih Aktif,,41.0,Sedang,Nursing,2nd phase - general,Reguler (Siang),Perempuan,<=20,18,Single,Tidak,Lunas,Tidak,Ya,Tidak,Domestik,128.5,140.0,7,5,14.06,7,6,12.571428571428571,78.6,13.32,Baik (>75%),12.4,0.5,1.79
STD-4114,Enrolled,Masih Aktif,,40.5,Sedang,Management,Change of institution/course,Reguler (Siang),Laki-laki,<=20,20,Single,Tidak,Lunas,Tidak,Tidak,Tidak,Domestik,115.7,130.0,5,5,11.0,5,3,10.0,80.0,10.5,Baik (>75%),8.9,1.4,3.51
STD-4274,Enrolled,Masih Aktif,,40.4,Sedang,Tourism,Over 23 years old,Reguler (Siang),Laki-laki,24-27,25,Single,Tidak,Lunas,Tidak,Ya,Tidak,Domestik,119.3,133.1,6,6,11.166666666666666,6,4,11.8,83.3,11.48,Baik (>75%),9.4,-0.8,-3.12
STD-4135,Enrolled,Masih Aktif,,40.3,Sedang,Animation & Multimedia,2nd phase - general,Reguler (Siang),Perempuan,<=20,18,Single,Tidak,Lunas,Ya,Ya,Tidak,Domestik,136.1,141.0,0,0,0.0,0,0,0.0,0.0,0.0,Kritis (<25%),12.7,3.7,-1.7
STD-4169,Enrolled,Masih Aktif,,40.2,Sedang,Veterinary Nursing,1st phase - Azores,Reguler (Siang),Perempuan,<=20,18,Single,Tidak,Lunas,Tidak,Tidak,Tidak,Domestik,139.4,150.0,5,3,12.0,5,4,13.0,70.0,12.5,Sedang (50-75%),7.6,2.6,0.32
STD-4214,Enrolled,Masih Aktif,,40.0,Sedang,Advertising & Marketing,1st phase - general,Reguler (Siang),Perempuan,21-23,22,Single,Tidak,Lunas,Tidak,Ya,Tidak,Domestik,110.2,113.0,5,3,12.666666666666666,5,4,12.0,70.0,12.33,Sedang (50-75%),7.6,2.6,0.32
STD-4172,Enrolled,Masih Aktif,,39.3,Sedang,Management,2nd phase - general,Reguler (Siang),Perempuan,<=20,20,Single,Tidak,Lunas,Tidak,Tidak,Tidak,Domestik,112.0,120.0,5,4,11.0,5,4,11.5,80.0,11.25,Baik (>75%),15.5,2.8,-4.06
STD-4414,Enrolled,Masih Aktif,,38.9,Sedang,Social Service,2nd phase - general,Reguler (Siang),Perempuan,<=20,18,Single,Tidak,Lunas,Tidak,Ya,Tidak,Domestik,123.6,132.0,6,4,11.5,6,4,10.75,66.7,11.12,Sedang (50-75%),7.6,2.6,0.32
STD-3864,Enrolled,Masih Aktif,,38.9,Sedang,Journalism & Comm,1st phase - general,Reguler (Siang),Perempuan,<=20,19,Single,Tidak,Lunas,Tidak,Ya,Tidak,Domestik,124.3,132.0,6,5,12.2,6,5,10.8,83.3,11.5,Baik (>75%),10.8,1.4,1.74
STD-4196,Enrolled,Masih Aktif,,38.8,Sedang,Nursing,1st phase - general,Reguler (Siang),Perempuan,<=20,20,Single,Tidak,Lunas,Tidak,Tidak,Tidak,Domestik,102.4,101.0,7,5,12.04,7,6,11.77142857142857,78.6,11.91,Baik (>75%),12.4,0.5,1.79
STD-4273,Enrolled,Masih Aktif,,38.5,Sedang,Advertising & Marketing,2nd phase - general,Reguler (Siang),Laki-laki,<=20,19,Single,Ya,Lunas,Tidak,Tidak,Tidak,Domestik,122.0,123.0,6,6,13.166666666666666,6,5,13.2,91.7,13.18,Baik (>75%),8.9,1.4,3.51
STD-4360,Enrolled,Masih Aktif,,38.3,Sedang,Management (evening),Change of course,Kelas Malam,Perempuan,28-35,33,Married,Tidak,Lunas,Tidak,Tidak,Tidak,Domestik,107.8,140.0,10,8,10.375,10,9,10.444444444444445,85.0,10.41,Baik (>75%),7.6,2.6,0.32
STD-3903,Enrolled,Masih Aktif,,38.0,Sedang,Animation & Multimedia,1st phase - Madeira,Reguler (Siang),Laki-laki,<=20,18,Single,Tidak,Lunas,Ya,Ya,Tidak,Domestik,164.3,158.0,0,0,0.0,0,0,0.0,0.0,0.0,Kritis (<25%),10.8,1.4,1.74
STD-3829,Enrolled,Masih Aktif,,37.7,Sedang,Management (evening),Over 23 years old,Kelas Malam,Laki-laki,24-27,24,Single,Tidak,Lunas,Tidak,Tidak,Tidak,Domestik,115.2,130.0,5,4,12.0,5,5,12.666666666666666,90.0,12.33,Baik (>75%),12.4,0.5,1.79
STD-3684,Enrolled,Masih Aktif,,37.6,Sedang,Basic Education,1st phase - general,Reguler (Siang),Perempuan,<=20,18,Single,Tidak,Lunas,Tidak,Ya,Tidak,Domestik,121.6,123.0,7,5,12.0,7,6,12.666666666666666,78.6,12.33,Baik (>75%),11.1,0.6,2.02
STD-3933,Enrolled,Masih Aktif,,37.6,Sedang,Social Service (eve),Over 23 years old,Kelas Malam,Laki-laki,>35,44,Married,Tidak,Lunas,Tidak,Tidak,Tidak,Domestik,172.0,140.0,11,9,12.333333333333334,11,9,11.0,81.8,11.67,Baik (>75%),12.4,0.5,1.79
STD-4113,Enrolled,Masih Aktif,,37.6,Sedang,Informatics Engineering,1st phase - general,Reguler (Siang),Laki-laki,<=20,20,Single,Tidak,Lunas,Tidak,Ya,Tidak,Domestik,122.5,126.0,5,5,10.8,5,3,12.0,80.0,11.4,Baik (>75%),8.9,1.4,3.51
STD-4370,Enrolled,Masih Aktif,,37.5,Sedang,Oral Hygiene,Over 23 years old,Reguler (Siang),Perempuan,24-27,24,Single,Tidak,Lunas,Tidak,Tidak,Tidak,Domestik,113.3,130.0,7,5,12.4,8,7,12.15,80.0,12.28,Baik (>75%),12.4,0.5,1.79
STD-4408,Enrolled,Masih Aktif,,37.1,Sedang,Management (evening),Over 23 years old,Kelas Malam,Perempuan,28-35,28,Divorced,Tidak,Lunas,Tidak,Tidak,Tidak,Domestik,147.9,147.0,5,4,11.5,5,4,12.0,80.0,11.75,Baik (>75%),10.8,1.4,1.74
STD-3911,Enrolled,Masih Aktif,,37.0,Sedang,Advertising & Marketing,2nd phase - general,Reguler (Siang),Laki-laki,21-23,21,Single,Tidak,Lunas,Tidak,Tidak,Tidak,Domestik,111.3,110.0,6,6,12.285714285714286,6,4,14.25,83.3,13.27,Baik (>75%),15.5,2.8,-4.06
STD-3792,Enrolled,Masih Aktif,,36.8,Sedang,Social Service (eve),Over 23 years old,Kelas Malam,Perempuan,>35,37,Married,Ya,Lunas,Tidak,Tidak,Tidak,Domestik,100.0,133.1,8,7,11.375,7,6,12.166666666666666,86.7,11.77,Baik (>75%),13.9,-0.3,0.79
STD-3779,Enrolled,Masih Aktif,,36.6,Sedang,Nursing,2nd phase - general,Reguler (Siang),Perempuan,<=20,20,Single,Tidak,Menunggak,Ya,Ya,Tidak,Domestik,125.4,132.0,7,7,13.462857142857144,8,7,13.164285714285716,93.3,13.31,Baik (>75%),11.1,0.6,2.02
STD-4215,Enrolled,Masih Aktif,,36.6,Sedang,Management (evening),Over 23 years old,Kelas Malam,Perempuan,28-35,30,Divorced,Tidak,Lunas,Tidak,Tidak,Tidak,Domestik,130.4,133.1,5,3,10.666666666666666,5,5,10.4,80.0,10.53,Baik (>75%),12.7,3.7,-1.7
STD-3943,Enrolled,Masih Aktif,,36.5,Sedang,Basic Education,1st phase - Madeira,Reguler (Siang),Perempuan,21-23,23,Single,Tidak,Lunas,Ya,Ya,Tidak,Domestik,121.4,134.0,6,4,14.25,6,5,12.0,75.0,13.12,Sedang (50-75%),7.6,2.6,0.32
STD-3889,Enrolled,Masih Aktif,,36.5,Sedang,Animation & Multimedia,1st phase - general,Reguler (Siang),Laki-laki,<=20,20,Single,Tidak,Lunas,Ya,Tidak,Tidak,Domestik,141.4,133.0,0,0,0.0,0,0,0.0,0.0,0.0,Kritis (<25%),13.9,-0.3,0.79
STD-3990,Enrolled,Masih Aktif,,36.5,Sedang,Nursing,1st phase - general,Reguler (Siang),Perempuan,<=20,19,Single,Tidak,Lunas,Tidak,Ya,Tidak,Domestik,123.0,138.0,7,5,13.44,7,6,13.066666666666668,78.6,13.25,Baik (>75%),12.4,0.5,1.79
STD-3664,Enrolled,Masih Aktif,,36.4,Sedang,Veterinary Nursing,Over 23 years old,Reguler (Siang),Perempuan,28-35,28,Single,Tidak,Lunas,Tidak,Ya,Tidak,Domestik,130.0,130.0,5,4,11.25,5,4,10.5,80.0,10.88,Baik (>75%),12.7,3.7,-1.7
STD-3960,Enrolled,Masih Aktif,,36.2,Sedang,Management,1st phase - general,Reguler (Siang),Laki-laki,<=20,20,Single,Ya,Lunas,Tidak,Ya,Ya,Domestik,121.0,128.0,5,5,13.2,5,5,11.4,100.0,12.3,Baik (>75%),16.2,0.3,-0.92
STD-3824,Enrolled,Masih Aktif,,36.2,Sedang,Basic Education,3rd phase - general,Reguler (Siang),Perempuan,<=20,18,Single,Tidak,Lunas,Tidak,Tidak,Tidak,Domestik,115.8,120.0,7,6,12.0,7,6,12.166666666666666,85.7,12.08,Baik (>75%),13.9,-0.3,0.79
STD-3832,Enrolled,Masih Aktif,,36.0,Sedang,Basic Education,2nd phase - general,Reguler (Siang),Perempuan,<=20,18,Single,Tidak,Lunas,Tidak,Ya,Tidak,Domestik,128.5,125.0,7,6,11.5,7,7,12.714285714285714,92.9,12.11,Baik (>75%),13.9,-0.3,0.79
STD-3861,Enrolled,Masih Aktif,,35.9,Sedang,Veterinary Nursing,1st phase - general,Reguler (Siang),Laki-laki,21-23,21,Single,Tidak,Lunas,Tidak,Ya,Tidak,Domestik,112.4,118.0,5,4,11.5,5,3,10.6,70.0,11.05,Sedang (50-75%),10.8,1.4,1.74
STD-4364,Enrolled,Masih Aktif,,35.9,Sedang,Veterinary Nursing,1st phase - general,Reguler (Siang),Perempuan,<=20,18,Single,Tidak,Menunggak,Tidak,Ya,Tidak,Domestik,138.4,145.0,6,6,14.833333333333334,6,6,12.5,100.0,13.67,Baik (>75%),8.9,1.4,3.51
STD-3881,Enrolled,Masih Aktif,,35.7,Sedang,Agronomy,Tech. specialization holder,Reguler (Siang),Laki-laki,<=20,20,Single,Tidak,Lunas,Tidak,Ya,Tidak,Domestik,130.0,130.0,6,4,11.6,6,5,11.5,75.0,11.55,Sedang (50-75%),15.5,2.8,-4.06
STD-3913,Enrolled,Masih Aktif,,35.4,Sedang,Agronomy,Short cycle holder,Reguler (Siang),Laki-laki,<=20,20,Single,Ya,Lunas,Tidak,Ya,Tidak,Domestik,130.0,130.0,12,11,12.545454545454543,10,8,11.625,86.4,12.09,Baik (>75%),8.9,1.4,3.51
STD-4267,Enrolled,Masih Aktif,,35.4,Sedang,Nursing,1st phase - general,Reguler (Siang),Laki-laki,<=20,20,Single,Tidak,Lunas,Tidak,Tidak,Tidak,Domestik,115.7,118.0,7,5,12.7,8,7,13.475,80.0,13.09,Baik (>75%),13.9,-0.3,0.79
STD-4363,Enrolled,Masih Aktif,,35.3,Sedang,Communication Design,1st phase - general,Reguler (Siang),Perempuan,<=20,20,Single,Tidak,Lunas,Tidak,Ya,Tidak,Domestik,129.8,128.0,6,6,11.833333333333334,6,3,13.333333333333334,75.0,12.58,Sedang (50-75%),9.4,-0.8,-3.12
STD-4336,Enrolled,Masih Aktif,,35.2,Sedang,Animation & Multimedia,1st phase - general,Reguler (Siang),Laki-laki,21-23,21,Single,Ya,Lunas,Tidak,Ya,Tidak,Domestik,136.2,125.0,12,11,11.545454545454543,11,9,11.7,87.0,11.62,Baik (>75%),8.9,1.4,3.51
STD-4322,Enrolled,Masih Aktif,,35.0,Sedang,Tourism,1st phase - general,Reguler (Siang),Laki-laki,<=20,19,Single,Tidak,Lunas,Ya,Tidak,Tidak,Domestik,122.9,125.0,6,6,11.166666666666666,6,3,11.666666666666666,75.0,11.42,Sedang (50-75%),10.8,1.4,1.74
STD-3869,Enrolled,Masih Aktif,,34.8,Sedang,Social Service,2nd phase - general,Reguler (Siang),Perempuan,21-23,21,Widower,Tidak,Lunas,Ya,Ya,Tidak,Domestik,133.5,138.0,6,3,10.2,6,4,12.25,58.3,11.22,Sedang (50-75%),12.7,3.7,-1.7
STD-4252,Enrolled,Masih Aktif,,34.8,Sedang,Advertising & Marketing,1st phase - general,Reguler (Siang),Perempuan,<=20,19,Single,Tidak,Lunas,Tidak,Tidak,Tidak,Domestik,115.1,120.0,6,3,11.666666666666666,6,5,13.625,66.7,12.65,Sedang (50-75%),10.8,1.4,1.74
STD-4257,Enrolled,Masih Aktif,,34.8,Sedang,Management,1st phase - general,Reguler (Siang),Perempuan,<=20,20,Single,Tidak,Lunas,Tidak,Ya,Tidak,Domestik,128.6,124.0,5,4,12.0,4,2,11.5,66.7,11.75,Sedang (50-75%),7.6,2.6,0.32
STD-4154,Enrolled,Masih Aktif,,34.7,Sedang,Social Service (eve),Change of course,Kelas Malam,Perempuan,>35,48,Divorced,Tidak,Lunas,Tidak,Ya,Tidak,Domestik,106.0,133.1,6,5,13.0,6,4,12.5,75.0,12.75,Sedang (50-75%),7.6,2.6,0.32
STD-4294,Enrolled,Masih Aktif,,34.7,Sedang,Advertising & Marketing,Change of course,Reguler (Siang),Perempuan,21-23,21,Single,Tidak,Lunas,Tidak,Tidak,Tidak,Domestik,110.0,110.0,6,5,11.833333333333334,6,4,13.25,75.0,12.54,Sedang (50-75%),16.2,0.3,-0.92
STD-4104,Enrolled,Masih Aktif,,34.7,Sedang,Advertising & Marketing,1st phase - general,Reguler (Siang),Laki-laki,<=20,20,Single,Tidak,Lunas,Tidak,Ya,Tidak,Domestik,129.9,132.0,6,6,12.714285714285714,6,4,13.0,83.3,12.86,Baik (>75%),12.4,0.5,1.79
STD-3680,Enrolled,Masih Aktif,,34.5,Sedang,Nursing,2nd phase - general,Reguler (Siang),Perempuan,<=20,20,Single,Tidak,Lunas,Tidak,Tidak,Tidak,Domestik,147.8,160.0,7,6,11.757142857142856,8,6,13.083333333333334,80.0,12.42,Baik (>75%),15.5,2.8,-4.06
STD-4089,Enrolled,Masih Aktif,,34.4,Sedang,Social Service (eve),Over 23 years old,Kelas Malam,Perempuan,24-27,26,Single,Tidak,Lunas,Tidak,Tidak,Tidak,Domestik,105.0,140.0,6,3,10.666666666666666,6,5,11.2,66.7,10.93,Sedang (50-75%),15.5,2.8,-4.06
STD-4332,Enrolled,Masih Aktif,,34.4,Sedang,Management,Over 23 years old,Reguler (Siang),Perempuan,28-35,35,Married,Tidak,Lunas,Tidak,Tidak,Tidak,Domestik,131.8,140.0,5,4,14.2,5,4,11.857142857142858,80.0,13.03,Baik (>75%),10.8,1.4,1.74
STD-4384,Enrolled,Masih Aktif,,34.3,Sedang,Veterinary Nursing,2nd phase - general,Reguler (Siang),Perempuan,<=20,19,Single,Tidak,Lunas,Tidak,Ya,Tidak,Domestik,123.3,138.0,5,3,14.0,5,4,11.75,70.0,12.88,Sedang (50-75%),9.4,-0.8,-3.12
STD-4243,Enrolled,Masih Aktif,,34.0,Sedang,Management (evening),Change of course,Kelas Malam,Perempuan,28-35,32,Married,Tidak,Lunas,Tidak,Tidak,Tidak,Domestik,113.7,134.0,5,5,10.2,5,4,11.25,90.0,10.72,Baik (>75%),9.4,-0.8,-3.12
STD-3885,Enrolled,Masih Aktif,,33.9,Sedang,Nursing,Over 23 years old,Reguler (Siang),Perempuan,28-35,35,Married,Tidak,Lunas,Tidak,Tidak,Tidak,Domestik,163.7,130.0,7,5,13.34,7,5,10.84,71.4,12.09,Sedang (50-75%),12.4,0.5,1.79
STD-3751,Enrolled,Masih Aktif,,33.8,Sedang,Social Service,1st phase - general,Reguler (Siang),Perempuan,<=20,19,Single,Ya,Lunas,Ya,Ya,Tidak,Domestik,114.9,125.0,6,5,11.4,6,3,10.0,66.7,10.7,Sedang (50-75%),8.9,1.4,3.51
STD-3713,Enrolled,Masih Aktif,,33.8,Sedang,Basic Education,1st phase - general,Reguler (Siang),Perempuan,<=20,20,Single,Tidak,Lunas,Tidak,Ya,Tidak,Domestik,131.3,133.0,6,5,14.333333333333334,8,8,12.625,92.9,13.48,Baik (>75%),15.5,2.8,-4.06
STD-4296,Enrolled,Masih Aktif,,33.6,Sedang,Veterinary Nursing,Tech. specialization holder,Reguler (Siang),Perempuan,<=20,20,Single,Tidak,Lunas,Tidak,Tidak,Tidak,Domestik,150.0,150.0,5,2,14.5,5,4,11.25,60.0,12.88,Sedang (50-75%),12.7,3.7,-1.7
STD-4151,Enrolled,Masih Aktif,,33.6,Sedang,Management,Over 23 years old,Reguler (Siang),Perempuan,>35,50,Married,Tidak,Lunas,Tidak,Tidak,Tidak,Domestik,108.0,140.0,5,3,13.333333333333334,5,5,12.2,80.0,12.77,Baik (>75%),9.4,-0.8,-3.12
STD-4338,Enrolled,Masih Aktif,,33.5,Sedang,Agronomy,Over 23 years old,Reguler (Siang),Perempuan,24-27,24,Single,Tidak,Lunas,Tidak,Ya,Tidak,Domestik,135.4,140.0,6,5,11.8,6,4,11.25,75.0,11.52,Sedang (50-75%),12.4,0.5,1.79
STD-3691,Enrolled,Masih Aktif,,33.4,Sedang,Nursing,1st phase - general,Reguler (Siang),Perempuan,<=20,19,Single,Tidak,Lunas,Tidak,Ya,Tidak,Domestik,133.0,136.0,7,5,13.98,7,5,13.98,71.4,13.98,Sedang (50-75%),7.6,2.6,0.32
STD-3860,Enrolled,Masih Aktif,,33.2,Sedang,Management,2nd phase - general,Reguler (Siang),Laki-laki,<=20,18,Single,Tidak,Lunas,Tidak,Ya,Tidak,Domestik,122.7,136.0,5,5,12.0,5,4,12.5,90.0,12.25,Baik (>75%),15.5,2.8,-4.06
STD-3636,Enrolled,Masih Aktif,,32.8,Sedang,Nursing,2nd phase - general,Reguler (Siang),Laki-laki,<=20,19,Single,Tidak,Lunas,Tidak,Ya,Tidak,Domestik,118.8,127.0,7,6,12.933333333333332,7,6,13.716666666666669,85.7,13.32,Baik (>75%),16.2,0.3,-0.92
STD-3821,Enrolled,Masih Aktif,,32.8,Sedang,Management,2nd phase - general,Reguler (Siang),Perempuan,<=20,19,Single,Tidak,Lunas,Ya,Tidak,Tidak,Domestik,123.8,121.0,5,5,12.4,5,3,11.0,80.0,11.7,Baik (>75%),12.7,3.7,-1.7
STD-4192,Enrolled,Masih Aktif,,32.6,Sedang,Social Service,2nd phase - general,Reguler (Siang),Perempuan,21-23,21,Single,Tidak,Lunas,Tidak,Ya,Tidak,Domestik,116.9,126.0,6,6,10.375,6,3,11.666666666666666,75.0,11.02,Sedang (50-75%),12.7,3.7,-1.7
STD-3692,Enrolled,Masih Aktif,,32.5,Sedang,Veterinary Nursing,2nd phase - general,Reguler (Siang),Perempuan,<=20,19,Single,Tidak,Lunas,Tidak,Tidak,Tidak,Domestik,131.2,134.0,5,1,11.0,5,5,11.2,60.0,11.1,Sedang (50-75%),7.6,2.6,0.32
STD-4148,Enrolled,Masih Aktif,,32.1,Sedang,Management,2nd phase - general,Reguler (Siang),Perempuan,<=20,18,Single,Tidak,Lunas,Tidak,Ya,Tidak,Domestik,124.4,137.0,5,5,12.6,5,4,11.0,90.0,11.8,Baik (>75%),11.1,0.6,2.02
STD-4156,Enrolled,Masih Aktif,,31.6,Sedang,Management (evening),Change of course,Kelas Malam,Perempuan,28-35,28,Married,Tidak,Lunas,Tidak,Tidak,Tidak,Domestik,117.3,140.0,10,6,10.666666666666666,10,9,11.333333333333334,75.0,11.0,Sedang (50-75%),7.6,2.6,0.32
STD-4165,Enrolled,Masih Aktif,,31.6,Sedang,Management (evening),Over 23 years old,Kelas Malam,Perempuan,28-35,34,Married,Tidak,Lunas,Tidak,Tidak,Tidak,Domestik,127.1,110.0,5,4,11.0,5,4,10.75,80.0,10.88,Baik (>75%),7.6,2.6,0.32
STD-3822,Enrolled,Masih Aktif,,31.3,Sedang,Management,1st phase - Madeira,Reguler (Siang),Perempuan,<=20,20,Single,Tidak,Lunas,Ya,Ya,Tidak,Domestik,122.6,132.0,5,3,12.0,5,4,12.625,70.0,12.31,Sedang (50-75%),10.8,1.4,1.74
STD-4031,Enrolled,Masih Aktif,,31.2,Sedang,Agronomy,Tech. specialization holder,Reguler (Siang),Laki-laki,21-23,21,Single,Tidak,Lunas,Tidak,Tidak,Tidak,Domestik,140.0,140.0,6,4,11.75,6,4,10.5,66.7,11.12,Sedang (50-75%),15.5,2.8,-4.06
STD-4191,Enrolled,Masih Aktif,,30.9,Sedang,Advertising & Marketing,2nd phase - general,Reguler (Siang),Perempuan,<=20,19,Single,Tidak,Lunas,Ya,Ya,Tidak,Domestik,118.4,125.0,5,3,10.5,5,4,11.75,70.0,11.12,Sedang (50-75%),7.6,2.6,0.32
STD-3693,Enrolled,Masih Aktif,,30.9,Sedang,Management (evening),Over 23 years old,Kelas Malam,Perempuan,28-35,31,Divorced,Tidak,Lunas,Ya,Tidak,Tidak,Domestik,148.0,130.0,5,4,11.25,5,4,10.833333333333334,80.0,11.04,Baik (>75%),13.9,-0.3,0.79
STD-4253,Enrolled,Masih Aktif,,30.7,Sedang,Management (evening),Over 23 years old,Kelas Malam,Perempuan,24-27,24,Single,Tidak,Lunas,Tidak,Tidak,Tidak,Domestik,151.6,130.0,5,5,12.285714285714286,5,5,12.125,100.0,12.21,Baik (>75%),16.2,0.3,-0.92
STD-4199,Enrolled,Masih Aktif,,30.5,Sedang,Nursing,1st phase - general,Reguler (Siang),Perempuan,<=20,18,Single,Tidak,Lunas,Tidak,Ya,Tidak,Domestik,115.6,125.0,7,6,12.183333333333332,7,6,11.783333333333331,85.7,11.98,Baik (>75%),16.2,0.3,-0.92
STD-3839,Enrolled,Masih Aktif,,30.5,Sedang,Veterinary Nursing,Change of course,Reguler (Siang),Perempuan,<=20,19,Single,Tidak,Lunas,Tidak,Ya,Tidak,Domestik,170.0,170.0,5,0,0.0,5,4,14.75,40.0,7.38,Rendah (25-50%),12.7,3.7,-1.7
STD-4180,Enrolled,Masih Aktif,,30.4,Sedang,Nursing,1st phase - general,Reguler (Siang),Perempuan,<=20,19,Single,Tidak,Lunas,Tidak,Ya,Tidak,Internasional,124.3,140.0,7,5,12.32,7,5,11.9,71.4,12.11,Sedang (50-75%),12.4,0.5,1.79
STD-4208,Enrolled,Masih Aktif,,30.3,Sedang,Agronomy,Transfer,Reguler (Siang),Laki-laki,21-23,23,Single,Tidak,Lunas,Tidak,Ya,Tidak,Domestik,140.0,140.0,6,5,12.0,6,5,12.142857142857142,83.3,12.07,Baik (>75%),15.5,2.8,-4.06
STD-3953,Enrolled,Masih Aktif,,30.3,Sedang,Agronomy,Over 23 years old,Reguler (Siang),Laki-laki,24-27,24,Single,Ya,Lunas,Tidak,Tidak,Tidak,Domestik,140.0,133.1,6,6,14.88888888888889,6,6,13.727272727272728,100.0,14.31,Baik (>75%),16.2,0.3,-0.92
STD-4308,Enrolled,Masih Aktif,,30.0,Rendah,Veterinary Nursing,Change of institution/course,Reguler (Siang),Perempuan,28-35,28,Single,Tidak,Lunas,Tidak,Tidak,Tidak,Domestik,125.0,120.0,6,6,14.428571428571429,6,4,15.6,83.3,15.01,Baik (>75%),11.1,0.6,2.02
STD-3827,Enrolled,Masih Aktif,,29.4,Rendah,Management,1st phase - general,Reguler (Siang),Perempuan,<=20,19,Single,Tidak,Lunas,Tidak,Ya,Tidak,Domestik,117.3,118.0,5,4,12.25,5,4,12.0,80.0,12.12,Baik (>75%),8.9,1.4,3.51
STD-4087,Enrolled,Masih Aktif,,29.2,Rendah,Management,Change of course,Reguler (Siang),Perempuan,<=20,19,Single,Tidak,Lunas,Tidak,Tidak,Tidak,Domestik,115.0,142.0,5,5,11.5,5,2,10.666666666666666,70.0,11.08,Sedang (50-75%),13.9,-0.3,0.79
STD-4189,Enrolled,Masih Aktif,,29.2,Rendah,Advertising & Marketing,1st phase - general,Reguler (Siang),Perempuan,<=20,19,Single,Tidak,Lunas,Tidak,Ya,Tidak,Domestik,144.1,143.0,6,5,12.6,6,5,12.375,83.3,12.49,Baik (>75%),10.8,1.4,1.74
STD-3909,Enrolled,Masih Aktif,,29.2,Rendah,Advertising & Marketing,1st phase - general,Reguler (Siang),Laki-laki,<=20,19,Single,Tidak,Lunas,Tidak,Tidak,Tidak,Domestik,128.1,127.0,5,4,12.5,5,4,11.0,80.0,11.75,Baik (>75%),7.6,2.6,0.32
STD-4369,Enrolled,Masih Aktif,,29.0,Rendah,Tourism,1st phase - general,Reguler (Siang),Perempuan,<=20,18,Single,Tidak,Lunas,Tidak,Tidak,Tidak,Domestik,114.2,118.0,6,5,12.2,6,5,11.6,83.3,11.9,Baik (>75%),16.2,0.3,-0.92
STD-4111,Enrolled,Masih Aktif,,29.0,Rendah,Tourism,1st phase - general,Reguler (Siang),Laki-laki,24-27,27,Single,Tidak,Lunas,Tidak,Tidak,Tidak,Domestik,97.0,133.1,6,6,10.666666666666666,6,4,11.25,83.3,10.96,Baik (>75%),10.8,1.4,1.74
STD-4047,Enrolled,Masih Aktif,,28.8,Rendah,Agronomy,1st phase - general,Reguler (Siang),Laki-laki,<=20,19,Single,Tidak,Lunas,Ya,Tidak,Tidak,Domestik,132.8,144.0,6,4,12.0,6,4,12.5,66.7,12.25,Sedang (50-75%),15.5,2.8,-4.06
STD-3921,Enrolled,Masih Aktif,,28.6,Rendah,Journalism & Comm,1st phase - general,Reguler (Siang),Perempuan,<=20,19,Single,Tidak,Lunas,Tidak,Ya,Tidak,Domestik,138.1,150.0,6,6,14.0,6,5,15.0,91.7,14.5,Baik (>75%),11.1,0.6,2.02
STD-3950,Enrolled,Masih Aktif,,28.5,Rendah,Nursing,Change of course,Reguler (Siang),Perempuan,21-23,21,Single,Tidak,Lunas,Tidak,Ya,Tidak,Domestik,118.4,136.0,7,4,13.125,7,6,12.333333333333334,71.4,12.73,Sedang (50-75%),13.9,-0.3,0.79
STD-3905,Enrolled,Masih Aktif,,28.2,Rendah,Management,1st phase - general,Reguler (Siang),Perempuan,<=20,18,Single,Tidak,Lunas,Tidak,Ya,Tidak,Domestik,131.3,132.0,5,4,12.0,5,4,12.25,80.0,12.12,Baik (>75%),9.4,-0.8,-3.12
STD-4064,Enrolled,Masih Aktif,,28.1,Rendah,Social Service (eve),Over 23 years old,Kelas Malam,Laki-laki,>35,39,Single,Tidak,Lunas,Tidak,Tidak,Tidak,Domestik,108.3,100.0,6,5,11.4,6,3,11.0,66.7,11.2,Sedang (50-75%),7.6,2.6,0.32
STD-4176,Enrolled,Masih Aktif,,27.9,Rendah,Nursing,2nd phase - general,Reguler (Siang),Perempuan,<=20,18,Single,Tidak,Lunas,Tidak,Ya,Tidak,Domestik,128.8,130.0,7,6,13.39,8,7,12.757142857142856,86.7,13.07,Baik (>75%),11.1,0.6,2.02
STD-3929,Enrolled,Masih Aktif,,27.7,Rendah,Management (evening),Tech. specialization holder,Kelas Malam,Perempuan,28-35,31,Single,Tidak,Lunas,Tidak,Tidak,Tidak,Domestik,130.0,130.0,6,4,12.25,7,7,12.0,84.6,12.12,Baik (>75%),9.4,-0.8,-3.12
STD-4159,Enrolled,Masih Aktif,,27.7,Rendah,Social Service,Change of course,Reguler (Siang),Perempuan,21-23,22,Single,Tidak,Lunas,Tidak,Ya,Tidak,Domestik,114.3,122.0,10,8,11.0,7,5,11.2,76.5,11.1,Baik (>75%),9.4,-0.8,-3.12
STD-3973,Enrolled,Masih Aktif,,27.5,Rendah,Communication Design,1st phase - general,Reguler (Siang),Perempuan,<=20,18,Single,Tidak,Menunggak,Ya,Tidak,Tidak,Domestik,124.8,123.0,6,5,11.8,6,5,13.0,83.3,12.4,Baik (>75%),8.9,1.4,3.51
STD-4407,Enrolled,Masih Aktif,,27.4,Rendah,Management,International student,Reguler (Siang),Laki-laki,21-23,21,Single,Ya,Lunas,Tidak,Tidak,Tidak,Internasional,135.0,135.0,5,3,12.333333333333334,5,4,11.25,70.0,11.79,Sedang (50-75%),8.9,1.4,3.51
STD-3734,Enrolled,Masih Aktif,,27.3,Rendah,Management,1st phase - general,Reguler (Siang),Laki-laki,<=20,20,Single,Tidak,Lunas,Tidak,Tidak,Tidak,Domestik,116.8,121.0,5,3,12.4,5,5,10.833333333333334,80.0,11.62,Baik (>75%),13.9,-0.3,0.79
STD-3730,Enrolled,Masih Aktif,,27.3,Rendah,Nursing,1st phase - general,Reguler (Siang),Laki-laki,<=20,18,Single,Tidak,Lunas,Tidak,Tidak,Tidak,Domestik,138.0,149.0,8,6,13.496666666666668,8,6,13.496666666666668,75.0,13.5,Sedang (50-75%),9.4,-0.8,-3.12
STD-3862,Enrolled,Masih Aktif,,27.2,Rendah,Equinculture,1st phase - general,Reguler (Siang),Perempuan,<=20,20,Single,Tidak,Lunas,Tidak,Ya,Tidak,Domestik,138.0,133.1,6,6,13.333333333333334,6,6,13.0,100.0,13.17,Baik (>75%),16.2,0.3,-0.92
STD-3658,Enrolled,Masih Aktif,,27.0,Rendah,Basic Education,1st phase - general,Reguler (Siang),Perempuan,<=20,18,Single,Tidak,Lunas,Ya,Ya,Tidak,Domestik,145.3,146.0,6,5,12.8,6,5,13.4,83.3,13.1,Baik (>75%),9.4,-0.8,-3.12
STD-4197,Enrolled,Masih Aktif,,27.0,Rendah,Management,2nd phase - general,Reguler (Siang),Perempuan,<=20,20,Single,Tidak,Lunas,Tidak,Tidak,Tidak,Domestik,125.7,125.0,5,5,11.166666666666666,5,4,10.75,90.0,10.96,Baik (>75%),15.5,2.8,-4.06
STD-3637,Enrolled,Masih Aktif,,26.6,Rendah,Agronomy,Tech. specialization holder,Reguler (Siang),Laki-laki,21-23,21,Single,Tidak,Lunas,Tidak,Tidak,Tidak,Domestik,150.0,150.0,6,5,11.857142857142858,6,5,10.571428571428571,83.3,11.21,Baik (>75%),16.2,0.3,-0.92
STD-3634,Enrolled,Masih Aktif,,26.3,Rendah,Social Service,1st phase - general,Reguler (Siang),Perempuan,<=20,18,Single,Ya,Lunas,Ya,Ya,Tidak,Domestik,157.0,151.0,6,5,11.6,6,4,11.0,75.0,11.3,Sedang (50-75%),7.6,2.6,0.32
STD-3886,Enrolled,Masih Aktif,,26.3,Rendah,Nursing,Over 23 years old,Reguler (Siang),Perempuan,24-27,27,Single,Tidak,Lunas,Tidak,Tidak,Tidak,Domestik,130.0,130.0,8,7,12.457142857142856,8,7,12.457142857142856,87.5,12.46,Baik (>75%),12.7,3.7,-1.7
STD-3978,Enrolled,Masih Aktif,,26.2,Rendah,Veterinary Nursing,1st phase - general,Reguler (Siang),Perempuan,<=20,18,Single,Tidak,Lunas,Tidak,Ya,Tidak,Domestik,121.0,135.0,5,3,12.333333333333334,5,5,11.6,80.0,11.97,Baik (>75%),9.4,-0.8,-3.12
STD-3823,Enrolled,Masih Aktif,,26.1,Rendah,Animation & Multimedia,1st phase - general,Reguler (Siang),Perempuan,<=20,18,Single,Tidak,Lunas,Tidak,Ya,Tidak,Domestik,132.8,131.0,0,0,0.0,0,0,0.0,0.0,0.0,Kritis (<25%),7.6,2.6,0.32
STD-3770,Enrolled,Masih Aktif,,26.0,Rendah,Basic Education,2nd phase - general,Reguler (Siang),Perempuan,<=20,20,Single,Tidak,Lunas,Tidak,Tidak,Tidak,Domestik,110.6,119.0,7,6,11.833333333333334,7,6,14.333333333333334,85.7,13.08,Baik (>75%),11.1,0.6,2.02
STD-3902,Enrolled,Masih Aktif,,25.9,Rendah,Management (evening),Over 23 years old,Kelas Malam,Perempuan,28-35,28,Single,Tidak,Lunas,Tidak,Tidak,Tidak,Domestik,120.7,100.0,5,4,11.25,5,4,13.0,80.0,12.12,Baik (>75%),7.6,2.6,0.32
STD-3802,Enrolled,Masih Aktif,,25.7,Rendah,Management (evening),Over 23 years old,Kelas Malam,Laki-laki,>35,41,Married,Tidak,Lunas,Ya,Tidak,Tidak,Domestik,113.0,100.0,5,4,11.0,5,5,11.4,90.0,11.2,Baik (>75%),8.9,1.4,3.51
STD-3844,Enrolled,Masih Aktif,,25.7,Rendah,Informatics Engineering,2nd phase - general,Reguler (Siang),Laki-laki,<=20,18,Single,Tidak,Lunas,Ya,Tidak,Tidak,Domestik,117.2,120.0,5,4,13.5,6,6,13.625,90.9,13.56,Baik (>75%),11.1,0.6,2.02
STD-3896,Enrolled,Masih Aktif,,25.6,Rendah,Biofuel Production Tech,International student,Reguler (Siang),Laki-laki,<=20,20,Single,Tidak,Lunas,Tidak,Tidak,Tidak,Internasional,100.0,133.1,7,7,12.857142857142858,7,4,12.75,78.6,12.8,Baik (>75%),8.9,1.4,3.51
STD-4129,Enrolled,Masih Aktif,,25.4,Rendah,Agronomy,Tech. specialization holder,Reguler (Siang),Laki-laki,<=20,20,Single,Tidak,Lunas,Tidak,Tidak,Tidak,Domestik,130.0,130.0,6,4,10.8,6,4,12.0,66.7,11.4,Sedang (50-75%),12.4,0.5,1.79
STD-4136,Enrolled,Masih Aktif,,25.2,Rendah,Advertising & Marketing,Change of course,Reguler (Siang),Perempuan,<=20,19,Single,Tidak,Lunas,Tidak,Ya,Tidak,Domestik,122.4,129.0,5,4,13.75,6,5,12.6,81.8,13.18,Baik (>75%),12.7,3.7,-1.7
STD-3820,Enrolled,Masih Aktif,,25.2,Rendah,Management,1st phase - general,Reguler (Siang),Perempuan,<=20,19,Single,Tidak,Lunas,Tidak,Ya,Tidak,Domestik,131.0,138.0,5,4,11.0,5,3,10.666666666666666,70.0,10.83,Sedang (50-75%),12.4,0.5,1.79
STD-4335,Enrolled,Masih Aktif,,25.1,Rendah,Advertising & Marketing,1st phase - general,Reguler (Siang),Perempuan,<=20,20,Single,Tidak,Lunas,Tidak,Ya,Tidak,Domestik,119.7,119.0,5,3,13.0,5,3,13.0,60.0,13.0,Sedang (50-75%),7.6,2.6,0.32
STD-3819,Enrolled,Masih Aktif,,25.0,Rendah,Social Service,Over 23 years old,Reguler (Siang),Perempuan,24-27,24,Single,Tidak,Lunas,Tidak,Ya,Tidak,Domestik,140.0,170.0,6,4,15.75,6,5,16.4,75.0,16.08,Sedang (50-75%),9.4,-0.8,-3.12
STD-4001,Enrolled,Masih Aktif,,25.0,Rendah,Nursing,2nd phase - general,Reguler (Siang),Perempuan,<=20,18,Single,Tidak,Lunas,Tidak,Ya,Tidak,Domestik,131.1,137.0,7,7,12.385714285714286,8,7,12.728571428571428,93.3,12.56,Baik (>75%),13.9,-0.3,0.79
STD-4390,Enrolled,Masih Aktif,,25.0,Rendah,Social Service (eve),Over 23 years old,Kelas Malam,Perempuan,>35,45,Married,Tidak,Lunas,Tidak,Tidak,Tidak,Domestik,134.5,133.1,6,5,13.6,6,5,13.0,83.3,13.3,Baik (>75%),15.5,2.8,-4.06
STD-3985,Enrolled,Masih Aktif,,24.9,Rendah,Social Service (eve),Over 23 years old,Kelas Malam,Perempuan,24-27,25,Single,Ya,Lunas,Tidak,Tidak,Tidak,Internasional,119.5,120.0,6,6,11.333333333333334,6,4,11.75,83.3,11.54,Baik (>75%),8.9,1.4,3.51
STD-4272,Enrolled,Masih Aktif,,24.7,Rendah,Nursing,1st phase - general,Reguler (Siang),Laki-laki,21-23,21,Single,Tidak,Lunas,Tidak,Ya,Tidak,Domestik,135.4,135.0,7,6,12.565,8,5,12.16,73.3,12.36,Sedang (50-75%),11.1,0.6,2.02
STD-4326,Enrolled,Masih Aktif,,24.6,Rendah,Basic Education,3rd phase - general,Reguler (Siang),Perempuan,21-23,21,Single,Ya,Lunas,Tidak,Ya,Tidak,Domestik,106.0,133.1,7,7,13.0,7,6,12.5,92.9,12.75,Baik (>75%),8.9,1.4,3.51
STD-4012,Enrolled,Masih Aktif,,24.6,Rendah,Informatics Engineering,Tech. specialization holder,Reguler (Siang),Laki-laki,<=20,20,Single,Tidak,Lunas,Ya,Tidak,Tidak,Domestik,180.0,180.0,7,6,14.142857142857142,6,6,14.125,92.3,14.13,Baik (>75%),12.4,0.5,1.79
STD-4281,Enrolled,Masih Aktif,,24.5,Rendah,Equinculture,1st phase - general,Reguler (Siang),Laki-laki,<=20,19,Single,Tidak,Lunas,Tidak,Tidak,Tidak,Domestik,117.6,130.0,5,2,11.5,5,5,11.4,70.0,11.45,Sedang (50-75%),9.4,-0.8,-3.12
STD-3669,Enrolled,Masih Aktif,,23.9,Rendah,Nursing,Over 23 years old,Reguler (Siang),Perempuan,28-35,35,Single,Tidak,Lunas,Tidak,Tidak,Tidak,Domestik,105.9,120.0,3,3,11.816666666666668,3,3,11.333333333333334,100.0,11.58,Baik (>75%),11.1,0.6,2.02
STD-3994,Enrolled,Masih Aktif,,23.9,Rendah,Journalism & Comm,2nd phase - general,Reguler (Siang),Perempuan,21-23,21,Single,Tidak,Lunas,Tidak,Tidak,Tidak,Domestik,117.0,133.1,6,5,11.8,6,5,11.833333333333334,83.3,11.82,Baik (>75%),15.5,2.8,-4.06
STD-4362,Enrolled,Masih Aktif,,23.8,Rendah,Management,1st phase - general,Reguler (Siang),Perempuan,<=20,19,Single,Tidak,Lunas,Tidak,Ya,Tidak,Domestik,124.0,125.0,5,5,11.2,5,4,11.75,90.0,11.48,Baik (>75%),10.8,1.4,1.74
STD-4177,Enrolled,Masih Aktif,,23.5,Rendah,Veterinary Nursing,1st phase - general,Reguler (Siang),Perempuan,<=20,19,Single,Tidak,Lunas,Tidak,Tidak,Tidak,Domestik,126.0,146.0,5,3,12.333333333333334,5,4,10.25,70.0,11.29,Sedang (50-75%),7.6,2.6,0.32
STD-3702,Enrolled,Masih Aktif,,23.3,Rendah,Communication Design,2nd phase - general,Reguler (Siang),Perempuan,<=20,18,Single,Tidak,Lunas,Ya,Tidak,Tidak,Domestik,128.9,125.0,6,5,11.6,6,4,11.2,75.0,11.4,Sedang (50-75%),8.9,1.4,3.51
STD-4127,Enrolled,Masih Aktif,,23.3,Rendah,Nursing,1st phase - general,Reguler (Siang),Laki-laki,<=20,20,Single,Ya,Lunas,Tidak,Ya,Tidak,Domestik,102.2,106.0,7,7,12.401428571428571,8,6,11.808333333333332,86.7,12.1,Baik (>75%),11.1,0.6,2.02
STD-4396,Enrolled,Masih Aktif,,23.2,Rendah,Advertising & Marketing,2nd phase - general,Reguler (Siang),Perempuan,21-23,21,Single,Tidak,Lunas,Tidak,Tidak,Tidak,Domestik,117.1,115.0,5,3,12.666666666666666,5,4,12.75,70.0,12.71,Sedang (50-75%),7.6,2.6,0.32
STD-4108,Enrolled,Masih Aktif,,23.2,Rendah,Nursing,Over 23 years old,Reguler (Siang),Laki-laki,>35,43,Married,Tidak,Lunas,Tidak,Ya,Tidak,Domestik,100.5,133.1,8,7,11.635714285714286,8,7,11.635714285714286,87.5,11.64,Baik (>75%),10.8,1.4,1.74
STD-3726,Enrolled,Masih Aktif,,23.2,Rendah,Informatics Engineering,2nd phase - general,Reguler (Siang),Laki-laki,<=20,18,Single,Tidak,Lunas,Ya,Ya,Tidak,Domestik,121.1,127.0,5,5,13.2,5,5,12.6,100.0,12.9,Baik (>75%),8.9,1.4,3.51
STD-3914,Enrolled,Masih Aktif,,23.2,Rendah,Journalism & Comm,2nd phase - general,Reguler (Siang),Laki-laki,<=20,18,Single,Tidak,Lunas,Tidak,Ya,Tidak,Domestik,125.2,128.0,6,6,12.666666666666666,6,5,13.6,91.7,13.13,Baik (>75%),12.4,0.5,1.79
STD-4334,Enrolled,Masih Aktif,,23.2,Rendah,Journalism & Comm,2nd phase - general,Reguler (Siang),Perempuan,<=20,20,Single,Tidak,Lunas,Tidak,Ya,Tidak,Domestik,130.7,144.0,6,6,11.666666666666666,6,5,11.6,91.7,11.63,Baik (>75%),7.6,2.6,0.32
STD-4102,Enrolled,Masih Aktif,,23.1,Rendah,Management,1st phase - general,Reguler (Siang),Laki-laki,<=20,18,Single,Tidak,Lunas,Ya,Tidak,Tidak,Domestik,111.3,120.0,5,4,10.8,5,4,11.75,80.0,11.28,Baik (>75%),15.5,2.8,-4.06
STD-4313,Enrolled,Masih Aktif,,23.0,Rendah,Nursing,1st phase - general,Reguler (Siang),Perempuan,<=20,19,Single,Tidak,Lunas,Ya,Ya,Tidak,Domestik,106.4,106.0,7,5,13.34,7,6,12.385714285714286,78.6,12.86,Baik (>75%),12.4,0.5,1.79
STD-3828,Enrolled,Masih Aktif,,23.0,Rendah,Nursing,Holder of other higher course,Reguler (Siang),Perempuan,28-35,32,Divorced,Tidak,Lunas,Tidak,Ya,Tidak,Domestik,130.0,130.0,7,4,13.625,7,7,12.6375,78.6,13.13,Baik (>75%),12.4,0.5,1.79
STD-4222,Enrolled,Masih Aktif,,22.9,Rendah,Nursing,2nd phase - general,Reguler (Siang),Perempuan,<=20,18,Single,Tidak,Lunas,Ya,Ya,Tidak,Domestik,126.2,126.0,7,5,11.94,7,6,12.8,78.6,12.37,Baik (>75%),11.1,0.6,2.02
STD-4142,Enrolled,Masih Aktif,,22.8,Rendah,Nursing,1st phase - general,Reguler (Siang),Perempuan,<=20,19,Single,Tidak,Lunas,Tidak,Ya,Tidak,Domestik,120.1,126.0,7,4,13.375,7,6,12.116666666666667,71.4,12.75,Sedang (50-75%),12.4,0.5,1.79
STD-4204,Enrolled,Masih Aktif,,22.5,Rendah,Nursing,Change of course,Reguler (Siang),Laki-laki,<=20,19,Single,Tidak,Lunas,Ya,Ya,Tidak,Domestik,125.7,140.0,7,5,11.2,7,5,11.2,71.4,11.2,Sedang (50-75%),7.6,2.6,0.32
STD-4325,Enrolled,Masih Aktif,,21.9,Rendah,Social Service,1st phase - general,Reguler (Siang),Perempuan,<=20,19,Single,Tidak,Lunas,Ya,Tidak,Ya,Domestik,107.3,108.0,6,4,10.4,6,4,10.75,66.7,10.58,Sedang (50-75%),12.4,0.5,1.79
STD-3688,Enrolled,Masih Aktif,,21.9,Rendah,Social Service (eve),1st phase - general,Kelas Malam,Perempuan,<=20,20,Single,Tidak,Lunas,Tidak,Tidak,Tidak,Domestik,100.0,96.0,6,5,12.0,6,4,11.25,75.0,11.62,Sedang (50-75%),9.4,-0.8,-3.12
STD-4007,Enrolled,Masih Aktif,,21.8,Rendah,Animation & Multimedia,2nd phase - general,Reguler (Siang),Laki-laki,<=20,18,Single,Tidak,Lunas,Ya,Ya,Tidak,Domestik,129.3,144.0,0,0,0.0,0,0,0.0,0.0,0.0,Kritis (<25%),7.6,2.6,0.32
STD-4415,Enrolled,Masih Aktif,,21.8,Rendah,Nursing,1st phase - general,Reguler (Siang),Laki-laki,<=20,18,Single,Tidak,Lunas,Tidak,Ya,Tidak,Domestik,120.0,136.0,7,6,11.833333333333334,7,6,11.833333333333334,85.7,11.83,Baik (>75%),7.6,2.6,0.32
STD-4160,Enrolled,Masih Aktif,,21.6,Rendah,Management (evening),Over 23 years old,Kelas Malam,Perempuan,>35,40,Single,Tidak,Lunas,Tidak,Tidak,Tidak,Domestik,147.8,120.0,5,4,11.25,5,5,12.0,90.0,11.62,Baik (>75%),13.9,-0.3,0.79
STD-3797,Enrolled,Masih Aktif,,21.5,Rendah,Journalism & Comm,1st phase - general,Reguler (Siang),Perempuan,<=20,18,Single,Tidak,Lunas,Tidak,Ya,Tidak,Domestik,131.7,145.0,6,6,12.666666666666666,6,4,12.25,83.3,12.46,Baik (>75%),7.6,2.6,0.32
STD-3649,Enrolled,Masih Aktif,,21.3,Rendah,Management,1st phase - general,Reguler (Siang),Laki-laki,21-23,23,Single,Tidak,Lunas,Tidak,Ya,Tidak,Domestik,128.7,143.0,5,4,14.0,5,5,13.8,90.0,13.9,Baik (>75%),11.1,0.6,2.02
STD-4301,Enrolled,Masih Aktif,,21.2,Rendah,Communication Design,2nd phase - general,Reguler (Siang),Laki-laki,<=20,18,Single,Tidak,Lunas,Tidak,Ya,Tidak,Domestik,120.2,131.0,6,6,12.833333333333334,6,5,11.4,91.7,12.12,Baik (>75%),15.5,2.8,-4.06
STD-4280,Enrolled,Masih Aktif,,21.0,Rendah,Nursing,2nd phase - general,Reguler (Siang),Laki-laki,<=20,18,Single,Tidak,Lunas,Tidak,Ya,Tidak,Domestik,125.5,132.0,8,7,13.154285714285717,8,7,13.154285714285717,87.5,13.15,Baik (>75%),10.8,1.4,1.74
STD-4103,Enrolled,Masih Aktif,,21.0,Rendah,Management (evening),Over 23 years old,Kelas Malam,Laki-laki,28-35,28,Single,Tidak,Lunas,Tidak,Tidak,Tidak,Domestik,144.8,120.0,5,4,12.75,5,5,14.333333333333334,90.0,13.54,Baik (>75%),10.8,1.4,1.74
STD-3718,Enrolled,Masih Aktif,,21.0,Rendah,Veterinary Nursing,2nd phase - general,Reguler (Siang),Perempuan,<=20,20,Single,Tidak,Lunas,Tidak,Ya,Tidak,Domestik,120.4,134.0,5,3,11.333333333333334,5,5,12.6,80.0,11.97,Baik (>75%),9.4,-0.8,-3.12
STD-3866,Enrolled,Masih Aktif,,20.9,Rendah,Management,1st phase - general,Reguler (Siang),Perempuan,<=20,19,Single,Tidak,Lunas,Ya,Ya,Tidak,Domestik,123.5,127.0,5,5,11.6,5,3,12.666666666666666,80.0,12.13,Baik (>75%),9.4,-0.8,-3.12
STD-3665,Enrolled,Masih Aktif,,20.9,Rendah,Advertising & Marketing,1st phase - general,Reguler (Siang),Perempuan,<=20,18,Single,Tidak,Lunas,Ya,Ya,Tidak,Domestik,123.0,131.0,5,3,11.666666666666666,5,4,13.5,70.0,12.58,Sedang (50-75%),7.6,2.6,0.32
STD-4009,Enrolled,Masih Aktif,,20.9,Rendah,Journalism & Comm,1st phase - general,Reguler (Siang),Laki-laki,<=20,19,Single,Tidak,Lunas,Ya,Ya,Tidak,Domestik,98.0,133.1,6,4,12.0,6,6,12.285714285714286,83.3,12.14,Baik (>75%),15.5,2.8,-4.06
STD-3867,Enrolled,Masih Aktif,,20.8,Rendah,Equinculture,1st phase - general,Reguler (Siang),Perempuan,<=20,18,Single,Tidak,Lunas,Tidak,Ya,Tidak,Domestik,129.5,140.0,5,4,13.5,5,5,13.4,90.0,13.45,Baik (>75%),12.7,3.7,-1.7
STD-3842,Enrolled,Masih Aktif,,20.6,Rendah,Social Service (eve),Over 23 years old,Kelas Malam,Laki-laki,24-27,24,Single,Tidak,Lunas,Ya,Tidak,Tidak,Domestik,116.5,133.1,6,4,12.25,6,4,11.5,66.7,11.88,Sedang (50-75%),12.4,0.5,1.79
STD-3768,Enrolled,Masih Aktif,,20.5,Rendah,Nursing,1st phase - general,Reguler (Siang),Perempuan,<=20,19,Single,Tidak,Lunas,Tidak,Ya,Tidak,Domestik,131.1,136.0,7,6,13.411428571428573,8,7,13.294444444444444,86.7,13.35,Baik (>75%),15.5,2.8,-4.06
STD-3984,Enrolled,Masih Aktif,,20.5,Rendah,Advertising & Marketing,1st phase - general,Reguler (Siang),Perempuan,<=20,18,Single,Tidak,Lunas,Tidak,Ya,Tidak,Domestik,112.0,120.0,6,4,11.25,6,5,12.2,75.0,11.72,Sedang (50-75%),8.9,1.4,3.51
STD-3694,Enrolled,Masih Aktif,,20.4,Rendah,Social Service (eve),Change of institution/course,Kelas Malam,Perempuan,>35,42,Married,Ya,Lunas,Tidak,Tidak,Tidak,Domestik,104.0,133.1,11,10,11.9,11,10,12.8,90.9,12.35,Baik (>75%),11.1,0.6,2.02
STD-4266,Enrolled,Masih Aktif,,20.2,Rendah,Management (evening),Over 23 years old,Kelas Malam,Laki-laki,28-35,34,Married,Tidak,Lunas,Tidak,Tidak,Tidak,Domestik,146.0,150.0,5,5,14.2,5,5,14.6,100.0,14.4,Baik (>75%),12.7,3.7,-1.7
STD-3646,Enrolled,Masih Aktif,,20.1,Rendah,Tourism,Over 23 years old,Reguler (Siang),Laki-laki,24-27,26,Single,Tidak,Lunas,Tidak,Tidak,Tidak,Domestik,100.0,160.0,6,6,12.0,6,5,10.8,91.7,11.4,Baik (>75%),12.7,3.7,-1.7
STD-3833,Enrolled,Masih Aktif,,20.0,Rendah,Agronomy,Over 23 years old,Reguler (Siang),Perempuan,>35,37,Married,Ya,Lunas,Tidak,Tidak,Tidak,Domestik,120.0,133.1,6,6,12.875,6,6,12.9,100.0,12.89,Baik (>75%),16.2,0.3,-0.92
STD-4000,Enrolled,Masih Aktif,,20.0,Rendah,Veterinary Nursing,1st phase - general,Reguler (Siang),Perempuan,<=20,18,Single,Tidak,Lunas,Tidak,Tidak,Tidak,Domestik,126.8,125.0,6,6,12.0,6,4,12.75,83.3,12.38,Baik (>75%),11.1,0.6,2.02
STD-4416,Enrolled,Masih Aktif,,19.7,Rendah,Social Service,1st phase - general,Reguler (Siang),Perempuan,<=20,19,Single,Tidak,Lunas,Tidak,Tidak,Tidak,Domestik,121.2,124.0,6,2,13.0,6,6,10.833333333333334,66.7,11.92,Sedang (50-75%),7.6,2.6,0.32
STD-4145,Enrolled,Masih Aktif,,19.3,Rendah,Advertising & Marketing,2nd phase - general,Reguler (Siang),Perempuan,<=20,19,Single,Tidak,Lunas,Ya,Ya,Tidak,Domestik,109.1,115.0,6,6,13.285714285714286,6,5,14.6,91.7,13.94,Baik (>75%),12.4,0.5,1.79
STD-4262,Enrolled,Masih Aktif,,19.3,Rendah,Management,1st phase - general,Reguler (Siang),Laki-laki,<=20,18,Single,Tidak,Lunas,Ya,Ya,Tidak,Domestik,119.5,130.0,5,4,11.25,5,4,12.25,80.0,11.75,Baik (>75%),12.4,0.5,1.79
STD-3705,Enrolled,Masih Aktif,,19.3,Rendah,Tourism,1st phase - general,Reguler (Siang),Perempuan,<=20,19,Single,Tidak,Lunas,Tidak,Tidak,Tidak,Domestik,127.0,128.0,6,6,12.0,6,4,12.75,83.3,12.38,Baik (>75%),12.4,0.5,1.79
STD-4181,Enrolled,Masih Aktif,,19.1,Rendah,Advertising & Marketing,1st phase - general,Reguler (Siang),Laki-laki,<=20,20,Single,Tidak,Lunas,Ya,Ya,Tidak,Domestik,111.9,121.0,6,6,11.333333333333334,6,4,10.571428571428571,83.3,10.95,Baik (>75%),10.8,1.4,1.74
STD-3883,Enrolled,Masih Aktif,,19.0,Rendah,Advertising & Marketing,2nd phase - general,Reguler (Siang),Perempuan,24-27,25,Single,Tidak,Lunas,Ya,Ya,Tidak,Domestik,96.0,133.1,6,6,11.285714285714286,6,5,12.2,91.7,11.74,Baik (>75%),15.5,2.8,-4.06
STD-3758,Enrolled,Masih Aktif,,18.9,Rendah,Management (evening),Transfer,Kelas Malam,Laki-laki,>35,37,Married,Tidak,Lunas,Tidak,Tidak,Tidak,Domestik,123.0,123.0,5,5,15.8,5,5,17.6,100.0,16.7,Baik (>75%),9.4,-0.8,-3.12
STD-3795,Enrolled,Masih Aktif,,18.9,Rendah,Nursing,Over 23 years old,Reguler (Siang),Perempuan,28-35,34,Single,Tidak,Lunas,Tidak,Ya,Tidak,Domestik,121.3,100.0,8,7,11.705714285714285,8,7,11.705714285714285,87.5,11.71,Baik (>75%),10.8,1.4,1.74
STD-3834,Enrolled,Masih Aktif,,18.8,Rendah,Social Service,2nd phase - general,Reguler (Siang),Perempuan,<=20,20,Single,Tidak,Lunas,Ya,Tidak,Tidak,Domestik,113.2,123.0,6,4,10.75,6,5,11.5,75.0,11.12,Sedang (50-75%),15.5,2.8,-4.06
STD-4295,Enrolled,Masih Aktif,,18.6,Rendah,Veterinary Nursing,Tech. specialization holder,Reguler (Siang),Perempuan,<=20,20,Single,Tidak,Lunas,Tidak,Ya,Tidak,Domestik,140.0,140.0,6,6,12.555555555555555,6,5,11.8,91.7,12.18,Baik (>75%),16.2,0.3,-0.92
STD-3848,Enrolled,Masih Aktif,,18.5,Rendah,Basic Education,1st phase - general,Reguler (Siang),Perempuan,<=20,20,Single,Tidak,Lunas,Tidak,Ya,Tidak,Domestik,115.3,123.0,7,6,13.5,7,6,14.0,85.7,13.75,Baik (>75%),11.1,0.6,2.02
STD-4316,Enrolled,Masih Aktif,,18.4,Rendah,Nursing,Change of course,Reguler (Siang),Perempuan,<=20,18,Single,Tidak,Lunas,Ya,Ya,Tidak,Domestik,123.6,125.0,7,5,12.86,7,5,12.86,71.4,12.86,Sedang (50-75%),7.6,2.6,0.32
STD-4090,Enrolled,Masih Aktif,,18.2,Rendah,Management,Over 23 years old,Reguler (Siang),Perempuan,>35,41,Single,Ya,Lunas,Tidak,Tidak,Tidak,Domestik,139.4,133.1,5,5,11.6,5,5,12.2,100.0,11.9,Baik (>75%),7.6,2.6,0.32
STD-3981,Enrolled,Masih Aktif,,17.8,Rendah,Nursing,1st phase - general,Reguler (Siang),Perempuan,<=20,19,Single,Tidak,Lunas,Tidak,Ya,Tidak,Domestik,110.0,118.0,7,4,12.85,7,7,12.62142857142857,78.6,12.74,Baik (>75%),11.1,0.6,2.02
STD-3871,Enrolled,Masih Aktif,,17.6,Rendah,Nursing,1st phase - general,Reguler (Siang),Perempuan,<=20,18,Single,Tidak,Lunas,Ya,Ya,Tidak,Domestik,125.1,130.0,7,6,12.816666666666668,8,6,12.875,80.0,12.85,Baik (>75%),11.1,0.6,2.02
STD-3763,Enrolled,Masih Aktif,,17.6,Rendah,Animation & Multimedia,1st phase - general,Reguler (Siang),Laki-laki,<=20,19,Single,Ya,Lunas,Tidak,Ya,Tidak,Domestik,146.5,137.0,12,11,12.0,11,10,11.181818181818182,91.3,11.59,Baik (>75%),8.9,1.4,3.51
STD-3755,Enrolled,Masih Aktif,,17.2,Rendah,Tourism,1st phase - general,Reguler (Siang),Laki-laki,21-23,21,Single,Tidak,Lunas,Tidak,Tidak,Tidak,Domestik,130.0,140.0,6,6,12.571428571428571,6,4,13.0,83.3,12.79,Baik (>75%),12.7,3.7,-1.7
STD-3934,Enrolled,Masih Aktif,,17.2,Rendah,Nursing,1st phase - general,Reguler (Siang),Laki-laki,<=20,18,Single,Tidak,Lunas,Tidak,Ya,Tidak,Domestik,118.1,130.0,7,6,12.035714285714286,8,7,13.75,86.7,12.89,Baik (>75%),13.9,-0.3,0.79
STD-4171,Enrolled,Masih Aktif,,17.1,Rendah,Tourism,1st phase - general,Reguler (Siang),Perempuan,<=20,18,Single,Tidak,Lunas,Tidak,Ya,Tidak,Domestik,125.1,137.0,6,4,11.75,6,5,11.2,75.0,11.48,Sedang (50-75%),7.6,2.6,0.32
STD-4155,Enrolled,Masih Aktif,,17.0,Rendah,Management,Over 23 years old,Reguler (Siang),Perempuan,>35,41,Married,Tidak,Lunas,Tidak,Tidak,Tidak,Domestik,140.0,110.0,5,4,14.5,5,5,13.0,90.0,13.75,Baik (>75%),9.4,-0.8,-3.12
STD-3673,Enrolled,Masih Aktif,,17.0,Rendah,Communication Design,1st phase - general,Reguler (Siang),Perempuan,<=20,19,Single,Tidak,Lunas,Tidak,Ya,Tidak,Domestik,125.4,125.0,6,5,12.4,6,5,12.4,83.3,12.4,Baik (>75%),9.4,-0.8,-3.12
STD-3771,Enrolled,Masih Aktif,,16.9,Rendah,Nursing,1st phase - general,Reguler (Siang),Perempuan,<=20,18,Single,Tidak,Lunas,Tidak,Ya,Tidak,Domestik,129.0,154.0,8,6,13.345,8,6,13.345,75.0,13.34,Sedang (50-75%),9.4,-0.8,-3.12
STD-4052,Enrolled,Masih Aktif,,16.8,Rendah,Advertising & Marketing,1st phase - general,Reguler (Siang),Laki-laki,<=20,20,Single,Tidak,Lunas,Tidak,Ya,Tidak,Domestik,110.7,117.0,6,5,14.0,6,6,12.0,91.7,13.0,Baik (>75%),11.1,0.6,2.02
STD-4377,Enrolled,Masih Aktif,,16.7,Rendah,Management (evening),3rd phase - general,Kelas Malam,Perempuan,21-23,21,Single,Tidak,Lunas,Ya,Tidak,Tidak,Domestik,145.0,133.1,5,4,12.25,5,4,11.8,80.0,12.02,Baik (>75%),10.8,1.4,1.74
STD-4352,Enrolled,Masih Aktif,,16.7,Rendah,Agronomy,Transfer,Reguler (Siang),Perempuan,21-23,22,Single,Tidak,Lunas,Tidak,Tidak,Tidak,Domestik,140.0,140.0,6,6,12.571428571428571,6,4,13.666666666666666,83.3,13.12,Baik (>75%),15.5,2.8,-4.06
STD-3947,Enrolled,Masih Aktif,,16.5,Rendah,Advertising & Marketing,1st phase - general,Reguler (Siang),Laki-laki,21-23,21,Single,Tidak,Lunas,Tidak,Tidak,Tidak,Domestik,139.0,133.1,6,5,12.8,6,5,12.25,83.3,12.52,Baik (>75%),10.8,1.4,1.74
STD-3918,Enrolled,Masih Aktif,,16.5,Rendah,Management (evening),Holder of other higher course,Kelas Malam,Perempuan,24-27,27,Single,Tidak,Lunas,Tidak,Tidak,Tidak,Domestik,120.0,120.0,5,5,15.2,5,5,14.0,100.0,14.6,Baik (>75%),11.1,0.6,2.02
STD-4268,Enrolled,Masih Aktif,,16.1,Rendah,Agronomy,Transfer,Reguler (Siang),Laki-laki,24-27,24,Single,Tidak,Lunas,Tidak,Ya,Tidak,Domestik,128.2,120.0,9,8,13.333333333333334,10,9,13.11111111111111,89.5,13.22,Baik (>75%),16.2,0.3,-0.92
STD-4161,Enrolled,Masih Aktif,,15.9,Rendah,Management (evening),Change of course,Kelas Malam,Perempuan,>35,36,Married,Tidak,Lunas,Tidak,Tidak,Tidak,Domestik,120.0,120.0,12,11,11.5,12,12,11.4375,95.8,11.47,Baik (>75%),9.4,-0.8,-3.12
STD-4216,Enrolled,Masih Aktif,,15.8,Rendah,Management (evening),Over 23 years old,Kelas Malam,Perempuan,28-35,35,Married,Tidak,Lunas,Ya,Tidak,Tidak,Domestik,110.0,140.0,5,3,11.666666666666666,5,5,11.8,80.0,11.73,Baik (>75%),12.7,3.7,-1.7
STD-4183,Enrolled,Masih Aktif,,15.8,Rendah,Advertising & Marketing,1st phase - general,Reguler (Siang),Laki-laki,<=20,20,Single,Tidak,Lunas,Tidak,Ya,Tidak,Domestik,143.6,132.0,6,5,12.8,6,5,11.6,83.3,12.2,Baik (>75%),13.9,-0.3,0.79
STD-4242,Enrolled,Masih Aktif,,15.7,Rendah,Advertising & Marketing,1st phase - general,Reguler (Siang),Perempuan,<=20,20,Single,Tidak,Lunas,Tidak,Tidak,Tidak,Domestik,125.7,126.0,6,6,13.571428571428571,6,5,13.6,91.7,13.59,Baik (>75%),15.5,2.8,-4.06
STD-4107,Enrolled,Masih Aktif,,15.7,Rendah,Basic Education,2nd phase - general,Reguler (Siang),Laki-laki,<=20,20,Single,Tidak,Lunas,Ya,Ya,Tidak,Domestik,111.9,114.0,6,6,12.0,6,6,12.5,100.0,12.25,Baik (>75%),7.6,2.6,0.32
STD-4395,Enrolled,Masih Aktif,,15.6,Rendah,Communication Design,1st phase - general,Reguler (Siang),Perempuan,<=20,18,Single,Tidak,Lunas,Tidak,Ya,Tidak,Domestik,136.6,132.0,6,6,11.714285714285714,6,6,10.375,100.0,11.04,Baik (>75%),13.9,-0.3,0.79
STD-4035,Enrolled,Masih Aktif,,15.0,Rendah,Communication Design,2nd phase - general,Reguler (Siang),Laki-laki,<=20,18,Single,Tidak,Lunas,Tidak,Tidak,Tidak,Domestik,125.1,131.0,6,6,12.333333333333334,6,5,10.8,91.7,11.57,Baik (>75%),16.2,0.3,-0.92
STD-3926,Enrolled,Masih Aktif,,14.9,Rendah,Management,1st phase - general,Reguler (Siang),Laki-laki,<=20,19,Single,Tidak,Lunas,Tidak,Tidak,Tidak,Domestik,123.3,131.0,5,5,11.8,5,4,12.4,90.0,12.1,Baik (>75%),16.2,0.3,-0.92
STD-4106,Enrolled,Masih Aktif,,14.7,Rendah,Nursing,1st phase - general,Reguler (Siang),Laki-laki,<=20,20,Single,Tidak,Lunas,Tidak,Tidak,Tidak,Domestik,121.4,127.0,7,5,13.976666666666668,8,8,13.22222222222222,86.7,13.6,Baik (>75%),12.4,0.5,1.79
STD-3739,Enrolled,Masih Aktif,,14.7,Rendah,Agronomy,2nd phase - general,Reguler (Siang),Perempuan,<=20,20,Single,Ya,Lunas,Tidak,Tidak,Tidak,Domestik,113.2,119.0,6,6,13.333333333333334,6,5,14.0,91.7,13.67,Baik (>75%),11.1,0.6,2.02
STD-3741,Enrolled,Masih Aktif,,14.6,Rendah,Management,2nd phase - general,Reguler (Siang),Perempuan,<=20,20,Single,Tidak,Lunas,Tidak,Tidak,Tidak,Domestik,118.0,118.0,5,4,11.0,5,5,13.2,90.0,12.1,Baik (>75%),12.4,0.5,1.79
STD-3854,Enrolled,Masih Aktif,,14.5,Rendah,Nursing,Over 23 years old,Reguler (Siang),Perempuan,24-27,27,Single,Tidak,Lunas,Ya,Tidak,Tidak,Domestik,121.7,133.1,7,6,12.6,7,6,11.685714285714283,85.7,12.14,Baik (>75%),12.4,0.5,1.79
STD-3841,Enrolled,Masih Aktif,,14.4,Rendah,Journalism & Comm,2nd phase - general,Reguler (Siang),Perempuan,<=20,18,Single,Tidak,Lunas,Tidak,Tidak,Tidak,Domestik,113.7,121.0,6,5,12.6,6,6,12.428571428571429,91.7,12.51,Baik (>75%),15.5,2.8,-4.06
STD-4394,Enrolled,Masih Aktif,,14.3,Rendah,Nursing,1st phase - general,Reguler (Siang),Laki-laki,<=20,20,Single,Tidak,Lunas,Tidak,Ya,Tidak,Domestik,121.5,127.0,7,6,13.016666666666666,7,6,13.016666666666666,85.7,13.02,Baik (>75%),7.6,2.6,0.32
STD-3711,Enrolled,Masih Aktif,,14.3,Rendah,Management,1st phase - general,Reguler (Siang),Perempuan,<=20,19,Single,Tidak,Lunas,Tidak,Ya,Tidak,Domestik,132.4,131.0,5,5,11.8,5,4,11.25,90.0,11.52,Baik (>75%),9.4,-0.8,-3.12
STD-3671,Enrolled,Masih Aktif,,14.3,Rendah,Nursing,1st phase - general,Reguler (Siang),Perempuan,<=20,19,Single,Tidak,Lunas,Tidak,Ya,Tidak,Domestik,119.4,125.0,7,6,12.471428571428572,7,7,11.4625,92.9,11.97,Baik (>75%),12.4,0.5,1.79
STD-3736,Enrolled,Masih Aktif,,14.1,Rendah,Advertising & Marketing,2nd phase - general,Reguler (Siang),Perempuan,<=20,19,Single,Tidak,Lunas,Tidak,Ya,Tidak,Domestik,128.8,141.0,6,6,14.833333333333334,6,6,13.285714285714286,100.0,14.06,Baik (>75%),8.9,1.4,3.51
STD-3831,Enrolled,Masih Aktif,,13.7,Rendah,Nursing,Holder of other higher course,Reguler (Siang),Perempuan,>35,45,Married,Tidak,Lunas,Tidak,Ya,Tidak,Domestik,120.0,120.0,11,11,12.7,10,10,12.96818181818182,100.0,12.83,Baik (>75%),13.9,-0.3,0.79
STD-4193,Enrolled,Masih Aktif,,13.6,Rendah,Nursing,1st phase - general,Reguler (Siang),Perempuan,21-23,21,Single,Tidak,Lunas,Tidak,Ya,Tidak,Domestik,119.6,122.0,7,6,13.25,8,8,13.8375,93.3,13.54,Baik (>75%),13.9,-0.3,0.79
STD-4239,Enrolled,Masih Aktif,,13.5,Rendah,Social Service,Change of course,Reguler (Siang),Perempuan,21-23,21,Single,Tidak,Lunas,Ya,Tidak,Tidak,Domestik,108.3,109.0,6,2,10.5,6,5,12.4,58.3,11.45,Sedang (50-75%),10.8,1.4,1.74
STD-4024,Enrolled,Masih Aktif,,13.5,Rendah,Nursing,2nd phase - general,Reguler (Siang),Laki-laki,<=20,19,Single,Tidak,Lunas,Ya,Tidak,Tidak,Domestik,124.7,128.0,7,6,12.528571428571428,7,6,12.416666666666666,85.7,12.47,Baik (>75%),15.5,2.8,-4.06
STD-3878,Enrolled,Masih Aktif,,13.2,Rendah,Tourism,2nd phase - general,Reguler (Siang),Laki-laki,<=20,20,Single,Tidak,Lunas,Tidak,Ya,Tidak,Domestik,135.0,135.0,6,6,11.833333333333334,6,5,10.4,91.7,11.12,Baik (>75%),7.6,2.6,0.32
STD-3986,Enrolled,Masih Aktif,,13.0,Rendah,Tourism,1st phase - general,Reguler (Siang),Perempuan,21-23,21,Single,Tidak,Lunas,Tidak,Ya,Tidak,Domestik,101.8,100.0,6,5,11.6,6,5,13.0,83.3,12.3,Baik (>75%),12.4,0.5,1.79
STD-4006,Enrolled,Masih Aktif,,13.0,Rendah,Communication Design,1st phase - general,Reguler (Siang),Perempuan,<=20,18,Single,Tidak,Lunas,Ya,Tidak,Tidak,Domestik,126.8,124.0,6,6,12.0,6,5,11.142857142857142,91.7,11.57,Baik (>75%),13.9,-0.3,0.79
STD-4221,Enrolled,Masih Aktif,,12.6,Rendah,Nursing,Change of course,Reguler (Siang),Perempuan,21-23,23,Single,Tidak,Lunas,Tidak,Tidak,Tidak,Domestik,114.5,133.1,7,6,12.1,7,6,12.616666666666667,85.7,12.36,Baik (>75%),16.2,0.3,-0.92
STD-3993,Enrolled,Masih Aktif,,12.4,Rendah,Veterinary Nursing,1st phase - general,Reguler (Siang),Perempuan,21-23,21,Facto Union,Tidak,Lunas,Tidak,Ya,Tidak,Domestik,119.7,133.0,5,5,12.2,5,3,11.333333333333334,80.0,11.77,Baik (>75%),9.4,-0.8,-3.12
STD-4419,Enrolled,Masih Aktif,,12.2,Rendah,Management,1st phase - general,Reguler (Siang),Perempuan,<=20,18,Single,Tidak,Lunas,Tidak,Tidak,Tidak,Domestik,138.4,151.0,5,4,11.25,5,5,11.0,90.0,11.12,Baik (>75%),10.8,1.4,1.74
STD-3940,Enrolled,Masih Aktif,,12.0,Rendah,Animation & Multimedia,2nd phase - general,Reguler (Siang),Laki-laki,<=20,19,Single,Ya,Lunas,Tidak,Tidak,Tidak,Domestik,143.6,145.0,12,10,12.7,11,10,12.272727272727272,87.0,12.49,Baik (>75%),8.9,1.4,3.51
STD-4400,Enrolled,Masih Aktif,,12.0,Rendah,Tourism,1st phase - general,Reguler (Siang),Laki-laki,24-27,25,Single,Tidak,Lunas,Tidak,Ya,Tidak,Domestik,134.5,131.0,6,6,13.166666666666666,6,5,12.6,91.7,12.88,Baik (>75%),7.6,2.6,0.32
STD-3785,Enrolled,Masih Aktif,,12.0,Rendah,Veterinary Nursing,1st phase - general,Reguler (Siang),Perempuan,<=20,18,Single,Tidak,Lunas,Tidak,Ya,Tidak,Domestik,113.3,122.0,5,4,14.25,5,5,12.714285714285714,90.0,13.48,Baik (>75%),10.8,1.4,1.74
STD-4050,Enrolled,Masih Aktif,,11.9,Rendah,Agronomy,Tech. specialization holder,Reguler (Siang),Laki-laki,<=20,20,Single,Tidak,Lunas,Tidak,Tidak,Tidak,Domestik,140.0,140.0,6,6,11.285714285714286,6,5,11.77777777777778,91.7,11.53,Baik (>75%),16.2,0.3,-0.92
STD-4365,Enrolled,Masih Aktif,,11.9,Rendah,Veterinary Nursing,1st phase - general,Reguler (Siang),Perempuan,<=20,19,Single,Tidak,Lunas,Ya,Ya,Tidak,Domestik,133.7,147.0,5,2,13.5,5,5,11.4,70.0,12.45,Sedang (50-75%),10.8,1.4,1.74
STD-3816,Enrolled,Masih Aktif,,11.8,Rendah,Nursing,1st phase - general,Reguler (Siang),Perempuan,<=20,20,Single,Tidak,Lunas,Ya,Ya,Tidak,Domestik,106.7,113.0,7,5,12.62,7,6,12.5,78.6,12.56,Baik (>75%),11.1,0.6,2.02
STD-4072,Enrolled,Masih Aktif,,11.7,Rendah,Tourism,1st phase - general,Reguler (Siang),Laki-laki,21-23,23,Single,Tidak,Lunas,Tidak,Ya,Tidak,Domestik,140.8,160.0,6,6,12.666666666666666,6,5,12.2,91.7,12.43,Baik (>75%),7.6,2.6,0.32
STD-3659,Enrolled,Masih Aktif,,11.7,Rendah,Nursing,1st phase - general,Reguler (Siang),Perempuan,<=20,20,Single,Tidak,Lunas,Ya,Tidak,Tidak,Domestik,112.1,117.0,7,5,13.188,8,7,12.892857142857142,80.0,13.04,Baik (>75%),11.1,0.6,2.02
STD-4290,Enrolled,Masih Aktif,,11.6,Rendah,Journalism & Comm,1st phase - general,Reguler (Siang),Perempuan,<=20,18,Single,Tidak,Lunas,Ya,Ya,Tidak,Domestik,131.0,145.0,6,6,12.166666666666666,6,5,11.2,91.7,11.68,Baik (>75%),7.6,2.6,0.32
STD-3697,Enrolled,Masih Aktif,,11.6,Rendah,Nursing,Change of course,Reguler (Siang),Perempuan,<=20,20,Single,Tidak,Lunas,Tidak,Tidak,Tidak,Domestik,100.0,170.0,7,6,13.25,8,8,13.75,93.3,13.5,Baik (>75%),13.9,-0.3,0.79
STD-3915,Enrolled,Masih Aktif,,11.5,Rendah,Veterinary Nursing,1st phase - Madeira,Reguler (Siang),Laki-laki,<=20,18,Single,Tidak,Lunas,Tidak,Ya,Tidak,Domestik,123.9,134.0,5,5,13.0,5,5,12.4,100.0,12.7,Baik (>75%),9.4,-0.8,-3.12
STD-3740,Enrolled,Masih Aktif,,11.3,Rendah,Nursing,Change of course,Reguler (Siang),Perempuan,<=20,18,Single,Tidak,Lunas,Ya,Ya,Tidak,Domestik,124.3,126.0,7,5,11.98,7,5,11.98,71.4,11.98,Sedang (50-75%),7.6,2.6,0.32
STD-4212,Enrolled,Masih Aktif,,11.1,Rendah,Veterinary Nursing,Tech. specialization holder,Reguler (Siang),Perempuan,21-23,23,Single,Tidak,Lunas,Tidak,Ya,Tidak,Domestik,150.0,150.0,6,4,11.5,6,4,12.2,66.7,11.85,Sedang (50-75%),8.9,1.4,3.51
STD-3874,Enrolled,Masih Aktif,,11.0,Rendah,Management,1st phase - general,Reguler (Siang),Laki-laki,<=20,20,Single,Tidak,Lunas,Tidak,Tidak,Tidak,Domestik,117.8,123.0,5,5,12.0,5,4,13.0,90.0,12.5,Baik (>75%),8.9,1.4,3.51
STD-4317,Enrolled,Masih Aktif,,10.9,Rendah,Nursing,1st phase - general,Reguler (Siang),Perempuan,<=20,18,Single,Tidak,Lunas,Tidak,Ya,Tidak,Domestik,126.1,131.0,7,7,12.59125,8,7,12.820000000000002,93.3,12.71,Baik (>75%),15.5,2.8,-4.06
STD-4418,Enrolled,Masih Aktif,,10.9,Rendah,Nursing,Holder of other higher course,Reguler (Siang),Perempuan,28-35,32,Married,Tidak,Lunas,Tidak,Tidak,Tidak,Domestik,130.0,130.0,7,7,13.761111111111113,8,7,12.06375,93.3,12.91,Baik (>75%),15.5,2.8,-4.06
STD-3856,Enrolled,Masih Aktif,,10.8,Rendah,Nursing,1st phase - general,Reguler (Siang),Perempuan,<=20,19,Single,Tidak,Lunas,Ya,Ya,Tidak,Domestik,120.5,128.0,7,5,13.04,7,7,12.5,85.7,12.77,Baik (>75%),12.4,0.5,1.79
STD-4350,Enrolled,Masih Aktif,,10.7,Rendah,Nursing,2nd phase - general,Reguler (Siang),Perempuan,<=20,18,Single,Tidak,Lunas,Tidak,Ya,Tidak,Domestik,136.3,145.0,8,7,12.285714285714286,8,7,12.285714285714286,87.5,12.29,Baik (>75%),12.7,3.7,-1.7
STD-4411,Enrolled,Masih Aktif,,10.7,Rendah,Advertising & Marketing,1st phase - general,Reguler (Siang),Perempuan,<=20,18,Single,Tidak,Lunas,Ya,Tidak,Tidak,Domestik,127.2,131.0,5,3,12.666666666666666,5,4,12.5,70.0,12.58,Sedang (50-75%),9.4,-0.8,-3.12
STD-4157,Enrolled,Masih Aktif,,10.5,Rendah,Management,Change of institution/course,Reguler (Siang),Perempuan,>35,53,Single,Tidak,Lunas,Tidak,Tidak,Tidak,Domestik,118.0,160.0,15,15,11.8,13,12,11.666666666666666,96.4,11.73,Baik (>75%),8.9,1.4,3.51
STD-4134,Enrolled,Masih Aktif,,10.5,Rendah,Nursing,1st phase - general,Reguler (Siang),Perempuan,<=20,19,Single,Tidak,Lunas,Ya,Tidak,Tidak,Domestik,120.2,126.0,7,5,14.06,7,7,11.242857142857142,85.7,12.65,Baik (>75%),12.4,0.5,1.79
STD-3710,Enrolled,Masih Aktif,,10.4,Rendah,Tourism,1st phase - general,Reguler (Siang),Perempuan,<=20,20,Single,Tidak,Lunas,Ya,Ya,Tidak,Domestik,114.3,122.0,6,5,12.8,6,5,12.8,83.3,12.8,Baik (>75%),12.4,0.5,1.79
STD-4125,Enrolled,Masih Aktif,,10.4,Rendah,Nursing,1st phase - general,Reguler (Siang),Perempuan,<=20,20,Single,Tidak,Lunas,Tidak,Ya,Tidak,Domestik,122.0,131.0,8,7,14.014285714285714,8,7,14.014285714285714,87.5,14.01,Baik (>75%),12.7,3.7,-1.7
STD-4119,Enrolled,Masih Aktif,,10.3,Rendah,Oral Hygiene,Over 23 years old,Reguler (Siang),Perempuan,24-27,25,Divorced,Tidak,Lunas,Tidak,Tidak,Tidak,Domestik,130.0,160.0,7,7,11.95,8,7,12.042857142857144,93.3,12.0,Baik (>75%),12.7,3.7,-1.7
STD-3735,Enrolled,Masih Aktif,,10.2,Rendah,Management (evening),Over 23 years old,Kelas Malam,Perempuan,28-35,28,Single,Tidak,Lunas,Ya,Ya,Tidak,Domestik,150.0,172.0,5,5,10.6,5,5,10.2,100.0,10.4,Baik (>75%),9.4,-0.8,-3.12
STD-3789,Enrolled,Masih Aktif,,10.1,Rendah,Tourism,1st phase - general,Reguler (Siang),Perempuan,21-23,21,Single,Tidak,Lunas,Tidak,Ya,Tidak,Domestik,113.8,112.0,6,6,10.833333333333334,6,4,11.0,83.3,10.92,Baik (>75%),7.6,2.6,0.32
STD-4367,Enrolled,Masih Aktif,,10.0,Rendah,Veterinary Nursing,1st phase - general,Reguler (Siang),Perempuan,<=20,19,Single,Tidak,Lunas,Tidak,Tidak,Tidak,Domestik,129.1,134.0,5,3,12.0,5,4,13.5,70.0,12.75,Sedang (50-75%),7.6,2.6,0.32
STD-4143,Enrolled,Masih Aktif,,10.0,Rendah,Management,1st phase - general,Reguler (Siang),Perempuan,<=20,19,Single,Tidak,Lunas,Ya,Tidak,Tidak,Domestik,117.8,129.0,5,4,11.0,5,4,13.857142857142858,80.0,12.43,Baik (>75%),10.8,1.4,1.74
STD-3670,Enrolled,Masih Aktif,,9.9,Rendah,Oral Hygiene,Over 23 years old,Reguler (Siang),Perempuan,24-27,25,Single,Tidak,Lunas,Tidak,Tidak,Tidak,Domestik,145.0,130.0,7,6,12.125,8,8,13.3125,93.3,12.72,Baik (>75%),15.5,2.8,-4.06
STD-4234,Enrolled,Masih Aktif,,9.6,Rendah,Management,1st phase - general,Reguler (Siang),Perempuan,21-23,21,Single,Tidak,Lunas,Tidak,Ya,Tidak,Domestik,135.0,143.0,5,4,11.0,5,5,12.0,90.0,11.5,Baik (>75%),7.6,2.6,0.32
STD-4173,Enrolled,Masih Aktif,,9.5,Rendah,Nursing,Over 23 years old,Reguler (Siang),Perempuan,24-27,24,Single,Tidak,Lunas,Tidak,Tidak,Tidak,Domestik,130.0,148.0,8,7,12.714285714285714,8,7,12.714285714285714,87.5,12.71,Baik (>75%),12.7,3.7,-1.7
STD-3830,Enrolled,Masih Aktif,,9.5,Rendah,Nursing,1st phase - general,Reguler (Siang),Perempuan,<=20,19,Single,Tidak,Lunas,Tidak,Ya,Tidak,Domestik,96.0,133.1,7,6,13.598333333333334,8,6,11.933333333333332,80.0,12.77,Baik (>75%),11.1,0.6,2.02
STD-4175,Enrolled,Masih Aktif,,9.4,Rendah,Journalism & Comm,1st phase - general,Reguler (Siang),Perempuan,<=20,18,Single,Tidak,Lunas,Tidak,Ya,Ya,Domestik,139.8,137.0,6,6,12.571428571428571,6,6,12.571428571428571,100.0,12.57,Baik (>75%),10.8,1.4,1.74
STD-4389,Enrolled,Masih Aktif,,9.3,Rendah,Journalism & Comm,2nd phase - general,Reguler (Siang),Perempuan,<=20,18,Single,Tidak,Lunas,Tidak,Tidak,Tidak,Domestik,135.0,135.0,6,6,13.5,6,6,13.333333333333334,100.0,13.42,Baik (>75%),12.4,0.5,1.79
STD-4188,Enrolled,Masih Aktif,,9.2,Rendah,Journalism & Comm,1st phase - general,Reguler (Siang),Perempuan,<=20,18,Single,Tidak,Lunas,Tidak,Ya,Tidak,Domestik,121.1,127.0,6,6,13.166666666666666,6,6,12.5,100.0,12.83,Baik (>75%),15.5,2.8,-4.06
STD-4298,Enrolled,Masih Aktif,,9.0,Rendah,Management,Over 23 years old,Reguler (Siang),Laki-laki,24-27,26,Facto Union,Tidak,Lunas,Tidak,Tidak,Tidak,Domestik,119.8,133.1,5,5,12.0,5,5,10.2,100.0,11.1,Baik (>75%),11.1,0.6,2.02
STD-4251,Enrolled,Masih Aktif,,9.0,Rendah,Oral Hygiene,2nd phase - general,Reguler (Siang),Perempuan,<=20,19,Single,Tidak,Lunas,Tidak,Tidak,Tidak,Domestik,119.0,133.0,7,6,11.15,7,7,12.814285714285717,92.9,11.98,Baik (>75%),12.7,3.7,-1.7
STD-4130,Enrolled,Masih Aktif,,8.8,Rendah,Social Service (eve),Change of course,Kelas Malam,Perempuan,>35,45,Single,Tidak,Lunas,Tidak,Tidak,Tidak,Domestik,100.0,120.0,9,8,11.0,7,6,10.833333333333334,87.5,10.92,Baik (>75%),12.7,3.7,-1.7
STD-3635,Enrolled,Masih Aktif,,8.6,Rendah,Veterinary Nursing,1st phase - general,Reguler (Siang),Perempuan,<=20,18,Single,Tidak,Lunas,Tidak,Ya,Tidak,Domestik,131.0,138.0,5,5,12.666666666666666,5,4,13.0,90.0,12.83,Baik (>75%),9.4,-0.8,-3.12
STD-4081,Enrolled,Masih Aktif,,8.5,Rendah,Equinculture,Change of course,Reguler (Siang),Perempuan,<=20,19,Single,Tidak,Lunas,Tidak,Tidak,Tidak,Internasional,100.0,100.0,5,5,14.857142857142858,5,5,15.142857142857142,100.0,15.0,Baik (>75%),9.4,-0.8,-3.12
STD-4224,Enrolled,Masih Aktif,,8.4,Rendah,Tourism,1st phase - general,Reguler (Siang),Laki-laki,<=20,20,Single,Tidak,Lunas,Tidak,Tidak,Tidak,Domestik,118.3,120.0,6,6,12.857142857142858,6,5,12.4,91.7,12.63,Baik (>75%),8.9,1.4,3.51
STD-3678,Enrolled,Masih Aktif,,8.3,Rendah,Agronomy,Tech. specialization holder,Reguler (Siang),Perempuan,24-27,24,Single,Tidak,Lunas,Tidak,Tidak,Tidak,Domestik,140.0,140.0,6,6,11.428571428571429,6,5,13.0,91.7,12.21,Baik (>75%),12.4,0.5,1.79
STD-4351,Enrolled,Masih Aktif,,8.2,Rendah,Communication Design,Change of course,Reguler (Siang),Perempuan,<=20,19,Single,Tidak,Lunas,Tidak,Tidak,Tidak,Domestik,140.8,150.0,6,5,12.4,6,6,12.75,91.7,12.58,Baik (>75%),10.8,1.4,1.74
STD-3640,Enrolled,Masih Aktif,,8.2,Rendah,Nursing,1st phase - general,Reguler (Siang),Perempuan,<=20,19,Single,Tidak,Lunas,Ya,Ya,Tidak,Domestik,121.3,139.0,8,6,11.833333333333334,8,6,11.833333333333334,75.0,11.83,Sedang (50-75%),9.4,-0.8,-3.12
STD-4248,Enrolled,Masih Aktif,,8.1,Rendah,Journalism & Comm,1st phase - general,Reguler (Siang),Perempuan,<=20,19,Single,Tidak,Lunas,Tidak,Tidak,Tidak,Domestik,144.8,143.0,6,6,12.166666666666666,6,6,12.5,100.0,12.33,Baik (>75%),16.2,0.3,-0.92
STD-3652,Enrolled,Masih Aktif,,8.1,Rendah,Veterinary Nursing,1st phase - general,Reguler (Siang),Perempuan,<=20,19,Single,Tidak,Lunas,Tidak,Ya,Tidak,Domestik,134.3,135.0,5,5,14.2,5,5,13.8,100.0,14.0,Baik (>75%),12.7,3.7,-1.7
STD-4220,Enrolled,Masih Aktif,,7.9,Rendah,Nursing,2nd phase - general,Reguler (Siang),Perempuan,<=20,18,Single,Tidak,Lunas,Tidak,Ya,Tidak,Domestik,130.8,132.0,8,7,13.68142857142857,8,7,13.68142857142857,87.5,13.68,Baik (>75%),10.8,1.4,1.74
STD-4356,Enrolled,Masih Aktif,,7.9,Rendah,Advertising & Marketing,1st phase - general,Reguler (Siang),Perempuan,<=20,18,Single,Tidak,Lunas,Ya,Ya,Tidak,Domestik,131.8,143.0,6,6,13.571428571428571,6,5,12.8,91.7,13.19,Baik (>75%),12.4,0.5,1.79
STD-3760,Enrolled,Masih Aktif,,7.7,Rendah,Tourism,1st phase - general,Reguler (Siang),Laki-laki,21-23,23,Single,Tidak,Lunas,Tidak,Tidak,Tidak,Domestik,113.6,115.0,6,6,13.0,6,6,12.0,100.0,12.5,Baik (>75%),11.1,0.6,2.02
STD-3766,Enrolled,Masih Aktif,,7.5,Rendah,Management,1st phase - general,Reguler (Siang),Laki-laki,<=20,20,Single,Tidak,Lunas,Tidak,Tidak,Tidak,Domestik,111.3,120.0,5,5,10.2,5,5,11.2,100.0,10.7,Baik (>75%),12.4,0.5,1.79
STD-3917,Enrolled,Masih Aktif,,7.4,Rendah,Nursing,1st phase - general,Reguler (Siang),Perempuan,<=20,19,Single,Tidak,Lunas,Tidak,Tidak,Tidak,Domestik,124.3,141.0,8,7,14.514285714285714,8,7,14.514285714285714,87.5,14.51,Baik (>75%),12.7,3.7,-1.7
STD-3780,Enrolled,Masih Aktif,,7.1,Rendah,Veterinary Nursing,1st phase - general,Reguler (Siang),Perempuan,<=20,20,Single,Tidak,Lunas,Tidak,Ya,Tidak,Internasional,131.6,140.0,7,6,14.714285714285714,7,6,13.2,85.7,13.96,Baik (>75%),12.4,0.5,1.79
STD-3843,Enrolled,Masih Aktif,,6.9,Rendah,Communication Design,1st phase - general,Reguler (Siang),Laki-laki,<=20,20,Single,Tidak,Lunas,Ya,Ya,Tidak,Domestik,132.9,129.0,6,6,11.375,6,5,13.8,91.7,12.59,Baik (>75%),7.6,2.6,0.32
STD-4371,Enrolled,Masih Aktif,,6.9,Rendah,Oral Hygiene,Change of course,Reguler (Siang),Perempuan,21-23,22,Single,Tidak,Lunas,Tidak,Ya,Tidak,Domestik,123.5,128.0,7,6,10.744444444444444,8,8,11.8375,93.3,11.29,Baik (>75%),12.7,3.7,-1.7
STD-4327,Enrolled,Masih Aktif,,6.8,Rendah,Advertising & Marketing,1st phase - general,Reguler (Siang),Perempuan,<=20,18,Single,Tidak,Lunas,Tidak,Ya,Tidak,Domestik,124.1,130.0,6,6,14.166666666666666,6,6,13.428571428571429,100.0,13.8,Baik (>75%),8.9,1.4,3.51
STD-3884,Enrolled,Masih Aktif,,6.7,Rendah,Agronomy,Over 23 years old,Reguler (Siang),Laki-laki,28-35,28,Divorced,Tidak,Lunas,Tidak,Tidak,Tidak,Domestik,150.0,140.0,6,5,12.0,6,6,12.333333333333334,91.7,12.17,Baik (>75%),11.1,0.6,2.02
STD-3753,Enrolled,Masih Aktif,,6.7,Rendah,Nursing,1st phase - general,Reguler (Siang),Perempuan,<=20,19,Single,Tidak,Lunas,Tidak,Ya,Tidak,Domestik,117.4,117.0,7,5,11.8,7,6,11.708333333333334,78.6,11.75,Baik (>75%),11.1,0.6,2.02
STD-3707,Enrolled,Masih Aktif,,6.5,Rendah,Tourism,2nd phase - general,Reguler (Siang),Perempuan,<=20,20,Single,Tidak,Lunas,Ya,Tidak,Tidak,Domestik,118.2,122.0,6,4,11.25,6,6,10.5,83.3,10.88,Baik (>75%),12.4,0.5,1.79
STD-3835,Enrolled,Masih Aktif,,6.3,Rendah,Nursing,1st phase - general,Reguler (Siang),Perempuan,<=20,18,Single,Tidak,Lunas,Ya,Ya,Tidak,Domestik,121.3,126.0,7,6,13.533333333333331,7,7,12.228571428571428,92.9,12.88,Baik (>75%),12.4,0.5,1.79
STD-4324,Enrolled,Masih Aktif,,6.3,Rendah,Tourism,1st phase - general,Reguler (Siang),Perempuan,<=20,20,Single,Tidak,Lunas,Ya,Ya,Tidak,Domestik,120.0,128.0,6,6,14.5,6,5,15.0,91.7,14.75,Baik (>75%),12.4,0.5,1.79
STD-4361,Enrolled,Masih Aktif,,6.2,Rendah,Oral Hygiene,Change of course,Reguler (Siang),Perempuan,<=20,20,Single,Tidak,Lunas,Tidak,Ya,Ya,Domestik,140.2,149.0,7,7,12.333333333333334,8,8,12.625,100.0,12.48,Baik (>75%),12.7,3.7,-1.7
STD-3776,Enrolled,Masih Aktif,,6.2,Rendah,Communication Design,1st phase - general,Reguler (Siang),Perempuan,<=20,20,Single,Tidak,Lunas,Tidak,Ya,Tidak,Domestik,121.3,123.0,6,6,11.166666666666666,6,6,11.5,100.0,11.33,Baik (>75%),12.4,0.5,1.79
STD-4403,Enrolled,Masih Aktif,,6.2,Rendah,Oral Hygiene,Over 23 years old,Reguler (Siang),Laki-laki,24-27,24,Single,Tidak,Lunas,Ya,Tidak,Tidak,Domestik,110.0,130.0,7,6,10.857142857142858,7,7,11.857142857142858,92.9,11.36,Baik (>75%),12.7,3.7,-1.7
STD-4217,Enrolled,Masih Aktif,,5.7,Rendah,Nursing,Change of course,Reguler (Siang),Perempuan,24-27,26,Single,Tidak,Lunas,Tidak,Ya,Tidak,Domestik,120.0,120.0,7,6,12.0,7,6,12.0,85.7,12.0,Baik (>75%),7.6,2.6,0.32
STD-4141,Enrolled,Masih Aktif,,5.7,Rendah,Advertising & Marketing,1st phase - general,Reguler (Siang),Perempuan,<=20,18,Single,Tidak,Lunas,Tidak,Ya,Tidak,Domestik,126.6,122.0,6,6,14.625,6,6,14.142857142857142,100.0,14.38,Baik (>75%),11.1,0.6,2.02
STD-4354,Enrolled,Masih Aktif,,5.6,Rendah,Social Service (eve),Change of course,Kelas Malam,Perempuan,<=20,20,Single,Tidak,Lunas,Tidak,Tidak,Tidak,Domestik,118.3,120.0,6,6,12.166666666666666,6,5,14.0,91.7,13.08,Baik (>75%),12.7,3.7,-1.7
STD-4040,Enrolled,Masih Aktif,,5.5,Rendah,Nursing,Over 23 years old,Reguler (Siang),Laki-laki,24-27,27,Single,Tidak,Lunas,Tidak,Ya,Tidak,Domestik,126.0,110.0,7,7,14.085714285714284,7,7,14.085714285714284,100.0,14.09,Baik (>75%),7.6,2.6,0.32
STD-3804,Enrolled,Masih Aktif,,5.3,Rendah,Nursing,1st phase - general,Reguler (Siang),Perempuan,<=20,20,Single,Tidak,Lunas,Ya,Ya,Tidak,Domestik,107.8,113.0,7,5,14.46,7,6,13.55,78.6,14.0,Baik (>75%),12.4,0.5,1.79
STD-3859,Enrolled,Masih Aktif,,5.2,Rendah,Veterinary Nursing,1st phase - general,Reguler (Siang),Perempuan,<=20,20,Single,Tidak,Lunas,Tidak,Tidak,Tidak,Domestik,124.3,132.0,6,6,13.428571428571429,6,5,12.666666666666666,91.7,13.05,Baik (>75%),13.9,-0.3,0.79
STD-4236,Enrolled,Masih Aktif,,5.1,Rendah,Nursing,1st phase - general,Reguler (Siang),Perempuan,<=20,19,Single,Tidak,Lunas,Ya,Ya,Tidak,Domestik,132.3,145.0,8,7,14.06,8,7,14.06,87.5,14.06,Baik (>75%),10.8,1.4,1.74
STD-4375,Enrolled,Masih Aktif,,5.1,Rendah,Nursing,1st phase - general,Reguler (Siang),Perempuan,<=20,18,Single,Tidak,Lunas,Ya,Ya,Tidak,Domestik,118.0,131.0,8,7,13.242857142857144,8,7,13.242857142857144,87.5,13.24,Baik (>75%),12.7,3.7,-1.7
STD-4232,Enrolled,Masih Aktif,,5.0,Rendah,Social Service (eve),1st phase - general,Kelas Malam,Laki-laki,24-27,26,Single,Tidak,Lunas,Tidak,Ya,Tidak,Domestik,127.6,123.0,6,6,11.833333333333334,6,6,11.666666666666666,100.0,11.75,Baik (>75%),10.8,1.4,1.74
STD-4027,Enrolled,Masih Aktif,,4.8,Rendah,Advertising & Marketing,1st phase - general,Reguler (Siang),Laki-laki,<=20,19,Single,Tidak,Lunas,Ya,Tidak,Tidak,Domestik,116.1,122.0,6,6,13.125,6,6,12.714285714285714,100.0,12.92,Baik (>75%),11.1,0.6,2.02
STD-4203,Enrolled,Masih Aktif,,4.8,Rendah,Social Service,2nd phase - general,Reguler (Siang),Perempuan,<=20,19,Single,Tidak,Lunas,Ya,Ya,Tidak,Domestik,120.2,131.0,6,5,11.333333333333334,6,6,10.833333333333334,91.7,11.08,Baik (>75%),13.9,-0.3,0.79
STD-3633,Enrolled,Masih Aktif,,4.7,Rendah,Oral Hygiene,3rd phase - general,Reguler (Siang),Perempuan,<=20,20,Single,Tidak,Lunas,Tidak,Ya,Tidak,Domestik,121.8,127.0,7,7,11.4375,8,8,11.425,100.0,11.43,Baik (>75%),12.7,3.7,-1.7
STD-3677,Enrolled,Masih Aktif,,4.6,Rendah,Communication Design,2nd phase - general,Reguler (Siang),Perempuan,<=20,18,Single,Tidak,Lunas,Tidak,Tidak,Tidak,Domestik,113.9,123.0,6,6,12.5,6,6,12.333333333333334,100.0,12.42,Baik (>75%),15.5,2.8,-4.06
STD-3870,Enrolled,Masih Aktif,,4.5,Rendah,Tourism,1st phase - general,Reguler (Siang),Perempuan,<=20,18,Single,Tidak,Lunas,Ya,Ya,Tidak,Domestik,122.0,129.0,6,6,10.833333333333334,6,5,11.0,91.7,10.92,Baik (>75%),7.6,2.6,0.32
STD-3958,Enrolled,Masih Aktif,,4.4,Rendah,Management,1st phase - general,Reguler (Siang),Perempuan,<=20,18,Single,Tidak,Lunas,Ya,Tidak,Tidak,Domestik,122.1,128.0,5,4,11.571428571428571,5,5,12.0,90.0,11.79,Baik (>75%),13.9,-0.3,0.79
STD-4083,Enrolled,Masih Aktif,,4.1,Rendah,Communication Design,2nd phase - general,Reguler (Siang),Perempuan,<=20,20,Single,Tidak,Lunas,Ya,Ya,Tidak,Domestik,153.1,145.0,6,6,12.5,6,6,14.333333333333334,100.0,13.42,Baik (>75%),12.7,3.7,-1.7
STD-4315,Enrolled,Masih Aktif,,4.1,Rendah,Agronomy,Tech. specialization holder,Reguler (Siang),Laki-laki,<=20,19,Single,Tidak,Lunas,Tidak,Tidak,Tidak,Domestik,130.0,130.0,6,5,11.5,6,6,11.333333333333334,91.7,11.42,Baik (>75%),12.4,0.5,1.79
STD-4162,Enrolled,Masih Aktif,,4.0,Rendah,Social Service (eve),Over 23 years old,Kelas Malam,Perempuan,>35,48,Legally Separated,Tidak,Lunas,Ya,Tidak,Tidak,Domestik,119.0,133.1,6,6,10.666666666666666,6,5,11.8,91.7,11.23,Baik (>75%),10.8,1.4,1.74
STD-4259,Enrolled,Masih Aktif,,4.0,Rendah,Nursing,1st phase - general,Reguler (Siang),Perempuan,<=20,19,Single,Tidak,Lunas,Ya,Ya,Tidak,Domestik,124.0,135.0,8,7,12.771428571428572,8,7,12.771428571428572,87.5,12.77,Baik (>75%),9.4,-0.8,-3.12
STD-3778,Enrolled,Masih Aktif,,3.9,Rendah,Communication Design,2nd phase - general,Reguler (Siang),Perempuan,<=20,20,Single,Tidak,Lunas,Tidak,Tidak,Tidak,Domestik,130.8,136.0,6,6,12.5,6,6,11.5,100.0,12.0,Baik (>75%),10.8,1.4,1.74
STD-4179,Enrolled,Masih Aktif,,3.8,Rendah,Journalism & Comm,1st phase - general,Reguler (Siang),Perempuan,<=20,19,Single,Tidak,Lunas,Tidak,Tidak,Tidak,Domestik,137.4,130.0,6,6,15.0,6,6,14.0,100.0,14.5,Baik (>75%),15.5,2.8,-4.06
STD-4347,Enrolled,Masih Aktif,,3.8,Rendah,Management (evening),1st phase - general,Kelas Malam,Perempuan,>35,38,Divorced,Tidak,Lunas,Ya,Tidak,Tidak,Domestik,139.0,140.0,5,5,11.0,5,5,11.4,100.0,11.2,Baik (>75%),9.4,-0.8,-3.12
STD-3655,Enrolled,Masih Aktif,,3.7,Rendah,Nursing,Change of course,Reguler (Siang),Perempuan,<=20,20,Single,Tidak,Lunas,Tidak,Tidak,Tidak,Domestik,100.0,130.0,7,6,11.616666666666667,7,7,13.0,92.9,12.31,Baik (>75%),13.9,-0.3,0.79
STD-4070,Enrolled,Masih Aktif,,3.6,Rendah,Agronomy,Tech. specialization holder,Reguler (Siang),Laki-laki,<=20,20,Single,Tidak,Lunas,Ya,Tidak,Tidak,Domestik,140.0,140.0,6,5,13.833333333333334,6,6,12.3,91.7,13.07,Baik (>75%),15.5,2.8,-4.06
STD-3858,Enrolled,Masih Aktif,,3.6,Rendah,Social Service,1st phase - general,Reguler (Siang),Perempuan,<=20,20,Single,Tidak,Lunas,Ya,Tidak,Tidak,Domestik,105.9,108.0,6,5,10.6,6,5,11.166666666666666,83.3,10.88,Baik (>75%),11.1,0.6,2.02
STD-4187,Enrolled,Masih Aktif,,3.5,Rendah,Social Service,1st phase - general,Reguler (Siang),Perempuan,<=20,19,Single,Tidak,Lunas,Tidak,Ya,Tidak,Domestik,135.9,138.0,6,5,11.6,6,6,11.666666666666666,91.7,11.63,Baik (>75%),7.6,2.6,0.32
STD-3675,Enrolled,Masih Aktif,,3.4,Rendah,Communication Design,2nd phase - general,Reguler (Siang),Perempuan,<=20,18,Single,Tidak,Lunas,Tidak,Tidak,Tidak,Domestik,110.8,116.0,6,6,11.833333333333334,6,6,12.5,100.0,12.17,Baik (>75%),7.6,2.6,0.32
STD-4138,Enrolled,Masih Aktif,,3.4,Rendah,Social Service,1st phase - general,Reguler (Siang),Perempuan,<=20,20,Single,Tidak,Lunas,Tidak,Ya,Tidak,Domestik,129.9,132.0,6,5,13.2,6,6,12.666666666666666,91.7,12.93,Baik (>75%),10.8,1.4,1.74
STD-4166,Enrolled,Masih Aktif,,3.3,Rendah,Oral Hygiene,Over 23 years old,Reguler (Siang),Perempuan,28-35,28,Married,Tidak,Lunas,Tidak,Ya,Tidak,Internasional,152.8,133.1,7,7,12.428571428571429,8,8,12.3,100.0,12.36,Baik (>75%),12.4,0.5,1.79
STD-4355,Enrolled,Masih Aktif,,3.3,Rendah,Social Service,Over 23 years old,Reguler (Siang),Perempuan,28-35,31,Married,Tidak,Lunas,Tidak,Tidak,Tidak,Domestik,130.0,133.1,6,6,13.166666666666666,6,6,13.0,100.0,13.08,Baik (>75%),9.4,-0.8,-3.12
STD-4366,Enrolled,Masih Aktif,,3.3,Rendah,Nursing,Change of course,Reguler (Siang),Perempuan,24-27,24,Single,Tidak,Lunas,Ya,Ya,Tidak,Domestik,115.4,121.0,8,7,11.971428571428572,8,7,11.971428571428572,87.5,11.97,Baik (>75%),12.7,3.7,-1.7
STD-4275,Enrolled,Masih Aktif,,3.2,Rendah,Communication Design,1st phase - general,Reguler (Siang),Laki-laki,<=20,19,Single,Tidak,Lunas,Tidak,Ya,Tidak,Domestik,125.0,140.0,6,6,12.666666666666666,6,6,12.142857142857142,100.0,12.4,Baik (>75%),9.4,-0.8,-3.12
STD-4147,Enrolled,Masih Aktif,,3.0,Rendah,Communication Design,1st phase - general,Reguler (Siang),Perempuan,<=20,18,Single,Tidak,Lunas,Tidak,Ya,Tidak,Domestik,136.4,129.0,6,6,12.333333333333334,6,6,12.833333333333334,100.0,12.58,Baik (>75%),7.6,2.6,0.32
STD-4359,Enrolled,Masih Aktif,,3.0,Rendah,Nursing,Over 23 years old,Reguler (Siang),Perempuan,24-27,25,Single,Tidak,Lunas,Ya,Ya,Tidak,Domestik,120.0,130.0,8,7,13.29,8,7,13.29,87.5,13.29,Baik (>75%),9.4,-0.8,-3.12
STD-4101,Enrolled,Masih Aktif,,2.9,Rendah,Nursing,1st phase - general,Reguler (Siang),Laki-laki,<=20,19,Single,Tidak,Lunas,Tidak,Tidak,Tidak,Domestik,125.3,137.0,7,7,12.2,7,7,12.2,100.0,12.2,Baik (>75%),7.6,2.6,0.32
STD-3796,Enrolled,Masih Aktif,,2.8,Rendah,Management (evening),Tech. specialization holder,Kelas Malam,Perempuan,28-35,31,Single,Tidak,Lunas,Tidak,Tidak,Tidak,Domestik,150.0,150.0,6,6,12.0,7,7,13.428571428571429,100.0,12.71,Baik (>75%),9.4,-0.8,-3.12
STD-4079,Enrolled,Masih Aktif,,2.7,Rendah,Equinculture,2nd phase - general,Reguler (Siang),Perempuan,<=20,18,Single,Tidak,Lunas,Ya,Ya,Tidak,Domestik,126.3,138.0,6,6,12.833333333333334,6,6,13.0,100.0,12.92,Baik (>75%),8.9,1.4,3.51
STD-4038,Enrolled,Masih Aktif,,2.6,Rendah,Communication Design,1st phase - general,Reguler (Siang),Laki-laki,21-23,22,Single,Tidak,Lunas,Ya,Ya,Tidak,Domestik,107.6,110.0,6,6,11.666666666666666,6,6,12.166666666666666,100.0,11.92,Baik (>75%),7.6,2.6,0.32
STD-3666,Enrolled,Masih Aktif,,2.6,Rendah,Management (evening),Tech. specialization holder,Kelas Malam,Perempuan,24-27,26,Single,Tidak,Lunas,Ya,Tidak,Tidak,Domestik,140.0,140.0,6,6,12.666666666666666,6,6,13.166666666666666,100.0,12.92,Baik (>75%),9.4,-0.8,-3.12
STD-3683,Enrolled,Masih Aktif,,2.5,Rendah,Veterinary Nursing,1st phase - general,Reguler (Siang),Perempuan,<=20,18,Single,Tidak,Lunas,Tidak,Ya,Tidak,Domestik,136.8,135.0,5,5,14.0,5,5,11.6,100.0,12.8,Baik (>75%),9.4,-0.8,-3.12
STD-3747,Enrolled,Masih Aktif,,2.1,Rendah,Nursing,1st phase - general,Reguler (Siang),Perempuan,<=20,18,Single,Tidak,Lunas,Tidak,Ya,Tidak,Domestik,133.8,143.0,8,8,14.26875,8,8,14.26875,100.0,14.27,Baik (>75%),9.4,-0.8,-3.12
STD-3901,Enrolled,Masih Aktif,,2.0,Rendah,Social Service (eve),1st phase - general,Kelas Malam,Perempuan,>35,45,Married,Tidak,Lunas,Tidak,Ya,Tidak,Domestik,114.4,121.0,12,12,14.0,7,7,13.857142857142858,100.0,13.93,Baik (>75%),7.6,2.6,0.32
STD-3714,Enrolled,Masih Aktif,,1.7,Rendah,Social Service,2nd phase - general,Reguler (Siang),Perempuan,21-23,21,Single,Tidak,Lunas,Ya,Ya,Tidak,Domestik,118.6,128.0,6,5,13.2,6,5,11.8,83.3,12.5,Baik (>75%),8.9,1.4,3.51
STD-3807,Enrolled,Masih Aktif,,1.5,Rendah,Communication Design,1st phase - general,Reguler (Siang),Perempuan,<=20,18,Single,Tidak,Lunas,Ya,Tidak,Tidak,Domestik,118.0,125.0,6,6,14.333333333333334,6,6,14.0,100.0,14.17,Baik (>75%),11.1,0.6,2.02
STD-4218,Enrolled,Masih Aktif,,1.1,Rendah,Management,Short cycle holder,Reguler (Siang),Perempuan,28-35,30,Married,Tidak,Lunas,Tidak,Tidak,Tidak,Domestik,132.4,130.0,11,9,12.22222222222222,9,9,11.6,90.0,11.91,Baik (>75%),8.9,1.4,3.51
STD-4061,Enrolled,Masih Aktif,,1.0,Rendah,Agronomy,Over 23 years old,Reguler (Siang),Laki-laki,24-27,24,Single,Tidak,Lunas,Tidak,Tidak,Tidak,Internasional,129.8,133.1,7,7,13.571428571428571,6,5,13.4,92.3,13.49,Baik (>75%),8.9,1.4,3.51
STD-4348,Enrolled,Masih Aktif,,1.0,Rendah,Animation & Multimedia,1st phase - general,Reguler (Siang),Laki-laki,<=20,19,Single,Tidak,Lunas,Ya,Ya,Tidak,Domestik,128.2,133.1,12,12,13.333333333333334,11,10,12.818181818181818,95.7,13.08,Baik (>75%),8.9,1.4,3.51
STD-3676,Enrolled,Masih Aktif,,0.6,Rendah,Nursing,1st phase - general,Reguler (Siang),Perempuan,<=20,18,Single,Tidak,Lunas,Ya,Tidak,Tidak,Domestik,142.3,143.0,7,7,13.79714285714286,8,8,13.775,100.0,13.79,Baik (>75%),12.4,0.5,1.79
STD-3916,Enrolled,Masih Aktif,,0.5,Rendah,Social Service (eve),Change of course,Kelas Malam,Laki-laki,>35,54,Single,Tidak,Lunas,Tidak,Tidak,Tidak,Domestik,100.0,130.0,13,13,13.307692307692308,11,11,12.818181818181818,100.0,13.06,Baik (>75%),12.7,3.7,-1.7
STD-4067,Enrolled,Masih Aktif,,0.3,Rendah,Animation & Multimedia,International student,Reguler (Siang),Laki-laki,21-23,21,Single,Tidak,Lunas,Tidak,Tidak,Tidak,Internasional,130.0,130.0,12,12,15.083333333333334,11,11,13.083333333333334,100.0,14.08,Baik (>75%),8.9,1.4,3.51
