Student_ID,Status,Is_Dropout,Skor_Risiko,Level_Risiko,Program_Studi,Jalur_Masuk,Kelas,Gender_Label,Kelompok_Usia,Age_at_enrollment,Status_Pernikahan,Debtor_Label,Tuition_fees_up_to_date_Label,Scholarship_holder_Label,Displaced_Label,Educational_special_needs_Label,International_Label,Admission_grade,Previous_qualification_grade,Curricular_units_1st_sem_enrolled,Curricular_units_1st_sem_approved,Curricular_units_1st_sem_grade,Curricular_units_2nd_sem_enrolled,Curricular_units_2nd_sem_approved,Curricular_units_2nd_sem_grade,Approval_Rate,Rata_Nilai,Kategori_Performa,Unemployment_rate,Inflation_rate,GDP
STD-0001,Dropout,1,61.7,Tinggi,Animation & Multimedia,2nd phase - general,Reguler (Siang),Laki-laki,<=20,20,Single,Tidak,Lunas,Tidak,Ya,Tidak,Domestik,127.3,122.0,0,0,0.0,0,0,0.0,0.0,0.0,Kritis (<25%),10.8,1.4,1.74
STD-0002,Graduate,0,7.0,Rendah,Tourism,International student,Reguler (Siang),Laki-laki,<=20,19,Single,Tidak,Menunggak,Tidak,Ya,Tidak,Domestik,142.5,160.0,6,6,14.0,6,6,13.666666666666666,100.0,13.83,Baik (>75%),13.9,-0.3,0.79
STD-0003,Dropout,1,97.8,Tinggi,Communication Design,1st phase - general,Reguler (Siang),Laki-laki,<=20,19,Single,Tidak,Menunggak,Tidak,Ya,Tidak,Domestik,124.8,122.0,6,0,0.0,6,0,0.0,0.0,0.0,Kritis (<25%),10.8,1.4,1.74
STD-0004,Graduate,0,6.5,Rendah,Journalism & Comm,2nd phase - general,Reguler (Siang),Perempuan,<=20,20,Single,Tidak,Lunas,Tidak,Ya,Tidak,Domestik,119.6,122.0,6,6,13.428571428571429,6,5,12.4,91.7,12.91,Baik (>75%),9.4,-0.8,-3.12
STD-0005,Graduate,0,7.7,Rendah,Social Service (eve),Over 23 years old,Kelas Malam,Perempuan,>35,45,Married,Tidak,Lunas,Tidak,Tidak,Tidak,Domestik,141.5,100.0,6,5,12.333333333333334,6,6,13.0,91.7,12.67,Baik (>75%),13.9,-0.3,0.79
STD-0006,Graduate,0,37.2,Sedang,Management (evening),Over 23 years old,Kelas Malam,Laki-laki,>35,50,Married,Ya,Lunas,Tidak,Tidak,Tidak,Domestik,114.8,133.1,5,5,11.857142857142858,5,5,11.5,100.0,11.68,Baik (>75%),16.2,0.3,-0.92
STD-0007,Graduate,0,2.5,Rendah,Nursing,1st phase - general,Reguler (Siang),Perempuan,<=20,18,Single,Tidak,Lunas,Ya,Ya,Tidak,Domestik,128.4,142.0,7,7,13.3,8,8,14.345,100.0,13.82,Baik (>75%),15.5,2.8,-4.06
STD-0008,Dropout,1,97.7,Tinggi,Tourism,3rd phase - general,Reguler (Siang),Laki-laki,21-23,22,Single,Tidak,Menunggak,Tidak,Ya,Tidak,Domestik,113.1,119.0,5,0,0.0,5,0,0.0,0.0,0.0,Kritis (<25%),15.5,2.8,-4.06
STD-0009,Graduate,0,2.8,Rendah,Social Service,1st phase - general,Reguler (Siang),Perempuan,21-23,21,Single,Tidak,Lunas,Ya,Tidak,Tidak,Internasional,129.3,137.0,6,6,13.875,6,6,14.142857142857142,100.0,14.01,Baik (>75%),16.2,0.3,-0.92
STD-0010,Dropout,1,85.3,Tinggi,Social Service,1st phase - general,Reguler (Siang),Perempuan,<=20,18,Single,Ya,Menunggak,Tidak,Ya,Tidak,Domestik,123.0,138.0,6,5,11.4,6,2,13.5,58.3,12.45,Sedang (50-75%),8.9,1.4,3.51
STD-0011,Graduate,0,7.0,Rendah,Advertising & Marketing,1st phase - general,Reguler (Siang),Perempuan,<=20,18,Single,Tidak,Lunas,Tidak,Ya,Tidak,Domestik,130.6,139.0,6,6,12.333333333333334,6,5,14.2,91.7,13.27,Baik (>75%),13.9,-0.3,0.79
STD-0012,Graduate,0,2.1,Rendah,Nursing,1st phase - general,Reguler (Siang),Perempuan,<=20,18,Single,Tidak,Lunas,Ya,Ya,Tidak,Domestik,119.3,136.0,8,7,13.214285714285714,8,7,13.214285714285714,87.5,13.21,Baik (>75%),12.7,3.7,-1.7
STD-0013,Dropout,1,97.6,Tinggi,Basic Education,1st phase - general,Reguler (Siang),Perempuan,<=20,19,Single,Tidak,Lunas,Tidak,Ya,Tidak,Domestik,130.2,133.0,6,0,0.0,6,0,0.0,0.0,0.0,Kritis (<25%),12.7,3.7,-1.7
STD-0014,Graduate,0,5.0,Rendah,Tourism,Short cycle holder,Reguler (Siang),Perempuan,21-23,21,Single,Tidak,Lunas,Ya,Ya,Tidak,Domestik,111.8,110.0,6,6,10.571428571428571,6,5,11.0,91.7,10.79,Baik (>75%),8.9,1.4,3.51
STD-0015,Graduate,0,3.4,Rendah,Veterinary Nursing,1st phase - general,Reguler (Siang),Perempuan,<=20,18,Single,Tidak,Lunas,Ya,Ya,Tidak,Domestik,137.1,149.0,5,4,13.25,5,5,12.0,90.0,12.62,Baik (>75%),10.8,1.4,1.74
STD-0016,Dropout,1,83.3,Tinggi,Journalism & Comm,1st phase - general,Reguler (Siang),Perempuan,<=20,20,Single,Tidak,Lunas,Tidak,Ya,Tidak,Domestik,120.7,127.0,6,5,13.2,6,0,0.0,41.7,6.6,Rendah (25-50%),15.5,2.8,-4.06
STD-0017,Enrolled,0,42.5,Sedang,Social Service,3rd phase - general,Reguler (Siang),Perempuan,<=20,18,Single,Tidak,Lunas,Tidak,Ya,Tidak,Domestik,137.4,137.0,6,1,12.0,6,2,11.0,25.0,11.5,Kritis (<25%),10.8,1.4,1.74
STD-0018,Graduate,0,2.2,Rendah,Nursing,2nd phase - general,Reguler (Siang),Perempuan,<=20,18,Single,Tidak,Lunas,Tidak,Ya,Tidak,Domestik,127.3,135.0,7,7,13.30625,8,8,14.545,100.0,13.93,Baik (>75%),15.5,2.8,-4.06
STD-0019,Graduate,0,3.9,Rendah,Equinculture,1st phase - general,Reguler (Siang),Perempuan,<=20,20,Single,Tidak,Lunas,Tidak,Ya,Tidak,Domestik,136.3,137.0,5,4,12.5,5,4,12.25,80.0,12.38,Baik (>75%),10.8,1.4,1.74
STD-0020,Enrolled,0,4.2,Rendah,Basic Education,1st phase - general,Reguler (Siang),Perempuan,<=20,18,Single,Tidak,Lunas,Tidak,Ya,Tidak,Domestik,124.6,140.0,7,6,11.666666666666666,7,6,13.5,85.7,12.58,Baik (>75%),16.2,0.3,-0.92
STD-0021,Graduate,0,56.3,Sedang,Animation & Multimedia,1st phase - general,Reguler (Siang),Perempuan,21-23,21,Single,Tidak,Lunas,Ya,Tidak,Tidak,Domestik,120.3,122.0,0,0,0.0,0,0,0.0,0.0,0.0,Kritis (<25%),11.1,0.6,2.02
STD-0022,Enrolled,0,7.8,Rendah,Oral Hygiene,3rd phase - general,Reguler (Siang),Perempuan,<=20,20,Single,Tidak,Lunas,Tidak,Ya,Tidak,Domestik,121.8,127.0,7,7,11.4375,8,8,11.425,100.0,11.43,Baik (>75%),12.7,3.7,-1.7
STD-0023,Graduate,0,5.2,Rendah,Nursing,1st phase - general,Reguler (Siang),Perempuan,<=20,18,Single,Tidak,Lunas,Tidak,Ya,Tidak,Domestik,125.5,142.0,8,7,12.857142857142858,8,7,12.857142857142858,87.5,12.86,Baik (>75%),12.7,3.7,-1.7
STD-0024,Graduate,0,2.2,Rendah,Advertising & Marketing,1st phase - general,Reguler (Siang),Perempuan,<=20,19,Single,Tidak,Lunas,Ya,Ya,Tidak,Domestik,114.9,125.0,6,6,13.375,6,6,12.285714285714286,100.0,12.83,Baik (>75%),11.1,0.6,2.02
STD-0025,Graduate,0,4.0,Rendah,Nursing,1st phase - general,Reguler (Siang),Perempuan,<=20,19,Single,Tidak,Lunas,Tidak,Tidak,Tidak,Domestik,123.9,126.0,7,6,13.296666666666669,8,7,14.114285714285714,86.7,13.71,Baik (>75%),11.1,0.6,2.02
STD-0026,Enrolled,0,21.6,Rendah,Social Service,1st phase - general,Reguler (Siang),Perempuan,<=20,18,Single,Ya,Lunas,Ya,Ya,Tidak,Domestik,157.0,151.0,6,5,11.6,6,4,11.0,75.0,11.3,Sedang (50-75%),7.6,2.6,0.32
STD-0027,Graduate,0,2.2,Rendah,Social Service,2nd phase - general,Reguler (Siang),Perempuan,21-23,21,Single,Tidak,Lunas,Tidak,Ya,Tidak,Domestik,116.4,115.0,6,6,11.375,6,6,13.285714285714286,100.0,12.33,Baik (>75%),16.2,0.3,-0.92
STD-0028,Enrolled,0,5.5,Rendah,Veterinary Nursing,1st phase - general,Reguler (Siang),Perempuan,<=20,18,Single,Tidak,Lunas,Tidak,Ya,Tidak,Domestik,131.0,138.0,5,5,12.666666666666666,5,4,13.0,90.0,12.83,Baik (>75%),9.4,-0.8,-3.12
STD-0029,Graduate,0,2.9,Rendah,Management,1st phase - general,Reguler (Siang),Perempuan,<=20,20,Single,Tidak,Lunas,Tidak,Ya,Tidak,Domestik,122.1,135.0,5,5,12.0,5,5,12.333333333333334,100.0,12.17,Baik (>75%),16.2,0.3,-0.92
STD-0030,Enrolled,0,5.5,Rendah,Nursing,2nd phase - general,Reguler (Siang),Laki-laki,<=20,19,Single,Tidak,Lunas,Tidak,Ya,Tidak,Domestik,118.8,127.0,7,6,12.933333333333332,7,6,13.716666666666669,85.7,13.32,Baik (>75%),16.2,0.3,-0.92
STD-0031,Enrolled,0,24.5,Rendah,Agronomy,Tech. specialization holder,Reguler (Siang),Laki-laki,21-23,21,Single,Tidak,Lunas,Tidak,Tidak,Tidak,Domestik,150.0,150.0,6,5,11.857142857142858,6,5,10.571428571428571,83.3,11.21,Baik (>75%),16.2,0.3,-0.92
STD-0032,Graduate,0,25.7,Rendah,Communication Design,Change of institution/course,Reguler (Siang),Laki-laki,<=20,20,Single,Tidak,Lunas,Tidak,Ya,Tidak,Domestik,130.0,125.0,6,6,12.833333333333334,6,4,13.4,83.3,13.12,Baik (>75%),8.9,1.4,3.51
STD-0033,Enrolled,0,85.3,Tinggi,Management,1st phase - general,Reguler (Siang),Laki-laki,<=20,18,Single,Tidak,Menunggak,Tidak,Tidak,Tidak,Domestik,138.8,143.0,5,3,11.333333333333334,5,2,13.5,50.0,12.42,Rendah (25-50%),8.9,1.4,3.51
STD-0034,Graduate,0,2.7,Rendah,Social Service (eve),3rd phase - general,Kelas Malam,Perempuan,<=20,19,Single,Tidak,Lunas,Tidak,Ya,Tidak,Domestik,134.5,138.0,6,6,12.666666666666666,6,6,14.375,100.0,13.52,Baik (>75%),12.4,0.5,1.79
STD-0035,Graduate,0,16.0,Rendah,Management (evening),1st phase - general,Kelas Malam,Laki-laki,28-35,34,Single,Tidak,Lunas,Tidak,Tidak,Tidak,Domestik,131.4,130.0,5,5,12.4,5,5,13.428571428571429,100.0,12.91,Baik (>75%),13.9,-0.3,0.79
STD-0036,Dropout,1,96.9,Tinggi,Biofuel Production Tech,Over 23 years old,Reguler (Siang),Laki-laki,>35,37,Single,Ya,Menunggak,Tidak,Tidak,Tidak,Domestik,102.5,130.0,7,0,0.0,7,1,10.0,7.1,5.0,Kritis (<25%),8.9,1.4,3.51
STD-0037,Dropout,1,97.9,Tinggi,Informatics Engineering,Over 23 years old,Reguler (Siang),Laki-laki,>35,43,Single,Tidak,Lunas,Tidak,Ya,Tidak,Domestik,128.8,133.1,5,0,0.0,5,0,0.0,0.0,0.0,Kritis (<25%),7.6,2.6,0.32
STD-0038,Dropout,1,67.6,Tinggi,Management,Change of course,Reguler (Siang),Perempuan,>35,55,Single,Tidak,Lunas,Tidak,Tidak,Tidak,Domestik,122.9,140.0,5,1,10.0,5,2,12.0,30.0,11.0,Rendah (25-50%),16.2,0.3,-0.92
STD-0039,Graduate,0,3.2,Rendah,Management (evening),Over 23 years old,Kelas Malam,Perempuan,>35,39,Divorced,Tidak,Lunas,Tidak,Ya,Tidak,Domestik,113.9,120.0,5,5,11.0,5,5,11.6,100.0,11.3,Baik (>75%),7.6,2.6,0.32
STD-0040,Dropout,1,88.5,Tinggi,Equinculture,Tech. specialization holder,Reguler (Siang),Perempuan,<=20,20,Single,Ya,Menunggak,Tidak,Tidak,Tidak,Internasional,120.0,120.0,6,3,11.666666666666666,6,3,12.0,50.0,11.83,Rendah (25-50%),12.4,0.5,1.79
STD-0041,Dropout,1,89.2,Tinggi,Journalism & Comm,1st phase - general,Reguler (Siang),Perempuan,<=20,18,Single,Ya,Lunas,Tidak,Tidak,Tidak,Domestik,121.1,126.0,6,4,12.75,5,0,0.0,36.4,6.38,Rendah (25-50%),12.7,3.7,-1.7
STD-0042,Graduate,0,4.5,Rendah,Management,1st phase - general,Reguler (Siang),Perempuan,21-23,22,Single,Tidak,Lunas,Tidak,Ya,Tidak,Domestik,120.4,133.0,5,5,14.8,5,5,15.8,100.0,15.3,Baik (>75%),8.9,1.4,3.51
STD-0043,Graduate,0,3.9,Rendah,Nursing,1st phase - general,Reguler (Siang),Perempuan,21-23,22,Single,Tidak,Lunas,Tidak,Ya,Ya,Domestik,100.6,103.0,7,5,13.928,8,7,14.342857142857142,80.0,14.14,Baik (>75%),11.1,0.6,2.02
STD-0044,Dropout,1,54.1,Sedang,Journalism & Comm,2nd phase - general,Reguler (Siang),Perempuan,<=20,20,Single,Tidak,Menunggak,Tidak,Tidak,Tidak,Domestik,121.4,120.0,6,4,13.0,6,5,13.8,75.0,13.4,Sedang (50-75%),12.4,0.5,1.79
STD-0045,Dropout,1,98.3,Tinggi,Management (evening),Over 23 years old,Kelas Malam,Perempuan,28-35,29,Single,Tidak,Lunas,Tidak,Tidak,Tidak,Domestik,109.7,133.1,5,0,0.0,5,0,0.0,0.0,0.0,Kritis (<25%),16.2,0.3,-0.92
STD-0046,Enrolled,0,31.9,Sedang,Management (evening),2nd phase - general,Kelas Malam,Perempuan,24-27,24,Single,Tidak,Lunas,Tidak,Tidak,Tidak,Domestik,134.1,154.0,5,2,11.5,5,3,14.333333333333334,50.0,12.92,Rendah (25-50%),7.6,2.6,0.32
STD-0047,Graduate,0,6.4,Rendah,Social Service,2nd phase - general,Reguler (Siang),Perempuan,<=20,18,Single,Tidak,Lunas,Tidak,Ya,Tidak,Domestik,127.6,130.0,6,6,11.666666666666666,6,5,13.2,91.7,12.43,Baik (>75%),11.1,0.6,2.02
STD-0048,Graduate,0,4.0,Rendah,Nursing,2nd phase - general,Reguler (Siang),Perempuan,21-23,22,Single,Tidak,Lunas,Ya,Ya,Tidak,Domestik,132.4,132.0,7,6,13.516666666666666,8,7,13.771428571428572,86.7,13.64,Baik (>75%),11.1,0.6,2.02
STD-0049,Graduate,0,1.7,Rendah,Social Service (eve),Tech. specialization holder,Kelas Malam,Perempuan,21-23,21,Single,Tidak,Lunas,Ya,Tidak,Tidak,Domestik,133.4,130.0,6,6,11.5,6,6,13.285714285714286,100.0,12.39,Baik (>75%),12.4,0.5,1.79
STD-0050,Graduate,0,2.6,Rendah,Social Service,1st phase - general,Reguler (Siang),Perempuan,<=20,19,Single,Tidak,Lunas,Ya,Tidak,Tidak,Domestik,126.1,139.0,6,5,12.333333333333334,6,6,12.833333333333334,91.7,12.58,Baik (>75%),12.7,3.7,-1.7
STD-0051,Graduate,0,2.0,Rendah,Tourism,Over 23 years old,Reguler (Siang),Perempuan,24-27,24,Single,Tidak,Lunas,Ya,Tidak,Tidak,Domestik,113.5,130.0,6,6,13.666666666666666,6,6,14.166666666666666,100.0,13.92,Baik (>75%),12.4,0.5,1.79
STD-0052,Enrolled,0,2.2,Rendah,Nursing,1st phase - general,Reguler (Siang),Perempuan,<=20,19,Single,Tidak,Lunas,Ya,Ya,Tidak,Domestik,121.3,139.0,8,6,11.833333333333334,8,6,11.833333333333334,75.0,11.83,Sedang (50-75%),9.4,-0.8,-3.12
STD-0053,Enrolled,0,14.0,Rendah,Journalism & Comm,1st phase - general,Reguler (Siang),Perempuan,<=20,20,Single,Tidak,Lunas,Ya,Ya,Tidak,Domestik,121.8,127.0,6,4,14.0,6,3,11.0,58.3,12.5,Sedang (50-75%),9.4,-0.8,-3.12
STD-0054,Graduate,0,10.4,Rendah,Equinculture,1st phase - general,Reguler (Siang),Perempuan,<=20,19,Single,Tidak,Lunas,Tidak,Tidak,Tidak,Domestik,159.3,167.0,5,5,14.714285714285714,5,5,15.8,100.0,15.26,Baik (>75%),7.6,2.6,0.32
STD-0055,Dropout,1,7.9,Rendah,Management (evening),Over 23 years old,Kelas Malam,Perempuan,24-27,27,Single,Tidak,Lunas,Tidak,Tidak,Tidak,Domestik,120.0,130.0,5,5,10.6,5,5,11.0,100.0,10.8,Baik (>75%),9.4,-0.8,-3.12
STD-0056,Graduate,0,5.7,Rendah,Nursing,1st phase - general,Reguler (Siang),Perempuan,<=20,18,Single,Tidak,Lunas,Tidak,Ya,Tidak,Domestik,129.1,130.0,7,7,13.044444444444444,8,8,13.595,100.0,13.32,Baik (>75%),15.5,2.8,-4.06
STD-0057,Dropout,1,94.5,Tinggi,Tourism,Holder of other higher course,Reguler (Siang),Perempuan,>35,39,Married,Tidak,Lunas,Tidak,Tidak,Tidak,Domestik,130.0,130.0,6,0,0.0,6,0,0.0,0.0,0.0,Kritis (<25%),12.4,0.5,1.79
STD-0058,Dropout,1,15.3,Rendah,Equinculture,Over 23 years old,Reguler (Siang),Perempuan,24-27,27,Single,Tidak,Lunas,Tidak,Ya,Tidak,Domestik,155.3,129.0,6,5,13.0,11,10,12.9,88.2,12.95,Baik (>75%),12.4,0.5,1.79
STD-0059,Graduate,0,4.4,Rendah,Nursing,2nd phase - general,Reguler (Siang),Perempuan,<=20,18,Single,Tidak,Lunas,Tidak,Ya,Tidak,Domestik,139.8,141.0,8,8,14.935,8,8,14.935,100.0,14.94,Baik (>75%),9.4,-0.8,-3.12
STD-0060,Enrolled,0,28.2,Rendah,Animation & Multimedia,1st phase - general,Reguler (Siang),Perempuan,<=20,18,Single,Tidak,Lunas,Tidak,Ya,Tidak,Domestik,115.2,125.0,0,0,0.0,0,0,0.0,0.0,0.0,Kritis (<25%),7.6,2.6,0.32
STD-0061,Graduate,0,3.1,Rendah,Nursing,1st phase - general,Reguler (Siang),Perempuan,<=20,18,Single,Tidak,Lunas,Tidak,Tidak,Tidak,Domestik,114.9,125.0,7,6,13.133333333333333,8,7,12.221428571428572,86.7,12.68,Baik (>75%),16.2,0.3,-0.92
STD-0062,Graduate,0,2.7,Rendah,Social Service,Tech. specialization holder,Reguler (Siang),Perempuan,21-23,21,Single,Tidak,Lunas,Ya,Tidak,Tidak,Domestik,131.9,130.0,6,6,12.0,6,6,12.0,100.0,12.0,Baik (>75%),13.9,-0.3,0.79
STD-0063,Enrolled,0,52.6,Sedang,Animation & Multimedia,2nd phase - general,Reguler (Siang),Laki-laki,<=20,19,Single,Tidak,Lunas,Ya,Ya,Tidak,Domestik,126.0,133.0,0,0,0.0,0,0,0.0,0.0,0.0,Kritis (<25%),10.8,1.4,1.74
STD-0064,Enrolled,0,59.5,Sedang,Communication Design,2nd phase - general,Reguler (Siang),Laki-laki,<=20,19,Single,Tidak,Lunas,Tidak,Ya,Tidak,Domestik,130.2,127.0,6,5,11.4,6,1,10.0,50.0,10.7,Rendah (25-50%),10.8,1.4,1.74
STD-0065,Enrolled,0,91.1,Tinggi,Communication Design,Change of course,Reguler (Siang),Laki-laki,24-27,24,Single,Tidak,Lunas,Tidak,Tidak,Tidak,Domestik,120.9,116.0,6,0,0.0,6,0,0.0,0.0,0.0,Kritis (<25%),12.7,3.7,-1.7
STD-0066,Dropout,1,66.0,Tinggi,Nursing,Transfer,Reguler (Siang),Laki-laki,28-35,29,Divorced,Tidak,Lunas,Tidak,Ya,Tidak,Domestik,126.0,133.1,7,5,11.9,8,5,11.0,66.7,11.45,Sedang (50-75%),13.9,-0.3,0.79
STD-0067,Graduate,0,37.1,Sedang,Animation & Multimedia,1st phase - general,Reguler (Siang),Laki-laki,<=20,19,Single,Tidak,Lunas,Ya,Ya,Tidak,Domestik,128.2,139.0,0,0,0.0,0,0,0.0,0.0,0.0,Kritis (<25%),10.8,1.4,1.74
STD-0068,Graduate,0,2.8,Rendah,Agronomy,Tech. specialization holder,Reguler (Siang),Laki-laki,21-23,23,Single,Tidak,Lunas,Tidak,Ya,Tidak,Domestik,130.0,130.0,6,6,12.571428571428571,6,6,12.428571428571429,100.0,12.5,Baik (>75%),8.9,1.4,3.51
STD-0069,Dropout,1,23.5,Rendah,Management,1st phase - general,Reguler (Siang),Laki-laki,<=20,19,Single,Ya,Lunas,Tidak,Tidak,Tidak,Domestik,120.1,125.0,5,5,11.2,5,4,10.75,90.0,10.98,Baik (>75%),16.2,0.3,-0.92
STD-0070,Enrolled,0,13.6,Rendah,Tourism,Over 23 years old,Reguler (Siang),Laki-laki,24-27,26,Single,Tidak,Lunas,Tidak,Tidak,Tidak,Domestik,100.0,160.0,6,6,12.0,6,5,10.8,91.7,11.4,Baik (>75%),12.7,3.7,-1.7
STD-0071,Enrolled,0,89.0,Tinggi,Management,2nd phase - general,Reguler (Siang),Laki-laki,<=20,18,Single,Tidak,Lunas,Tidak,Tidak,Tidak,Domestik,134.0,148.0,5,0,0.0,5,0,0.0,0.0,0.0,Kritis (<25%),7.6,2.6,0.32
STD-0072,Graduate,0,13.1,Rendah,Nursing,2nd phase - general,Reguler (Siang),Laki-laki,24-27,24,Single,Tidak,Lunas,Tidak,Tidak,Tidak,Domestik,130.8,150.0,7,7,11.975,8,8,13.75,100.0,12.86,Baik (>75%),13.9,-0.3,0.79
STD-0073,Dropout,1,35.0,Sedang,Animation & Multimedia,1st phase - general,Reguler (Siang),Laki-laki,<=20,19,Single,Tidak,Lunas,Tidak,Ya,Tidak,Domestik,135.8,141.0,0,0,0.0,0,0,0.0,0.0,0.0,Kritis (<25%),15.5,2.8,-4.06
STD-0074,Dropout,1,88.9,Tinggi,Tourism,2nd phase - general,Reguler (Siang),Laki-laki,<=20,18,Single,Tidak,Lunas,Tidak,Ya,Tidak,Domestik,111.7,118.0,6,3,11.666666666666666,6,1,12.0,33.3,11.83,Rendah (25-50%),12.4,0.5,1.79
STD-0075,Graduate,0,22.8,Rendah,Journalism & Comm,1st phase - general,Reguler (Siang),Laki-laki,<=20,18,Single,Tidak,Lunas,Tidak,Ya,Tidak,Domestik,132.9,142.0,6,6,12.333333333333334,6,3,12.333333333333334,75.0,12.33,Sedang (50-75%),10.8,1.4,1.74
STD-0076,Dropout,1,47.8,Sedang,Management,2nd phase - general,Reguler (Siang),Laki-laki,<=20,18,Single,Ya,Lunas,Tidak,Ya,Tidak,Domestik,115.5,120.0,5,3,10.333333333333334,5,3,10.857142857142858,60.0,10.6,Sedang (50-75%),10.8,1.4,1.74
STD-0077,Dropout,1,61.0,Tinggi,Tourism,3rd phase - general,Reguler (Siang),Laki-laki,21-23,21,Single,Tidak,Lunas,Ya,Ya,Tidak,Domestik,106.0,106.0,6,4,10.5,6,1,11.0,41.7,10.75,Rendah (25-50%),9.4,-0.8,-3.12
STD-0078,Graduate,0,3.9,Rendah,Journalism & Comm,2nd phase - general,Reguler (Siang),Laki-laki,<=20,19,Single,Ya,Lunas,Ya,Ya,Tidak,Domestik,120.3,121.0,6,6,13.666666666666666,6,6,13.333333333333334,100.0,13.5,Baik (>75%),8.9,1.4,3.51
STD-0079,Graduate,0,6.5,Rendah,Nursing,2nd phase - general,Reguler (Siang),Laki-laki,21-23,22,Single,Tidak,Lunas,Ya,Tidak,Tidak,Domestik,130.8,150.0,7,7,14.842857142857142,8,8,15.055555555555555,100.0,14.95,Baik (>75%),16.2,0.3,-0.92
STD-0080,Graduate,0,1.2,Rendah,Social Service (eve),Over 23 years old,Kelas Malam,Laki-laki,28-35,33,Married,Tidak,Lunas,Tidak,Tidak,Tidak,Domestik,117.0,120.0,6,6,12.0,6,6,11.666666666666666,100.0,11.83,Baik (>75%),10.8,1.4,1.74
STD-0081,Dropout,1,8.3,Rendah,Basic Education,1st phase - general,Reguler (Siang),Laki-laki,<=20,20,Single,Tidak,Lunas,Tidak,Ya,Tidak,Domestik,110.2,114.0,6,5,12.2,6,5,12.2,83.3,12.2,Baik (>75%),10.8,1.4,1.74
STD-0082,Dropout,1,95.0,Tinggi,Management (evening),Over 23 years old,Kelas Malam,Laki-laki,28-35,35,Single,Tidak,Lunas,Tidak,Ya,Tidak,Domestik,155.7,140.0,1,0,0.0,5,0,0.0,0.0,0.0,Kritis (<25%),10.8,1.4,1.74
STD-0083,Dropout,1,12.3,Rendah,Agronomy,Over 23 years old,Reguler (Siang),Laki-laki,24-27,24,Single,Ya,Lunas,Tidak,Tidak,Tidak,Domestik,180.4,160.0,12,6,12.166666666666666,12,10,13.3,66.7,12.73,Sedang (50-75%),12.4,0.5,1.79
STD-0084,Enrolled,0,25.7,Rendah,Tourism,2nd phase - general,Reguler (Siang),Laki-laki,<=20,18,Single,Tidak,Lunas,Tidak,Tidak,Tidak,Domestik,125.5,120.0,5,5,12.0,5,3,11.333333333333334,80.0,11.67,Baik (>75%),12.7,3.7,-1.7
STD-0085,Graduate,0,22.7,Rendah,Social Service (eve),Over 23 years old,Kelas Malam,Perempuan,28-35,33,Married,Tidak,Lunas,Tidak,Ya,Tidak,Domestik,110.0,130.0,6,6,11.0,6,5,11.0,91.7,11.0,Baik (>75%),9.4,-0.8,-3.12
STD-0086,Graduate,0,2.9,Rendah,Nursing,Transfer,Reguler (Siang),Perempuan,21-23,22,Single,Tidak,Lunas,Ya,Ya,Tidak,Domestik,161.0,160.0,8,7,13.08,8,7,13.08,87.5,13.08,Baik (>75%),10.8,1.4,1.74
STD-0087,Graduate,0,4.8,Rendah,Advertising & Marketing,Over 23 years old,Reguler (Siang),Perempuan,24-27,25,Single,Tidak,Lunas,Ya,Tidak,Tidak,Domestik,100.0,120.0,5,4,10.5,5,5,11.6,90.0,11.05,Baik (>75%),9.4,-0.8,-3.12
STD-0088,Graduate,0,2.6,Rendah,Communication Design,2nd phase - general,Reguler (Siang),Laki-laki,<=20,20,Single,Tidak,Lunas,Tidak,Ya,Tidak,Domestik,117.6,124.0,6,6,10.666666666666666,6,5,11.2,91.7,10.93,Baik (>75%),7.6,2.6,0.32
STD-0089,Enrolled,0,15.9,Rendah,Management,1st phase - general,Reguler (Siang),Laki-laki,21-23,23,Single,Tidak,Lunas,Tidak,Ya,Tidak,Domestik,128.7,143.0,5,4,14.0,5,5,13.8,90.0,13.9,Baik (>75%),11.1,0.6,2.02
STD-0090,Enrolled,0,89.3,Tinggi,Informatics Engineering,Change of course,Reguler (Siang),Laki-laki,<=20,18,Single,Ya,Lunas,Tidak,Ya,Tidak,Domestik,112.2,115.0,5,2,10.0,5,0,0.0,20.0,5.0,Kritis (<25%),15.5,2.8,-4.06
STD-0091,Dropout,1,90.8,Tinggi,Nursing,Over 23 years old,Reguler (Siang),Laki-laki,24-27,24,Single,Tidak,Lunas,Tidak,Tidak,Tidak,Domestik,100.8,133.1,7,0,0.0,7,0,0.0,0.0,0.0,Kritis (<25%),13.9,-0.3,0.79
STD-0092,Graduate,0,16.7,Rendah,Journalism & Comm,2nd phase - general,Reguler (Siang),Perempuan,21-23,21,Single,Tidak,Menunggak,Tidak,Ya,Tidak,Internasional,105.0,133.1,6,6,14.0,6,6,13.5,100.0,13.75,Baik (>75%),8.9,1.4,3.51
STD-0093,Dropout,1,93.9,Tinggi,Equinculture,International student,Reguler (Siang),Perempuan,24-27,26,Single,Tidak,Lunas,Tidak,Tidak,Tidak,Internasional,100.0,133.1,6,2,12.0,6,0,0.0,16.7,6.0,Kritis (<25%),8.9,1.4,3.51
STD-0094,Dropout,1,96.9,Tinggi,Basic Education,Over 23 years old,Reguler (Siang),Perempuan,>35,39,Married,Tidak,Lunas,Tidak,Tidak,Tidak,Domestik,115.5,133.1,6,3,12.666666666666666,6,0,0.0,25.0,6.33,Kritis (<25%),7.6,2.6,0.32
STD-0095,Graduate,0,3.0,Rendah,Social Service (eve),Over 23 years old,Kelas Malam,Perempuan,>35,44,Married,Tidak,Lunas,Tidak,Tidak,Tidak,Domestik,114.0,133.1,8,8,11.875,6,6,12.333333333333334,100.0,12.1,Baik (>75%),12.7,3.7,-1.7
STD-0096,Enrolled,0,21.9,Rendah,Informatics Engineering,International student,Reguler (Siang),Laki-laki,<=20,19,Single,Tidak,Lunas,Tidak,Ya,Tidak,Internasional,137.0,130.0,5,5,14.0,5,3,13.25,80.0,13.62,Baik (>75%),13.9,-0.3,0.79
STD-0097,Graduate,0,5.3,Rendah,Journalism & Comm,1st phase - general,Reguler (Siang),Perempuan,<=20,18,Single,Tidak,Lunas,Tidak,Ya,Tidak,Domestik,124.9,135.0,6,6,13.666666666666666,6,6,13.333333333333334,100.0,13.5,Baik (>75%),8.9,1.4,3.51
STD-0098,Graduate,0,2.0,Rendah,Nursing,1st phase - general,Reguler (Siang),Perempuan,<=20,18,Single,Tidak,Lunas,Ya,Ya,Tidak,Domestik,120.3,132.0,7,7,13.75,8,8,14.47777777777778,100.0,14.11,Baik (>75%),12.4,0.5,1.79
STD-0099,Enrolled,0,3.0,Rendah,Veterinary Nursing,1st phase - general,Reguler (Siang),Perempuan,<=20,19,Single,Tidak,Lunas,Tidak,Ya,Tidak,Domestik,134.3,135.0,5,5,14.2,5,5,13.8,100.0,14.0,Baik (>75%),12.7,3.7,-1.7
STD-0100,Dropout,1,97.2,Tinggi,Nursing,1st phase - general,Reguler (Siang),Perempuan,<=20,19,Single,Ya,Menunggak,Tidak,Ya,Tidak,Domestik,111.5,115.0,7,4,11.96,7,0,0.0,28.6,5.98,Rendah (25-50%),13.9,-0.3,0.79
STD-0101,Dropout,1,31.4,Sedang,Veterinary Nursing,Short cycle holder,Reguler (Siang),Perempuan,21-23,21,Single,Tidak,Lunas,Tidak,Tidak,Tidak,Domestik,128.8,130.0,10,8,12.875,9,5,13.4,68.4,13.14,Sedang (50-75%),8.9,1.4,3.51
STD-0102,Graduate,0,70.4,Tinggi,Animation & Multimedia,1st phase - general,Reguler (Siang),Perempuan,<=20,20,Single,Tidak,Lunas,Tidak,Ya,Tidak,Domestik,110.0,133.1,0,0,0.0,0,0,0.0,0.0,0.0,Kritis (<25%),16.2,0.3,-0.92
STD-0103,Dropout,1,95.5,Tinggi,Social Service (eve),Over 23 years old,Kelas Malam,Perempuan,>35,36,Married,Tidak,Lunas,Tidak,Ya,Tidak,Domestik,113.5,130.0,6,0,0.0,6,0,0.0,0.0,0.0,Kritis (<25%),9.4,-0.8,-3.12
STD-0104,Graduate,0,6.3,Rendah,Agronomy,Over 23 years old,Reguler (Siang),Perempuan,>35,43,Divorced,Tidak,Lunas,Tidak,Tidak,Tidak,Domestik,160.0,133.1,18,18,14.63157894736842,13,13,14.23076923076923,100.0,14.43,Baik (>75%),15.5,2.8,-4.06
STD-0105,Dropout,1,95.2,Tinggi,Basic Education,3rd phase - general,Reguler (Siang),Perempuan,<=20,19,Single,Tidak,Lunas,Tidak,Ya,Tidak,Domestik,117.4,123.0,6,0,0.0,6,0,0.0,0.0,0.0,Kritis (<25%),11.1,0.6,2.02
STD-0106,Graduate,0,7.2,Rendah,Communication Design,Change of institution/course,Reguler (Siang),Perempuan,<=20,20,Single,Ya,Lunas,Tidak,Tidak,Tidak,Domestik,122.2,130.0,10,10,13.0,11,11,12.272727272727272,100.0,12.64,Baik (>75%),11.1,0.6,2.02
STD-0107,Dropout,1,96.5,Tinggi,Social Service,1st phase - general,Reguler (Siang),Perempuan,<=20,19,Single,Tidak,Lunas,Tidak,Ya,Tidak,Domestik,118.2,122.0,6,0,0.0,6,0,0.0,0.0,0.0,Kritis (<25%),16.2,0.3,-0.92
STD-0108,Dropout,1,14.6,Rendah,Veterinary Nursing,1st phase - general,Reguler (Siang),Perempuan,<=20,20,Single,Tidak,Lunas,Tidak,Ya,Tidak,Domestik,106.7,113.0,6,4,14.2,6,4,13.25,66.7,13.72,Sedang (50-75%),15.5,2.8,-4.06
STD-0109,Dropout,1,9.0,Rendah,Nursing,1st phase - general,Reguler (Siang),Perempuan,<=20,20,Single,Tidak,Lunas,Tidak,Ya,Tidak,Domestik,108.2,111.0,7,6,13.266666666666666,7,5,12.3,78.6,12.78,Baik (>75%),12.4,0.5,1.79
STD-0110,Enrolled,0,62.9,Tinggi,Basic Education,2nd phase - general,Reguler (Siang),Perempuan,<=20,20,Single,Tidak,Lunas,Tidak,Ya,Tidak,Domestik,107.0,133.1,7,6,11.666666666666666,7,3,13.0,64.3,12.33,Sedang (50-75%),16.2,0.3,-0.92
STD-0111,Graduate,0,3.0,Rendah,Social Service,1st phase - general,Reguler (Siang),Perempuan,<=20,18,Single,Tidak,Lunas,Tidak,Ya,Tidak,Domestik,136.1,142.0,6,6,13.857142857142858,6,6,15.0,100.0,14.43,Baik (>75%),13.9,-0.3,0.79
STD-0112,Enrolled,0,11.4,Rendah,Management,2nd phase - general,Reguler (Siang),Perempuan,<=20,18,Single,Tidak,Lunas,Ya,Ya,Tidak,Domestik,115.3,123.0,5,3,13.0,5,3,11.0,60.0,12.0,Sedang (50-75%),8.9,1.4,3.51
STD-0113,Graduate,0,3.0,Rendah,Veterinary Nursing,1st phase - general,Reguler (Siang),Perempuan,<=20,19,Single,Tidak,Lunas,Tidak,Ya,Tidak,Domestik,139.8,131.0,5,5,13.4,5,5,12.8,100.0,13.1,Baik (>75%),10.8,1.4,1.74
STD-0114,Graduate,0,27.0,Rendah,Journalism & Comm,1st phase - general,Reguler (Siang),Perempuan,<=20,18,Single,Tidak,Lunas,Tidak,Ya,Tidak,Domestik,157.0,158.0,6,6,12.666666666666666,6,6,12.571428571428571,100.0,12.62,Baik (>75%),10.8,1.4,1.74
STD-0115,Dropout,1,4.3,Rendah,Nursing,2nd phase - general,Reguler (Siang),Perempuan,<=20,18,Single,Tidak,Lunas,Tidak,Ya,Tidak,Domestik,131.0,122.0,7,6,12.516666666666666,7,6,12.516666666666666,85.7,12.52,Baik (>75%),7.6,2.6,0.32
STD-0116,Enrolled,0,1.2,Rendah,Nursing,Change of course,Reguler (Siang),Perempuan,<=20,20,Single,Tidak,Lunas,Tidak,Tidak,Tidak,Domestik,100.0,130.0,7,6,11.616666666666667,7,7,13.0,92.9,12.31,Baik (>75%),13.9,-0.3,0.79
STD-0117,Enrolled,0,20.6,Rendah,Social Service,2nd phase - general,Reguler (Siang),Perempuan,<=20,20,Single,Tidak,Lunas,Ya,Ya,Tidak,Domestik,140.4,154.0,6,2,10.0,6,4,10.75,50.0,10.38,Rendah (25-50%),7.6,2.6,0.32
STD-0118,Enrolled,0,32.7,Sedang,Management,2nd phase - general,Reguler (Siang),Perempuan,<=20,20,Single,Tidak,Lunas,Tidak,Tidak,Tidak,Domestik,113.4,120.0,5,3,10.333333333333334,5,3,10.666666666666666,60.0,10.5,Sedang (50-75%),12.4,0.5,1.79
STD-0119,Graduate,0,2.8,Rendah,Veterinary Nursing,1st phase - general,Reguler (Siang),Perempuan,<=20,18,Single,Tidak,Lunas,Tidak,Tidak,Tidak,Domestik,137.0,140.0,5,5,13.142857142857142,5,5,11.4,100.0,12.27,Baik (>75%),9.4,-0.8,-3.12
STD-0120,Graduate,0,5.4,Rendah,Management,1st phase - general,Reguler (Siang),Perempuan,<=20,18,Single,Tidak,Lunas,Tidak,Tidak,Tidak,Domestik,121.8,127.0,5,5,12.6,5,5,14.0,100.0,13.3,Baik (>75%),11.1,0.6,2.02
STD-0121,Dropout,1,50.7,Sedang,Tourism,2nd phase - general,Reguler (Siang),Perempuan,21-23,21,Single,Tidak,Lunas,Tidak,Ya,Tidak,Domestik,131.0,133.1,6,3,11.0,6,2,11.0,41.7,11.0,Rendah (25-50%),9.4,-0.8,-3.12
STD-0122,Graduate,0,5.7,Rendah,Management,1st phase - general,Reguler (Siang),Perempuan,<=20,19,Single,Tidak,Lunas,Tidak,Ya,Tidak,Domestik,118.6,120.0,5,5,10.8,5,4,11.25,90.0,11.02,Baik (>75%),16.2,0.3,-0.92
STD-0123,Dropout,1,34.3,Sedang,Animation & Multimedia,1st phase - general,Reguler (Siang),Perempuan,<=20,19,Single,Tidak,Lunas,Tidak,Tidak,Tidak,Domestik,122.3,137.0,0,0,0.0,0,0,0.0,0.0,0.0,Kritis (<25%),10.8,1.4,1.74
STD-0124,Graduate,0,3.6,Rendah,Advertising & Marketing,1st phase - general,Reguler (Siang),Perempuan,<=20,19,Single,Tidak,Lunas,Ya,Tidak,Tidak,Domestik,127.9,131.0,5,5,12.8,5,5,14.2,100.0,13.5,Baik (>75%),9.4,-0.8,-3.12
STD-0125,Graduate,0,3.3,Rendah,Veterinary Nursing,1st phase - general,Reguler (Siang),Perempuan,<=20,19,Single,Tidak,Lunas,Tidak,Ya,Tidak,Domestik,121.3,130.0,6,6,14.166666666666666,6,6,12.2,100.0,13.18,Baik (>75%),15.5,2.8,-4.06
STD-0126,Dropout,1,88.4,Tinggi,Oral Hygiene,2nd phase - general,Reguler (Siang),Perempuan,<=20,19,Single,Tidak,Lunas,Tidak,Ya,Tidak,Domestik,117.1,122.0,7,5,12.1,7,0,0.0,35.7,6.05,Rendah (25-50%),13.9,-0.3,0.79
STD-0127,Graduate,0,5.5,Rendah,Veterinary Nursing,Tech. specialization holder,Reguler (Siang),Perempuan,<=20,20,Single,Tidak,Lunas,Tidak,Ya,Tidak,Domestik,160.0,160.0,6,6,14.166666666666666,6,5,13.77777777777778,91.7,13.97,Baik (>75%),12.4,0.5,1.79
STD-0128,Enrolled,0,9.6,Rendah,Basic Education,1st phase - general,Reguler (Siang),Perempuan,<=20,18,Single,Tidak,Lunas,Ya,Ya,Tidak,Domestik,145.3,146.0,6,5,12.8,6,5,13.4,83.3,13.1,Baik (>75%),9.4,-0.8,-3.12
STD-0129,Graduate,0,2.7,Rendah,Social Service,2nd phase - general,Reguler (Siang),Perempuan,<=20,18,Single,Tidak,Lunas,Tidak,Ya,Tidak,Domestik,122.6,131.0,6,6,13.0,6,6,13.666666666666666,100.0,13.33,Baik (>75%),12.4,0.5,1.79
STD-0130,Graduate,0,8.7,Rendah,Nursing,2nd phase - general,Reguler (Siang),Perempuan,<=20,19,Single,Tidak,Lunas,Tidak,Ya,Tidak,Domestik,128.0,132.0,7,7,13.467142857142855,8,8,15.011111111111113,100.0,14.24,Baik (>75%),12.4,0.5,1.79
STD-0131,Dropout,1,4.7,Rendah,Nursing,1st phase - general,Reguler (Siang),Perempuan,<=20,18,Single,Tidak,Lunas,Ya,Ya,Tidak,Domestik,124.9,138.0,7,7,13.2375,8,7,13.742857142857144,93.3,13.49,Baik (>75%),13.9,-0.3,0.79
STD-0132,Graduate,0,1.8,Rendah,Communication Design,2nd phase - general,Reguler (Siang),Perempuan,<=20,18,Single,Tidak,Lunas,Tidak,Ya,Tidak,Domestik,123.7,130.0,6,6,12.333333333333334,6,6,13.0,100.0,12.67,Baik (>75%),7.6,2.6,0.32
STD-0133,Graduate,0,4.2,Rendah,Management,1st phase - general,Reguler (Siang),Perempuan,<=20,19,Single,Tidak,Lunas,Tidak,Ya,Tidak,Domestik,120.1,126.0,5,5,12.4,5,5,14.6,100.0,13.5,Baik (>75%),8.9,1.4,3.51
STD-0134,Dropout,1,87.5,Tinggi,Nursing,2nd phase - general,Reguler (Siang),Perempuan,<=20,19,Single,Tidak,Lunas,Tidak,Ya,Tidak,Domestik,131.7,148.0,7,5,14.0,7,0,0.0,35.7,7.0,Rendah (25-50%),13.9,-0.3,0.79
STD-0135,Graduate,0,2.8,Rendah,Social Service,Change of course,Reguler (Siang),Perempuan,<=20,20,Single,Tidak,Lunas,Tidak,Tidak,Tidak,Domestik,133.2,130.0,9,9,11.666666666666666,7,7,11.714285714285714,100.0,11.69,Baik (>75%),7.6,2.6,0.32
STD-0136,Dropout,1,81.8,Tinggi,Advertising & Marketing,1st phase - general,Reguler (Siang),Perempuan,<=20,19,Single,Ya,Menunggak,Ya,Tidak,Tidak,Domestik,109.3,117.0,6,5,12.0,6,4,12.5,75.0,12.25,Sedang (50-75%),12.4,0.5,1.79
STD-0137,Graduate,0,16.6,Rendah,Advertising & Marketing,2nd phase - general,Reguler (Siang),Perempuan,<=20,20,Single,Tidak,Lunas,Tidak,Ya,Tidak,Domestik,113.0,120.0,5,4,12.2,5,4,11.5,80.0,11.85,Baik (>75%),7.6,2.6,0.32
STD-0138,Graduate,0,3.4,Rendah,Journalism & Comm,1st phase - general,Reguler (Siang),Perempuan,<=20,18,Single,Ya,Lunas,Ya,Tidak,Tidak,Domestik,157.9,153.0,6,6,14.833333333333334,6,6,14.833333333333334,100.0,14.83,Baik (>75%),8.9,1.4,3.51
STD-0139,Enrolled,0,3.0,Rendah,Nursing,1st phase - general,Reguler (Siang),Perempuan,<=20,20,Single,Tidak,Lunas,Ya,Tidak,Tidak,Domestik,112.1,117.0,7,5,13.188,8,7,12.892857142857142,80.0,13.04,Baik (>75%),11.1,0.6,2.02
STD-0140,Graduate,0,4.2,Rendah,Nursing,3rd phase - general,Reguler (Siang),Perempuan,<=20,18,Single,Tidak,Lunas,Tidak,Tidak,Tidak,Domestik,174.7,178.0,7,7,17.125,8,8,17.5875,100.0,17.36,Baik (>75%),13.9,-0.3,0.79
STD-0141,Graduate,0,4.3,Rendah,Nursing,1st phase - general,Reguler (Siang),Perempuan,<=20,19,Single,Tidak,Lunas,Tidak,Ya,Tidak,Domestik,128.8,129.0,7,6,12.666666666666666,7,6,12.666666666666666,85.7,12.67,Baik (>75%),7.6,2.6,0.32
STD-0142,Graduate,0,9.8,Rendah,Journalism & Comm,1st phase - general,Reguler (Siang),Perempuan,<=20,19,Single,Tidak,Lunas,Ya,Ya,Tidak,Domestik,110.1,116.0,6,6,12.666666666666666,6,5,12.0,91.7,12.33,Baik (>75%),12.4,0.5,1.79
STD-0143,Enrolled,0,94.0,Tinggi,Management,Change of institution/course,Reguler (Siang),Perempuan,21-23,22,Single,Ya,Menunggak,Tidak,Ya,Tidak,Domestik,99.7,99.0,5,0,0.0,5,0,0.0,0.0,0.0,Kritis (<25%),8.9,1.4,3.51
STD-0144,Graduate,0,2.1,Rendah,Social Service,1st phase - general,Reguler (Siang),Perempuan,<=20,19,Single,Tidak,Lunas,Ya,Ya,Tidak,Domestik,121.0,135.0,6,6,11.333333333333334,6,6,11.5,100.0,11.42,Baik (>75%),12.4,0.5,1.79
STD-0145,Graduate,0,2.8,Rendah,Nursing,1st phase - general,Reguler (Siang),Perempuan,<=20,19,Single,Tidak,Lunas,Ya,Ya,Tidak,Domestik,131.7,141.0,7,7,13.605,8,8,12.33125,100.0,12.97,Baik (>75%),15.5,2.8,-4.06
STD-0146,Graduate,0,34.3,Sedang,Basic Education,2nd phase - general,Reguler (Siang),Perempuan,<=20,19,Single,Tidak,Lunas,Ya,Ya,Tidak,Domestik,119.1,132.0,6,5,12.0,6,5,10.8,83.3,11.4,Baik (>75%),9.4,-0.8,-3.12
STD-0147,Dropout,1,86.0,Tinggi,Tourism,1st phase - general,Reguler (Siang),Perempuan,<=20,19,Single,Tidak,Lunas,Tidak,Ya,Tidak,Domestik,124.7,132.0,5,0,0.0,5,0,0.0,0.0,0.0,Kritis (<25%),7.6,2.6,0.32
STD-0148,Dropout,1,11.1,Rendah,Tourism,2nd phase - general,Reguler (Siang),Perempuan,<=20,20,Single,Tidak,Lunas,Tidak,Ya,Tidak,Domestik,117.2,113.0,6,5,11.2,6,3,11.666666666666666,66.7,11.43,Sedang (50-75%),7.6,2.6,0.32
STD-0149,Graduate,0,4.4,Rendah,Management,1st phase - general,Reguler (Siang),Perempuan,<=20,18,Single,Tidak,Lunas,Tidak,Tidak,Tidak,Domestik,128.8,134.0,5,5,13.375,5,5,14.166666666666666,100.0,13.77,Baik (>75%),13.9,-0.3,0.79
STD-0150,Graduate,0,2.7,Rendah,Nursing,1st phase - general,Reguler (Siang),Perempuan,<=20,20,Single,Tidak,Lunas,Ya,Tidak,Tidak,Domestik,131.5,136.0,7,6,13.863333333333337,8,7,14.178571428571429,86.7,14.02,Baik (>75%),11.1,0.6,2.02
STD-0151,Enrolled,0,48.4,Sedang,Animation & Multimedia,1st phase - general,Reguler (Siang),Perempuan,<=20,18,Single,Tidak,Lunas,Tidak,Ya,Tidak,Domestik,121.7,136.0,0,0,0.0,0,0,0.0,0.0,0.0,Kritis (<25%),9.4,-0.8,-3.12
STD-0152,Graduate,0,3.7,Rendah,Veterinary Nursing,1st phase - general,Reguler (Siang),Perempuan,<=20,19,Single,Tidak,Lunas,Tidak,Tidak,Tidak,Domestik,123.4,129.0,5,5,12.4,5,5,13.4,100.0,12.9,Baik (>75%),7.6,2.6,0.32
STD-0153,Enrolled,0,31.7,Sedang,Basic Education,2nd phase - general,Reguler (Siang),Perempuan,<=20,18,Single,Tidak,Lunas,Tidak,Ya,Tidak,Domestik,124.7,138.0,6,3,12.333333333333334,6,5,10.833333333333334,66.7,11.58,Sedang (50-75%),9.4,-0.8,-3.12
STD-0154,Graduate,0,22.6,Rendah,Basic Education,1st phase - general,Reguler (Siang),Perempuan,<=20,18,Single,Tidak,Lunas,Tidak,Ya,Tidak,Domestik,132.8,137.0,6,6,13.333333333333334,6,5,11.8,91.7,12.57,Baik (>75%),7.6,2.6,0.32
STD-0155,Dropout,1,60.9,Tinggi,Basic Education,Change of course,Reguler (Siang),Perempuan,21-23,21,Single,Tidak,Lunas,Tidak,Ya,Tidak,Domestik,108.7,115.0,6,3,12.666666666666666,6,3,10.0,50.0,11.33,Rendah (25-50%),9.4,-0.8,-3.12
STD-0156,Dropout,1,26.3,Rendah,Basic Education,1st phase - general,Reguler (Siang),Perempuan,<=20,19,Single,Tidak,Lunas,Tidak,Tidak,Tidak,Domestik,138.1,129.0,6,6,12.0,6,4,11.5,83.3,11.75,Baik (>75%),7.6,2.6,0.32
STD-0157,Graduate,0,2.8,Rendah,Management,1st phase - general,Reguler (Siang),Perempuan,<=20,18,Single,Tidak,Lunas,Ya,Tidak,Tidak,Domestik,126.5,131.0,5,5,10.6,5,5,11.8,100.0,11.2,Baik (>75%),12.4,0.5,1.79
STD-0158,Graduate,0,2.3,Rendah,Social Service,2nd phase - general,Reguler (Siang),Perempuan,<=20,18,Single,Tidak,Lunas,Ya,Ya,Tidak,Domestik,127.4,133.0,6,6,12.25,6,6,11.857142857142858,100.0,12.05,Baik (>75%),12.7,3.7,-1.7
STD-0159,Graduate,0,2.9,Rendah,Social Service,1st phase - general,Reguler (Siang),Perempuan,<=20,20,Single,Tidak,Lunas,Tidak,Ya,Tidak,Domestik,123.6,125.0,6,4,11.0,6,6,11.833333333333334,83.3,11.42,Baik (>75%),9.4,-0.8,-3.12
STD-0160,Graduate,0,12.7,Rendah,Social Service (eve),Over 23 years old,Kelas Malam,Perempuan,24-27,24,Single,Tidak,Lunas,Ya,Tidak,Tidak,Domestik,122.0,120.0,6,5,11.0,6,5,12.6,83.3,11.8,Baik (>75%),11.1,0.6,2.02
STD-0161,Dropout,1,1.8,Rendah,Advertising & Marketing,1st phase - general,Reguler (Siang),Perempuan,<=20,19,Single,Tidak,Lunas,Tidak,Tidak,Tidak,Domestik,118.2,128.0,6,6,13.166666666666666,6,6,13.0,100.0,13.08,Baik (>75%),10.8,1.4,1.74
STD-0162,Graduate,0,2.2,Rendah,Nursing,1st phase - general,Reguler (Siang),Perempuan,<=20,18,Single,Tidak,Lunas,Ya,Ya,Tidak,Domestik,123.9,127.0,7,7,12.855555555555554,8,7,12.761111111111113,93.3,12.81,Baik (>75%),15.5,2.8,-4.06
STD-0163,Graduate,0,3.6,Rendah,Nursing,1st phase - general,Reguler (Siang),Perempuan,<=20,18,Single,Tidak,Lunas,Tidak,Ya,Tidak,Domestik,125.8,134.0,7,7,14.91875,8,8,15.355,100.0,15.14,Baik (>75%),15.5,2.8,-4.06
STD-0164,Dropout,1,75.0,Tinggi,Basic Education,2nd phase - general,Reguler (Siang),Perempuan,21-23,21,Single,Tidak,Lunas,Tidak,Ya,Tidak,Domestik,123.3,132.0,6,4,11.5,6,3,11.0,58.3,11.25,Sedang (50-75%),10.8,1.4,1.74
STD-0165,Graduate,0,8.4,Rendah,Advertising & Marketing,2nd phase - general,Reguler (Siang),Perempuan,<=20,19,Single,Tidak,Lunas,Tidak,Tidak,Tidak,Domestik,124.4,124.0,5,5,14.2,5,5,14.2,100.0,14.2,Baik (>75%),7.6,2.6,0.32
STD-0166,Graduate,0,3.8,Rendah,Journalism & Comm,2nd phase - general,Reguler (Siang),Perempuan,<=20,19,Single,Tidak,Lunas,Ya,Tidak,Tidak,Domestik,126.0,133.1,6,6,12.5,6,6,13.0,100.0,12.75,Baik (>75%),15.5,2.8,-4.06
STD-0167,Enrolled,0,94.5,Tinggi,Agronomy,Over 23 years old,Reguler (Siang),Perempuan,>35,47,Widower,Ya,Lunas,Tidak,Tidak,Tidak,Domestik,170.0,170.0,1,0,0.0,6,0,0.0,0.0,0.0,Kritis (<25%),8.9,1.4,3.51
STD-0168,Graduate,0,31.8,Sedang,Social Service,2nd phase - general,Reguler (Siang),Perempuan,<=20,19,Single,Tidak,Lunas,Tidak,Tidak,Tidak,Domestik,121.5,125.0,6,5,11.666666666666666,6,4,11.0,75.0,11.33,Sedang (50-75%),13.9,-0.3,0.79
STD-0169,Graduate,0,4.5,Rendah,Nursing,Over 23 years old,Reguler (Siang),Perempuan,28-35,29,Single,Tidak,Lunas,Tidak,Tidak,Tidak,Domestik,130.0,130.0,8,7,14.257142857142856,8,7,14.257142857142856,87.5,14.26,Baik (>75%),12.7,3.7,-1.7
STD-0170,Dropout,1,58.1,Sedang,Social Service,Change of course,Reguler (Siang),Perempuan,21-23,21,Single,Tidak,Lunas,Tidak,Ya,Tidak,Domestik,117.0,125.0,6,3,12.0,6,2,11.333333333333334,41.7,11.67,Rendah (25-50%),16.2,0.3,-0.92
STD-0171,Enrolled,0,33.3,Sedang,Veterinary Nursing,Over 23 years old,Reguler (Siang),Perempuan,28-35,28,Single,Tidak,Lunas,Tidak,Ya,Tidak,Domestik,130.0,130.0,5,4,11.25,5,4,10.5,80.0,10.88,Baik (>75%),12.7,3.7,-1.7
STD-0172,Graduate,0,2.5,Rendah,Oral Hygiene,2nd phase - general,Reguler (Siang),Perempuan,<=20,20,Single,Tidak,Lunas,Tidak,Tidak,Tidak,Domestik,108.0,133.1,7,7,12.457142857142856,8,8,13.5625,100.0,13.01,Baik (>75%),15.5,2.8,-4.06
STD-0173,Graduate,0,2.2,Rendah,Nursing,2nd phase - general,Reguler (Siang),Perempuan,<=20,19,Single,Tidak,Lunas,Tidak,Ya,Tidak,Domestik,132.3,131.0,7,6,11.683333333333332,7,6,11.683333333333332,85.7,11.68,Baik (>75%),7.6,2.6,0.32
STD-0174,Graduate,0,8.6,Rendah,Social Service (eve),Transfer,Kelas Malam,Perempuan,24-27,26,Single,Tidak,Lunas,Tidak,Tidak,Tidak,Domestik,148.0,150.0,6,3,11.666666666666666,6,5,12.0,66.7,11.83,Sedang (50-75%),9.4,-0.8,-3.12
STD-0175,Dropout,1,61.2,Tinggi,Tourism,2nd phase - general,Reguler (Siang),Perempuan,<=20,20,Single,Ya,Menunggak,Tidak,Ya,Tidak,Domestik,122.6,125.0,6,4,11.75,6,6,13.166666666666666,83.3,12.46,Baik (>75%),11.1,0.6,2.02
STD-0176,Enrolled,0,6.1,Rendah,Advertising & Marketing,1st phase - general,Reguler (Siang),Perempuan,<=20,18,Single,Tidak,Lunas,Ya,Ya,Tidak,Domestik,123.0,131.0,5,3,11.666666666666666,5,4,13.5,70.0,12.58,Sedang (50-75%),7.6,2.6,0.32
STD-0177,Graduate,0,46.6,Sedang,Basic Education,Over 23 years old,Reguler (Siang),Perempuan,24-27,27,Single,Tidak,Lunas,Tidak,Tidak,Tidak,Domestik,102.5,130.0,6,5,13.2,6,5,12.0,83.3,12.6,Baik (>75%),7.6,2.6,0.32
STD-0178,Dropout,1,21.9,Rendah,Nursing,1st phase - general,Reguler (Siang),Perempuan,<=20,20,Single,Tidak,Lunas,Tidak,Ya,Tidak,Domestik,113.3,123.0,7,4,11.95,7,4,11.95,57.1,11.95,Sedang (50-75%),7.6,2.6,0.32
STD-0179,Dropout,1,23.7,Rendah,Basic Education,1st phase - general,Reguler (Siang),Perempuan,<=20,18,Single,Tidak,Lunas,Tidak,Ya,Tidak,Domestik,133.0,141.0,6,5,12.4,6,5,10.4,83.3,11.4,Baik (>75%),9.4,-0.8,-3.12
STD-0180,Dropout,1,5.5,Rendah,Nursing,Holder of other higher course,Reguler (Siang),Perempuan,28-35,33,Single,Tidak,Lunas,Tidak,Tidak,Tidak,Domestik,140.0,140.0,7,6,14.35,8,6,14.583333333333334,80.0,14.47,Baik (>75%),16.2,0.3,-0.92
STD-0181,Graduate,0,13.4,Rendah,Basic Education,Change of course,Reguler (Siang),Perempuan,28-35,35,Single,Tidak,Lunas,Tidak,Ya,Tidak,Domestik,128.3,140.0,21,21,12.61904761904762,19,19,12.789473684210526,100.0,12.7,Baik (>75%),12.4,0.5,1.79
STD-0182,Enrolled,0,3.1,Rendah,Management (evening),Tech. specialization holder,Kelas Malam,Perempuan,24-27,26,Single,Tidak,Lunas,Ya,Tidak,Tidak,Domestik,140.0,140.0,6,6,12.666666666666666,6,6,13.166666666666666,100.0,12.92,Baik (>75%),9.4,-0.8,-3.12
STD-0183,Dropout,1,96.6,Tinggi,Journalism & Comm,Over 23 years old,Reguler (Siang),Perempuan,24-27,27,Single,Ya,Menunggak,Tidak,Tidak,Tidak,Domestik,104.0,133.1,6,5,12.0,6,0,0.0,41.7,6.0,Rendah (25-50%),11.1,0.6,2.02
STD-0184,Dropout,1,93.0,Tinggi,Communication Design,3rd phase - general,Reguler (Siang),Perempuan,<=20,19,Single,Tidak,Menunggak,Tidak,Ya,Tidak,Domestik,122.3,131.0,6,6,12.166666666666666,6,0,0.0,50.0,6.08,Rendah (25-50%),15.5,2.8,-4.06
STD-0185,Dropout,1,93.4,Tinggi,Tourism,2nd phase - general,Reguler (Siang),Perempuan,<=20,20,Single,Tidak,Lunas,Tidak,Tidak,Tidak,Domestik,135.0,143.0,6,0,0.0,6,0,0.0,0.0,0.0,Kritis (<25%),11.1,0.6,2.02
STD-0186,Dropout,1,93.2,Tinggi,Management,3rd phase - general,Reguler (Siang),Perempuan,<=20,20,Single,Ya,Menunggak,Tidak,Ya,Tidak,Domestik,119.1,132.0,5,3,10.0,5,3,10.571428571428571,60.0,10.29,Sedang (50-75%),10.8,1.4,1.74
STD-0187,Enrolled,0,89.7,Tinggi,Social Service,Change of course,Reguler (Siang),Perempuan,21-23,21,Single,Ya,Menunggak,Tidak,Tidak,Tidak,Domestik,126.6,143.0,10,8,11.5,6,4,10.0,75.0,10.75,Sedang (50-75%),9.4,-0.8,-3.12
STD-0188,Graduate,0,3.1,Rendah,Nursing,2nd phase - general,Reguler (Siang),Perempuan,<=20,18,Single,Tidak,Lunas,Ya,Ya,Tidak,Domestik,129.0,141.0,7,6,13.05,7,6,13.05,85.7,13.05,Baik (>75%),7.6,2.6,0.32
STD-0189,Dropout,1,83.5,Tinggi,Veterinary Nursing,Over 23 years old,Reguler (Siang),Perempuan,24-27,24,Single,Tidak,Lunas,Tidak,Ya,Tidak,Domestik,162.3,133.1,6,2,11.0,6,0,0.0,16.7,5.5,Kritis (<25%),8.9,1.4,3.51
STD-0190,Graduate,0,9.1,Rendah,Communication Design,2nd phase - general,Reguler (Siang),Perempuan,<=20,20,Single,Tidak,Lunas,Tidak,Ya,Tidak,Domestik,163.4,148.0,6,6,11.5,6,6,12.0,100.0,11.75,Baik (>75%),16.2,0.3,-0.92
STD-0191,Graduate,0,2.9,Rendah,Tourism,1st phase - general,Reguler (Siang),Perempuan,21-23,21,Single,Tidak,Lunas,Ya,Tidak,Tidak,Domestik,121.5,125.0,6,6,12.0,6,6,12.5,100.0,12.25,Baik (>75%),13.9,-0.3,0.79
STD-0192,Enrolled,0,58.3,Sedang,Social Service (eve),1st phase - general,Kelas Malam,Perempuan,21-23,23,Single,Tidak,Lunas,Tidak,Tidak,Tidak,Domestik,122.8,120.0,6,2,10.0,5,1,10.0,27.3,10.0,Rendah (25-50%),9.4,-0.8,-3.12
STD-0193,Dropout,1,85.3,Tinggi,Management,Over 23 years old,Reguler (Siang),Perempuan,24-27,24,Single,Tidak,Lunas,Tidak,Ya,Tidak,Domestik,118.0,140.0,5,0,0.0,5,0,0.0,0.0,0.0,Kritis (<25%),7.6,2.6,0.32
STD-0194,Dropout,1,93.4,Tinggi,Basic Education,Change of institution/course,Reguler (Siang),Perempuan,21-23,21,Single,Tidak,Lunas,Tidak,Tidak,Tidak,Domestik,134.0,139.0,6,0,0.0,6,0,0.0,0.0,0.0,Kritis (<25%),12.4,0.5,1.79
STD-0195,Graduate,0,3.8,Rendah,Nursing,1st phase - general,Reguler (Siang),Perempuan,<=20,18,Single,Tidak,Lunas,Tidak,Ya,Tidak,Domestik,129.8,142.0,8,7,12.242857142857144,8,7,12.242857142857144,87.5,12.24,Baik (>75%),12.7,3.7,-1.7
STD-0196,Dropout,1,94.3,Tinggi,Management (evening),Over 23 years old,Kelas Malam,Perempuan,24-27,27,Single,Tidak,Lunas,Tidak,Ya,Tidak,Domestik,152.0,130.0,5,0,0.0,5,0,0.0,0.0,0.0,Kritis (<25%),8.9,1.4,3.51
STD-0197,Graduate,0,4.9,Rendah,Nursing,3rd phase - general,Reguler (Siang),Perempuan,<=20,18,Single,Tidak,Lunas,Tidak,Ya,Tidak,Domestik,122.8,126.0,8,8,12.93375,8,8,12.93375,100.0,12.93,Baik (>75%),9.4,-0.8,-3.12
STD-0198,Dropout,1,96.8,Tinggi,Informatics Engineering,Holder of other higher course,Reguler (Siang),Perempuan,28-35,35,Single,Tidak,Lunas,Tidak,Tidak,Tidak,Domestik,150.0,150.0,5,0,0.0,5,0,0.0,0.0,0.0,Kritis (<25%),13.9,-0.3,0.79
STD-0199,Graduate,0,4.4,Rendah,Basic Education,1st phase - general,Reguler (Siang),Perempuan,<=20,18,Single,Tidak,Lunas,Tidak,Tidak,Tidak,Domestik,131.8,130.0,7,7,12.571428571428571,7,7,14.428571428571429,100.0,13.5,Baik (>75%),11.1,0.6,2.02
STD-0200,Enrolled,0,27.0,Rendah,Nursing,Over 23 years old,Reguler (Siang),Perempuan,28-35,35,Single,Tidak,Lunas,Tidak,Tidak,Tidak,Domestik,105.9,120.0,3,3,11.816666666666668,3,3,11.333333333333334,100.0,11.58,Baik (>75%),11.1,0.6,2.02
STD-0201,Graduate,0,6.4,Rendah,Veterinary Nursing,1st phase - general,Reguler (Siang),Perempuan,<=20,19,Single,Tidak,Lunas,Tidak,Ya,Tidak,Domestik,132.1,138.0,5,4,13.75,5,4,14.333333333333334,80.0,14.04,Baik (>75%),10.8,1.4,1.74
STD-0202,Graduate,0,3.3,Rendah,Social Service,1st phase - general,Reguler (Siang),Perempuan,<=20,20,Single,Tidak,Lunas,Tidak,Ya,Tidak,Domestik,127.4,127.0,6,6,11.166666666666666,6,6,11.333333333333334,100.0,11.25,Baik (>75%),7.6,2.6,0.32
STD-0203,Graduate,0,4.1,Rendah,Nursing,1st phase - general,Reguler (Siang),Perempuan,<=20,18,Single,Tidak,Lunas,Tidak,Ya,Tidak,Domestik,129.5,140.0,8,7,12.324285714285711,8,7,12.324285714285711,87.5,12.32,Baik (>75%),10.8,1.4,1.74
STD-0204,Graduate,0,6.4,Rendah,Social Service,Tech. specialization holder,Reguler (Siang),Perempuan,21-23,21,Single,Ya,Lunas,Tidak,Tidak,Tidak,Domestik,126.7,130.0,6,6,12.166666666666666,6,6,11.714285714285714,100.0,11.94,Baik (>75%),13.9,-0.3,0.79
STD-0205,Graduate,0,11.4,Rendah,Social Service,2nd phase - general,Reguler (Siang),Perempuan,<=20,18,Single,Tidak,Lunas,Ya,Tidak,Tidak,Domestik,116.5,128.0,6,5,11.142857142857142,6,4,11.25,75.0,11.2,Sedang (50-75%),16.2,0.3,-0.92
STD-0206,Graduate,0,63.8,Tinggi,Social Service,1st phase - general,Reguler (Siang),Perempuan,<=20,18,Single,Tidak,Lunas,Tidak,Ya,Tidak,Domestik,119.1,132.0,6,4,11.0,6,4,10.75,66.7,10.88,Sedang (50-75%),7.6,2.6,0.32
STD-0207,Graduate,0,3.7,Rendah,Nursing,1st phase - general,Reguler (Siang),Perempuan,<=20,18,Single,Tidak,Lunas,Tidak,Ya,Tidak,Domestik,126.5,149.0,8,7,12.914285714285713,8,7,12.914285714285713,87.5,12.91,Baik (>75%),12.7,3.7,-1.7
STD-0208,Graduate,0,6.8,Rendah,Journalism & Comm,1st phase - general,Reguler (Siang),Perempuan,<=20,18,Single,Tidak,Lunas,Ya,Ya,Tidak,Domestik,149.8,155.0,6,6,13.833333333333334,6,6,14.166666666666666,100.0,14.0,Baik (>75%),16.2,0.3,-0.92
STD-0209,Graduate,0,3.5,Rendah,Veterinary Nursing,1st phase - general,Reguler (Siang),Perempuan,<=20,19,Single,Tidak,Lunas,Tidak,Ya,Tidak,Domestik,115.1,120.0,6,6,13.857142857142858,6,5,13.4,91.7,13.63,Baik (>75%),13.9,-0.3,0.79
STD-0210,Dropout,1,7.0,Rendah,Tourism,Over 23 years old,Reguler (Siang),Perempuan,>35,36,Single,Tidak,Lunas,Ya,Tidak,Tidak,Domestik,124.5,133.1,6,6,13.714285714285714,6,5,12.8,91.7,13.26,Baik (>75%),16.2,0.3,-0.92
STD-0211,Graduate,0,2.9,Rendah,Nursing,1st phase - general,Reguler (Siang),Perempuan,<=20,18,Single,Tidak,Lunas,Ya,Ya,Tidak,Domestik,128.3,131.0,8,7,12.642857142857142,8,7,12.642857142857142,87.5,12.64,Baik (>75%),12.7,3.7,-1.7
STD-0212,Graduate,0,2.1,Rendah,Nursing,1st phase - general,Reguler (Siang),Perempuan,<=20,18,Single,Tidak,Lunas,Ya,Tidak,Tidak,Domestik,136.0,149.0,7,6,12.916666666666666,7,6,12.916666666666666,85.7,12.92,Baik (>75%),7.6,2.6,0.32
STD-0213,Graduate,0,6.6,Rendah,Equinculture,Change of course,Reguler (Siang),Perempuan,<=20,20,Single,Tidak,Lunas,Ya,Ya,Tidak,Domestik,140.0,140.0,6,6,15.625,6,6,15.857142857142858,100.0,15.74,Baik (>75%),13.9,-0.3,0.79
STD-0214,Dropout,1,90.6,Tinggi,Management (evening),Over 23 years old,Kelas Malam,Perempuan,24-27,26,Single,Tidak,Lunas,Ya,Tidak,Tidak,Domestik,126.3,133.1,5,0,0.0,5,0,0.0,0.0,0.0,Kritis (<25%),16.2,0.3,-0.92
STD-0215,Graduate,0,4.9,Rendah,Journalism & Comm,Change of course,Reguler (Siang),Perempuan,21-23,21,Single,Tidak,Lunas,Tidak,Tidak,Tidak,Domestik,126.9,122.0,6,6,11.714285714285714,6,6,12.0,100.0,11.86,Baik (>75%),7.6,2.6,0.32
STD-0216,Enrolled,0,6.9,Rendah,Oral Hygiene,Over 23 years old,Reguler (Siang),Perempuan,24-27,25,Single,Tidak,Lunas,Tidak,Tidak,Tidak,Domestik,145.0,130.0,7,6,12.125,8,8,13.3125,93.3,12.72,Baik (>75%),15.5,2.8,-4.06
STD-0217,Graduate,0,1.7,Rendah,Management,3rd phase - general,Reguler (Siang),Perempuan,<=20,19,Single,Tidak,Lunas,Ya,Ya,Tidak,Domestik,115.8,121.0,5,5,11.6,5,5,11.6,100.0,11.6,Baik (>75%),12.4,0.5,1.79
STD-0218,Dropout,1,87.2,Tinggi,Social Service (eve),Over 23 years old,Kelas Malam,Perempuan,24-27,24,Single,Tidak,Lunas,Tidak,Ya,Tidak,Domestik,100.0,120.0,6,1,10.0,6,0,0.0,8.3,5.0,Kritis (<25%),9.4,-0.8,-3.12
STD-0219,Dropout,1,84.8,Tinggi,Social Service (eve),Over 23 years old,Kelas Malam,Perempuan,24-27,27,Single,Tidak,Lunas,Ya,Tidak,Tidak,Domestik,102.5,133.1,6,1,10.0,6,0,0.0,8.3,5.0,Kritis (<25%),8.9,1.4,3.51
STD-0220,Dropout,1,36.4,Sedang,Veterinary Nursing,2nd phase - general,Reguler (Siang),Perempuan,21-23,21,Single,Tidak,Lunas,Tidak,Tidak,Tidak,Domestik,131.5,121.0,5,0,0.0,5,2,13.5,20.0,6.75,Kritis (<25%),7.6,2.6,0.32
STD-0221,Graduate,0,8.3,Rendah,Management,1st phase - general,Reguler (Siang),Perempuan,<=20,18,Single,Tidak,Lunas,Ya,Tidak,Tidak,Domestik,147.0,133.0,5,4,13.0,5,3,12.333333333333334,70.0,12.67,Sedang (50-75%),9.4,-0.8,-3.12
STD-0222,Graduate,0,8.6,Rendah,Basic Education,1st phase - general,Reguler (Siang),Perempuan,<=20,19,Married,Tidak,Lunas,Ya,Tidak,Ya,Domestik,122.5,134.0,6,6,13.333333333333334,6,6,14.5,100.0,13.92,Baik (>75%),10.8,1.4,1.74
STD-0223,Dropout,1,28.7,Rendah,Tourism,1st phase - general,Reguler (Siang),Perempuan,<=20,18,Single,Tidak,Lunas,Tidak,Ya,Tidak,Domestik,117.5,115.0,6,4,11.25,6,2,12.5,50.0,11.88,Rendah (25-50%),9.4,-0.8,-3.12
STD-0224,Graduate,0,9.8,Rendah,Nursing,Change of institution/course,Reguler (Siang),Perempuan,<=20,19,Single,Tidak,Lunas,Ya,Tidak,Tidak,Domestik,150.0,127.0,7,5,13.85,8,7,12.19285714285714,80.0,13.02,Baik (>75%),11.1,0.6,2.02
STD-0225,Graduate,0,3.1,Rendah,Nursing,3rd phase - general,Reguler (Siang),Perempuan,<=20,19,Single,Tidak,Lunas,Ya,Ya,Tidak,Domestik,127.5,135.0,7,6,13.741666666666667,8,7,14.9125,86.7,14.33,Baik (>75%),16.2,0.3,-0.92
STD-0226,Graduate,0,10.6,Rendah,Management (evening),Holder of other higher course,Kelas Malam,Perempuan,28-35,33,Married,Tidak,Lunas,Tidak,Tidak,Tidak,Domestik,140.0,140.0,6,6,15.333333333333334,5,5,15.8,100.0,15.57,Baik (>75%),11.1,0.6,2.02
STD-0227,Graduate,0,10.0,Rendah,Management,Holder of other higher course,Reguler (Siang),Perempuan,>35,45,Married,Tidak,Lunas,Tidak,Tidak,Tidak,Domestik,130.0,130.0,5,5,11.0,5,5,13.8,100.0,12.4,Baik (>75%),12.4,0.5,1.79
STD-0228,Graduate,0,2.1,Rendah,Social Service,1st phase - general,Reguler (Siang),Perempuan,<=20,20,Single,Tidak,Lunas,Ya,Tidak,Tidak,Domestik,133.3,135.0,6,6,12.0,6,6,12.857142857142858,100.0,12.43,Baik (>75%),11.1,0.6,2.02
STD-0229,Dropout,1,97.5,Tinggi,Advertising & Marketing,Over 23 years old,Reguler (Siang),Perempuan,28-35,28,Single,Tidak,Lunas,Tidak,Ya,Tidak,Domestik,97.0,140.0,5,0,0.0,5,0,0.0,0.0,0.0,Kritis (<25%),7.6,2.6,0.32
STD-0230,Graduate,0,4.7,Rendah,Nursing,Change of course,Reguler (Siang),Perempuan,<=20,19,Single,Tidak,Lunas,Ya,Ya,Tidak,Domestik,112.0,120.0,8,7,11.571428571428571,8,7,11.571428571428571,87.5,11.57,Baik (>75%),12.7,3.7,-1.7
STD-0231,Graduate,0,19.4,Rendah,Tourism,1st phase - general,Reguler (Siang),Perempuan,<=20,18,Single,Tidak,Lunas,Tidak,Ya,Tidak,Domestik,123.6,140.0,6,6,12.857142857142858,6,3,12.666666666666666,75.0,12.76,Sedang (50-75%),12.7,3.7,-1.7
STD-0232,Dropout,1,96.4,Tinggi,Tourism,Over 23 years old,Reguler (Siang),Perempuan,>35,38,Single,Tidak,Lunas,Tidak,Tidak,Tidak,Domestik,130.5,133.1,6,0,0.0,6,0,0.0,0.0,0.0,Kritis (<25%),15.5,2.8,-4.06
STD-0233,Graduate,0,5.6,Rendah,Advertising & Marketing,1st phase - general,Reguler (Siang),Perempuan,<=20,19,Single,Tidak,Lunas,Tidak,Tidak,Tidak,Domestik,133.3,135.0,5,5,13.0,5,5,13.2,100.0,13.1,Baik (>75%),9.4,-0.8,-3.12
STD-0234,Graduate,0,5.2,Rendah,Tourism,1st phase - general,Reguler (Siang),Perempuan,21-23,21,Single,Tidak,Lunas,Ya,Tidak,Tidak,Domestik,132.1,123.0,6,5,11.0,6,5,12.0,83.3,11.5,Baik (>75%),15.5,2.8,-4.06
STD-0235,Dropout,1,75.6,Tinggi,Management,1st phase - general,Reguler (Siang),Perempuan,21-23,21,Single,Tidak,Lunas,Tidak,Tidak,Tidak,Domestik,100.0,133.1,5,3,12.0,5,1,15.0,40.0,13.5,Rendah (25-50%),16.2,0.3,-0.92
STD-0236,Graduate,0,1.3,Rendah,Social Service,1st phase - general,Reguler (Siang),Perempuan,21-23,22,Single,Tidak,Lunas,Ya,Tidak,Tidak,Domestik,140.4,154.0,6,5,12.6,6,6,13.0,91.7,12.8,Baik (>75%),10.8,1.4,1.74
STD-0237,Graduate,0,2.8,Rendah,Basic Education,1st phase - general,Reguler (Siang),Perempuan,<=20,18,Single,Tidak,Lunas,Ya,Tidak,Tidak,Domestik,141.7,148.0,6,5,13.4,6,6,13.166666666666666,91.7,13.28,Baik (>75%),9.4,-0.8,-3.12
STD-0238,Graduate,0,3.2,Rendah,Social Service,2nd phase - general,Reguler (Siang),Perempuan,<=20,18,Single,Tidak,Lunas,Ya,Tidak,Ya,Domestik,119.7,133.0,6,6,11.333333333333334,6,6,11.571428571428571,100.0,11.45,Baik (>75%),15.5,2.8,-4.06
STD-0239,Dropout,1,80.4,Tinggi,Equinculture,1st phase - general,Reguler (Siang),Perempuan,24-27,25,Single,Tidak,Menunggak,Tidak,Ya,Tidak,Domestik,122.5,126.0,5,4,13.5,5,4,14.25,80.0,13.88,Baik (>75%),9.4,-0.8,-3.12
STD-0240,Dropout,1,97.9,Tinggi,Veterinary Nursing,Over 23 years old,Reguler (Siang),Perempuan,24-27,24,Single,Ya,Menunggak,Tidak,Tidak,Tidak,Domestik,140.0,133.1,6,3,11.75,6,3,10.333333333333334,50.0,11.04,Rendah (25-50%),16.2,0.3,-0.92
STD-0241,Enrolled,0,5.5,Rendah,Nursing,1st phase - general,Reguler (Siang),Perempuan,<=20,19,Single,Tidak,Lunas,Tidak,Ya,Tidak,Domestik,119.4,125.0,7,6,12.471428571428572,7,7,11.4625,92.9,11.97,Baik (>75%),12.4,0.5,1.79
STD-0242,Enrolled,0,54.2,Sedang,Animation & Multimedia,1st phase - Madeira,Reguler (Siang),Perempuan,24-27,24,Single,Tidak,Lunas,Tidak,Ya,Tidak,Domestik,155.0,145.0,17,11,12.909090909090908,13,9,13.555555555555555,66.7,13.23,Sedang (50-75%),12.4,0.5,1.79
STD-0243,Graduate,0,3.9,Rendah,Management,1st phase - general,Reguler (Siang),Perempuan,<=20,20,Single,Tidak,Lunas,Ya,Ya,Tidak,Domestik,119.1,118.0,5,5,11.6,5,5,13.6,100.0,12.6,Baik (>75%),12.4,0.5,1.79
STD-0244,Dropout,1,92.9,Tinggi,Management,Over 23 years old,Reguler (Siang),Perempuan,24-27,25,Single,Tidak,Menunggak,Tidak,Tidak,Tidak,Domestik,122.7,120.0,5,0,0.0,5,0,0.0,0.0,0.0,Kritis (<25%),10.8,1.4,1.74
STD-0245,Graduate,0,2.9,Rendah,Management,1st phase - general,Reguler (Siang),Perempuan,<=20,20,Single,Tidak,Lunas,Ya,Tidak,Tidak,Domestik,117.9,127.0,10,9,12.9,10,10,12.363636363636363,95.0,12.63,Baik (>75%),8.9,1.4,3.51
STD-0246,Graduate,0,6.5,Rendah,Nursing,Holder of other higher course,Reguler (Siang),Perempuan,21-23,23,Single,Tidak,Lunas,Tidak,Tidak,Tidak,Domestik,130.0,130.0,8,8,13.22,8,8,13.22,100.0,13.22,Baik (>75%),9.4,-0.8,-3.12
STD-0247,Graduate,0,2.8,Rendah,Nursing,2nd phase - general,Reguler (Siang),Perempuan,<=20,19,Single,Tidak,Lunas,Ya,Ya,Tidak,Domestik,120.0,129.0,8,7,13.151428571428571,8,7,13.151428571428571,87.5,13.15,Baik (>75%),10.8,1.4,1.74
STD-0248,Dropout,1,96.1,Tinggi,Agronomy,Tech. specialization holder,Reguler (Siang),Perempuan,28-35,29,Single,Ya,Menunggak,Tidak,Tidak,Tidak,Domestik,130.0,130.0,6,3,12.75,6,3,11.333333333333334,50.0,12.04,Rendah (25-50%),13.9,-0.3,0.79
STD-0249,Graduate,0,8.6,Rendah,Tourism,1st phase - general,Reguler (Siang),Perempuan,21-23,21,Single,Tidak,Lunas,Tidak,Ya,Tidak,Domestik,116.8,121.0,6,6,11.333333333333334,6,4,12.25,83.3,11.79,Baik (>75%),11.1,0.6,2.02
STD-0250,Graduate,0,7.3,Rendah,Advertising & Marketing,1st phase - general,Reguler (Siang),Perempuan,<=20,18,Single,Tidak,Lunas,Ya,Ya,Tidak,Domestik,123.4,136.0,6,6,13.25,6,5,14.142857142857142,91.7,13.7,Baik (>75%),11.1,0.6,2.02
STD-0251,Enrolled,0,3.8,Rendah,Communication Design,1st phase - general,Reguler (Siang),Perempuan,<=20,19,Single,Tidak,Lunas,Tidak,Ya,Tidak,Domestik,125.4,125.0,6,5,12.4,6,5,12.4,83.3,12.4,Baik (>75%),9.4,-0.8,-3.12
STD-0252,Dropout,1,3.2,Rendah,Journalism & Comm,1st phase - general,Reguler (Siang),Perempuan,<=20,18,Single,Tidak,Lunas,Ya,Ya,Tidak,Domestik,127.2,131.0,6,6,15.0,6,6,12.833333333333334,100.0,13.92,Baik (>75%),8.9,1.4,3.51
STD-0253,Graduate,0,2.5,Rendah,Veterinary Nursing,1st phase - general,Reguler (Siang),Perempuan,<=20,19,Single,Tidak,Lunas,Tidak,Tidak,Tidak,Domestik,103.4,122.0,5,5,14.4,5,5,13.0,100.0,13.7,Baik (>75%),7.6,2.6,0.32
STD-0254,Enrolled,0,73.4,Tinggi,Journalism & Comm,1st phase - general,Reguler (Siang),Perempuan,<=20,18,Single,Tidak,Lunas,Tidak,Ya,Tidak,Domestik,123.2,127.0,6,1,11.0,6,0,0.0,8.3,5.5,Kritis (<25%),9.4,-0.8,-3.12
STD-0255,Graduate,0,6.6,Rendah,Management,2nd phase - general,Reguler (Siang),Perempuan,<=20,18,Single,Tidak,Lunas,Tidak,Tidak,Tidak,Domestik,124.1,136.0,5,5,12.4,5,5,10.8,100.0,11.6,Baik (>75%),8.9,1.4,3.51
STD-0256,Dropout,1,96.5,Tinggi,Oral Hygiene,Over 23 years old,Reguler (Siang),Perempuan,>35,37,Married,Ya,Menunggak,Ya,Ya,Tidak,Domestik,99.5,133.1,7,1,16.0,7,0,0.0,7.1,8.0,Kritis (<25%),8.9,1.4,3.51
STD-0257,Graduate,0,11.3,Rendah,Management (evening),2nd phase - general,Kelas Malam,Perempuan,28-35,29,Single,Tidak,Lunas,Tidak,Tidak,Tidak,Domestik,124.9,127.0,5,5,13.571428571428571,5,5,12.333333333333334,100.0,12.95,Baik (>75%),16.2,0.3,-0.92
STD-0258,Enrolled,0,1.4,Rendah,Communication Design,2nd phase - general,Reguler (Siang),Perempuan,<=20,18,Single,Tidak,Lunas,Tidak,Tidak,Tidak,Domestik,110.8,116.0,6,6,11.833333333333334,6,6,12.5,100.0,12.17,Baik (>75%),7.6,2.6,0.32
STD-0259,Graduate,0,3.3,Rendah,Social Service,1st phase - general,Reguler (Siang),Perempuan,<=20,19,Single,Tidak,Lunas,Ya,Ya,Tidak,Domestik,118.9,121.0,6,5,11.666666666666666,6,5,12.666666666666666,83.3,12.17,Baik (>75%),12.4,0.5,1.79
STD-0260,Dropout,1,89.2,Tinggi,Social Service,Change of course,Reguler (Siang),Perempuan,21-23,22,Single,Ya,Menunggak,Tidak,Ya,Tidak,Domestik,118.8,124.0,10,6,11.833333333333334,7,2,13.0,47.1,12.42,Rendah (25-50%),16.2,0.3,-0.92
STD-0261,Graduate,0,4.4,Rendah,Tourism,1st phase - general,Reguler (Siang),Perempuan,<=20,20,Single,Tidak,Lunas,Ya,Tidak,Tidak,Domestik,137.0,131.0,6,6,11.166666666666666,6,5,10.6,91.7,10.88,Baik (>75%),15.5,2.8,-4.06
STD-0262,Dropout,1,95.9,Tinggi,Social Service (eve),Over 23 years old,Kelas Malam,Perempuan,28-35,34,Single,Tidak,Lunas,Tidak,Tidak,Tidak,Domestik,100.0,100.0,6,0,0.0,6,0,0.0,0.0,0.0,Kritis (<25%),12.7,3.7,-1.7
STD-0263,Dropout,1,87.3,Tinggi,Informatics Engineering,Change of course,Reguler (Siang),Perempuan,28-35,30,Single,Ya,Menunggak,Tidak,Tidak,Tidak,Domestik,120.0,130.0,12,8,11.75,12,6,12.166666666666666,58.3,11.96,Sedang (50-75%),7.6,2.6,0.32
STD-0264,Graduate,0,2.4,Rendah,Social Service,1st phase - general,Reguler (Siang),Perempuan,<=20,18,Single,Tidak,Lunas,Tidak,Tidak,Tidak,Domestik,122.8,135.0,6,6,14.0,6,6,14.0,100.0,14.0,Baik (>75%),10.8,1.4,1.74
STD-0265,Graduate,0,2.1,Rendah,Social Service,1st phase - general,Reguler (Siang),Perempuan,<=20,18,Single,Tidak,Lunas,Tidak,Tidak,Tidak,Domestik,121.6,130.0,6,6,12.833333333333334,6,6,12.0,100.0,12.42,Baik (>75%),12.4,0.5,1.79
STD-0266,Graduate,0,15.0,Rendah,Journalism & Comm,1st phase - general,Reguler (Siang),Perempuan,<=20,18,Single,Tidak,Lunas,Tidak,Ya,Tidak,Domestik,149.2,146.0,6,4,12.25,6,3,11.666666666666666,58.3,11.96,Sedang (50-75%),9.4,-0.8,-3.12
STD-0267,Graduate,0,1.1,Rendah,Nursing,2nd phase - general,Reguler (Siang),Perempuan,<=20,18,Single,Tidak,Lunas,Tidak,Ya,Tidak,Domestik,140.0,146.0,8,7,14.828571428571427,8,7,14.828571428571427,87.5,14.83,Baik (>75%),12.7,3.7,-1.7
STD-0268,Graduate,0,6.1,Rendah,Journalism & Comm,1st phase - general,Reguler (Siang),Perempuan,<=20,19,Single,Tidak,Lunas,Ya,Ya,Tidak,Domestik,133.4,154.0,6,5,11.4,6,5,12.8,83.3,12.1,Baik (>75%),12.7,3.7,-1.7
STD-0269,Graduate,0,2.2,Rendah,Communication Design,1st phase - general,Reguler (Siang),Perempuan,<=20,19,Single,Tidak,Lunas,Ya,Ya,Tidak,Domestik,126.2,137.0,6,6,13.0,6,6,12.5,100.0,12.75,Baik (>75%),10.8,1.4,1.74
STD-0270,Graduate,0,2.1,Rendah,Nursing,1st phase - general,Reguler (Siang),Perempuan,<=20,18,Single,Tidak,Lunas,Ya,Tidak,Tidak,Domestik,127.8,151.0,8,7,13.671428571428573,8,7,13.671428571428573,87.5,13.67,Baik (>75%),12.7,3.7,-1.7
STD-0271,Graduate,0,3.4,Rendah,Agronomy,Tech. specialization holder,Reguler (Siang),Perempuan,21-23,21,Single,Tidak,Lunas,Ya,Tidak,Tidak,Domestik,150.0,150.0,6,6,12.666666666666666,6,5,12.8,91.7,12.73,Baik (>75%),13.9,-0.3,0.79
STD-0272,Dropout,1,88.6,Tinggi,Management,1st phase - general,Reguler (Siang),Perempuan,<=20,20,Single,Tidak,Menunggak,Tidak,Ya,Tidak,Domestik,113.7,121.0,5,2,10.0,5,1,13.0,30.0,11.5,Rendah (25-50%),7.6,2.6,0.32
STD-0273,Graduate,0,5.3,Rendah,Management,2nd phase - general,Reguler (Siang),Perempuan,<=20,20,Single,Tidak,Lunas,Tidak,Ya,Tidak,Domestik,117.8,122.0,5,5,13.5,5,5,12.333333333333334,100.0,12.92,Baik (>75%),13.9,-0.3,0.79
STD-0274,Graduate,0,6.3,Rendah,Nursing,1st phase - general,Reguler (Siang),Perempuan,<=20,19,Single,Tidak,Lunas,Tidak,Tidak,Tidak,Domestik,136.7,143.0,7,7,12.67,8,8,13.55,100.0,13.11,Baik (>75%),11.1,0.6,2.02
STD-0275,Graduate,0,1.7,Rendah,Social Service,1st phase - general,Reguler (Siang),Perempuan,<=20,20,Single,Tidak,Lunas,Tidak,Tidak,Tidak,Domestik,144.7,152.0,6,6,14.5,6,6,15.428571428571429,100.0,14.96,Baik (>75%),16.2,0.3,-0.92
STD-0276,Graduate,0,20.9,Rendah,Nursing,2nd phase - general,Reguler (Siang),Perempuan,<=20,18,Single,Tidak,Lunas,Tidak,Ya,Tidak,Domestik,139.8,145.0,7,7,13.685714285714283,8,8,15.3875,100.0,14.54,Baik (>75%),13.9,-0.3,0.79
STD-0277,Dropout,1,49.6,Sedang,Basic Education,Transfer,Reguler (Siang),Perempuan,<=20,20,Single,Tidak,Lunas,Tidak,Tidak,Tidak,Domestik,113.7,120.0,6,5,11.0,6,3,10.666666666666666,66.7,10.83,Sedang (50-75%),12.7,3.7,-1.7
STD-0278,Dropout,1,90.4,Tinggi,Equinculture,Holder of other higher course,Reguler (Siang),Perempuan,28-35,29,Married,Ya,Menunggak,Tidak,Tidak,Tidak,Domestik,140.0,140.0,9,7,11.555555555555555,7,5,13.2,75.0,12.38,Sedang (50-75%),7.6,2.6,0.32
STD-0279,Enrolled,0,2.4,Rendah,Nursing,1st phase - general,Reguler (Siang),Perempuan,<=20,18,Single,Tidak,Lunas,Ya,Tidak,Tidak,Domestik,142.3,143.0,7,7,13.79714285714286,8,8,13.775,100.0,13.79,Baik (>75%),12.4,0.5,1.79
STD-0280,Graduate,0,1.8,Rendah,Nursing,1st phase - general,Reguler (Siang),Perempuan,<=20,20,Single,Tidak,Lunas,Ya,Ya,Tidak,Domestik,119.6,129.0,7,7,14.00375,8,7,13.812857142857142,93.3,13.91,Baik (>75%),15.5,2.8,-4.06
STD-0281,Graduate,0,5.0,Rendah,Management,1st phase - Madeira,Reguler (Siang),Perempuan,21-23,22,Single,Tidak,Lunas,Ya,Ya,Tidak,Domestik,123.7,139.0,5,4,12.0,5,4,11.4,80.0,11.7,Baik (>75%),16.2,0.3,-0.92
STD-0282,Graduate,0,6.2,Rendah,Social Service (eve),1st phase - general,Kelas Malam,Perempuan,>35,47,Divorced,Tidak,Lunas,Ya,Ya,Tidak,Domestik,143.0,133.1,6,5,14.166666666666666,6,6,14.166666666666666,91.7,14.17,Baik (>75%),16.2,0.3,-0.92
STD-0283,Graduate,0,12.8,Rendah,Management (evening),Change of institution/course,Kelas Malam,Perempuan,28-35,31,Married,Tidak,Lunas,Tidak,Tidak,Tidak,Domestik,100.1,127.0,5,5,14.0,5,5,13.8,100.0,13.9,Baik (>75%),8.9,1.4,3.51
STD-0284,Graduate,0,2.6,Rendah,Communication Design,1st phase - general,Reguler (Siang),Perempuan,21-23,21,Single,Tidak,Lunas,Ya,Tidak,Tidak,Domestik,119.4,126.0,6,5,13.8,6,6,12.833333333333334,91.7,13.32,Baik (>75%),16.2,0.3,-0.92
STD-0285,Graduate,0,6.8,Rendah,Social Service (eve),1st phase - general,Kelas Malam,Perempuan,21-23,21,Single,Tidak,Lunas,Tidak,Tidak,Tidak,Domestik,122.1,128.0,6,5,12.8,6,6,11.857142857142858,91.7,12.33,Baik (>75%),7.6,2.6,0.32
STD-0286,Graduate,0,2.7,Rendah,Journalism & Comm,Over 23 years old,Reguler (Siang),Perempuan,24-27,24,Married,Tidak,Lunas,Tidak,Tidak,Tidak,Domestik,100.0,100.0,6,6,12.166666666666666,6,6,13.833333333333334,100.0,13.0,Baik (>75%),7.6,2.6,0.32
STD-0287,Enrolled,0,0.9,Rendah,Communication Design,2nd phase - general,Reguler (Siang),Perempuan,<=20,18,Single,Tidak,Lunas,Tidak,Tidak,Tidak,Domestik,113.9,123.0,6,6,12.5,6,6,12.333333333333334,100.0,12.42,Baik (>75%),15.5,2.8,-4.06
STD-0288,Graduate,0,41.8,Sedang,Social Service (eve),Over 23 years old,Kelas Malam,Perempuan,28-35,32,Single,Tidak,Lunas,Tidak,Tidak,Tidak,Domestik,101.0,170.0,6,4,12.0,6,4,11.5,66.7,11.75,Sedang (50-75%),7.6,2.6,0.32
STD-0289,Graduate,0,3.7,Rendah,Social Service (eve),3rd phase - general,Kelas Malam,Perempuan,<=20,19,Single,Tidak,Lunas,Ya,Ya,Tidak,Domestik,111.8,117.0,6,6,10.833333333333334,6,6,11.5,100.0,11.17,Baik (>75%),10.8,1.4,1.74
STD-0290,Graduate,0,2.8,Rendah,Nursing,Over 23 years old,Reguler (Siang),Perempuan,24-27,24,Single,Tidak,Lunas,Tidak,Ya,Tidak,Domestik,140.0,140.0,8,8,13.385,8,8,13.385,100.0,13.38,Baik (>75%),9.4,-0.8,-3.12
STD-0291,Graduate,0,15.5,Rendah,Veterinary Nursing,2nd phase - general,Reguler (Siang),Perempuan,<=20,19,Single,Tidak,Lunas,Tidak,Ya,Tidak,Domestik,124.4,123.0,6,6,15.666666666666666,6,6,14.5,100.0,15.08,Baik (>75%),15.5,2.8,-4.06
STD-0292,Graduate,0,3.0,Rendah,Agronomy,Tech. specialization holder,Reguler (Siang),Perempuan,<=20,19,Single,Ya,Lunas,Ya,Tidak,Tidak,Domestik,150.0,150.0,6,6,14.333333333333334,6,6,13.833333333333334,100.0,14.08,Baik (>75%),13.9,-0.3,0.79
STD-0293,Enrolled,0,14.3,Rendah,Agronomy,Tech. specialization holder,Reguler (Siang),Perempuan,24-27,24,Single,Tidak,Lunas,Tidak,Tidak,Tidak,Domestik,140.0,140.0,6,6,11.428571428571429,6,5,13.0,91.7,12.21,Baik (>75%),12.4,0.5,1.79
STD-0294,Graduate,0,1.7,Rendah,Social Service,2nd phase - general,Reguler (Siang),Perempuan,<=20,18,Single,Tidak,Lunas,Ya,Ya,Tidak,Domestik,116.0,123.0,6,6,11.666666666666666,6,6,11.666666666666666,100.0,11.67,Baik (>75%),8.9,1.4,3.51
STD-0295,Dropout,1,12.2,Rendah,Communication Design,1st phase - general,Reguler (Siang),Perempuan,<=20,19,Single,Tidak,Lunas,Ya,Ya,Tidak,Domestik,135.6,130.0,6,5,12.0,6,2,11.333333333333334,58.3,11.67,Sedang (50-75%),8.9,1.4,3.51
STD-0296,Graduate,0,1.9,Rendah,Nursing,1st phase - general,Reguler (Siang),Perempuan,<=20,19,Married,Tidak,Lunas,Ya,Tidak,Tidak,Domestik,121.0,137.0,8,7,14.725714285714288,8,7,14.725714285714288,87.5,14.73,Baik (>75%),10.8,1.4,1.74
STD-0297,Graduate,0,2.9,Rendah,Journalism & Comm,2nd phase - general,Reguler (Siang),Perempuan,<=20,18,Single,Tidak,Lunas,Ya,Ya,Tidak,Domestik,118.7,126.0,6,6,14.166666666666666,6,6,13.666666666666666,100.0,13.92,Baik (>75%),12.4,0.5,1.79
STD-0298,Graduate,0,4.5,Rendah,Social Service,1st phase - general,Reguler (Siang),Perempuan,<=20,18,Single,Tidak,Lunas,Tidak,Ya,Tidak,Domestik,125.7,125.0,6,6,11.571428571428571,6,6,12.333333333333334,100.0,11.95,Baik (>75%),12.4,0.5,1.79
STD-0299,Graduate,0,4.0,Rendah,Oral Hygiene,2nd phase - general,Reguler (Siang),Perempuan,<=20,20,Single,Tidak,Lunas,Tidak,Ya,Tidak,Domestik,107.1,112.0,7,7,12.5,8,8,13.1375,100.0,12.82,Baik (>75%),12.4,0.5,1.79
STD-0300,Graduate,0,5.5,Rendah,Nursing,1st phase - general,Reguler (Siang),Perempuan,<=20,18,Single,Tidak,Lunas,Tidak,Tidak,Tidak,Domestik,125.5,141.0,8,8,12.86,8,8,12.86,100.0,12.86,Baik (>75%),9.4,-0.8,-3.12
STD-0301,Graduate,0,6.4,Rendah,Advertising & Marketing,2nd phase - general,Reguler (Siang),Perempuan,<=20,18,Single,Tidak,Lunas,Tidak,Ya,Tidak,Domestik,127.0,135.0,6,6,12.25,6,6,13.714285714285714,100.0,12.98,Baik (>75%),11.1,0.6,2.02
STD-0302,Graduate,0,3.9,Rendah,Veterinary Nursing,1st phase - general,Reguler (Siang),Perempuan,21-23,21,Single,Tidak,Lunas,Ya,Ya,Tidak,Domestik,113.5,117.0,5,4,12.0,5,5,12.2,90.0,12.1,Baik (>75%),10.8,1.4,1.74
STD-0303,Graduate,0,2.3,Rendah,Nursing,1st phase - general,Reguler (Siang),Perempuan,<=20,18,Single,Tidak,Lunas,Ya,Tidak,Tidak,Domestik,154.4,160.0,7,7,15.116666666666667,8,8,16.168888888888887,100.0,15.64,Baik (>75%),15.5,2.8,-4.06
STD-0304,Dropout,1,79.0,Tinggi,Advertising & Marketing,Change of institution/course,Reguler (Siang),Perempuan,<=20,18,Single,Ya,Menunggak,Tidak,Tidak,Tidak,Domestik,122.0,136.0,5,2,12.5,5,4,10.25,60.0,11.38,Sedang (50-75%),9.4,-0.8,-3.12
STD-0305,Dropout,1,90.8,Tinggi,Social Service,2nd phase - general,Reguler (Siang),Perempuan,<=20,19,Single,Tidak,Lunas,Tidak,Ya,Tidak,Domestik,128.0,143.0,6,0,0.0,6,0,0.0,0.0,0.0,Kritis (<25%),9.4,-0.8,-3.12
STD-0306,Enrolled,0,21.9,Rendah,Advertising & Marketing,1st phase - general,Reguler (Siang),Perempuan,<=20,19,Single,Tidak,Lunas,Tidak,Ya,Tidak,Domestik,115.5,119.0,6,4,11.0,6,4,11.0,66.7,11.0,Sedang (50-75%),10.8,1.4,1.74
STD-0307,Graduate,0,20.8,Rendah,Advertising & Marketing,2nd phase - general,Reguler (Siang),Perempuan,<=20,18,Single,Tidak,Lunas,Tidak,Ya,Tidak,Domestik,117.2,120.0,6,6,11.875,6,4,14.6,83.3,13.24,Baik (>75%),11.1,0.6,2.02
STD-0308,Dropout,1,94.4,Tinggi,Equinculture,Over 23 years old,Reguler (Siang),Perempuan,28-35,34,Single,Tidak,Lunas,Tidak,Ya,Tidak,Domestik,150.0,150.0,5,1,11.0,5,0,0.0,10.0,5.5,Kritis (<25%),12.7,3.7,-1.7
STD-0309,Graduate,0,3.6,Rendah,Veterinary Nursing,1st phase - general,Reguler (Siang),Perempuan,<=20,19,Single,Tidak,Lunas,Tidak,Tidak,Tidak,Domestik,155.3,142.0,5,5,15.2,5,5,13.2,100.0,14.2,Baik (>75%),7.6,2.6,0.32
STD-0310,Dropout,1,93.1,Tinggi,Equinculture,Tech. specialization holder,Reguler (Siang),Perempuan,<=20,19,Single,Ya,Menunggak,Tidak,Ya,Tidak,Domestik,120.0,120.0,6,5,11.6,6,2,11.0,58.3,11.3,Sedang (50-75%),12.4,0.5,1.79
STD-0311,Graduate,0,5.1,Rendah,Social Service,Change of institution/course,Reguler (Siang),Perempuan,24-27,26,Single,Ya,Lunas,Tidak,Tidak,Tidak,Domestik,116.1,160.0,6,6,14.833333333333334,6,6,15.142857142857142,100.0,14.99,Baik (>75%),11.1,0.6,2.02
STD-0312,Dropout,1,75.1,Tinggi,Basic Education,2nd phase - general,Reguler (Siang),Perempuan,21-23,21,Single,Tidak,Lunas,Tidak,Ya,Tidak,Domestik,118.9,133.1,6,3,11.333333333333334,6,3,11.333333333333334,50.0,11.33,Rendah (25-50%),7.6,2.6,0.32
STD-0313,Graduate,0,5.4,Rendah,Management,2nd phase - general,Reguler (Siang),Perempuan,<=20,18,Single,Tidak,Lunas,Ya,Tidak,Tidak,Domestik,127.3,142.0,5,5,11.2,5,5,11.8,100.0,11.5,Baik (>75%),11.1,0.6,2.02
STD-0314,Graduate,0,15.7,Rendah,Basic Education,2nd phase - general,Reguler (Siang),Perempuan,<=20,20,Single,Tidak,Lunas,Ya,Ya,Tidak,Domestik,113.7,121.0,6,5,13.4,6,5,13.666666666666666,83.3,13.53,Baik (>75%),9.4,-0.8,-3.12
STD-0315,Dropout,1,89.7,Tinggi,Management,Change of institution/course,Reguler (Siang),Perempuan,24-27,25,Single,Tidak,Lunas,Tidak,Tidak,Tidak,Domestik,118.5,135.0,5,2,10.5,5,0,0.0,20.0,5.25,Kritis (<25%),11.1,0.6,2.02
STD-0316,Graduate,0,3.0,Rendah,Management,1st phase - general,Reguler (Siang),Perempuan,<=20,18,Single,Tidak,Lunas,Tidak,Tidak,Tidak,Domestik,146.7,153.0,5,5,16.2,5,5,16.4,100.0,16.3,Baik (>75%),11.1,0.6,2.02
STD-0317,Graduate,0,5.1,Rendah,Nursing,1st phase - general,Reguler (Siang),Perempuan,<=20,18,Single,Tidak,Lunas,Ya,Ya,Tidak,Domestik,124.3,140.0,7,7,14.542857142857144,8,8,14.88181818181818,100.0,14.71,Baik (>75%),16.2,0.3,-0.92
STD-0318,Graduate,0,3.0,Rendah,Nursing,1st phase - general,Reguler (Siang),Perempuan,<=20,19,Single,Tidak,Lunas,Tidak,Tidak,Tidak,Domestik,137.8,152.0,7,7,13.694285714285714,8,8,14.355555555555554,100.0,14.02,Baik (>75%),11.1,0.6,2.02
STD-0319,Graduate,0,3.2,Rendah,Social Service,1st phase - general,Reguler (Siang),Perempuan,<=20,18,Single,Tidak,Lunas,Ya,Tidak,Tidak,Domestik,130.2,120.0,6,6,11.285714285714286,6,6,11.857142857142858,100.0,11.57,Baik (>75%),12.4,0.5,1.79
STD-0320,Enrolled,0,3.0,Rendah,Nursing,2nd phase - general,Reguler (Siang),Perempuan,<=20,20,Single,Tidak,Lunas,Tidak,Tidak,Tidak,Domestik,147.8,160.0,7,6,11.757142857142856,8,6,13.083333333333334,80.0,12.42,Baik (>75%),15.5,2.8,-4.06
STD-0321,Dropout,1,93.1,Tinggi,Veterinary Nursing,Holder of other higher course,Reguler (Siang),Perempuan,24-27,26,Single,Ya,Menunggak,Tidak,Tidak,Tidak,Domestik,150.0,150.0,3,0,0.0,6,0,0.0,0.0,0.0,Kritis (<25%),8.9,1.4,3.51
STD-0322,Graduate,0,0.9,Rendah,Nursing,Transfer,Reguler (Siang),Perempuan,<=20,19,Single,Tidak,Lunas,Ya,Ya,Tidak,Domestik,100.0,100.0,8,7,13.058571428571428,8,7,13.058571428571428,87.5,13.06,Baik (>75%),10.8,1.4,1.74
STD-0323,Graduate,0,2.6,Rendah,Nursing,1st phase - general,Reguler (Siang),Perempuan,<=20,19,Single,Tidak,Lunas,Tidak,Tidak,Tidak,Domestik,155.6,150.0,7,7,14.3,8,8,14.055555555555555,100.0,14.18,Baik (>75%),16.2,0.3,-0.92
STD-0324,Graduate,0,11.2,Rendah,Management,Change of course,Reguler (Siang),Perempuan,<=20,19,Single,Tidak,Lunas,Tidak,Tidak,Tidak,Domestik,117.4,124.0,10,5,11.8,10,8,12.0,65.0,11.9,Sedang (50-75%),7.6,2.6,0.32
STD-0325,Enrolled,0,14.1,Rendah,Veterinary Nursing,1st phase - Azores,Reguler (Siang),Perempuan,<=20,19,Single,Tidak,Lunas,Tidak,Ya,Tidak,Domestik,128.8,141.0,5,3,10.333333333333334,5,3,13.0,60.0,11.67,Sedang (50-75%),7.6,2.6,0.32
STD-0326,Graduate,0,19.6,Rendah,Tourism,1st phase - general,Reguler (Siang),Perempuan,<=20,18,Single,Tidak,Lunas,Tidak,Ya,Tidak,Domestik,117.5,121.0,6,6,10.571428571428571,6,3,11.666666666666666,75.0,11.12,Sedang (50-75%),16.2,0.3,-0.92
STD-0327,Graduate,0,1.8,Rendah,Nursing,Change of course,Reguler (Siang),Perempuan,<=20,19,Single,Tidak,Lunas,Tidak,Ya,Tidak,Domestik,120.4,134.0,7,6,13.333333333333334,7,6,13.333333333333334,85.7,13.33,Baik (>75%),7.6,2.6,0.32
STD-0328,Graduate,0,28.7,Rendah,Social Service,1st phase - general,Reguler (Siang),Perempuan,<=20,18,Single,Ya,Lunas,Tidak,Tidak,Tidak,Domestik,130.9,134.0,6,6,11.857142857142858,6,5,11.0,91.7,11.43,Baik (>75%),13.9,-0.3,0.79
STD-0329,Enrolled,0,13.8,Rendah,Basic Education,1st phase - general,Reguler (Siang),Perempuan,<=20,18,Single,Tidak,Lunas,Tidak,Ya,Tidak,Domestik,125.0,132.0,6,5,12.6,6,5,11.4,83.3,12.0,Baik (>75%),9.4,-0.8,-3.12
STD-0330,Enrolled,0,3.0,Rendah,Veterinary Nursing,1st phase - general,Reguler (Siang),Perempuan,<=20,18,Single,Tidak,Lunas,Tidak,Ya,Tidak,Domestik,136.8,135.0,5,5,14.0,5,5,11.6,100.0,12.8,Baik (>75%),9.4,-0.8,-3.12
STD-0331,Enrolled,0,19.7,Rendah,Basic Education,1st phase - general,Reguler (Siang),Perempuan,<=20,18,Single,Tidak,Lunas,Tidak,Ya,Tidak,Domestik,121.6,123.0,7,5,12.0,7,6,12.666666666666666,78.6,12.33,Baik (>75%),11.1,0.6,2.02
STD-0332,Dropout,1,94.3,Tinggi,Informatics Engineering,Tech. specialization holder,Reguler (Siang),Perempuan,24-27,26,Single,Ya,Lunas,Tidak,Tidak,Tidak,Domestik,151.0,151.0,5,0,0.0,5,0,0.0,0.0,0.0,Kritis (<25%),16.2,0.3,-0.92
STD-0333,Graduate,0,1.8,Rendah,Social Service,1st phase - general,Reguler (Siang),Perempuan,<=20,20,Single,Tidak,Lunas,Tidak,Ya,Tidak,Domestik,103.5,107.0,6,6,12.0,6,6,13.0,100.0,12.5,Baik (>75%),12.4,0.5,1.79
STD-0334,Graduate,0,5.3,Rendah,Social Service (eve),1st phase - general,Kelas Malam,Perempuan,<=20,19,Single,Tidak,Lunas,Tidak,Tidak,Tidak,Domestik,119.4,126.0,6,6,12.666666666666666,6,6,11.666666666666666,100.0,12.17,Baik (>75%),12.7,3.7,-1.7
STD-0335,Graduate,0,4.7,Rendah,Social Service,1st phase - general,Reguler (Siang),Perempuan,<=20,18,Single,Tidak,Lunas,Ya,Ya,Tidak,Domestik,134.4,133.0,6,6,12.166666666666666,6,6,13.666666666666666,100.0,12.92,Baik (>75%),9.4,-0.8,-3.12
STD-0336,Graduate,0,4.4,Rendah,Social Service,Tech. specialization holder,Reguler (Siang),Perempuan,<=20,19,Single,Tidak,Lunas,Tidak,Tidak,Tidak,Domestik,143.0,140.0,6,6,13.333333333333334,6,6,14.666666666666666,100.0,14.0,Baik (>75%),13.9,-0.3,0.79
STD-0337,Graduate,0,4.2,Rendah,Basic Education,Holder of other higher course,Reguler (Siang),Perempuan,>35,40,Single,Ya,Lunas,Tidak,Tidak,Tidak,Domestik,110.0,110.0,7,7,15.0,7,7,14.571428571428571,100.0,14.79,Baik (>75%),12.4,0.5,1.79
STD-0338,Graduate,0,2.1,Rendah,Nursing,1st phase - general,Reguler (Siang),Perempuan,<=20,18,Single,Tidak,Lunas,Ya,Ya,Tidak,Domestik,132.5,141.0,8,8,13.39125,8,8,13.39125,100.0,13.39,Baik (>75%),9.4,-0.8,-3.12
STD-0339,Graduate,0,3.7,Rendah,Social Service,2nd phase - general,Reguler (Siang),Perempuan,<=20,19,Single,Tidak,Lunas,Tidak,Tidak,Tidak,Domestik,114.7,122.0,6,5,12.166666666666666,6,6,12.428571428571429,91.7,12.3,Baik (>75%),13.9,-0.3,0.79
STD-0340,Graduate,0,13.5,Rendah,Equinculture,2nd phase - general,Reguler (Siang),Perempuan,<=20,18,Single,Tidak,Lunas,Tidak,Tidak,Tidak,Domestik,166.9,156.0,5,4,11.25,5,4,12.5,80.0,11.88,Baik (>75%),7.6,2.6,0.32
STD-0341,Enrolled,0,10.8,Rendah,Veterinary Nursing,1st phase - general,Reguler (Siang),Perempuan,<=20,19,Single,Tidak,Lunas,Tidak,Ya,Tidak,Domestik,125.9,129.0,5,4,12.0,5,3,12.0,70.0,12.0,Sedang (50-75%),9.4,-0.8,-3.12
STD-0342,Dropout,1,24.3,Rendah,Animation & Multimedia,1st phase - general,Reguler (Siang),Perempuan,<=20,18,Single,Tidak,Lunas,Tidak,Ya,Tidak,Domestik,178.3,188.0,0,0,0.0,0,0,0.0,0.0,0.0,Kritis (<25%),15.5,2.8,-4.06
STD-0343,Graduate,0,1.3,Rendah,Social Service (eve),Over 23 years old,Kelas Malam,Perempuan,28-35,33,Married,Tidak,Lunas,Tidak,Ya,Tidak,Domestik,117.0,120.0,6,6,12.833333333333334,6,6,12.857142857142858,100.0,12.85,Baik (>75%),12.4,0.5,1.79
STD-0344,Graduate,0,4.5,Rendah,Agronomy,Over 23 years old,Reguler (Siang),Perempuan,28-35,35,Single,Tidak,Lunas,Tidak,Tidak,Tidak,Domestik,150.0,130.0,6,6,14.0,6,6,13.1,100.0,13.55,Baik (>75%),16.2,0.3,-0.92
STD-0345,Enrolled,0,43.4,Sedang,Management,Transfer,Reguler (Siang),Perempuan,24-27,26,Single,Tidak,Lunas,Tidak,Ya,Tidak,Domestik,130.0,130.0,5,4,13.0,5,2,12.0,60.0,12.5,Sedang (50-75%),9.4,-0.8,-3.12
STD-0346,Graduate,0,5.6,Rendah,Journalism & Comm,1st phase - general,Reguler (Siang),Perempuan,<=20,18,Single,Tidak,Lunas,Tidak,Ya,Tidak,Domestik,135.1,140.0,6,6,13.5,6,6,12.5,100.0,13.0,Baik (>75%),9.4,-0.8,-3.12
STD-0347,Enrolled,0,16.3,Rendah,Social Service,Change of course,Reguler (Siang),Perempuan,>35,36,Single,Tidak,Lunas,Tidak,Tidak,Tidak,Domestik,110.0,110.0,16,13,10.692307692307692,13,9,12.307692307692308,75.9,11.5,Baik (>75%),15.5,2.8,-4.06
STD-0348,Graduate,0,7.1,Rendah,Management (evening),Over 23 years old,Kelas Malam,Perempuan,>35,39,Divorced,Tidak,Lunas,Tidak,Tidak,Tidak,Domestik,136.2,133.1,5,5,11.0,5,5,11.666666666666666,100.0,11.33,Baik (>75%),10.8,1.4,1.74
STD-0349,Graduate,0,1.3,Rendah,Social Service,Over 23 years old,Reguler (Siang),Perempuan,>35,44,Married,Tidak,Lunas,Tidak,Tidak,Tidak,Domestik,116.0,120.0,6,6,13.0,6,6,13.833333333333334,100.0,13.42,Baik (>75%),12.7,3.7,-1.7
STD-0350,Enrolled,0,3.2,Rendah,Social Service (eve),1st phase - general,Kelas Malam,Perempuan,<=20,20,Single,Tidak,Lunas,Tidak,Tidak,Tidak,Domestik,100.0,96.0,6,5,12.0,6,4,11.25,75.0,11.62,Sedang (50-75%),9.4,-0.8,-3.12
STD-0351,Dropout,1,15.4,Rendah,Tourism,1st phase - general,Reguler (Siang),Perempuan,24-27,24,Single,Tidak,Lunas,Tidak,Ya,Tidak,Domestik,116.3,117.0,6,4,12.6,6,4,11.5,66.7,12.05,Sedang (50-75%),12.7,3.7,-1.7
STD-0352,Graduate,0,7.3,Rendah,Journalism & Comm,Change of course,Reguler (Siang),Perempuan,<=20,20,Single,Tidak,Lunas,Ya,Tidak,Tidak,Domestik,134.0,123.0,6,6,13.666666666666666,6,6,13.333333333333334,100.0,13.5,Baik (>75%),12.4,0.5,1.79
STD-0353,Dropout,1,94.9,Tinggi,Animation & Multimedia,1st phase - general,Reguler (Siang),Perempuan,<=20,19,Single,Tidak,Menunggak,Tidak,Ya,Tidak,Domestik,124.2,127.0,0,0,0.0,0,0,0.0,0.0,0.0,Kritis (<25%),9.4,-0.8,-3.12
STD-0354,Graduate,0,1.1,Rendah,Nursing,1st phase - general,Reguler (Siang),Perempuan,<=20,18,Married,Ya,Lunas,Ya,Tidak,Tidak,Domestik,134.5,151.0,7,6,14.2,7,6,14.2,85.7,14.2,Baik (>75%),7.6,2.6,0.32
STD-0355,Dropout,1,95.2,Tinggi,Tourism,1st phase - general,Reguler (Siang),Perempuan,21-23,22,Single,Ya,Menunggak,Tidak,Tidak,Tidak,Domestik,120.7,127.0,6,5,11.0,6,0,0.0,41.7,5.5,Rendah (25-50%),10.8,1.4,1.74
STD-0356,Graduate,0,2.2,Rendah,Veterinary Nursing,2nd phase - general,Reguler (Siang),Perempuan,<=20,18,Single,Tidak,Lunas,Tidak,Ya,Tidak,Domestik,127.1,133.0,6,6,15.0,6,6,16.428571428571427,100.0,15.71,Baik (>75%),11.1,0.6,2.02
STD-0357,Graduate,0,5.3,Rendah,Nursing,Over 23 years old,Reguler (Siang),Perempuan,24-27,24,Single,Tidak,Lunas,Tidak,Tidak,Tidak,Domestik,133.0,133.1,7,6,12.585714285714284,8,7,13.44285714285714,86.7,13.01,Baik (>75%),13.9,-0.3,0.79
STD-0358,Dropout,1,95.2,Tinggi,Management (evening),Over 23 years old,Kelas Malam,Perempuan,28-35,33,Single,Tidak,Lunas,Tidak,Tidak,Tidak,Domestik,128.2,133.1,5,0,0.0,5,0,0.0,0.0,0.0,Kritis (<25%),12.7,3.7,-1.7
STD-0359,Enrolled,0,96.4,Tinggi,Agronomy,Over 23 years old,Reguler (Siang),Perempuan,28-35,30,Single,Ya,Lunas,Ya,Tidak,Tidak,Domestik,130.0,133.1,6,0,0.0,6,0,0.0,0.0,0.0,Kritis (<25%),11.1,0.6,2.02
STD-0360,Dropout,1,93.2,Tinggi,Veterinary Nursing,Over 23 years old,Reguler (Siang),Perempuan,24-27,26,Single,Tidak,Lunas,Tidak,Tidak,Tidak,Domestik,172.0,160.0,6,0,0.0,6,0,0.0,0.0,0.0,Kritis (<25%),8.9,1.4,3.51
STD-0361,Graduate,0,32.7,Sedang,Basic Education,2nd phase - general,Reguler (Siang),Perempuan,<=20,18,Single,Tidak,Lunas,Tidak,Ya,Tidak,Domestik,128.5,140.0,6,6,11.666666666666666,6,6,11.833333333333334,100.0,11.75,Baik (>75%),10.8,1.4,1.74
STD-0362,Dropout,1,41.9,Sedang,Journalism & Comm,1st phase - general,Reguler (Siang),Perempuan,<=20,19,Single,Ya,Lunas,Tidak,Tidak,Tidak,Domestik,128.5,146.0,6,3,12.666666666666666,6,2,10.0,41.7,11.33,Rendah (25-50%),10.8,1.4,1.74
STD-0363,Enrolled,0,15.7,Rendah,Management,2nd phase - general,Reguler (Siang),Perempuan,<=20,20,Single,Tidak,Lunas,Tidak,Ya,Tidak,Domestik,112.0,112.0,5,3,10.333333333333334,5,4,11.0,70.0,10.67,Sedang (50-75%),16.2,0.3,-0.92
STD-0364,Graduate,0,6.9,Rendah,Veterinary Nursing,Short cycle holder,Reguler (Siang),Perempuan,21-23,22,Single,Tidak,Lunas,Ya,Ya,Tidak,Domestik,142.5,140.0,11,8,13.5,9,7,13.714285714285714,75.0,13.61,Sedang (50-75%),8.9,1.4,3.51
STD-0365,Enrolled,0,5.4,Rendah,Nursing,1st phase - general,Reguler (Siang),Perempuan,<=20,19,Single,Tidak,Lunas,Tidak,Ya,Tidak,Domestik,133.0,136.0,7,5,13.98,7,5,13.98,71.4,13.98,Sedang (50-75%),7.6,2.6,0.32
STD-0366,Graduate,0,3.2,Rendah,Veterinary Nursing,1st phase - general,Reguler (Siang),Perempuan,21-23,21,Single,Tidak,Lunas,Ya,Ya,Tidak,Domestik,106.0,133.1,6,6,16.153846153846153,6,6,15.75,100.0,15.95,Baik (>75%),15.5,2.8,-4.06
STD-0367,Graduate,0,2.0,Rendah,Nursing,1st phase - general,Reguler (Siang),Perempuan,21-23,21,Single,Tidak,Lunas,Ya,Ya,Tidak,Domestik,125.5,136.0,7,6,14.033333333333331,7,6,14.033333333333331,85.7,14.03,Baik (>75%),7.6,2.6,0.32
STD-0368,Enrolled,0,7.9,Rendah,Veterinary Nursing,2nd phase - general,Reguler (Siang),Perempuan,<=20,19,Single,Tidak,Lunas,Tidak,Tidak,Tidak,Domestik,131.2,134.0,5,1,11.0,5,5,11.2,60.0,11.1,Sedang (50-75%),7.6,2.6,0.32
STD-0369,Graduate,0,2.2,Rendah,Basic Education,1st phase - general,Reguler (Siang),Perempuan,<=20,19,Single,Tidak,Lunas,Ya,Ya,Tidak,Domestik,112.9,122.0,7,7,13.857142857142858,7,6,13.666666666666666,92.9,13.76,Baik (>75%),8.9,1.4,3.51
STD-0370,Dropout,1,4.8,Rendah,Nursing,1st phase - general,Reguler (Siang),Perempuan,<=20,18,Single,Tidak,Lunas,Tidak,Ya,Tidak,Domestik,124.8,138.0,8,7,13.414285714285716,8,7,13.414285714285716,87.5,13.41,Baik (>75%),12.7,3.7,-1.7
STD-0371,Graduate,0,6.5,Rendah,Social Service (eve),Change of course,Kelas Malam,Perempuan,>35,50,Married,Tidak,Lunas,Tidak,Tidak,Tidak,Domestik,140.9,160.0,11,11,13.545454545454543,7,7,13.571428571428571,100.0,13.56,Baik (>75%),16.2,0.3,-0.92
STD-0372,Enrolled,0,7.4,Rendah,Management (evening),Over 23 years old,Kelas Malam,Perempuan,28-35,31,Divorced,Tidak,Lunas,Ya,Tidak,Tidak,Domestik,148.0,130.0,5,4,11.25,5,4,10.833333333333334,80.0,11.04,Baik (>75%),13.9,-0.3,0.79
STD-0373,Graduate,0,3.0,Rendah,Journalism & Comm,2nd phase - general,Reguler (Siang),Perempuan,<=20,19,Single,Tidak,Lunas,Ya,Tidak,Tidak,Domestik,148.4,161.0,6,6,13.833333333333334,6,6,14.428571428571429,100.0,14.13,Baik (>75%),15.5,2.8,-4.06
STD-0374,Graduate,0,2.7,Rendah,Management (evening),Over 23 years old,Kelas Malam,Perempuan,28-35,35,Divorced,Tidak,Lunas,Tidak,Tidak,Tidak,Domestik,129.7,140.0,5,5,12.0,5,5,12.857142857142858,100.0,12.43,Baik (>75%),13.9,-0.3,0.79
STD-0375,Dropout,1,97.5,Tinggi,Veterinary Nursing,Over 23 years old,Reguler (Siang),Perempuan,28-35,31,Married,Tidak,Lunas,Tidak,Tidak,Tidak,Domestik,128.2,133.1,6,0,0.0,6,0,0.0,0.0,0.0,Kritis (<25%),12.7,3.7,-1.7
STD-0376,Enrolled,0,5.5,Rendah,Social Service (eve),Change of institution/course,Kelas Malam,Perempuan,>35,42,Married,Ya,Lunas,Tidak,Tidak,Tidak,Domestik,104.0,133.1,11,10,11.9,11,10,12.8,90.9,12.35,Baik (>75%),11.1,0.6,2.02
STD-0377,Dropout,1,97.3,Tinggi,Management,3rd phase - general,Reguler (Siang),Perempuan,28-35,34,Single,Tidak,Menunggak,Tidak,Ya,Tidak,Domestik,119.9,130.0,5,0,0.0,5,0,0.0,0.0,0.0,Kritis (<25%),9.4,-0.8,-3.12
STD-0378,Graduate,0,2.2,Rendah,Nursing,1st phase - general,Reguler (Siang),Perempuan,<=20,18,Single,Tidak,Lunas,Ya,Ya,Tidak,Domestik,141.0,152.0,7,7,15.135714285714286,8,8,15.287499999999998,100.0,15.21,Baik (>75%),12.4,0.5,1.79
STD-0379,Enrolled,0,12.0,Rendah,Basic Education,2nd phase - general,Reguler (Siang),Perempuan,<=20,18,Single,Tidak,Menunggak,Ya,Ya,Tidak,Domestik,116.6,125.0,7,7,12.285714285714286,7,6,13.333333333333334,92.9,12.81,Baik (>75%),8.9,1.4,3.51
STD-0380,Enrolled,0,21.1,Rendah,Veterinary Nursing,Tech. specialization holder,Reguler (Siang),Perempuan,21-23,21,Single,Tidak,Lunas,Tidak,Ya,Tidak,Domestik,140.0,140.0,6,5,12.666666666666666,6,2,13.5,58.3,13.08,Sedang (50-75%),16.2,0.3,-0.92
STD-0381,Dropout,1,8.5,Rendah,Nursing,Over 23 years old,Reguler (Siang),Perempuan,24-27,26,Divorced,Tidak,Lunas,Ya,Tidak,Tidak,Domestik,140.0,133.1,7,5,12.74,8,6,10.978571428571428,73.3,11.86,Sedang (50-75%),16.2,0.3,-0.92
STD-0382,Enrolled,0,1.9,Rendah,Nursing,Change of course,Reguler (Siang),Perempuan,<=20,20,Single,Tidak,Lunas,Tidak,Tidak,Tidak,Domestik,100.0,170.0,7,6,13.25,8,8,13.75,93.3,13.5,Baik (>75%),13.9,-0.3,0.79
STD-0383,Enrolled,0,26.2,Rendah,Social Service,1st phase - general,Reguler (Siang),Perempuan,<=20,19,Single,Tidak,Lunas,Tidak,Tidak,Tidak,Domestik,121.0,135.0,6,3,10.333333333333334,6,3,10.333333333333334,50.0,10.33,Rendah (25-50%),7.6,2.6,0.32
STD-0384,Graduate,0,2.1,Rendah,Basic Education,1st phase - general,Reguler (Siang),Perempuan,<=20,19,Single,Tidak,Lunas,Ya,Tidak,Tidak,Domestik,117.0,125.0,6,6,13.428571428571429,6,6,13.166666666666666,100.0,13.3,Baik (>75%),15.5,2.8,-4.06
STD-0385,Graduate,0,14.4,Rendah,Management,Short cycle holder,Reguler (Siang),Perempuan,<=20,20,Single,Tidak,Lunas,Tidak,Tidak,Tidak,Domestik,140.2,140.0,11,9,12.555555555555555,9,8,11.11111111111111,85.0,11.83,Baik (>75%),8.9,1.4,3.51
STD-0386,Graduate,0,22.4,Rendah,Social Service,1st phase - general,Reguler (Siang),Perempuan,<=20,19,Single,Tidak,Lunas,Tidak,Tidak,Tidak,Domestik,129.3,124.0,6,6,11.5,6,6,11.166666666666666,100.0,11.33,Baik (>75%),7.6,2.6,0.32
STD-0387,Graduate,0,4.5,Rendah,Basic Education,1st phase - general,Reguler (Siang),Perempuan,<=20,18,Single,Tidak,Lunas,Tidak,Tidak,Tidak,Domestik,145.3,140.0,6,6,13.666666666666666,6,6,12.333333333333334,100.0,13.0,Baik (>75%),7.6,2.6,0.32
STD-0388,Graduate,0,39.0,Sedang,Management (evening),Over 23 years old,Kelas Malam,Perempuan,28-35,28,Single,Tidak,Lunas,Tidak,Tidak,Tidak,Domestik,146.2,130.0,14,11,11.272727272727272,11,10,12.0,84.0,11.64,Baik (>75%),10.8,1.4,1.74
STD-0389,Enrolled,0,28.5,Rendah,Basic Education,2nd phase - general,Reguler (Siang),Perempuan,21-23,22,Single,Tidak,Lunas,Tidak,Ya,Tidak,Domestik,122.5,134.0,6,5,13.166666666666666,6,5,12.4,83.3,12.78,Baik (>75%),15.5,2.8,-4.06
STD-0390,Graduate,0,2.9,Rendah,Social Service (eve),Tech. specialization holder,Kelas Malam,Perempuan,21-23,21,Single,Tidak,Lunas,Ya,Tidak,Tidak,Domestik,156.1,160.0,6,6,14.666666666666666,6,6,14.166666666666666,100.0,14.42,Baik (>75%),13.9,-0.3,0.79
STD-0391,Enrolled,0,36.1,Sedang,Veterinary Nursing,Tech. specialization holder,Reguler (Siang),Perempuan,21-23,21,Single,Tidak,Lunas,Tidak,Ya,Tidak,Domestik,140.0,140.0,6,4,12.75,6,1,11.0,41.7,11.88,Rendah (25-50%),12.4,0.5,1.79
STD-0392,Enrolled,0,31.7,Sedang,Nursing,Over 23 years old,Reguler (Siang),Perempuan,24-27,26,Single,Tidak,Lunas,Tidak,Tidak,Ya,Domestik,140.0,150.0,7,5,11.2,8,5,12.14,66.7,11.67,Sedang (50-75%),16.2,0.3,-0.92
STD-0393,Dropout,1,81.2,Tinggi,Journalism & Comm,1st phase - general,Reguler (Siang),Perempuan,<=20,18,Single,Ya,Menunggak,Tidak,Ya,Tidak,Domestik,128.4,141.0,6,5,13.0,6,5,11.4,83.3,12.2,Baik (>75%),7.6,2.6,0.32
STD-0394,Dropout,1,89.0,Tinggi,Veterinary Nursing,2nd phase - general,Reguler (Siang),Perempuan,<=20,20,Single,Tidak,Menunggak,Tidak,Tidak,Tidak,Domestik,115.0,120.0,5,2,10.5,5,2,12.333333333333334,40.0,11.42,Rendah (25-50%),7.6,2.6,0.32
STD-0395,Graduate,0,1.8,Rendah,Veterinary Nursing,2nd phase - general,Reguler (Siang),Perempuan,<=20,18,Single,Tidak,Lunas,Tidak,Tidak,Tidak,Domestik,158.7,166.0,6,6,14.857142857142858,6,6,14.0,100.0,14.43,Baik (>75%),11.1,0.6,2.02
STD-0396,Graduate,0,4.0,Rendah,Nursing,1st phase - general,Reguler (Siang),Perempuan,<=20,19,Single,Tidak,Lunas,Ya,Ya,Tidak,Domestik,124.5,147.0,8,7,12.86,8,7,12.86,87.5,12.86,Baik (>75%),10.8,1.4,1.74
STD-0397,Graduate,0,5.0,Rendah,Social Service,Change of institution/course,Reguler (Siang),Perempuan,<=20,20,Single,Tidak,Lunas,Tidak,Ya,Tidak,Domestik,111.9,121.0,11,11,11.727272727272728,11,11,12.0,100.0,11.86,Baik (>75%),12.4,0.5,1.79
STD-0398,Graduate,0,9.0,Rendah,Veterinary Nursing,Tech. specialization holder,Reguler (Siang),Perempuan,21-23,22,Single,Tidak,Lunas,Ya,Ya,Tidak,Domestik,150.0,150.0,6,6,13.142857142857142,6,3,12.0,75.0,12.57,Sedang (50-75%),13.9,-0.3,0.79
STD-0399,Dropout,1,16.6,Rendah,Advertising & Marketing,2nd phase - general,Reguler (Siang),Perempuan,<=20,18,Single,Ya,Lunas,Tidak,Ya,Tidak,Domestik,114.2,124.0,6,5,11.8,6,4,13.714285714285714,75.0,12.76,Sedang (50-75%),10.8,1.4,1.74
STD-0400,Dropout,1,86.5,Tinggi,Management,2nd phase - general,Reguler (Siang),Perempuan,<=20,19,Single,Tidak,Lunas,Tidak,Ya,Tidak,Domestik,96.0,96.0,5,3,10.666666666666666,5,0,0.0,30.0,5.33,Rendah (25-50%),16.2,0.3,-0.92
STD-0401,Enrolled,0,7.2,Rendah,Communication Design,2nd phase - general,Reguler (Siang),Perempuan,<=20,18,Single,Tidak,Lunas,Ya,Tidak,Tidak,Domestik,128.9,125.0,6,5,11.6,6,4,11.2,75.0,11.4,Sedang (50-75%),8.9,1.4,3.51
STD-0402,Enrolled,0,64.7,Tinggi,Tourism,2nd phase - general,Reguler (Siang),Perempuan,<=20,20,Single,Tidak,Lunas,Tidak,Ya,Tidak,Domestik,121.7,136.0,6,3,10.333333333333334,6,3,10.333333333333334,50.0,10.33,Rendah (25-50%),10.8,1.4,1.74
STD-0403,Enrolled,0,48.7,Sedang,Journalism & Comm,1st phase - general,Reguler (Siang),Perempuan,<=20,19,Single,Tidak,Lunas,Tidak,Ya,Ya,Domestik,114.8,120.0,6,4,12.25,6,3,11.0,58.3,11.62,Sedang (50-75%),7.6,2.6,0.32
STD-0404,Enrolled,0,8.2,Rendah,Tourism,1st phase - general,Reguler (Siang),Perempuan,<=20,19,Single,Tidak,Lunas,Tidak,Tidak,Tidak,Domestik,127.0,128.0,6,6,12.0,6,4,12.75,83.3,12.38,Baik (>75%),12.4,0.5,1.79
STD-0405,Graduate,0,4.3,Rendah,Nursing,2nd phase - general,Reguler (Siang),Perempuan,<=20,19,Single,Tidak,Lunas,Tidak,Ya,Tidak,Domestik,131.3,142.0,8,7,14.731428571428571,8,7,14.731428571428571,87.5,14.73,Baik (>75%),10.8,1.4,1.74
STD-0406,Graduate,0,41.5,Sedang,Animation & Multimedia,1st phase - general,Reguler (Siang),Perempuan,<=20,18,Single,Tidak,Lunas,Tidak,Ya,Tidak,Domestik,137.1,135.0,0,0,0.0,0,0,0.0,0.0,0.0,Kritis (<25%),12.7,3.7,-1.7
STD-0407,Graduate,0,9.8,Rendah,Communication Design,Holder of other higher course,Reguler (Siang),Perempuan,21-23,21,Single,Tidak,Lunas,Tidak,Ya,Tidak,Domestik,120.0,120.0,13,13,13.615384615384617,12,12,14.25,100.0,13.93,Baik (>75%),13.9,-0.3,0.79
STD-0408,Graduate,0,8.8,Rendah,Management (evening),Over 23 years old,Kelas Malam,Perempuan,24-27,27,Single,Tidak,Lunas,Tidak,Tidak,Tidak,Domestik,139.0,140.0,5,5,15.8,5,5,14.8,100.0,15.3,Baik (>75%),8.9,1.4,3.51
STD-0409,Graduate,0,1.4,Rendah,Social Service,2nd phase - general,Reguler (Siang),Perempuan,<=20,19,Single,Tidak,Lunas,Tidak,Tidak,Tidak,Domestik,129.1,135.0,6,6,14.666666666666666,6,6,14.571428571428571,100.0,14.62,Baik (>75%),15.5,2.8,-4.06
STD-0410,Dropout,1,96.3,Tinggi,Veterinary Nursing,Over 23 years old,Reguler (Siang),Perempuan,24-27,25,Divorced,Tidak,Lunas,Tidak,Tidak,Tidak,Domestik,128.2,133.1,5,0,0.0,5,0,0.0,0.0,0.0,Kritis (<25%),7.6,2.6,0.32
STD-0411,Graduate,0,2.2,Rendah,Nursing,1st phase - general,Reguler (Siang),Perempuan,<=20,18,Single,Tidak,Lunas,Ya,Ya,Tidak,Domestik,120.8,137.0,8,7,14.654285714285717,8,7,14.654285714285717,87.5,14.65,Baik (>75%),10.8,1.4,1.74
STD-0412,Graduate,0,5.7,Rendah,Nursing,Over 23 years old,Reguler (Siang),Perempuan,24-27,24,Single,Tidak,Lunas,Tidak,Tidak,Tidak,Domestik,135.8,122.0,8,7,12.401428571428571,8,7,12.401428571428571,87.5,12.4,Baik (>75%),10.8,1.4,1.74
STD-0413,Graduate,0,5.7,Rendah,Nursing,1st phase - general,Reguler (Siang),Perempuan,<=20,20,Single,Tidak,Lunas,Tidak,Ya,Tidak,Domestik,118.9,128.0,7,7,11.5875,8,7,14.071428571428571,93.3,12.83,Baik (>75%),13.9,-0.3,0.79
STD-0414,Graduate,0,3.3,Rendah,Management (evening),Holder of other higher course,Kelas Malam,Perempuan,24-27,26,Single,Tidak,Lunas,Tidak,Tidak,Tidak,Domestik,140.0,140.0,5,5,14.0,5,5,15.6,100.0,14.8,Baik (>75%),12.4,0.5,1.79
STD-0415,Graduate,0,2.8,Rendah,Social Service,1st phase - general,Reguler (Siang),Perempuan,<=20,20,Single,Tidak,Lunas,Ya,Ya,Tidak,Domestik,127.1,132.0,6,6,12.333333333333334,6,6,11.833333333333334,100.0,12.08,Baik (>75%),8.9,1.4,3.51
STD-0416,Graduate,0,5.1,Rendah,Veterinary Nursing,1st phase - general,Reguler (Siang),Perempuan,<=20,18,Single,Tidak,Lunas,Tidak,Tidak,Tidak,Domestik,137.0,131.0,5,5,14.0,5,5,15.4,100.0,14.7,Baik (>75%),7.6,2.6,0.32
STD-0417,Graduate,0,8.8,Rendah,Veterinary Nursing,1st phase - general,Reguler (Siang),Perempuan,<=20,19,Single,Tidak,Lunas,Tidak,Ya,Tidak,Domestik,127.4,126.0,6,6,15.23076923076923,6,6,12.375,100.0,13.8,Baik (>75%),15.5,2.8,-4.06
STD-0418,Dropout,1,51.8,Sedang,Basic Education,1st phase - general,Reguler (Siang),Perempuan,21-23,23,Single,Tidak,Lunas,Tidak,Ya,Tidak,Domestik,97.0,133.1,6,5,11.6,6,3,11.0,66.7,11.3,Sedang (50-75%),12.7,3.7,-1.7
STD-0419,Graduate,0,1.9,Rendah,Nursing,1st phase - general,Reguler (Siang),Perempuan,<=20,18,Single,Tidak,Lunas,Ya,Ya,Tidak,Domestik,126.3,136.0,7,6,11.6,7,6,11.6,85.7,11.6,Baik (>75%),7.6,2.6,0.32
STD-0420,Dropout,1,94.0,Tinggi,Nursing,1st phase - general,Reguler (Siang),Perempuan,<=20,18,Single,Tidak,Lunas,Tidak,Tidak,Tidak,Domestik,127.5,140.0,7,0,0.0,8,0,0.0,0.0,0.0,Kritis (<25%),12.7,3.7,-1.7
STD-0421,Graduate,0,2.6,Rendah,Nursing,1st phase - general,Reguler (Siang),Perempuan,<=20,19,Single,Tidak,Lunas,Ya,Tidak,Tidak,Domestik,126.6,135.0,7,7,12.901428571428571,8,8,13.094444444444443,100.0,13.0,Baik (>75%),11.1,0.6,2.02
STD-0422,Graduate,0,10.2,Rendah,Management (evening),Transfer,Kelas Malam,Perempuan,28-35,30,Single,Tidak,Lunas,Tidak,Tidak,Tidak,Domestik,120.0,160.0,7,7,14.142857142857142,5,5,14.8,100.0,14.47,Baik (>75%),7.6,2.6,0.32
STD-0423,Dropout,1,95.6,Tinggi,Veterinary Nursing,Tech. specialization holder,Reguler (Siang),Perempuan,28-35,29,Single,Tidak,Lunas,Tidak,Ya,Tidak,Domestik,140.0,140.0,6,0,0.0,6,0,0.0,0.0,0.0,Kritis (<25%),15.5,2.8,-4.06
STD-0424,Graduate,0,5.5,Rendah,Nursing,1st phase - general,Reguler (Siang),Perempuan,<=20,19,Single,Tidak,Lunas,Tidak,Ya,Tidak,Domestik,131.5,140.0,8,8,13.25375,8,8,13.25375,100.0,13.25,Baik (>75%),9.4,-0.8,-3.12
STD-0425,Graduate,0,2.5,Rendah,Oral Hygiene,2nd phase - general,Reguler (Siang),Perempuan,<=20,20,Single,Tidak,Lunas,Tidak,Ya,Tidak,Domestik,112.2,115.0,7,7,13.785714285714286,8,8,14.1,100.0,13.94,Baik (>75%),12.4,0.5,1.79
STD-0426,Graduate,0,1.6,Rendah,Nursing,1st phase - general,Reguler (Siang),Perempuan,<=20,20,Single,Tidak,Lunas,Tidak,Tidak,Tidak,Domestik,150.5,144.0,7,6,13.916666666666666,7,6,13.916666666666666,85.7,13.92,Baik (>75%),7.6,2.6,0.32
STD-0427,Graduate,0,9.4,Rendah,Advertising & Marketing,1st phase - general,Reguler (Siang),Perempuan,<=20,19,Single,Tidak,Lunas,Tidak,Ya,Tidak,Domestik,121.0,128.0,6,6,13.5,6,6,13.571428571428571,100.0,13.54,Baik (>75%),11.1,0.6,2.02
STD-0428,Enrolled,0,61.3,Tinggi,Management,2nd phase - general,Reguler (Siang),Perempuan,<=20,20,Single,Tidak,Lunas,Tidak,Ya,Tidak,Domestik,112.2,116.0,5,3,11.333333333333334,5,2,10.666666666666666,50.0,11.0,Rendah (25-50%),10.8,1.4,1.74
STD-0429,Dropout,1,84.8,Tinggi,Veterinary Nursing,1st phase - general,Reguler (Siang),Perempuan,21-23,21,Widower,Tidak,Lunas,Tidak,Ya,Tidak,Domestik,129.4,135.0,5,0,0.0,5,0,0.0,0.0,0.0,Kritis (<25%),10.8,1.4,1.74
STD-0430,Graduate,0,24.0,Rendah,Advertising & Marketing,2nd phase - general,Reguler (Siang),Perempuan,<=20,19,Single,Tidak,Lunas,Tidak,Tidak,Tidak,Domestik,114.4,121.0,6,5,11.5,6,4,14.6,75.0,13.05,Sedang (50-75%),11.1,0.6,2.02
STD-0431,Graduate,0,2.1,Rendah,Nursing,1st phase - general,Reguler (Siang),Perempuan,<=20,18,Single,Tidak,Lunas,Ya,Ya,Tidak,Domestik,120.3,134.0,8,7,12.082857142857142,8,7,12.082857142857142,87.5,12.08,Baik (>75%),10.8,1.4,1.74
STD-0432,Graduate,0,12.8,Rendah,Social Service (eve),Over 23 years old,Kelas Malam,Perempuan,24-27,27,Single,Tidak,Lunas,Ya,Tidak,Tidak,Domestik,120.0,120.0,6,6,11.833333333333334,6,5,12.8,91.7,12.32,Baik (>75%),15.5,2.8,-4.06
STD-0433,Graduate,0,1.4,Rendah,Management,2nd phase - general,Reguler (Siang),Perempuan,<=20,19,Single,Tidak,Lunas,Ya,Ya,Tidak,Domestik,114.5,125.0,5,5,13.4,5,5,12.4,100.0,12.9,Baik (>75%),12.4,0.5,1.79
STD-0434,Dropout,1,70.4,Tinggi,Nursing,1st phase - general,Reguler (Siang),Perempuan,<=20,19,Single,Tidak,Lunas,Ya,Tidak,Tidak,Domestik,127.8,141.0,7,0,0.0,7,0,0.0,0.0,0.0,Kritis (<25%),7.6,2.6,0.32
STD-0435,Graduate,0,4.9,Rendah,Journalism & Comm,1st phase - general,Reguler (Siang),Perempuan,<=20,19,Single,Tidak,Lunas,Tidak,Ya,Tidak,Domestik,124.6,140.0,6,5,14.2,6,6,14.571428571428571,91.7,14.39,Baik (>75%),15.5,2.8,-4.06
STD-0436,Graduate,0,2.0,Rendah,Nursing,1st phase - general,Reguler (Siang),Perempuan,<=20,18,Single,Tidak,Lunas,Ya,Ya,Tidak,Domestik,130.3,144.0,8,7,13.814285714285717,8,7,13.814285714285717,87.5,13.81,Baik (>75%),12.7,3.7,-1.7
STD-0437,Enrolled,0,22.5,Rendah,Tourism,2nd phase - general,Reguler (Siang),Perempuan,<=20,20,Single,Tidak,Lunas,Ya,Tidak,Tidak,Domestik,118.2,122.0,6,4,11.25,6,6,10.5,83.3,10.88,Baik (>75%),12.4,0.5,1.79
STD-0438,Graduate,0,1.8,Rendah,Advertising & Marketing,1st phase - general,Reguler (Siang),Perempuan,<=20,18,Single,Tidak,Lunas,Ya,Tidak,Tidak,Domestik,118.8,130.0,6,6,14.5,6,6,13.666666666666666,100.0,14.08,Baik (>75%),12.7,3.7,-1.7
STD-0439,Dropout,1,96.9,Tinggi,Advertising & Marketing,1st phase - general,Reguler (Siang),Perempuan,<=20,19,Single,Tidak,Lunas,Tidak,Ya,Tidak,Domestik,133.0,133.1,6,0,0.0,6,0,0.0,0.0,0.0,Kritis (<25%),7.6,2.6,0.32
STD-0440,Graduate,0,4.3,Rendah,Nursing,Over 23 years old,Reguler (Siang),Perempuan,>35,36,Married,Tidak,Lunas,Tidak,Ya,Tidak,Domestik,129.0,133.1,7,6,11.3,7,6,11.3,85.7,11.3,Baik (>75%),7.6,2.6,0.32
STD-0441,Enrolled,0,71.8,Tinggi,Oral Hygiene,Change of course,Reguler (Siang),Perempuan,<=20,18,Single,Tidak,Lunas,Tidak,Tidak,Tidak,Domestik,100.0,147.0,2,0,0.0,4,1,16.0,16.7,8.0,Kritis (<25%),10.8,1.4,1.74
STD-0442,Enrolled,0,14.3,Rendah,Equinculture,Change of course,Reguler (Siang),Perempuan,<=20,18,Single,Ya,Lunas,Tidak,Ya,Tidak,Domestik,120.7,127.0,5,1,12.0,5,3,12.0,40.0,12.0,Rendah (25-50%),12.7,3.7,-1.7
STD-0443,Graduate,0,3.5,Rendah,Nursing,2nd phase - general,Reguler (Siang),Perempuan,<=20,19,Single,Tidak,Lunas,Tidak,Ya,Tidak,Domestik,132.5,136.0,8,7,12.3,8,7,12.3,87.5,12.3,Baik (>75%),12.7,3.7,-1.7
STD-0444,Graduate,0,1.2,Rendah,Nursing,1st phase - general,Reguler (Siang),Perempuan,<=20,18,Single,Tidak,Lunas,Ya,Ya,Tidak,Domestik,120.3,127.0,8,7,12.694285714285714,8,7,12.694285714285714,87.5,12.69,Baik (>75%),10.8,1.4,1.74
STD-0445,Graduate,0,14.0,Rendah,Advertising & Marketing,2nd phase - general,Reguler (Siang),Perempuan,<=20,18,Single,Tidak,Lunas,Tidak,Tidak,Tidak,Domestik,114.6,123.0,5,4,11.0,5,4,11.0,80.0,11.0,Baik (>75%),9.4,-0.8,-3.12
STD-0446,Graduate,0,1.4,Rendah,Social Service,1st phase - general,Reguler (Siang),Perempuan,<=20,19,Single,Tidak,Lunas,Ya,Ya,Tidak,Domestik,116.5,128.0,6,6,13.0,6,6,14.166666666666666,100.0,13.58,Baik (>75%),12.4,0.5,1.79
STD-0447,Graduate,0,3.3,Rendah,Nursing,1st phase - general,Reguler (Siang),Perempuan,<=20,19,Single,Tidak,Lunas,Ya,Tidak,Tidak,Domestik,127.8,128.0,7,7,14.4125,8,8,16.05,100.0,15.23,Baik (>75%),13.9,-0.3,0.79
STD-0448,Dropout,1,2.2,Rendah,Nursing,1st phase - general,Reguler (Siang),Perempuan,<=20,18,Single,Tidak,Lunas,Tidak,Ya,Tidak,Domestik,129.9,140.0,7,7,12.92875,8,8,14.0625,100.0,13.5,Baik (>75%),15.5,2.8,-4.06
STD-0449,Graduate,0,6.3,Rendah,Journalism & Comm,1st phase - general,Reguler (Siang),Perempuan,<=20,20,Single,Tidak,Lunas,Tidak,Ya,Tidak,Domestik,118.9,121.0,6,6,13.333333333333334,6,5,12.8,91.7,13.07,Baik (>75%),11.1,0.6,2.02
STD-0450,Enrolled,0,4.1,Rendah,Tourism,1st phase - general,Reguler (Siang),Perempuan,<=20,20,Single,Tidak,Lunas,Ya,Ya,Tidak,Domestik,114.3,122.0,6,5,12.8,6,5,12.8,83.3,12.8,Baik (>75%),12.4,0.5,1.79
STD-0451,Graduate,0,2.0,Rendah,Nursing,3rd phase - general,Reguler (Siang),Perempuan,<=20,20,Single,Tidak,Lunas,Tidak,Ya,Tidak,Domestik,114.8,126.0,8,7,14.402857142857142,8,7,14.402857142857142,87.5,14.4,Baik (>75%),10.8,1.4,1.74
STD-0452,Graduate,0,1.9,Rendah,Nursing,1st phase - general,Reguler (Siang),Perempuan,<=20,18,Single,Tidak,Lunas,Ya,Ya,Tidak,Domestik,123.0,135.0,8,7,13.381428571428572,8,7,13.381428571428572,87.5,13.38,Baik (>75%),10.8,1.4,1.74
STD-0453,Graduate,0,2.3,Rendah,Nursing,1st phase - general,Reguler (Siang),Perempuan,<=20,18,Single,Tidak,Lunas,Tidak,Ya,Tidak,Domestik,122.1,131.0,7,7,14.13125,8,8,13.98375,100.0,14.06,Baik (>75%),15.5,2.8,-4.06
STD-0454,Graduate,0,8.0,Rendah,Veterinary Nursing,2nd phase - general,Reguler (Siang),Perempuan,<=20,19,Single,Tidak,Lunas,Tidak,Tidak,Tidak,Domestik,123.7,140.0,5,5,11.714285714285714,5,5,12.6,100.0,12.16,Baik (>75%),9.4,-0.8,-3.12
STD-0455,Enrolled,0,4.1,Rendah,Management,1st phase - general,Reguler (Siang),Perempuan,<=20,19,Single,Tidak,Lunas,Tidak,Ya,Tidak,Domestik,132.4,131.0,5,5,11.8,5,4,11.25,90.0,11.52,Baik (>75%),9.4,-0.8,-3.12
STD-0456,Graduate,0,75.3,Tinggi,Social Service (eve),Over 23 years old,Kelas Malam,Perempuan,>35,44,Married,Tidak,Lunas,Tidak,Tidak,Tidak,Domestik,114.8,130.0,6,6,11.166666666666666,6,2,11.0,66.7,11.08,Sedang (50-75%),7.6,2.6,0.32
STD-0457,Dropout,1,92.8,Tinggi,Agronomy,Holder of other higher course,Reguler (Siang),Perempuan,28-35,32,Single,Tidak,Lunas,Tidak,Tidak,Tidak,Domestik,130.0,130.0,6,0,0.0,6,0,0.0,0.0,0.0,Kritis (<25%),12.4,0.5,1.79
STD-0458,Dropout,1,5.5,Rendah,Basic Education,Change of course,Reguler (Siang),Perempuan,21-23,22,Single,Tidak,Lunas,Tidak,Tidak,Tidak,Domestik,122.3,140.0,6,5,13.6,6,5,12.0,83.3,12.8,Baik (>75%),12.7,3.7,-1.7
STD-0459,Graduate,0,5.7,Rendah,Agronomy,Over 23 years old,Reguler (Siang),Perempuan,>35,36,Married,Tidak,Lunas,Tidak,Ya,Tidak,Domestik,152.4,130.0,12,12,13.846153846153848,12,11,14.090909090909092,95.8,13.97,Baik (>75%),8.9,1.4,3.51
STD-0460,Graduate,0,5.0,Rendah,Journalism & Comm,2nd phase - general,Reguler (Siang),Perempuan,<=20,18,Single,Tidak,Lunas,Ya,Tidak,Tidak,Domestik,120.1,125.0,6,6,12.5,6,6,13.333333333333334,100.0,12.92,Baik (>75%),16.2,0.3,-0.92
STD-0461,Graduate,0,9.0,Rendah,Equinculture,1st phase - general,Reguler (Siang),Perempuan,<=20,20,Single,Tidak,Lunas,Tidak,Ya,Tidak,Domestik,155.1,160.0,5,5,16.4,5,5,14.6,100.0,15.5,Baik (>75%),12.7,3.7,-1.7
STD-0462,Graduate,0,3.0,Rendah,Communication Design,Change of institution/course,Reguler (Siang),Perempuan,<=20,20,Single,Tidak,Lunas,Ya,Tidak,Tidak,Domestik,124.5,130.0,11,11,13.818181818181818,11,11,13.454545454545457,100.0,13.64,Baik (>75%),11.1,0.6,2.02
STD-0463,Graduate,0,8.0,Rendah,Social Service,2nd phase - general,Reguler (Siang),Perempuan,<=20,19,Single,Tidak,Lunas,Tidak,Tidak,Tidak,Domestik,126.9,144.0,6,5,10.6,6,4,10.5,75.0,10.55,Sedang (50-75%),15.5,2.8,-4.06
STD-0464,Graduate,0,21.4,Rendah,Management,Over 23 years old,Reguler (Siang),Perempuan,24-27,24,Single,Ya,Lunas,Tidak,Ya,Tidak,Domestik,153.2,133.1,5,5,10.2,5,5,12.2,100.0,11.2,Baik (>75%),12.4,0.5,1.79
STD-0465,Enrolled,0,8.0,Rendah,Social Service,2nd phase - general,Reguler (Siang),Perempuan,<=20,20,Single,Tidak,Lunas,Tidak,Tidak,Tidak,Domestik,129.8,148.0,6,5,10.6,6,4,10.4,75.0,10.5,Sedang (50-75%),15.5,2.8,-4.06
STD-0466,Dropout,1,41.1,Sedang,Social Service (eve),Change of course,Kelas Malam,Perempuan,24-27,27,Single,Tidak,Lunas,Tidak,Tidak,Tidak,Domestik,135.0,133.1,10,9,11.444444444444445,11,5,10.8,66.7,11.12,Sedang (50-75%),10.8,1.4,1.74
STD-0467,Enrolled,0,3.2,Rendah,Basic Education,1st phase - general,Reguler (Siang),Perempuan,<=20,20,Single,Tidak,Lunas,Tidak,Ya,Tidak,Domestik,131.3,133.0,6,5,14.333333333333334,8,8,12.625,92.9,13.48,Baik (>75%),15.5,2.8,-4.06
STD-0468,Graduate,0,12.6,Rendah,Social Service,Change of course,Reguler (Siang),Perempuan,21-23,23,Single,Tidak,Lunas,Ya,Tidak,Tidak,Domestik,125.2,129.0,16,16,13.0,13,13,13.266666666666667,100.0,13.13,Baik (>75%),9.4,-0.8,-3.12
STD-0469,Graduate,0,4.7,Rendah,Nursing,1st phase - general,Reguler (Siang),Perempuan,<=20,18,Single,Tidak,Lunas,Ya,Ya,Tidak,Domestik,141.3,144.0,8,8,13.31,8,8,13.31,100.0,13.31,Baik (>75%),9.4,-0.8,-3.12
STD-0470,Graduate,0,4.1,Rendah,Social Service,2nd phase - general,Reguler (Siang),Perempuan,<=20,18,Single,Tidak,Lunas,Ya,Ya,Tidak,Domestik,117.1,120.0,6,5,10.571428571428571,6,5,12.2,83.3,11.39,Baik (>75%),12.7,3.7,-1.7
STD-0471,Graduate,0,2.2,Rendah,Nursing,2nd phase - general,Reguler (Siang),Perempuan,<=20,20,Single,Tidak,Lunas,Ya,Ya,Tidak,Domestik,126.5,144.0,8,7,13.487142857142857,8,7,13.487142857142857,87.5,13.49,Baik (>75%),10.8,1.4,1.74
STD-0472,Graduate,0,1.0,Rendah,Tourism,1st phase - general,Reguler (Siang),Perempuan,<=20,20,Single,Tidak,Lunas,Ya,Tidak,Tidak,Domestik,120.1,132.0,6,6,12.333333333333334,6,6,11.833333333333334,100.0,12.08,Baik (>75%),13.9,-0.3,0.79
STD-0473,Dropout,1,8.0,Rendah,Advertising & Marketing,1st phase - general,Reguler (Siang),Perempuan,21-23,23,Single,Tidak,Lunas,Tidak,Tidak,Tidak,Domestik,128.4,142.0,6,6,11.875,6,5,12.833333333333334,91.7,12.35,Baik (>75%),11.1,0.6,2.02
STD-0474,Graduate,0,1.5,Rendah,Nursing,1st phase - general,Reguler (Siang),Perempuan,<=20,20,Single,Tidak,Lunas,Tidak,Ya,Tidak,Domestik,140.0,136.0,7,6,13.966666666666669,7,6,13.966666666666669,85.7,13.97,Baik (>75%),7.6,2.6,0.32
STD-0475,Dropout,1,97.5,Tinggi,Tourism,Over 23 years old,Reguler (Siang),Perempuan,28-35,28,Single,Tidak,Menunggak,Tidak,Ya,Tidak,Domestik,110.0,133.1,5,0,0.0,5,0,0.0,0.0,0.0,Kritis (<25%),7.6,2.6,0.32
STD-0476,Graduate,0,5.9,Rendah,Advertising & Marketing,1st phase - general,Reguler (Siang),Perempuan,21-23,21,Single,Tidak,Lunas,Tidak,Ya,Tidak,Domestik,116.8,122.0,5,4,11.5,5,5,12.8,90.0,12.15,Baik (>75%),7.6,2.6,0.32
STD-0477,Dropout,1,96.4,Tinggi,Oral Hygiene,1st phase - general,Reguler (Siang),Perempuan,21-23,21,Single,Tidak,Lunas,Tidak,Ya,Tidak,Domestik,104.5,133.1,2,2,12.5,7,0,0.0,22.2,6.25,Kritis (<25%),12.4,0.5,1.79
STD-0478,Dropout,1,98.0,Tinggi,Nursing,Holder of other higher course,Reguler (Siang),Perempuan,28-35,28,Single,Tidak,Lunas,Tidak,Tidak,Tidak,Domestik,140.0,140.0,7,0,0.0,8,0,0.0,0.0,0.0,Kritis (<25%),7.6,2.6,0.32
STD-0479,Graduate,0,4.6,Rendah,Nursing,1st phase - general,Reguler (Siang),Perempuan,<=20,18,Single,Tidak,Lunas,Tidak,Tidak,Ya,Domestik,113.2,117.0,7,6,11.98,8,7,13.225,86.7,12.6,Baik (>75%),16.2,0.3,-0.92
STD-0480,Enrolled,0,1.5,Rendah,Social Service,2nd phase - general,Reguler (Siang),Perempuan,21-23,21,Single,Tidak,Lunas,Ya,Ya,Tidak,Domestik,118.6,128.0,6,5,13.2,6,5,11.8,83.3,12.5,Baik (>75%),8.9,1.4,3.51
STD-0481,Graduate,0,22.6,Rendah,Nursing,1st phase - general,Reguler (Siang),Perempuan,<=20,19,Single,Tidak,Lunas,Tidak,Tidak,Tidak,Domestik,123.8,136.0,7,6,11.614285714285714,8,8,14.0375,93.3,12.83,Baik (>75%),13.9,-0.3,0.79
STD-0482,Graduate,0,2.9,Rendah,Nursing,3rd phase - general,Reguler (Siang),Perempuan,<=20,18,Single,Tidak,Lunas,Ya,Ya,Tidak,Domestik,126.7,141.0,8,7,14.314285714285717,8,7,14.314285714285717,87.5,14.31,Baik (>75%),12.7,3.7,-1.7
STD-0483,Dropout,1,85.2,Tinggi,Nursing,1st phase - general,Reguler (Siang),Perempuan,<=20,19,Single,Tidak,Lunas,Tidak,Tidak,Tidak,Domestik,133.8,130.0,7,0,0.0,8,0,0.0,0.0,0.0,Kritis (<25%),7.6,2.6,0.32
STD-0484,Enrolled,0,30.9,Sedang,Veterinary Nursing,Tech. specialization holder,Reguler (Siang),Perempuan,<=20,20,Single,Tidak,Lunas,Tidak,Tidak,Tidak,Domestik,140.0,140.0,6,6,12.666666666666666,6,2,13.0,66.7,12.83,Sedang (50-75%),13.9,-0.3,0.79
STD-0485,Graduate,0,2.2,Rendah,Nursing,1st phase - general,Reguler (Siang),Perempuan,<=20,20,Single,Tidak,Lunas,Ya,Ya,Tidak,Domestik,100.6,102.0,7,6,12.766666666666666,8,7,12.128571428571428,86.7,12.45,Baik (>75%),12.4,0.5,1.79
STD-0486,Graduate,0,17.3,Rendah,Basic Education,2nd phase - general,Reguler (Siang),Perempuan,<=20,18,Single,Tidak,Lunas,Ya,Tidak,Tidak,Domestik,132.7,126.0,6,6,12.666666666666666,6,5,12.2,91.7,12.43,Baik (>75%),10.8,1.4,1.74
STD-0487,Dropout,1,37.1,Sedang,Advertising & Marketing,Change of course,Reguler (Siang),Perempuan,<=20,20,Single,Tidak,Lunas,Tidak,Ya,Tidak,Domestik,106.6,125.0,6,6,11.5,6,4,10.571428571428571,83.3,11.04,Baik (>75%),10.8,1.4,1.74
STD-0488,Dropout,1,53.9,Sedang,Advertising & Marketing,Over 23 years old,Reguler (Siang),Perempuan,28-35,31,Single,Tidak,Lunas,Tidak,Tidak,Tidak,Domestik,140.4,120.0,6,5,11.4,6,4,11.75,75.0,11.58,Sedang (50-75%),13.9,-0.3,0.79
STD-0489,Graduate,0,2.8,Rendah,Nursing,2nd phase - general,Reguler (Siang),Perempuan,<=20,19,Single,Tidak,Lunas,Ya,Ya,Tidak,Domestik,128.3,132.0,7,7,14.70625,8,8,14.4775,100.0,14.59,Baik (>75%),15.5,2.8,-4.06
STD-0490,Graduate,0,6.7,Rendah,Nursing,1st phase - general,Reguler (Siang),Perempuan,<=20,19,Single,Tidak,Lunas,Ya,Ya,Tidak,Domestik,118.6,128.0,7,6,11.814285714285717,8,7,13.542857142857144,86.7,12.68,Baik (>75%),13.9,-0.3,0.79
STD-0491,Graduate,0,20.2,Rendah,Communication Design,1st phase - general,Reguler (Siang),Perempuan,21-23,23,Single,Tidak,Lunas,Tidak,Tidak,Tidak,Domestik,123.4,115.0,6,6,13.0,6,6,11.875,100.0,12.44,Baik (>75%),13.9,-0.3,0.79
STD-0492,Graduate,0,7.5,Rendah,Advertising & Marketing,1st phase - general,Reguler (Siang),Perempuan,<=20,19,Single,Tidak,Lunas,Tidak,Tidak,Tidak,Domestik,124.0,125.0,6,6,14.857142857142858,6,6,13.333333333333334,100.0,14.1,Baik (>75%),12.4,0.5,1.79
STD-0493,Graduate,0,3.8,Rendah,Nursing,1st phase - general,Reguler (Siang),Perempuan,<=20,20,Single,Tidak,Lunas,Tidak,Ya,Tidak,Domestik,121.3,137.0,7,6,12.6,7,6,12.6,85.7,12.6,Baik (>75%),7.6,2.6,0.32
STD-0494,Enrolled,0,18.0,Rendah,Veterinary Nursing,1st phase - general,Reguler (Siang),Perempuan,21-23,22,Single,Ya,Lunas,Tidak,Ya,Tidak,Domestik,101.0,101.0,6,5,13.333333333333334,6,4,11.4,75.0,12.37,Sedang (50-75%),12.4,0.5,1.79
STD-0495,Enrolled,0,7.7,Rendah,Basic Education,1st phase - general,Reguler (Siang),Perempuan,<=20,18,Single,Tidak,Lunas,Tidak,Ya,Ya,Domestik,116.9,126.0,7,6,10.666666666666666,7,6,12.833333333333334,85.7,11.75,Baik (>75%),13.9,-0.3,0.79
STD-0496,Dropout,1,96.9,Tinggi,Equinculture,Holder of other higher course,Reguler (Siang),Perempuan,24-27,27,Single,Ya,Menunggak,Tidak,Tidak,Tidak,Domestik,130.0,130.0,5,2,11.5,5,1,11.0,30.0,11.25,Rendah (25-50%),12.7,3.7,-1.7
STD-0497,Dropout,1,95.7,Tinggi,Oral Hygiene,Over 23 years old,Reguler (Siang),Perempuan,28-35,29,Single,Tidak,Lunas,Tidak,Tidak,Tidak,Domestik,120.0,100.0,7,1,10.0,7,0,0.0,7.1,5.0,Kritis (<25%),12.7,3.7,-1.7
STD-0498,Graduate,0,20.7,Rendah,Tourism,2nd phase - general,Reguler (Siang),Perempuan,<=20,18,Single,Tidak,Lunas,Tidak,Ya,Tidak,Domestik,130.4,122.0,6,5,11.8,6,5,12.2,83.3,12.0,Baik (>75%),11.1,0.6,2.02
STD-0499,Graduate,0,3.2,Rendah,Communication Design,2nd phase - general,Reguler (Siang),Perempuan,<=20,18,Single,Tidak,Lunas,Tidak,Tidak,Tidak,Domestik,118.7,126.0,6,5,11.8,6,6,12.666666666666666,91.7,12.23,Baik (>75%),16.2,0.3,-0.92
STD-0500,Graduate,0,6.2,Rendah,Nursing,2nd phase - general,Reguler (Siang),Perempuan,<=20,18,Single,Tidak,Lunas,Tidak,Tidak,Tidak,Domestik,131.5,128.0,8,8,12.77125,8,8,12.77125,100.0,12.77,Baik (>75%),9.4,-0.8,-3.12
STD-0501,Enrolled,0,8.0,Rendah,Veterinary Nursing,2nd phase - general,Reguler (Siang),Perempuan,<=20,20,Single,Tidak,Lunas,Tidak,Ya,Tidak,Domestik,120.4,134.0,5,3,11.333333333333334,5,5,12.6,80.0,11.97,Baik (>75%),9.4,-0.8,-3.12
STD-0502,Graduate,0,5.1,Rendah,Tourism,2nd phase - general,Reguler (Siang),Perempuan,<=20,18,Single,Tidak,Lunas,Tidak,Ya,Tidak,Domestik,129.1,128.0,6,6,12.666666666666666,6,5,14.6,91.7,13.63,Baik (>75%),11.1,0.6,2.02
STD-0503,Enrolled,0,85.1,Tinggi,Communication Design,1st phase - general,Reguler (Siang),Perempuan,<=20,18,Single,Tidak,Menunggak,Tidak,Tidak,Tidak,Domestik,132.0,125.0,6,5,12.2,6,4,10.833333333333334,75.0,11.52,Sedang (50-75%),13.9,-0.3,0.79
STD-0504,Dropout,1,97.7,Tinggi,Veterinary Nursing,Holder of other higher course,Reguler (Siang),Perempuan,28-35,28,Single,Tidak,Menunggak,Tidak,Tidak,Tidak,Domestik,130.0,130.0,5,1,12.0,4,0,0.0,11.1,6.0,Kritis (<25%),10.8,1.4,1.74
STD-0505,Graduate,0,4.5,Rendah,Nursing,1st phase - general,Reguler (Siang),Perempuan,<=20,18,Single,Tidak,Lunas,Ya,Ya,Tidak,Domestik,132.8,135.0,8,7,11.721428571428572,8,7,11.721428571428572,87.5,11.72,Baik (>75%),12.7,3.7,-1.7
STD-0506,Enrolled,0,48.5,Sedang,Nursing,Over 23 years old,Reguler (Siang),Perempuan,24-27,27,Single,Tidak,Lunas,Tidak,Tidak,Tidak,Domestik,143.7,133.1,7,4,14.0,7,3,12.525,50.0,13.26,Rendah (25-50%),12.4,0.5,1.79
STD-0507,Enrolled,0,17.2,Rendah,Biofuel Production Tech,Over 23 years old,Reguler (Siang),Perempuan,24-27,26,Single,Tidak,Lunas,Tidak,Tidak,Tidak,Domestik,152.8,140.0,7,7,14.75,7,5,13.8,85.7,14.28,Baik (>75%),16.2,0.3,-0.92
STD-0508,Graduate,0,2.9,Rendah,Journalism & Comm,1st phase - general,Reguler (Siang),Perempuan,<=20,18,Single,Tidak,Lunas,Tidak,Ya,Tidak,Domestik,133.5,138.0,6,6,12.666666666666666,6,6,13.666666666666666,100.0,13.17,Baik (>75%),12.7,3.7,-1.7
STD-0509,Dropout,1,4.7,Rendah,Equinculture,1st phase - general,Reguler (Siang),Perempuan,<=20,18,Single,Tidak,Lunas,Tidak,Tidak,Tidak,Domestik,146.2,150.0,5,4,13.0,5,5,14.0,90.0,13.5,Baik (>75%),9.4,-0.8,-3.12
STD-0510,Dropout,1,75.9,Tinggi,Management,1st phase - general,Reguler (Siang),Perempuan,21-23,21,Single,Tidak,Lunas,Tidak,Tidak,Ya,Domestik,115.2,125.0,5,0,0.0,5,0,0.0,0.0,0.0,Kritis (<25%),15.5,2.8,-4.06
STD-0511,Enrolled,0,56.0,Sedang,Communication Design,1st phase - general,Reguler (Siang),Perempuan,<=20,18,Single,Tidak,Lunas,Tidak,Ya,Tidak,Domestik,120.7,121.0,6,4,10.75,6,0,0.0,33.3,5.38,Rendah (25-50%),9.4,-0.8,-3.12
STD-0512,Dropout,1,98.1,Tinggi,Social Service (eve),Over 23 years old,Kelas Malam,Perempuan,28-35,32,Married,Tidak,Menunggak,Tidak,Tidak,Tidak,Domestik,101.8,120.0,5,0,0.0,5,0,0.0,0.0,0.0,Kritis (<25%),10.8,1.4,1.74
STD-0513,Graduate,0,31.7,Sedang,Advertising & Marketing,Over 23 years old,Reguler (Siang),Perempuan,28-35,28,Single,Tidak,Lunas,Tidak,Tidak,Tidak,Domestik,100.0,140.0,5,4,12.5,5,4,11.75,80.0,12.12,Baik (>75%),7.6,2.6,0.32
STD-0514,Dropout,1,98.5,Tinggi,Management (evening),Over 23 years old,Kelas Malam,Perempuan,>35,40,Single,Tidak,Menunggak,Tidak,Tidak,Tidak,Domestik,121.9,100.0,4,0,0.0,5,0,0.0,0.0,0.0,Kritis (<25%),12.7,3.7,-1.7
STD-0515,Dropout,1,97.5,Tinggi,Social Service (eve),3rd phase - general,Kelas Malam,Perempuan,>35,39,Married,Ya,Menunggak,Tidak,Tidak,Tidak,Domestik,120.4,140.0,5,0,0.0,4,0,0.0,0.0,0.0,Kritis (<25%),9.4,-0.8,-3.12
STD-0516,Dropout,1,97.9,Tinggi,Social Service,3rd phase - general,Reguler (Siang),Perempuan,>35,39,Married,Ya,Menunggak,Tidak,Tidak,Tidak,Domestik,120.4,140.0,6,0,0.0,6,0,0.0,0.0,0.0,Kritis (<25%),9.4,-0.8,-3.12
STD-0517,Graduate,0,19.1,Rendah,Agronomy,Over 23 years old,Reguler (Siang),Perempuan,>35,50,Married,Tidak,Lunas,Tidak,Tidak,Tidak,Domestik,148.8,120.0,6,6,12.5,6,5,12.4,91.7,12.45,Baik (>75%),8.9,1.4,3.51
STD-0518,Dropout,1,42.7,Sedang,Basic Education,2nd phase - general,Reguler (Siang),Perempuan,21-23,23,Single,Tidak,Lunas,Tidak,Ya,Tidak,Domestik,123.0,138.0,6,5,12.8,6,3,11.666666666666666,66.7,12.23,Sedang (50-75%),10.8,1.4,1.74
STD-0519,Dropout,1,84.6,Tinggi,Social Service (eve),Over 23 years old,Kelas Malam,Perempuan,>35,48,Divorced,Tidak,Lunas,Tidak,Tidak,Tidak,Domestik,100.0,133.1,6,1,10.0,6,1,11.0,16.7,10.5,Kritis (<25%),9.4,-0.8,-3.12
STD-0520,Dropout,1,50.0,Sedang,Basic Education,2nd phase - general,Reguler (Siang),Perempuan,21-23,23,Single,Tidak,Lunas,Tidak,Ya,Tidak,Domestik,112.1,118.0,6,4,11.25,6,5,10.2,75.0,10.72,Sedang (50-75%),7.6,2.6,0.32
STD-0521,Graduate,0,3.3,Rendah,Nursing,1st phase - general,Reguler (Siang),Perempuan,<=20,18,Single,Tidak,Lunas,Ya,Ya,Tidak,Domestik,126.8,135.0,8,7,12.61,8,7,12.61,87.5,12.61,Baik (>75%),10.8,1.4,1.74
STD-0522,Graduate,0,11.8,Rendah,Equinculture,2nd phase - general,Reguler (Siang),Perempuan,<=20,18,Single,Tidak,Lunas,Tidak,Tidak,Tidak,Domestik,115.9,130.0,5,2,12.0,5,5,12.6,70.0,12.3,Sedang (50-75%),9.4,-0.8,-3.12
STD-0523,Graduate,0,38.7,Sedang,Social Service,International student,Reguler (Siang),Perempuan,<=20,20,Single,Tidak,Menunggak,Tidak,Ya,Tidak,Internasional,132.5,150.0,6,5,13.0,6,6,13.5,91.7,13.25,Baik (>75%),13.9,-0.3,0.79
STD-0524,Graduate,0,5.6,Rendah,Veterinary Nursing,3rd phase - general,Reguler (Siang),Perempuan,<=20,18,Single,Tidak,Lunas,Ya,Ya,Tidak,Internasional,132.2,149.0,5,4,12.0,5,5,13.0,90.0,12.5,Baik (>75%),10.8,1.4,1.74
STD-0525,Dropout,1,85.4,Tinggi,Oral Hygiene,1st phase - general,Reguler (Siang),Perempuan,<=20,18,Single,Tidak,Lunas,Tidak,Ya,Tidak,Internasional,183.5,180.0,7,4,12.0,8,0,0.0,26.7,6.0,Rendah (25-50%),16.2,0.3,-0.92
STD-0526,Dropout,1,88.9,Tinggi,Informatics Engineering,Change of course,Reguler (Siang),Laki-laki,28-35,31,Single,Tidak,Lunas,Tidak,Tidak,Tidak,Domestik,136.0,133.1,5,1,12.0,5,1,11.0,20.0,11.5,Kritis (<25%),16.2,0.3,-0.92
STD-0527,Enrolled,0,53.7,Sedang,Informatics Engineering,Over 23 years old,Reguler (Siang),Laki-laki,24-27,24,Single,Tidak,Lunas,Tidak,Ya,Tidak,Domestik,100.9,133.1,5,1,12.0,5,3,10.5,40.0,11.25,Rendah (25-50%),10.8,1.4,1.74
STD-0528,Graduate,0,55.6,Sedang,Animation & Multimedia,Over 23 years old,Reguler (Siang),Laki-laki,24-27,24,Single,Tidak,Lunas,Tidak,Ya,Tidak,Domestik,114.5,145.0,0,0,0.0,0,0,0.0,0.0,0.0,Kritis (<25%),9.4,-0.8,-3.12
STD-0529,Dropout,1,97.3,Tinggi,Management,Over 23 years old,Reguler (Siang),Laki-laki,24-27,26,Single,Ya,Menunggak,Tidak,Tidak,Tidak,Domestik,110.3,110.0,5,0,0.0,5,0,0.0,0.0,0.0,Kritis (<25%),10.8,1.4,1.74
STD-0530,Dropout,1,33.9,Sedang,Equinculture,1st phase - general,Reguler (Siang),Laki-laki,<=20,18,Single,Ya,Lunas,Tidak,Ya,Tidak,Domestik,137.2,154.0,6,5,13.625,6,4,11.75,75.0,12.69,Sedang (50-75%),16.2,0.3,-0.92
STD-0531,Enrolled,0,25.3,Rendah,Management,2nd phase - general,Reguler (Siang),Laki-laki,<=20,19,Single,Tidak,Lunas,Ya,Tidak,Tidak,Domestik,116.9,126.0,5,3,11.666666666666666,5,3,11.666666666666666,60.0,11.67,Sedang (50-75%),12.7,3.7,-1.7
STD-0532,Dropout,1,95.9,Tinggi,Advertising & Marketing,2nd phase - general,Reguler (Siang),Laki-laki,21-23,22,Single,Tidak,Lunas,Tidak,Ya,Tidak,Domestik,121.8,133.0,6,0,0.0,6,0,0.0,0.0,0.0,Kritis (<25%),13.9,-0.3,0.79
STD-0533,Graduate,0,2.9,Rendah,Nursing,1st phase - general,Reguler (Siang),Laki-laki,<=20,18,Single,Tidak,Lunas,Tidak,Ya,Tidak,Domestik,127.3,145.0,8,7,11.69,8,7,11.69,87.5,11.69,Baik (>75%),10.8,1.4,1.74
STD-0534,Dropout,1,94.2,Tinggi,Communication Design,Tech. specialization holder,Reguler (Siang),Laki-laki,<=20,20,Single,Ya,Menunggak,Tidak,Tidak,Tidak,Domestik,120.0,120.0,6,0,0.0,6,0,0.0,0.0,0.0,Kritis (<25%),16.2,0.3,-0.92
STD-0535,Graduate,0,53.4,Sedang,Animation & Multimedia,Tech. specialization holder,Reguler (Siang),Laki-laki,24-27,25,Single,Tidak,Lunas,Tidak,Tidak,Tidak,Domestik,150.0,150.0,0,0,0.0,0,0,0.0,0.0,0.0,Kritis (<25%),15.5,2.8,-4.06
STD-0536,Graduate,0,35.4,Sedang,Management (evening),Change of course,Kelas Malam,Laki-laki,24-27,24,Single,Tidak,Lunas,Tidak,Ya,Tidak,Domestik,100.0,150.0,5,4,11.5,5,5,11.285714285714286,90.0,11.39,Baik (>75%),13.9,-0.3,0.79
STD-0537,Dropout,1,92.6,Tinggi,Informatics Engineering,Over 23 years old,Reguler (Siang),Laki-laki,24-27,27,Single,Tidak,Lunas,Tidak,Ya,Tidak,Domestik,150.0,150.0,5,1,14.0,5,0,0.0,10.0,7.0,Kritis (<25%),8.9,1.4,3.51
STD-0538,Graduate,0,15.8,Rendah,Tourism,2nd phase - general,Reguler (Siang),Laki-laki,21-23,21,Single,Tidak,Lunas,Tidak,Tidak,Tidak,Domestik,116.9,127.0,6,5,11.0,6,5,12.4,83.3,11.7,Baik (>75%),15.5,2.8,-4.06
STD-0539,Graduate,0,5.4,Rendah,Agronomy,Tech. specialization holder,Reguler (Siang),Laki-laki,21-23,21,Single,Tidak,Lunas,Tidak,Ya,Tidak,Domestik,140.0,140.0,6,6,12.857142857142858,6,6,13.166666666666666,100.0,13.01,Baik (>75%),12.4,0.5,1.79
STD-0540,Dropout,1,7.9,Rendah,Journalism & Comm,3rd phase - general,Reguler (Siang),Laki-laki,<=20,19,Single,Tidak,Lunas,Tidak,Ya,Tidak,Domestik,122.1,128.0,6,4,12.5,6,6,11.333333333333334,83.3,11.92,Baik (>75%),10.8,1.4,1.74
STD-0541,Graduate,0,5.8,Rendah,Nursing,Over 23 years old,Reguler (Siang),Laki-laki,28-35,28,Single,Tidak,Lunas,Tidak,Tidak,Tidak,Domestik,160.0,127.0,7,7,14.528571428571428,8,8,15.018181818181818,100.0,14.77,Baik (>75%),16.2,0.3,-0.92
STD-0542,Enrolled,0,14.4,Rendah,Management,1st phase - general,Reguler (Siang),Laki-laki,<=20,20,Single,Tidak,Lunas,Tidak,Tidak,Tidak,Domestik,118.4,117.0,5,5,10.0,5,2,12.0,70.0,11.0,Sedang (50-75%),7.6,2.6,0.32
STD-0543,Graduate,0,3.9,Rendah,Agronomy,Tech. specialization holder,Reguler (Siang),Laki-laki,21-23,21,Single,Tidak,Lunas,Ya,Tidak,Tidak,Domestik,150.0,150.0,6,6,13.0,6,6,12.625,100.0,12.81,Baik (>75%),15.5,2.8,-4.06
STD-0544,Graduate,0,3.1,Rendah,Nursing,1st phase - general,Reguler (Siang),Laki-laki,<=20,18,Single,Tidak,Lunas,Ya,Tidak,Tidak,Domestik,144.9,154.0,7,7,15.957142857142856,8,8,15.188888888888888,100.0,15.57,Baik (>75%),16.2,0.3,-0.92
STD-0545,Enrolled,0,10.9,Rendah,Informatics Engineering,2nd phase - general,Reguler (Siang),Laki-laki,<=20,18,Single,Tidak,Lunas,Ya,Ya,Tidak,Domestik,121.1,127.0,5,5,13.2,5,5,12.6,100.0,12.9,Baik (>75%),8.9,1.4,3.51
STD-0546,Enrolled,0,14.9,Rendah,Management,1st phase - general,Reguler (Siang),Laki-laki,<=20,20,Single,Tidak,Lunas,Tidak,Tidak,Tidak,Domestik,121.8,133.0,5,4,10.2,5,3,11.0,70.0,10.6,Sedang (50-75%),15.5,2.8,-4.06
STD-0547,Enrolled,0,53.2,Sedang,Informatics Engineering,Over 23 years old,Reguler (Siang),Laki-laki,24-27,25,Single,Tidak,Lunas,Tidak,Tidak,Tidak,Domestik,146.8,120.0,5,5,14.2,5,2,13.5,70.0,13.85,Sedang (50-75%),16.2,0.3,-0.92
STD-0548,Enrolled,0,35.1,Sedang,Advertising & Marketing,1st phase - general,Reguler (Siang),Laki-laki,21-23,22,Single,Ya,Lunas,Tidak,Tidak,Tidak,Domestik,138.0,133.1,6,6,12.625,6,2,14.5,66.7,13.56,Sedang (50-75%),11.1,0.6,2.02
STD-0549,Enrolled,0,8.7,Rendah,Nursing,1st phase - general,Reguler (Siang),Laki-laki,<=20,18,Single,Tidak,Lunas,Tidak,Tidak,Tidak,Domestik,138.0,149.0,8,6,13.496666666666668,8,6,13.496666666666668,75.0,13.5,Sedang (50-75%),9.4,-0.8,-3.12
STD-0550,Graduate,0,6.5,Rendah,Management,2nd phase - general,Reguler (Siang),Laki-laki,<=20,19,Single,Tidak,Lunas,Tidak,Ya,Tidak,Domestik,116.3,125.0,5,5,13.25,5,5,11.0,100.0,12.12,Baik (>75%),13.9,-0.3,0.79
STD-0551,Dropout,1,22.5,Rendah,Informatics Engineering,1st phase - general,Reguler (Siang),Laki-laki,<=20,19,Single,Tidak,Lunas,Tidak,Ya,Tidak,Domestik,122.5,126.0,5,3,12.0,5,3,12.0,60.0,12.0,Sedang (50-75%),12.4,0.5,1.79
STD-0552,Dropout,1,92.7,Tinggi,Journalism & Comm,Over 23 years old,Reguler (Siang),Laki-laki,24-27,25,Single,Ya,Menunggak,Tidak,Ya,Tidak,Domestik,115.0,133.1,6,4,13.0,6,4,13.75,66.7,13.38,Sedang (50-75%),12.7,3.7,-1.7
STD-0553,Dropout,1,20.4,Rendah,Communication Design,Change of course,Reguler (Siang),Laki-laki,21-23,21,Single,Ya,Lunas,Tidak,Tidak,Tidak,Domestik,115.0,115.0,11,9,11.77777777777778,8,3,13.666666666666666,63.2,12.72,Sedang (50-75%),15.5,2.8,-4.06
STD-0554,Dropout,1,84.1,Tinggi,Informatics Engineering,2nd phase - general,Reguler (Siang),Laki-laki,<=20,19,Single,Tidak,Lunas,Tidak,Ya,Tidak,Domestik,119.8,117.0,5,2,11.0,6,0,0.0,18.2,5.5,Kritis (<25%),11.1,0.6,2.02
STD-0555,Dropout,1,91.4,Tinggi,Management,2nd phase - general,Reguler (Siang),Laki-laki,<=20,20,Single,Tidak,Lunas,Tidak,Tidak,Tidak,Domestik,95.0,133.1,5,0,0.0,5,0,0.0,0.0,0.0,Kritis (<25%),11.1,0.6,2.02
STD-0556,Dropout,1,26.5,Rendah,Agronomy,Tech. specialization holder,Reguler (Siang),Laki-laki,24-27,25,Single,Tidak,Lunas,Tidak,Tidak,Tidak,Domestik,150.0,150.0,14,14,12.428571428571429,9,6,10.857142857142858,87.0,11.64,Baik (>75%),15.5,2.8,-4.06
STD-0557,Enrolled,0,33.2,Sedang,Management,2nd phase - general,Reguler (Siang),Laki-laki,<=20,20,Single,Tidak,Lunas,Tidak,Ya,Tidak,Domestik,117.8,130.0,5,3,11.0,5,3,12.0,60.0,11.5,Sedang (50-75%),10.8,1.4,1.74
STD-0558,Graduate,0,16.1,Rendah,Animation & Multimedia,1st phase - general,Reguler (Siang),Laki-laki,<=20,18,Single,Tidak,Lunas,Tidak,Ya,Tidak,Domestik,144.2,161.0,0,0,0.0,0,0,0.0,0.0,0.0,Kritis (<25%),7.6,2.6,0.32
STD-0559,Enrolled,0,61.3,Tinggi,Tourism,Tech. specialization holder,Reguler (Siang),Laki-laki,21-23,23,Single,Ya,Lunas,Tidak,Ya,Tidak,Domestik,130.0,130.0,6,3,11.5,6,3,10.666666666666666,50.0,11.08,Rendah (25-50%),8.9,1.4,3.51
STD-0560,Graduate,0,6.9,Rendah,Nursing,Transfer,Reguler (Siang),Laki-laki,21-23,23,Single,Tidak,Lunas,Tidak,Ya,Tidak,Domestik,128.2,111.0,8,8,12.5075,8,8,12.5075,100.0,12.51,Baik (>75%),9.4,-0.8,-3.12
STD-0561,Graduate,0,3.7,Rendah,Agronomy,Short cycle holder,Reguler (Siang),Laki-laki,21-23,21,Single,Tidak,Lunas,Tidak,Tidak,Tidak,Domestik,135.3,140.0,12,11,12.090909090909092,12,11,12.0,91.7,12.05,Baik (>75%),8.9,1.4,3.51
STD-0562,Enrolled,0,24.6,Rendah,Equinculture,1st phase - general,Reguler (Siang),Laki-laki,<=20,20,Single,Tidak,Lunas,Tidak,Ya,Tidak,Domestik,143.9,132.0,5,2,11.0,5,3,12.666666666666666,50.0,11.83,Rendah (25-50%),9.4,-0.8,-3.12
STD-0563,Dropout,1,49.1,Sedang,Management (evening),Over 23 years old,Kelas Malam,Laki-laki,24-27,25,Single,Tidak,Lunas,Tidak,Tidak,Tidak,Domestik,140.7,139.0,5,1,10.0,5,2,11.333333333333334,30.0,10.67,Rendah (25-50%),12.4,0.5,1.79
STD-0564,Graduate,0,15.0,Rendah,Equinculture,1st phase - general,Reguler (Siang),Laki-laki,<=20,18,Single,Tidak,Lunas,Tidak,Ya,Tidak,Domestik,130.4,132.0,6,6,13.5,6,5,13.2,91.7,13.35,Baik (>75%),8.9,1.4,3.51
STD-0565,Graduate,0,5.0,Rendah,Communication Design,1st phase - general,Reguler (Siang),Laki-laki,21-23,22,Single,Tidak,Lunas,Tidak,Ya,Tidak,Domestik,123.2,119.0,6,6,14.166666666666666,6,6,13.625,100.0,13.9,Baik (>75%),10.8,1.4,1.74
STD-0566,Graduate,0,2.2,Rendah,Advertising & Marketing,Over 23 years old,Reguler (Siang),Laki-laki,24-27,27,Single,Tidak,Lunas,Tidak,Tidak,Tidak,Domestik,118.0,133.1,6,6,14.0,6,6,14.714285714285714,100.0,14.36,Baik (>75%),8.9,1.4,3.51
STD-0567,Dropout,1,93.2,Tinggi,Agronomy,Over 23 years old,Reguler (Siang),Laki-laki,24-27,25,Single,Tidak,Lunas,Tidak,Tidak,Tidak,Domestik,120.0,133.1,3,0,0.0,3,0,0.0,0.0,0.0,Kritis (<25%),16.2,0.3,-0.92
STD-0568,Dropout,1,56.1,Sedang,Informatics Engineering,2nd phase - general,Reguler (Siang),Laki-laki,<=20,18,Single,Tidak,Lunas,Tidak,Ya,Tidak,Domestik,118.9,129.0,5,3,11.666666666666666,5,3,11.333333333333334,60.0,11.5,Sedang (50-75%),7.6,2.6,0.32
STD-0569,Graduate,0,4.9,Rendah,Veterinary Nursing,2nd phase - general,Reguler (Siang),Laki-laki,<=20,20,Single,Tidak,Lunas,Tidak,Tidak,Tidak,Domestik,117.2,128.0,5,5,14.6,5,5,14.2,100.0,14.4,Baik (>75%),12.7,3.7,-1.7
STD-0570,Graduate,0,32.2,Sedang,Agronomy,Over 23 years old,Reguler (Siang),Laki-laki,24-27,27,Single,Tidak,Lunas,Tidak,Tidak,Tidak,Domestik,120.0,120.0,6,5,13.0,6,5,11.5,83.3,12.25,Baik (>75%),16.2,0.3,-0.92
STD-0571,Graduate,0,3.8,Rendah,Social Service (eve),1st phase - general,Kelas Malam,Laki-laki,<=20,20,Single,Tidak,Lunas,Tidak,Tidak,Tidak,Domestik,118.1,130.0,6,6,12.166666666666666,6,6,12.0,100.0,12.08,Baik (>75%),7.6,2.6,0.32
STD-0572,Dropout,1,77.0,Tinggi,Management,1st phase - general,Reguler (Siang),Laki-laki,21-23,22,Single,Tidak,Lunas,Tidak,Ya,Tidak,Domestik,124.8,130.0,5,0,0.0,5,1,12.0,10.0,6.0,Kritis (<25%),7.6,2.6,0.32
STD-0573,Dropout,1,60.7,Tinggi,Informatics Engineering,2nd phase - general,Reguler (Siang),Laki-laki,<=20,19,Single,Tidak,Lunas,Tidak,Ya,Tidak,Domestik,106.5,111.0,5,3,10.5,5,3,10.8,60.0,10.65,Sedang (50-75%),12.4,0.5,1.79
STD-0574,Enrolled,0,22.1,Rendah,Management,1st phase - general,Reguler (Siang),Laki-laki,<=20,20,Single,Tidak,Lunas,Tidak,Tidak,Tidak,Domestik,116.8,121.0,5,3,12.4,5,5,10.833333333333334,80.0,11.62,Baik (>75%),13.9,-0.3,0.79
STD-0575,Graduate,0,54.4,Sedang,Animation & Multimedia,Change of course,Reguler (Siang),Laki-laki,<=20,19,Single,Tidak,Lunas,Tidak,Tidak,Tidak,Domestik,109.3,117.0,0,0,0.0,0,0,0.0,0.0,0.0,Kritis (<25%),9.4,-0.8,-3.12
STD-0576,Dropout,1,95.9,Tinggi,Veterinary Nursing,Over 23 years old,Reguler (Siang),Laki-laki,28-35,29,Married,Tidak,Menunggak,Tidak,Ya,Tidak,Domestik,120.0,133.1,5,0,0.0,5,0,0.0,0.0,0.0,Kritis (<25%),9.4,-0.8,-3.12
STD-0577,Graduate,0,2.1,Rendah,Nursing,1st phase - general,Reguler (Siang),Laki-laki,<=20,19,Single,Tidak,Lunas,Tidak,Tidak,Tidak,Domestik,137.5,149.0,8,7,13.828571428571427,8,7,13.828571428571427,87.5,13.83,Baik (>75%),12.7,3.7,-1.7
STD-0578,Enrolled,0,5.3,Rendah,Management (evening),Over 23 years old,Kelas Malam,Perempuan,28-35,28,Single,Tidak,Lunas,Ya,Ya,Tidak,Domestik,150.0,172.0,5,5,10.6,5,5,10.2,100.0,10.4,Baik (>75%),9.4,-0.8,-3.12
STD-0579,Graduate,0,1.5,Rendah,Social Service,1st phase - general,Reguler (Siang),Perempuan,<=20,20,Married,Tidak,Lunas,Tidak,Tidak,Tidak,Domestik,120.4,134.0,6,6,11.5,6,6,11.666666666666666,100.0,11.58,Baik (>75%),7.6,2.6,0.32
STD-0580,Graduate,0,3.8,Rendah,Communication Design,1st phase - general,Reguler (Siang),Perempuan,<=20,20,Single,Tidak,Lunas,Tidak,Ya,Tidak,Domestik,136.7,136.0,6,4,13.5,6,6,13.625,83.3,13.56,Baik (>75%),10.8,1.4,1.74
STD-0581,Dropout,1,97.7,Tinggi,Social Service (eve),Over 23 years old,Kelas Malam,Perempuan,28-35,31,Single,Tidak,Lunas,Tidak,Ya,Tidak,Domestik,118.5,133.1,6,0,0.0,6,0,0.0,0.0,0.0,Kritis (<25%),7.6,2.6,0.32
STD-0582,Graduate,0,14.9,Rendah,Nursing,2nd phase - general,Reguler (Siang),Perempuan,<=20,18,Single,Tidak,Lunas,Tidak,Ya,Tidak,Domestik,133.0,141.0,7,7,12.5375,8,7,12.614285714285714,93.3,12.58,Baik (>75%),13.9,-0.3,0.79
STD-0583,Enrolled,0,8.0,Rendah,Advertising & Marketing,2nd phase - general,Reguler (Siang),Perempuan,<=20,19,Single,Tidak,Lunas,Tidak,Ya,Tidak,Domestik,128.8,141.0,6,6,14.833333333333334,6,6,13.285714285714286,100.0,14.06,Baik (>75%),8.9,1.4,3.51
STD-0584,Graduate,0,4.4,Rendah,Management,1st phase - general,Reguler (Siang),Perempuan,<=20,18,Single,Tidak,Lunas,Tidak,Ya,Tidak,Domestik,133.0,148.0,5,4,12.0,5,4,12.8,80.0,12.4,Baik (>75%),13.9,-0.3,0.79
STD-0585,Graduate,0,4.3,Rendah,Tourism,2nd phase - general,Reguler (Siang),Perempuan,<=20,19,Single,Tidak,Lunas,Tidak,Tidak,Tidak,Domestik,102.0,102.0,6,5,11.8,6,5,11.6,83.3,11.7,Baik (>75%),10.8,1.4,1.74
STD-0586,Graduate,0,3.5,Rendah,Management,1st phase - general,Reguler (Siang),Perempuan,<=20,18,Single,Tidak,Lunas,Ya,Tidak,Tidak,Domestik,133.9,143.0,5,5,15.0,5,5,15.2,100.0,15.1,Baik (>75%),12.7,3.7,-1.7
STD-0587,Graduate,0,4.7,Rendah,Veterinary Nursing,2nd phase - general,Reguler (Siang),Perempuan,<=20,19,Single,Tidak,Lunas,Tidak,Tidak,Tidak,Domestik,127.0,120.0,5,3,12.0,5,5,13.2,80.0,12.6,Baik (>75%),7.6,2.6,0.32
STD-0588,Graduate,0,2.5,Rendah,Journalism & Comm,2nd phase - general,Reguler (Siang),Perempuan,<=20,18,Single,Tidak,Lunas,Ya,Ya,Tidak,Domestik,120.4,121.0,6,6,12.833333333333334,6,6,12.285714285714286,100.0,12.56,Baik (>75%),15.5,2.8,-4.06
STD-0589,Graduate,0,17.6,Rendah,Tourism,1st phase - general,Reguler (Siang),Perempuan,<=20,19,Single,Tidak,Lunas,Tidak,Ya,Tidak,Domestik,124.5,122.0,6,6,11.666666666666666,6,3,12.0,75.0,11.83,Sedang (50-75%),7.6,2.6,0.32
STD-0590,Graduate,0,2.5,Rendah,Oral Hygiene,1st phase - general,Reguler (Siang),Perempuan,<=20,19,Single,Tidak,Lunas,Tidak,Tidak,Tidak,Domestik,123.9,122.0,7,7,12.1625,8,8,13.825,100.0,12.99,Baik (>75%),13.9,-0.3,0.79
STD-0591,Graduate,0,2.7,Rendah,Advertising & Marketing,1st phase - general,Reguler (Siang),Perempuan,<=20,18,Single,Tidak,Lunas,Tidak,Ya,Tidak,Domestik,117.8,123.0,6,6,13.833333333333334,6,6,14.555555555555555,100.0,14.19,Baik (>75%),10.8,1.4,1.74
STD-0592,Enrolled,0,15.5,Rendah,Nursing,1st phase - general,Reguler (Siang),Perempuan,<=20,19,Single,Tidak,Lunas,Tidak,Tidak,Tidak,Domestik,126.7,133.0,7,4,12.45,7,5,11.7,64.3,12.08,Sedang (50-75%),16.2,0.3,-0.92
STD-0593,Graduate,0,2.6,Rendah,Advertising & Marketing,Tech. specialization holder,Reguler (Siang),Perempuan,<=20,20,Single,Tidak,Lunas,Ya,Tidak,Tidak,Domestik,110.0,110.0,6,6,12.125,6,6,13.571428571428571,100.0,12.85,Baik (>75%),11.1,0.6,2.02
STD-0594,Enrolled,0,10.3,Rendah,Advertising & Marketing,2nd phase - general,Reguler (Siang),Perempuan,<=20,20,Single,Tidak,Lunas,Tidak,Ya,Tidak,Domestik,134.7,155.0,6,5,13.4,6,4,13.0,75.0,13.2,Sedang (50-75%),12.7,3.7,-1.7
STD-0595,Enrolled,0,6.9,Rendah,Agronomy,2nd phase - general,Reguler (Siang),Perempuan,<=20,20,Single,Ya,Lunas,Tidak,Tidak,Tidak,Domestik,113.2,119.0,6,6,13.333333333333334,6,5,14.0,91.7,13.67,Baik (>75%),11.1,0.6,2.02
STD-0596,Dropout,1,23.7,Rendah,Management (evening),Over 23 years old,Kelas Malam,Perempuan,28-35,29,Single,Tidak,Lunas,Tidak,Tidak,Tidak,Domestik,141.0,120.0,15,11,11.454545454545457,13,11,11.545454545454543,78.6,11.5,Baik (>75%),10.8,1.4,1.74
STD-0597,Dropout,1,96.5,Tinggi,Basic Education,2nd phase - general,Reguler (Siang),Perempuan,<=20,20,Single,Tidak,Menunggak,Ya,Tidak,Tidak,Domestik,111.5,133.1,6,4,12.0,6,3,10.0,58.3,11.0,Sedang (50-75%),7.6,2.6,0.32
STD-0598,Dropout,1,66.1,Tinggi,Basic Education,Over 23 years old,Reguler (Siang),Perempuan,28-35,31,Divorced,Ya,Menunggak,Tidak,Tidak,Tidak,Domestik,140.0,143.0,7,6,12.666666666666666,7,5,12.6,78.6,12.63,Baik (>75%),8.9,1.4,3.51
STD-0599,Graduate,0,2.5,Rendah,Advertising & Marketing,2nd phase - general,Reguler (Siang),Perempuan,<=20,20,Single,Tidak,Lunas,Tidak,Tidak,Ya,Domestik,134.3,149.0,6,6,12.666666666666666,6,6,13.77777777777778,100.0,13.22,Baik (>75%),10.8,1.4,1.74
STD-0600,Graduate,0,8.8,Rendah,Agronomy,2nd phase - general,Reguler (Siang),Perempuan,21-23,21,Single,Tidak,Lunas,Tidak,Ya,Tidak,Domestik,125.3,133.0,18,18,11.88888888888889,13,13,11.461538461538462,100.0,11.68,Baik (>75%),15.5,2.8,-4.06
STD-0601,Dropout,1,95.5,Tinggi,Equinculture,Holder of other higher course,Reguler (Siang),Perempuan,21-23,23,Single,Tidak,Lunas,Tidak,Ya,Tidak,Domestik,140.0,140.0,6,0,0.0,6,0,0.0,0.0,0.0,Kritis (<25%),12.4,0.5,1.79
STD-0602,Dropout,1,90.6,Tinggi,Communication Design,2nd phase - general,Reguler (Siang),Perempuan,21-23,21,Single,Ya,Menunggak,Tidak,Tidak,Tidak,Domestik,119.6,122.0,6,4,13.0,6,4,11.6,66.7,12.3,Sedang (50-75%),10.8,1.4,1.74
STD-0603,Graduate,0,5.5,Rendah,Nursing,Holder of other higher course,Reguler (Siang),Perempuan,24-27,24,Single,Tidak,Lunas,Tidak,Tidak,Tidak,Domestik,170.0,170.0,7,7,16.885714285714283,8,8,15.744444444444444,100.0,16.32,Baik (>75%),16.2,0.3,-0.92
STD-0604,Graduate,0,7.0,Rendah,Social Service (eve),Over 23 years old,Kelas Malam,Perempuan,24-27,27,Single,Tidak,Lunas,Tidak,Tidak,Tidak,Domestik,150.5,120.0,6,6,12.5,6,6,12.333333333333334,100.0,12.42,Baik (>75%),15.5,2.8,-4.06
STD-0605,Graduate,0,4.6,Rendah,Nursing,1st phase - general,Reguler (Siang),Perempuan,<=20,18,Single,Tidak,Lunas,Ya,Tidak,Tidak,Domestik,128.0,143.0,7,7,13.055555555555555,8,8,15.8125,100.0,14.43,Baik (>75%),13.9,-0.3,0.79
STD-0606,Dropout,1,92.1,Tinggi,Animation & Multimedia,1st phase - general,Reguler (Siang),Perempuan,21-23,21,Single,Tidak,Menunggak,Tidak,Ya,Tidak,Domestik,108.7,115.0,0,0,0.0,0,0,0.0,0.0,0.0,Kritis (<25%),9.4,-0.8,-3.12
STD-0607,Dropout,1,82.4,Tinggi,Equinculture,2nd phase - general,Reguler (Siang),Perempuan,<=20,19,Single,Ya,Lunas,Ya,Ya,Tidak,Domestik,121.6,123.0,5,0,0.0,5,0,0.0,0.0,0.0,Kritis (<25%),7.6,2.6,0.32
STD-0608,Graduate,0,3.7,Rendah,Nursing,1st phase - general,Reguler (Siang),Perempuan,<=20,19,Single,Tidak,Lunas,Ya,Ya,Tidak,Domestik,125.3,131.0,8,7,12.355714285714283,8,7,12.355714285714283,87.5,12.36,Baik (>75%),10.8,1.4,1.74
STD-0609,Dropout,1,93.4,Tinggi,Veterinary Nursing,2nd phase - general,Reguler (Siang),Perempuan,<=20,18,Single,Tidak,Lunas,Tidak,Tidak,Tidak,Domestik,117.6,127.0,6,0,0.0,6,0,0.0,0.0,0.0,Kritis (<25%),12.4,0.5,1.79
STD-0610,Enrolled,0,6.1,Rendah,Nursing,Change of course,Reguler (Siang),Perempuan,<=20,18,Single,Tidak,Lunas,Ya,Ya,Tidak,Domestik,124.3,126.0,7,5,11.98,7,5,11.98,71.4,11.98,Sedang (50-75%),7.6,2.6,0.32
STD-0611,Graduate,0,1.3,Rendah,Basic Education,1st phase - general,Reguler (Siang),Perempuan,<=20,20,Single,Ya,Lunas,Ya,Ya,Tidak,Domestik,106.1,112.0,7,7,13.857142857142858,7,7,12.571428571428571,100.0,13.21,Baik (>75%),8.9,1.4,3.51
STD-0612,Graduate,0,4.1,Rendah,Social Service (eve),1st phase - general,Kelas Malam,Perempuan,24-27,24,Married,Tidak,Lunas,Tidak,Ya,Tidak,Domestik,139.9,150.0,6,5,13.0,6,6,14.166666666666666,91.7,13.58,Baik (>75%),9.4,-0.8,-3.12
STD-0613,Graduate,0,6.0,Rendah,Communication Design,1st phase - general,Reguler (Siang),Perempuan,<=20,20,Single,Tidak,Lunas,Tidak,Ya,Tidak,Domestik,110.8,116.0,6,6,12.833333333333334,6,6,11.166666666666666,100.0,12.0,Baik (>75%),12.4,0.5,1.79
STD-0614,Enrolled,0,4.0,Rendah,Management,2nd phase - general,Reguler (Siang),Perempuan,<=20,20,Single,Tidak,Lunas,Tidak,Tidak,Tidak,Domestik,118.0,118.0,5,4,11.0,5,5,13.2,90.0,12.1,Baik (>75%),12.4,0.5,1.79
STD-0615,Graduate,0,1.0,Rendah,Nursing,1st phase - general,Reguler (Siang),Perempuan,<=20,19,Single,Tidak,Lunas,Ya,Ya,Tidak,Domestik,117.8,130.0,8,7,12.357142857142858,8,7,12.357142857142858,87.5,12.36,Baik (>75%),12.7,3.7,-1.7
STD-0616,Graduate,0,3.7,Rendah,Nursing,1st phase - general,Reguler (Siang),Perempuan,<=20,18,Single,Tidak,Lunas,Ya,Ya,Tidak,Domestik,127.5,144.0,8,7,13.857142857142858,8,7,13.857142857142858,87.5,13.86,Baik (>75%),12.7,3.7,-1.7
STD-0617,Graduate,0,4.6,Rendah,Social Service,2nd phase - general,Reguler (Siang),Perempuan,<=20,20,Single,Tidak,Lunas,Ya,Ya,Tidak,Domestik,129.7,105.0,6,6,12.333333333333334,6,6,10.666666666666666,100.0,11.5,Baik (>75%),9.4,-0.8,-3.12
STD-0618,Graduate,0,3.7,Rendah,Nursing,2nd phase - general,Reguler (Siang),Perempuan,<=20,20,Single,Tidak,Lunas,Tidak,Ya,Tidak,Domestik,130.6,143.0,7,7,12.847142857142858,8,8,13.788888888888888,100.0,13.32,Baik (>75%),16.2,0.3,-0.92
STD-0619,Graduate,0,8.9,Rendah,Nursing,2nd phase - general,Reguler (Siang),Perempuan,<=20,19,Single,Tidak,Lunas,Ya,Ya,Tidak,Domestik,126.3,137.0,7,6,12.339999999999998,8,8,13.01875,93.3,12.68,Baik (>75%),11.1,0.6,2.02
STD-0620,Enrolled,0,7.5,Rendah,Veterinary Nursing,Tech. specialization holder,Reguler (Siang),Perempuan,<=20,19,Single,Tidak,Lunas,Tidak,Ya,Tidak,Domestik,140.0,140.0,6,5,12.666666666666666,6,4,11.75,75.0,12.21,Sedang (50-75%),12.4,0.5,1.79
STD-0621,Graduate,0,3.5,Rendah,Journalism & Comm,1st phase - general,Reguler (Siang),Perempuan,<=20,20,Single,Tidak,Lunas,Tidak,Ya,Tidak,Domestik,105.0,133.1,6,6,13.833333333333334,6,6,12.5,100.0,13.17,Baik (>75%),12.7,3.7,-1.7
STD-0622,Dropout,1,29.2,Rendah,Management,2nd phase - general,Reguler (Siang),Perempuan,<=20,19,Single,Tidak,Lunas,Tidak,Ya,Tidak,Domestik,114.6,116.0,5,2,10.75,5,2,10.0,40.0,10.38,Rendah (25-50%),13.9,-0.3,0.79
STD-0623,Dropout,1,37.8,Sedang,Basic Education,2nd phase - general,Reguler (Siang),Perempuan,<=20,19,Single,Tidak,Lunas,Tidak,Ya,Tidak,Domestik,114.6,117.0,6,4,13.25,6,4,10.25,66.7,11.75,Sedang (50-75%),9.4,-0.8,-3.12
STD-0624,Graduate,0,4.3,Rendah,Nursing,2nd phase - general,Reguler (Siang),Perempuan,<=20,18,Single,Tidak,Lunas,Ya,Ya,Tidak,Domestik,131.0,137.0,8,8,13.73125,8,8,13.73125,100.0,13.73,Baik (>75%),9.4,-0.8,-3.12
STD-0625,Dropout,1,10.5,Rendah,Communication Design,2nd phase - general,Reguler (Siang),Perempuan,21-23,23,Single,Tidak,Lunas,Ya,Tidak,Tidak,Domestik,109.0,116.0,6,6,13.333333333333334,6,3,12.666666666666666,75.0,13.0,Sedang (50-75%),11.1,0.6,2.02
STD-0626,Dropout,1,22.0,Rendah,Basic Education,1st phase - general,Reguler (Siang),Perempuan,21-23,21,Single,Tidak,Lunas,Tidak,Ya,Tidak,Domestik,132.0,133.1,6,5,12.0,6,5,10.8,83.3,11.4,Baik (>75%),12.7,3.7,-1.7
STD-0627,Graduate,0,6.8,Rendah,Social Service (eve),Tech. specialization holder,Kelas Malam,Perempuan,21-23,23,Single,Tidak,Lunas,Tidak,Ya,Tidak,Domestik,130.0,130.0,9,9,10.88888888888889,8,6,11.333333333333334,88.2,11.11,Baik (>75%),11.1,0.6,2.02
STD-0628,Graduate,0,2.9,Rendah,Nursing,1st phase - general,Reguler (Siang),Perempuan,<=20,19,Single,Tidak,Lunas,Tidak,Ya,Tidak,Domestik,109.5,106.0,7,7,13.025,8,8,13.811111111111112,100.0,13.42,Baik (>75%),13.9,-0.3,0.79
STD-0629,Graduate,0,1.8,Rendah,Journalism & Comm,2nd phase - general,Reguler (Siang),Perempuan,<=20,18,Single,Tidak,Lunas,Tidak,Ya,Tidak,Domestik,115.9,125.0,6,6,13.0,6,6,14.166666666666666,100.0,13.58,Baik (>75%),12.4,0.5,1.79
STD-0630,Graduate,0,14.5,Rendah,Journalism & Comm,1st phase - general,Reguler (Siang),Perempuan,<=20,19,Single,Tidak,Lunas,Tidak,Ya,Ya,Domestik,131.6,134.0,6,5,11.8,6,5,12.0,83.3,11.9,Baik (>75%),10.8,1.4,1.74
STD-0631,Graduate,0,1.2,Rendah,Nursing,Over 23 years old,Reguler (Siang),Perempuan,24-27,25,Single,Tidak,Lunas,Ya,Tidak,Tidak,Domestik,120.0,133.1,8,7,12.042857142857144,8,7,12.042857142857144,87.5,12.04,Baik (>75%),12.7,3.7,-1.7
STD-0632,Enrolled,0,26.4,Rendah,Basic Education,1st phase - general,Reguler (Siang),Perempuan,<=20,19,Single,Tidak,Lunas,Tidak,Ya,Tidak,Domestik,109.7,117.0,6,5,12.2,6,4,13.0,75.0,12.6,Sedang (50-75%),9.4,-0.8,-3.12
STD-0633,Graduate,0,2.9,Rendah,Nursing,1st phase - general,Reguler (Siang),Perempuan,<=20,19,Single,Tidak,Lunas,Ya,Tidak,Tidak,Domestik,136.4,136.0,7,7,12.8375,8,8,15.5,100.0,14.17,Baik (>75%),13.9,-0.3,0.79
STD-0634,Graduate,0,8.5,Rendah,Oral Hygiene,Over 23 years old,Reguler (Siang),Perempuan,24-27,24,Single,Ya,Lunas,Ya,Tidak,Tidak,Domestik,120.0,120.0,7,7,11.0,8,7,11.7,93.3,11.35,Baik (>75%),12.7,3.7,-1.7
STD-0635,Graduate,0,7.0,Rendah,Advertising & Marketing,1st phase - general,Reguler (Siang),Perempuan,<=20,18,Single,Tidak,Lunas,Ya,Ya,Tidak,Domestik,132.6,135.0,6,6,13.5,6,5,14.0,91.7,13.75,Baik (>75%),8.9,1.4,3.51
STD-0636,Graduate,0,2.5,Rendah,Social Service,2nd phase - general,Reguler (Siang),Perempuan,<=20,19,Single,Tidak,Lunas,Ya,Ya,Tidak,Domestik,112.9,122.0,6,6,12.125,6,6,12.714285714285714,100.0,12.42,Baik (>75%),16.2,0.3,-0.92
STD-0637,Graduate,0,2.6,Rendah,Nursing,1st phase - general,Reguler (Siang),Perempuan,<=20,18,Single,Tidak,Lunas,Ya,Tidak,Tidak,Domestik,134.3,147.0,8,7,12.62857142857143,8,7,12.62857142857143,87.5,12.63,Baik (>75%),12.7,3.7,-1.7
STD-0638,Enrolled,0,25.4,Rendah,Management (evening),Over 23 years old,Kelas Malam,Perempuan,24-27,27,Single,Tidak,Lunas,Tidak,Tidak,Tidak,Domestik,123.2,120.0,5,3,10.666666666666666,5,4,11.4,70.0,11.03,Sedang (50-75%),10.8,1.4,1.74
STD-0639,Graduate,0,6.4,Rendah,Social Service,2nd phase - general,Reguler (Siang),Perempuan,<=20,19,Single,Tidak,Lunas,Tidak,Tidak,Tidak,Domestik,117.2,121.0,6,5,11.2,6,5,11.6,83.3,11.4,Baik (>75%),15.5,2.8,-4.06
STD-0640,Dropout,1,3.1,Rendah,Journalism & Comm,3rd phase - general,Reguler (Siang),Perempuan,<=20,18,Single,Tidak,Lunas,Ya,Tidak,Tidak,Domestik,129.8,135.0,6,6,12.666666666666666,6,6,11.833333333333334,100.0,12.25,Baik (>75%),12.7,3.7,-1.7
STD-0641,Dropout,1,98.5,Tinggi,Advertising & Marketing,Over 23 years old,Reguler (Siang),Perempuan,28-35,34,Married,Ya,Menunggak,Tidak,Tidak,Tidak,Domestik,158.0,130.0,6,4,13.5,6,0,0.0,33.3,6.75,Rendah (25-50%),12.7,3.7,-1.7
STD-0642,Enrolled,0,27.1,Rendah,Management,1st phase - general,Reguler (Siang),Perempuan,<=20,18,Single,Tidak,Lunas,Tidak,Tidak,Tidak,Domestik,116.5,128.0,5,3,11.666666666666666,5,2,11.0,50.0,11.33,Rendah (25-50%),7.6,2.6,0.32
STD-0643,Enrolled,0,6.9,Rendah,Management,1st phase - general,Reguler (Siang),Perempuan,<=20,18,Single,Tidak,Lunas,Tidak,Ya,Tidak,Domestik,121.0,129.0,5,2,10.5,5,3,12.333333333333334,50.0,11.42,Rendah (25-50%),7.6,2.6,0.32
STD-0644,Enrolled,0,2.3,Rendah,Nursing,1st phase - general,Reguler (Siang),Perempuan,<=20,18,Single,Tidak,Lunas,Tidak,Ya,Tidak,Domestik,133.8,143.0,8,8,14.26875,8,8,14.26875,100.0,14.27,Baik (>75%),9.4,-0.8,-3.12
STD-0645,Dropout,1,95.8,Tinggi,Journalism & Comm,1st phase - general,Reguler (Siang),Perempuan,<=20,20,Single,Ya,Menunggak,Tidak,Ya,Tidak,Domestik,115.0,108.0,6,0,0.0,6,0,0.0,0.0,0.0,Kritis (<25%),8.9,1.4,3.51
STD-0646,Enrolled,0,14.8,Rendah,Management,1st phase - general,Reguler (Siang),Perempuan,<=20,19,Single,Tidak,Lunas,Ya,Ya,Tidak,Domestik,131.8,130.0,5,2,10.5,5,3,13.333333333333334,50.0,11.92,Rendah (25-50%),7.6,2.6,0.32
STD-0647,Enrolled,0,38.7,Sedang,Social Service,1st phase - general,Reguler (Siang),Perempuan,21-23,21,Single,Tidak,Lunas,Tidak,Tidak,Tidak,Domestik,121.0,135.0,6,5,11.2,6,1,10.0,50.0,10.6,Rendah (25-50%),7.6,2.6,0.32
STD-0648,Graduate,0,2.8,Rendah,Management (evening),Over 23 years old,Kelas Malam,Perempuan,24-27,26,Married,Tidak,Lunas,Tidak,Tidak,Tidak,Domestik,152.4,140.0,5,5,12.0,5,5,14.833333333333334,100.0,13.42,Baik (>75%),10.8,1.4,1.74
STD-0649,Graduate,0,6.7,Rendah,Oral Hygiene,Change of course,Reguler (Siang),Perempuan,24-27,27,Single,Tidak,Lunas,Tidak,Tidak,Tidak,Domestik,110.2,120.0,7,7,12.228571428571428,8,8,13.2125,100.0,12.72,Baik (>75%),10.8,1.4,1.74
STD-0650,Graduate,0,7.7,Rendah,Advertising & Marketing,1st phase - general,Reguler (Siang),Perempuan,<=20,20,Single,Tidak,Lunas,Tidak,Ya,Tidak,Domestik,113.5,117.0,5,4,11.5,5,4,10.75,80.0,11.12,Baik (>75%),9.4,-0.8,-3.12
STD-0651,Graduate,0,3.6,Rendah,Social Service,2nd phase - general,Reguler (Siang),Perempuan,<=20,18,Single,Tidak,Lunas,Tidak,Ya,Tidak,Domestik,144.4,151.0,6,6,15.375,6,6,16.428571428571427,100.0,15.9,Baik (>75%),16.2,0.3,-0.92
STD-0652,Enrolled,0,51.6,Sedang,Veterinary Nursing,Short cycle holder,Reguler (Siang),Perempuan,21-23,23,Single,Tidak,Menunggak,Tidak,Ya,Tidak,Domestik,143.3,140.0,12,9,13.666666666666666,9,6,13.5,71.4,13.58,Sedang (50-75%),8.9,1.4,3.51
STD-0653,Graduate,0,3.4,Rendah,Nursing,Over 23 years old,Reguler (Siang),Perempuan,24-27,24,Single,Tidak,Lunas,Tidak,Tidak,Tidak,Domestik,100.0,133.1,8,7,12.614285714285714,8,7,12.614285714285714,87.5,12.61,Baik (>75%),12.7,3.7,-1.7
STD-0654,Graduate,0,3.3,Rendah,Social Service,Tech. specialization holder,Reguler (Siang),Perempuan,<=20,19,Single,Tidak,Lunas,Ya,Ya,Tidak,Domestik,126.3,130.0,6,5,12.2,6,6,11.5,91.7,11.85,Baik (>75%),13.9,-0.3,0.79
STD-0655,Graduate,0,23.9,Rendah,Journalism & Comm,1st phase - general,Reguler (Siang),Perempuan,<=20,19,Single,Tidak,Lunas,Tidak,Tidak,Tidak,Domestik,115.9,125.0,6,4,11.75,6,4,11.0,66.7,11.38,Sedang (50-75%),10.8,1.4,1.74
STD-0656,Enrolled,0,21.8,Rendah,Social Service,1st phase - general,Reguler (Siang),Perempuan,<=20,19,Single,Ya,Lunas,Ya,Ya,Tidak,Domestik,114.9,125.0,6,5,11.4,6,3,10.0,66.7,10.7,Sedang (50-75%),8.9,1.4,3.51
STD-0657,Enrolled,0,35.2,Sedang,Social Service,1st phase - general,Reguler (Siang),Perempuan,<=20,18,Single,Ya,Lunas,Tidak,Tidak,Tidak,Domestik,121.0,135.0,6,5,10.6,6,2,10.0,58.3,10.3,Sedang (50-75%),7.6,2.6,0.32
STD-0658,Graduate,0,11.2,Rendah,Social Service (eve),Change of institution/course,Kelas Malam,Perempuan,21-23,22,Single,Tidak,Lunas,Tidak,Tidak,Tidak,Domestik,112.3,121.0,16,13,10.923076923076923,13,11,11.454545454545457,82.8,11.19,Baik (>75%),16.2,0.3,-0.92
STD-0659,Graduate,0,5.1,Rendah,Communication Design,Change of course,Reguler (Siang),Perempuan,<=20,20,Single,Tidak,Lunas,Tidak,Tidak,Tidak,Domestik,127.0,141.0,6,5,12.4,6,5,12.4,83.3,12.4,Baik (>75%),12.7,3.7,-1.7
STD-0660,Dropout,1,92.7,Tinggi,Agronomy,Over 23 years old,Reguler (Siang),Perempuan,24-27,25,Single,Tidak,Lunas,Tidak,Tidak,Tidak,Domestik,120.0,130.0,6,0,0.0,6,0,0.0,0.0,0.0,Kritis (<25%),11.1,0.6,2.02
STD-0661,Graduate,0,4.2,Rendah,Agronomy,Tech. specialization holder,Reguler (Siang),Perempuan,21-23,21,Single,Tidak,Lunas,Tidak,Tidak,Tidak,Domestik,180.0,180.0,6,6,15.833333333333334,6,6,15.5,100.0,15.67,Baik (>75%),15.5,2.8,-4.06
STD-0662,Enrolled,0,3.6,Rendah,Nursing,1st phase - general,Reguler (Siang),Perempuan,<=20,19,Single,Tidak,Lunas,Tidak,Ya,Tidak,Domestik,117.4,117.0,7,5,11.8,7,6,11.708333333333334,78.6,11.75,Baik (>75%),11.1,0.6,2.02
STD-0663,Graduate,0,2.5,Rendah,Journalism & Comm,2nd phase - general,Reguler (Siang),Perempuan,<=20,18,Single,Tidak,Lunas,Tidak,Ya,Tidak,Domestik,115.8,127.0,6,6,12.571428571428571,6,6,13.666666666666666,100.0,13.12,Baik (>75%),13.9,-0.3,0.79
STD-0664,Graduate,0,24.3,Rendah,Advertising & Marketing,1st phase - general,Reguler (Siang),Perempuan,<=20,18,Single,Tidak,Lunas,Tidak,Ya,Tidak,Domestik,136.5,126.0,5,3,12.0,5,4,13.25,70.0,12.62,Sedang (50-75%),7.6,2.6,0.32
STD-0665,Graduate,0,14.0,Rendah,Nursing,2nd phase - general,Reguler (Siang),Laki-laki,<=20,19,Single,Tidak,Lunas,Tidak,Ya,Tidak,Domestik,129.0,143.0,7,7,13.3625,8,8,14.444444444444445,100.0,13.9,Baik (>75%),13.9,-0.3,0.79
STD-0666,Graduate,0,4.0,Rendah,Veterinary Nursing,1st phase - general,Reguler (Siang),Perempuan,<=20,19,Single,Tidak,Lunas,Ya,Ya,Tidak,Internasional,137.6,144.0,5,5,15.4,5,5,16.0,100.0,15.7,Baik (>75%),10.8,1.4,1.74
STD-0667,Dropout,1,89.2,Tinggi,Journalism & Comm,2nd phase - general,Reguler (Siang),Perempuan,<=20,18,Single,Ya,Menunggak,Tidak,Ya,Tidak,Domestik,129.5,126.0,6,5,12.2,6,4,11.75,75.0,11.98,Sedang (50-75%),10.8,1.4,1.74
STD-0668,Graduate,0,4.1,Rendah,Social Service,Change of institution/course,Reguler (Siang),Perempuan,<=20,20,Single,Tidak,Lunas,Ya,Ya,Tidak,Domestik,129.1,140.0,11,11,12.818181818181818,11,11,13.545454545454543,100.0,13.18,Baik (>75%),12.4,0.5,1.79
STD-0669,Dropout,1,94.1,Tinggi,Nursing,2nd phase - general,Reguler (Siang),Perempuan,<=20,19,Single,Tidak,Lunas,Tidak,Ya,Tidak,Domestik,130.2,148.0,7,0,0.0,8,0,0.0,0.0,0.0,Kritis (<25%),12.4,0.5,1.79
STD-0670,Graduate,0,12.7,Rendah,Nursing,Transfer,Reguler (Siang),Perempuan,28-35,28,Single,Tidak,Lunas,Tidak,Ya,Tidak,Domestik,134.3,100.0,17,17,13.394736842105264,17,17,13.554736842105264,100.0,13.47,Baik (>75%),16.2,0.3,-0.92
STD-0671,Graduate,0,3.9,Rendah,Social Service,1st phase - general,Reguler (Siang),Perempuan,<=20,20,Single,Tidak,Lunas,Ya,Ya,Tidak,Domestik,138.4,151.0,6,6,14.25,6,6,11.0,100.0,12.62,Baik (>75%),12.7,3.7,-1.7
STD-0672,Dropout,1,7.6,Rendah,Social Service (eve),Transfer,Kelas Malam,Perempuan,28-35,30,Single,Tidak,Lunas,Tidak,Ya,Tidak,Domestik,120.0,120.0,11,9,13.444444444444445,7,7,14.714285714285714,88.9,14.08,Baik (>75%),7.6,2.6,0.32
STD-0673,Graduate,0,3.6,Rendah,Nursing,1st phase - general,Reguler (Siang),Perempuan,<=20,19,Single,Tidak,Lunas,Ya,Ya,Tidak,Domestik,123.5,135.0,7,7,12.285714285714286,8,8,11.7375,100.0,12.01,Baik (>75%),12.4,0.5,1.79
STD-0674,Graduate,0,8.5,Rendah,Communication Design,1st phase - general,Reguler (Siang),Perempuan,21-23,22,Single,Tidak,Lunas,Tidak,Ya,Tidak,Domestik,116.1,121.0,6,6,11.666666666666666,6,5,13.2,91.7,12.43,Baik (>75%),12.7,3.7,-1.7
STD-0675,Graduate,0,1.9,Rendah,Tourism,1st phase - general,Reguler (Siang),Perempuan,<=20,18,Single,Tidak,Lunas,Tidak,Ya,Tidak,Domestik,110.8,116.0,6,6,12.166666666666666,6,6,13.5,100.0,12.83,Baik (>75%),11.1,0.6,2.02
STD-0676,Dropout,1,63.8,Tinggi,Basic Education,2nd phase - general,Reguler (Siang),Perempuan,21-23,23,Single,Tidak,Lunas,Tidak,Ya,Tidak,Domestik,142.8,147.0,6,2,10.0,6,2,11.0,33.3,10.5,Rendah (25-50%),7.6,2.6,0.32
STD-0677,Graduate,0,4.5,Rendah,Communication Design,2nd phase - general,Reguler (Siang),Perempuan,<=20,18,Single,Tidak,Lunas,Tidak,Ya,Tidak,Domestik,155.5,160.0,6,6,14.0,6,6,15.0,100.0,14.5,Baik (>75%),11.1,0.6,2.02
STD-0678,Enrolled,0,20.8,Rendah,Basic Education,1st phase - general,Reguler (Siang),Perempuan,<=20,18,Single,Tidak,Lunas,Tidak,Ya,Tidak,Domestik,126.7,133.0,6,5,11.833333333333334,6,4,12.0,75.0,11.92,Sedang (50-75%),15.5,2.8,-4.06
STD-0679,Dropout,1,97.9,Tinggi,Journalism & Comm,Over 23 years old,Reguler (Siang),Laki-laki,>35,50,Married,Ya,Menunggak,Tidak,Tidak,Tidak,Domestik,163.5,100.0,6,1,15.0,5,0,0.0,9.1,7.5,Kritis (<25%),10.8,1.4,1.74
STD-0680,Graduate,0,26.4,Rendah,Animation & Multimedia,1st phase - general,Reguler (Siang),Perempuan,<=20,19,Single,Tidak,Lunas,Ya,Ya,Tidak,Internasional,161.9,151.0,0,0,0.0,0,0,0.0,0.0,0.0,Kritis (<25%),13.9,-0.3,0.79
STD-0681,Graduate,0,12.9,Rendah,Tourism,2nd phase - general,Reguler (Siang),Perempuan,21-23,22,Single,Tidak,Lunas,Tidak,Ya,Tidak,Internasional,123.3,124.0,6,6,10.833333333333334,6,6,10.666666666666666,100.0,10.75,Baik (>75%),13.9,-0.3,0.79
STD-0682,Graduate,0,3.4,Rendah,Social Service,Tech. specialization holder,Reguler (Siang),Perempuan,21-23,23,Single,Ya,Lunas,Ya,Tidak,Tidak,Internasional,137.5,140.0,6,6,13.142857142857142,6,6,14.0,100.0,13.57,Baik (>75%),12.4,0.5,1.79
STD-0683,Dropout,1,26.2,Rendah,Veterinary Nursing,3rd phase - general,Reguler (Siang),Perempuan,<=20,20,Single,Ya,Menunggak,Ya,Tidak,Tidak,Domestik,166.6,170.0,5,5,14.4,5,5,14.0,100.0,14.2,Baik (>75%),12.7,3.7,-1.7
STD-0684,Dropout,1,98.9,Tinggi,Social Service,Over 23 years old,Reguler (Siang),Perempuan,>35,44,Divorced,Tidak,Menunggak,Tidak,Tidak,Tidak,Domestik,103.5,133.1,6,0,0.0,6,0,0.0,0.0,0.0,Kritis (<25%),13.9,-0.3,0.79
STD-0685,Graduate,0,32.6,Sedang,Agronomy,Over 23 years old,Reguler (Siang),Laki-laki,>35,49,Divorced,Tidak,Lunas,Tidak,Tidak,Tidak,Domestik,110.0,133.1,12,7,12.0,12,9,11.22222222222222,66.7,11.61,Sedang (50-75%),15.5,2.8,-4.06
STD-0686,Graduate,0,12.2,Rendah,Management (evening),Change of course,Kelas Malam,Laki-laki,>35,46,Married,Tidak,Lunas,Tidak,Tidak,Tidak,Domestik,128.2,100.0,10,9,12.2,10,10,12.8,95.0,12.5,Baik (>75%),7.6,2.6,0.32
STD-0687,Dropout,1,98.5,Tinggi,Veterinary Nursing,Over 23 years old,Reguler (Siang),Laki-laki,>35,41,Single,Tidak,Menunggak,Tidak,Ya,Tidak,Domestik,137.7,120.0,3,3,12.333333333333334,2,2,11.0,100.0,11.67,Baik (>75%),12.4,0.5,1.79
STD-0688,Graduate,0,4.5,Rendah,Nursing,2nd phase - general,Reguler (Siang),Laki-laki,<=20,18,Single,Tidak,Lunas,Tidak,Ya,Tidak,Domestik,128.8,133.0,7,7,11.8375,8,8,12.48125,100.0,12.16,Baik (>75%),13.9,-0.3,0.79
STD-0689,Graduate,0,9.3,Rendah,Management (evening),Over 23 years old,Kelas Malam,Laki-laki,>35,43,Widower,Tidak,Lunas,Tidak,Tidak,Tidak,Domestik,170.0,120.0,5,5,11.8,5,5,14.0,100.0,12.9,Baik (>75%),9.4,-0.8,-3.12
STD-0690,Dropout,1,98.4,Tinggi,Management,Over 23 years old,Reguler (Siang),Laki-laki,>35,70,Divorced,Ya,Menunggak,Tidak,Tidak,Tidak,Domestik,116.4,133.1,5,0,0.0,5,0,0.0,0.0,0.0,Kritis (<25%),10.8,1.4,1.74
STD-0691,Dropout,1,99.0,Tinggi,Equinculture,Over 23 years old,Reguler (Siang),Laki-laki,>35,48,Divorced,Tidak,Lunas,Tidak,Tidak,Tidak,Domestik,100.9,133.1,6,0,0.0,6,0,0.0,0.0,0.0,Kritis (<25%),15.5,2.8,-4.06
STD-0692,Graduate,0,5.6,Rendah,Agronomy,Change of course,Reguler (Siang),Laki-laki,>35,41,Married,Tidak,Lunas,Tidak,Tidak,Tidak,Domestik,136.0,133.1,19,19,12.68421052631579,13,13,12.384615384615383,100.0,12.53,Baik (>75%),15.5,2.8,-4.06
STD-0693,Enrolled,0,9.6,Rendah,Tourism,1st phase - general,Reguler (Siang),Laki-laki,21-23,21,Single,Tidak,Lunas,Tidak,Tidak,Tidak,Domestik,130.0,140.0,6,6,12.571428571428571,6,4,13.0,83.3,12.79,Baik (>75%),12.7,3.7,-1.7
STD-0694,Dropout,1,97.3,Tinggi,Biofuel Production Tech,Over 23 years old,Reguler (Siang),Laki-laki,28-35,35,Single,Ya,Menunggak,Tidak,Tidak,Tidak,Internasional,100.0,100.0,7,3,11.25,7,0,0.0,21.4,5.62,Kritis (<25%),16.2,0.3,-0.92
STD-0695,Graduate,0,33.9,Sedang,Equinculture,Over 23 years old,Reguler (Siang),Laki-laki,>35,44,Married,Tidak,Lunas,Tidak,Ya,Tidak,Domestik,157.0,133.1,5,4,14.0,5,4,15.5,80.0,14.75,Baik (>75%),10.8,1.4,1.74
STD-0696,Dropout,1,15.2,Rendah,Management,1st phase - general,Reguler (Siang),Laki-laki,<=20,18,Single,Ya,Lunas,Tidak,Ya,Tidak,Domestik,152.1,143.0,5,4,13.333333333333334,5,2,13.5,60.0,13.42,Sedang (50-75%),13.9,-0.3,0.79
STD-0697,Graduate,0,5.8,Rendah,Social Service (eve),1st phase - general,Kelas Malam,Laki-laki,>35,45,Married,Tidak,Lunas,Tidak,Ya,Tidak,Domestik,162.9,165.0,6,6,13.666666666666666,6,6,13.666666666666666,100.0,13.67,Baik (>75%),7.6,2.6,0.32
STD-0698,Enrolled,0,15.6,Rendah,Tourism,1st phase - general,Reguler (Siang),Laki-laki,<=20,20,Single,Tidak,Lunas,Tidak,Tidak,Tidak,Domestik,137.2,154.0,6,3,10.0,6,5,10.8,66.7,10.4,Sedang (50-75%),15.5,2.8,-4.06
STD-0699,Graduate,0,11.9,Rendah,Agronomy,Tech. specialization holder,Reguler (Siang),Laki-laki,21-23,22,Single,Tidak,Lunas,Tidak,Ya,Tidak,Domestik,140.0,140.0,6,5,12.6,6,6,11.714285714285714,91.7,12.16,Baik (>75%),12.4,0.5,1.79
STD-0700,Dropout,1,73.5,Tinggi,Informatics Engineering,Change of course,Reguler (Siang),Laki-laki,>35,39,Single,Tidak,Lunas,Tidak,Tidak,Tidak,Domestik,146.5,140.0,5,3,17.333333333333332,5,1,17.0,40.0,17.17,Rendah (25-50%),13.9,-0.3,0.79
STD-0701,Enrolled,0,80.0,Tinggi,Veterinary Nursing,Tech. specialization holder,Reguler (Siang),Laki-laki,<=20,20,Single,Tidak,Menunggak,Tidak,Tidak,Tidak,Domestik,130.0,130.0,6,5,13.2,6,3,12.0,66.7,12.6,Sedang (50-75%),12.4,0.5,1.79
STD-0702,Dropout,1,54.8,Sedang,Management,Over 23 years old,Reguler (Siang),Laki-laki,>35,49,Married,Tidak,Lunas,Tidak,Tidak,Tidak,Domestik,128.0,133.1,5,3,14.0,5,3,13.666666666666666,60.0,13.83,Sedang (50-75%),8.9,1.4,3.51
STD-0703,Dropout,1,72.1,Tinggi,Oral Hygiene,Holder of other higher course,Reguler (Siang),Laki-laki,>35,43,Single,Tidak,Lunas,Tidak,Ya,Tidak,Domestik,190.0,190.0,4,4,13.875,1,1,12.5,100.0,13.19,Baik (>75%),11.1,0.6,2.02
STD-0704,Dropout,1,95.3,Tinggi,Management (evening),Over 23 years old,Kelas Malam,Laki-laki,28-35,32,Married,Tidak,Lunas,Tidak,Ya,Tidak,Domestik,133.2,120.0,5,0,0.0,5,0,0.0,0.0,0.0,Kritis (<25%),7.6,2.6,0.32
STD-0705,Graduate,0,3.2,Rendah,Social Service,Over 23 years old,Reguler (Siang),Laki-laki,>35,47,Single,Tidak,Lunas,Tidak,Tidak,Tidak,Domestik,124.3,100.0,9,9,13.11111111111111,7,7,14.857142857142858,100.0,13.98,Baik (>75%),10.8,1.4,1.74
STD-0706,Dropout,1,11.1,Rendah,Management (evening),Over 23 years old,Kelas Malam,Laki-laki,>35,37,Facto Union,Tidak,Lunas,Ya,Tidak,Tidak,Domestik,138.1,120.0,5,5,13.0,5,4,13.333333333333334,90.0,13.17,Baik (>75%),16.2,0.3,-0.92
STD-0707,Graduate,0,9.4,Rendah,Social Service (eve),Over 23 years old,Kelas Malam,Laki-laki,>35,41,Married,Tidak,Lunas,Tidak,Tidak,Tidak,Domestik,144.3,133.1,10,10,12.5,7,7,12.142857142857142,100.0,12.32,Baik (>75%),10.8,1.4,1.74
STD-0708,Graduate,0,5.0,Rendah,Agronomy,Over 23 years old,Reguler (Siang),Laki-laki,>35,60,Married,Tidak,Lunas,Tidak,Tidak,Tidak,Domestik,140.0,150.0,18,18,14.11111111111111,13,13,14.23076923076923,100.0,14.17,Baik (>75%),15.5,2.8,-4.06
STD-0709,Graduate,0,26.2,Rendah,Tourism,Over 23 years old,Reguler (Siang),Laki-laki,>35,47,Married,Tidak,Lunas,Tidak,Tidak,Tidak,Domestik,148.3,120.0,11,11,14.727272727272728,9,9,15.77777777777778,100.0,15.25,Baik (>75%),10.8,1.4,1.74
STD-0710,Dropout,1,96.8,Tinggi,Social Service (eve),Over 23 years old,Kelas Malam,Laki-laki,>35,50,Single,Ya,Menunggak,Tidak,Tidak,Tidak,Domestik,96.0,133.1,6,0,0.0,5,0,0.0,0.0,0.0,Kritis (<25%),12.4,0.5,1.79
STD-0711,Dropout,1,93.4,Tinggi,Management (evening),Over 23 years old,Kelas Malam,Laki-laki,>35,45,Married,Tidak,Lunas,Tidak,Ya,Tidak,Domestik,121.7,133.1,5,0,0.0,5,0,0.0,0.0,0.0,Kritis (<25%),7.6,2.6,0.32
STD-0712,Dropout,1,97.9,Tinggi,Informatics Engineering,Over 23 years old,Reguler (Siang),Laki-laki,>35,45,Single,Ya,Menunggak,Tidak,Tidak,Tidak,Domestik,160.0,100.0,5,0,0.0,5,0,0.0,0.0,0.0,Kritis (<25%),15.5,2.8,-4.06
STD-0713,Graduate,0,29.5,Rendah,Veterinary Nursing,Over 23 years old,Reguler (Siang),Laki-laki,28-35,33,Married,Tidak,Lunas,Tidak,Tidak,Tidak,Domestik,110.3,133.1,5,4,13.5,5,5,11.6,90.0,12.55,Baik (>75%),7.6,2.6,0.32
STD-0714,Graduate,0,4.5,Rendah,Nursing,1st phase - general,Reguler (Siang),Laki-laki,<=20,18,Single,Tidak,Lunas,Tidak,Tidak,Tidak,Domestik,129.0,143.0,8,7,13.105714285714283,8,7,13.105714285714283,87.5,13.11,Baik (>75%),10.8,1.4,1.74
STD-0715,Graduate,0,9.0,Rendah,Veterinary Nursing,Over 23 years old,Reguler (Siang),Laki-laki,>35,43,Married,Tidak,Lunas,Tidak,Tidak,Tidak,Domestik,150.0,120.0,5,5,13.5,5,5,14.4,100.0,13.95,Baik (>75%),9.4,-0.8,-3.12
STD-0716,Graduate,0,4.1,Rendah,Social Service (eve),Change of course,Kelas Malam,Laki-laki,>35,44,Single,Tidak,Lunas,Tidak,Tidak,Tidak,Domestik,100.0,161.0,13,13,11.846153846153848,11,11,12.0,100.0,11.92,Baik (>75%),12.7,3.7,-1.7
STD-0717,Dropout,1,96.6,Tinggi,Equinculture,Over 23 years old,Reguler (Siang),Laki-laki,28-35,29,Single,Tidak,Lunas,Tidak,Tidak,Tidak,Domestik,107.5,133.1,5,0,0.0,5,0,0.0,0.0,0.0,Kritis (<25%),7.6,2.6,0.32
STD-0718,Dropout,1,98.2,Tinggi,Advertising & Marketing,Over 23 years old,Reguler (Siang),Laki-laki,>35,53,Divorced,Ya,Menunggak,Tidak,Tidak,Tidak,Domestik,170.0,140.0,6,3,14.333333333333334,6,0,0.0,25.0,7.17,Kritis (<25%),12.7,3.7,-1.7
STD-0719,Enrolled,0,24.0,Rendah,Management (evening),Transfer,Kelas Malam,Laki-laki,>35,37,Married,Tidak,Lunas,Tidak,Tidak,Tidak,Domestik,123.0,123.0,5,5,15.8,5,5,17.6,100.0,16.7,Baik (>75%),9.4,-0.8,-3.12
STD-0720,Enrolled,0,8.4,Rendah,Advertising & Marketing,Change of course,Reguler (Siang),Laki-laki,<=20,18,Single,Tidak,Lunas,Tidak,Ya,Tidak,Domestik,138.5,142.0,6,5,13.8,6,5,12.4,83.3,13.1,Baik (>75%),13.9,-0.3,0.79
STD-0721,Dropout,1,77.3,Tinggi,Biofuel Production Tech,Change of course,Reguler (Siang),Laki-laki,28-35,35,Single,Ya,Lunas,Tidak,Tidak,Tidak,Domestik,140.0,133.1,10,6,12.666666666666666,9,3,12.0,47.4,12.33,Rendah (25-50%),16.2,0.3,-0.92
STD-0722,Enrolled,0,4.4,Rendah,Tourism,1st phase - general,Reguler (Siang),Laki-laki,21-23,23,Single,Tidak,Lunas,Tidak,Tidak,Tidak,Domestik,113.6,115.0,6,6,13.0,6,6,12.0,100.0,12.5,Baik (>75%),11.1,0.6,2.02
STD-0723,Graduate,0,14.5,Rendah,Animation & Multimedia,1st phase - general,Reguler (Siang),Laki-laki,21-23,22,Single,Tidak,Lunas,Tidak,Ya,Tidak,Domestik,170.0,156.0,0,0,0.0,0,0,0.0,0.0,0.0,Kritis (<25%),7.6,2.6,0.32
STD-0724,Dropout,1,98.5,Tinggi,Social Service (eve),Over 23 years old,Kelas Malam,Laki-laki,28-35,33,Single,Tidak,Menunggak,Tidak,Tidak,Tidak,Domestik,115.5,140.0,6,1,11.0,6,0,0.0,8.3,5.5,Kritis (<25%),10.8,1.4,1.74
STD-0725,Dropout,1,96.9,Tinggi,Equinculture,Holder of other higher course,Reguler (Siang),Laki-laki,>35,41,Single,Tidak,Menunggak,Tidak,Tidak,Tidak,Domestik,130.0,130.0,5,0,0.0,5,0,0.0,0.0,0.0,Kritis (<25%),10.8,1.4,1.74
STD-0726,Graduate,0,16.8,Rendah,Nursing,Holder of other higher course,Reguler (Siang),Laki-laki,>35,51,Divorced,Tidak,Lunas,Tidak,Tidak,Tidak,Domestik,140.0,140.0,7,7,15.2,8,8,16.575,100.0,15.89,Baik (>75%),13.9,-0.3,0.79
STD-0727,Graduate,0,4.1,Rendah,Advertising & Marketing,Change of institution/course,Reguler (Siang),Laki-laki,<=20,19,Single,Tidak,Lunas,Tidak,Tidak,Tidak,Domestik,126.6,140.0,6,6,14.428571428571429,7,7,14.375,100.0,14.4,Baik (>75%),11.1,0.6,2.02
STD-0728,Dropout,1,98.1,Tinggi,Management (evening),Over 23 years old,Kelas Malam,Laki-laki,28-35,35,Single,Tidak,Lunas,Tidak,Tidak,Tidak,Domestik,143.2,133.1,5,0,0.0,5,0,0.0,0.0,0.0,Kritis (<25%),11.1,0.6,2.02
STD-0729,Graduate,0,43.9,Sedang,Animation & Multimedia,1st phase - general,Reguler (Siang),Laki-laki,<=20,20,Single,Tidak,Lunas,Tidak,Ya,Tidak,Internasional,131.4,131.0,0,0,0.0,0,0,0.0,0.0,0.0,Kritis (<25%),7.6,2.6,0.32
STD-0730,Enrolled,0,5.5,Rendah,Advertising & Marketing,Change of course,Reguler (Siang),Laki-laki,<=20,18,Single,Tidak,Lunas,Tidak,Ya,Tidak,Domestik,133.3,141.0,6,4,13.75,6,5,11.2,75.0,12.48,Sedang (50-75%),13.9,-0.3,0.79
STD-0731,Dropout,1,68.1,Tinggi,Journalism & Comm,1st phase - general,Reguler (Siang),Laki-laki,<=20,18,Single,Ya,Menunggak,Ya,Tidak,Tidak,Domestik,118.3,120.0,6,5,12.166666666666666,6,3,12.0,66.7,12.08,Sedang (50-75%),13.9,-0.3,0.79
STD-0732,Graduate,0,3.1,Rendah,Agronomy,Tech. specialization holder,Reguler (Siang),Laki-laki,21-23,21,Single,Tidak,Lunas,Tidak,Tidak,Tidak,Domestik,140.0,140.0,6,5,12.142857142857142,6,5,11.666666666666666,83.3,11.9,Baik (>75%),13.9,-0.3,0.79
STD-0733,Graduate,0,4.7,Rendah,Tourism,1st phase - general,Reguler (Siang),Laki-laki,21-23,21,Single,Tidak,Lunas,Tidak,Ya,Tidak,Domestik,124.7,132.0,6,6,12.0,6,5,11.6,91.7,11.8,Baik (>75%),13.9,-0.3,0.79
STD-0734,Graduate,0,32.4,Sedang,Management,Over 23 years old,Reguler (Siang),Laki-laki,28-35,34,Married,Tidak,Lunas,Tidak,Tidak,Tidak,Domestik,140.0,130.0,5,3,11.666666666666666,5,4,12.75,70.0,12.21,Sedang (50-75%),9.4,-0.8,-3.12
STD-0735,Dropout,1,97.3,Tinggi,Equinculture,Over 23 years old,Reguler (Siang),Laki-laki,28-35,34,Divorced,Tidak,Lunas,Tidak,Ya,Tidak,Domestik,150.0,140.0,6,0,0.0,6,0,0.0,0.0,0.0,Kritis (<25%),16.2,0.3,-0.92
STD-0736,Graduate,0,4.6,Rendah,Advertising & Marketing,2nd phase - general,Reguler (Siang),Laki-laki,21-23,21,Single,Tidak,Lunas,Tidak,Ya,Tidak,Domestik,115.6,110.0,6,6,11.875,6,5,12.0,91.7,11.94,Baik (>75%),11.1,0.6,2.02
STD-0737,Enrolled,0,22.7,Rendah,Journalism & Comm,Change of course,Reguler (Siang),Laki-laki,28-35,32,Single,Tidak,Lunas,Tidak,Tidak,Tidak,Domestik,116.9,140.0,11,7,11.285714285714286,7,6,12.333333333333334,72.2,11.81,Sedang (50-75%),13.9,-0.3,0.79
STD-0738,Dropout,1,86.3,Tinggi,Tourism,2nd phase - general,Reguler (Siang),Laki-laki,28-35,30,Single,Tidak,Lunas,Tidak,Ya,Tidak,Domestik,123.4,130.0,6,2,10.0,6,3,11.333333333333334,41.7,10.67,Rendah (25-50%),7.6,2.6,0.32
STD-0739,Enrolled,0,4.8,Rendah,Animation & Multimedia,1st phase - general,Reguler (Siang),Laki-laki,<=20,19,Single,Ya,Lunas,Tidak,Ya,Tidak,Domestik,146.5,137.0,12,11,12.0,11,10,11.181818181818182,91.3,11.59,Baik (>75%),8.9,1.4,3.51
STD-0740,Dropout,1,7.3,Rendah,Journalism & Comm,Change of institution/course,Reguler (Siang),Laki-laki,<=20,20,Single,Tidak,Lunas,Tidak,Ya,Tidak,Domestik,117.1,158.0,7,6,13.833333333333334,6,5,13.0,84.6,13.42,Baik (>75%),8.9,1.4,3.51
STD-0741,Dropout,1,96.8,Tinggi,Communication Design,1st phase - general,Reguler (Siang),Laki-laki,<=20,18,Single,Tidak,Lunas,Tidak,Ya,Tidak,Domestik,113.9,124.0,6,0,0.0,6,0,0.0,0.0,0.0,Kritis (<25%),12.4,0.5,1.79
STD-0742,Graduate,0,2.9,Rendah,Tourism,1st phase - general,Reguler (Siang),Laki-laki,<=20,19,Single,Tidak,Lunas,Tidak,Tidak,Tidak,Domestik,128.7,136.0,6,6,14.428571428571429,6,6,12.5,100.0,13.46,Baik (>75%),8.9,1.4,3.51
STD-0743,Dropout,1,7.6,Rendah,Nursing,2nd phase - general,Reguler (Siang),Laki-laki,<=20,18,Single,Tidak,Lunas,Tidak,Ya,Tidak,Domestik,132.9,142.0,7,5,14.2,7,6,12.4,78.6,13.3,Baik (>75%),12.4,0.5,1.79
STD-0744,Dropout,1,60.0,Sedang,Management (evening),Over 23 years old,Kelas Malam,Laki-laki,24-27,27,Single,Tidak,Lunas,Tidak,Tidak,Tidak,Domestik,123.0,150.0,5,4,11.5,5,3,10.333333333333334,70.0,10.92,Sedang (50-75%),12.7,3.7,-1.7
STD-0745,Graduate,0,8.2,Rendah,Journalism & Comm,Over 23 years old,Reguler (Siang),Laki-laki,>35,52,Single,Tidak,Lunas,Tidak,Ya,Tidak,Domestik,129.8,120.0,6,5,13.0,6,6,15.0,91.7,14.0,Baik (>75%),9.4,-0.8,-3.12
STD-0746,Dropout,1,98.2,Tinggi,Agronomy,Change of course,Reguler (Siang),Laki-laki,28-35,29,Married,Tidak,Menunggak,Tidak,Ya,Tidak,Domestik,156.1,149.0,6,0,0.0,6,0,0.0,0.0,0.0,Kritis (<25%),15.5,2.8,-4.06
STD-0747,Dropout,1,88.8,Tinggi,Agronomy,Change of institution/course,Reguler (Siang),Laki-laki,21-23,22,Single,Ya,Menunggak,Tidak,Ya,Tidak,Domestik,120.0,130.0,6,3,11.333333333333334,6,2,11.0,41.7,11.17,Rendah (25-50%),8.9,1.4,3.51
STD-0748,Graduate,0,10.2,Rendah,Veterinary Nursing,Change of course,Reguler (Siang),Laki-laki,28-35,28,Single,Tidak,Lunas,Tidak,Ya,Tidak,Internasional,117.2,110.0,18,18,12.5,13,12,11.428571428571429,96.8,11.96,Baik (>75%),15.5,2.8,-4.06
STD-0749,Dropout,1,93.0,Tinggi,Advertising & Marketing,Over 23 years old,Reguler (Siang),Laki-laki,28-35,30,Single,Tidak,Lunas,Tidak,Ya,Tidak,Domestik,107.0,133.1,5,0,0.0,5,0,0.0,0.0,0.0,Kritis (<25%),7.6,2.6,0.32
STD-0750,Graduate,0,16.8,Rendah,Nursing,1st phase - general,Reguler (Siang),Perempuan,<=20,18,Single,Tidak,Lunas,Tidak,Ya,Tidak,Domestik,128.4,134.0,7,7,13.471428571428572,8,8,13.944444444444445,100.0,13.71,Baik (>75%),16.2,0.3,-0.92
STD-0751,Graduate,0,10.9,Rendah,Advertising & Marketing,1st phase - general,Reguler (Siang),Perempuan,21-23,21,Single,Tidak,Lunas,Tidak,Ya,Tidak,Domestik,123.4,130.0,5,4,11.75,5,3,13.333333333333334,70.0,12.54,Sedang (50-75%),9.4,-0.8,-3.12
STD-0752,Graduate,0,4.4,Rendah,Communication Design,1st phase - general,Reguler (Siang),Perempuan,<=20,20,Single,Ya,Lunas,Ya,Ya,Tidak,Domestik,126.7,141.0,6,6,13.333333333333334,6,6,14.666666666666666,100.0,14.0,Baik (>75%),12.7,3.7,-1.7
STD-0753,Graduate,0,3.5,Rendah,Nursing,Transfer,Reguler (Siang),Perempuan,21-23,21,Single,Tidak,Lunas,Ya,Ya,Tidak,Domestik,123.0,123.0,8,8,13.105,8,8,13.105,100.0,13.1,Baik (>75%),9.4,-0.8,-3.12
STD-0754,Dropout,1,98.0,Tinggi,Management (evening),Over 23 years old,Kelas Malam,Perempuan,28-35,32,Married,Ya,Menunggak,Tidak,Tidak,Tidak,Domestik,137.2,133.1,5,0,0.0,5,0,0.0,0.0,0.0,Kritis (<25%),10.8,1.4,1.74
STD-0755,Graduate,0,10.9,Rendah,Communication Design,1st phase - general,Reguler (Siang),Laki-laki,<=20,20,Single,Tidak,Lunas,Ya,Ya,Tidak,Domestik,125.9,122.0,6,6,15.5,6,6,12.166666666666666,100.0,13.83,Baik (>75%),12.4,0.5,1.79
STD-0756,Dropout,1,88.5,Tinggi,Animation & Multimedia,1st phase - general,Reguler (Siang),Laki-laki,<=20,19,Single,Ya,Menunggak,Tidak,Ya,Tidak,Domestik,138.0,132.0,0,0,0.0,0,0,0.0,0.0,0.0,Kritis (<25%),15.5,2.8,-4.06
STD-0757,Dropout,1,90.6,Tinggi,Advertising & Marketing,International student,Reguler (Siang),Laki-laki,<=20,18,Single,Ya,Menunggak,Tidak,Tidak,Tidak,Internasional,128.2,133.1,6,4,11.25,6,3,12.333333333333334,58.3,11.79,Sedang (50-75%),8.9,1.4,3.51
STD-0758,Dropout,1,88.6,Tinggi,Management (evening),Change of course,Kelas Malam,Laki-laki,21-23,23,Single,Tidak,Menunggak,Tidak,Ya,Tidak,Domestik,126.5,130.0,15,12,11.0,14,11,11.363636363636363,79.3,11.18,Baik (>75%),7.6,2.6,0.32
STD-0759,Graduate,0,6.2,Rendah,Tourism,1st phase - general,Reguler (Siang),Laki-laki,<=20,20,Single,Tidak,Lunas,Tidak,Ya,Tidak,Domestik,112.4,111.0,6,6,12.333333333333334,6,4,13.0,83.3,12.67,Baik (>75%),12.4,0.5,1.79
STD-0760,Graduate,0,17.5,Rendah,Management,Change of course,Reguler (Siang),Perempuan,>35,46,Married,Tidak,Lunas,Tidak,Ya,Tidak,Domestik,109.0,133.1,9,8,11.375,5,5,11.8,92.9,11.59,Baik (>75%),9.4,-0.8,-3.12
STD-0761,Graduate,0,7.9,Rendah,Agronomy,2nd phase - general,Reguler (Siang),Laki-laki,24-27,27,Single,Tidak,Lunas,Tidak,Tidak,Tidak,Domestik,100.0,125.0,18,18,12.22222222222222,12,12,12.384615384615383,100.0,12.3,Baik (>75%),15.5,2.8,-4.06
STD-0762,Enrolled,0,30.0,Rendah,Animation & Multimedia,1st phase - Azores,Reguler (Siang),Laki-laki,<=20,20,Single,Tidak,Lunas,Tidak,Ya,Tidak,Domestik,144.7,137.0,0,0,0.0,0,0,0.0,0.0,0.0,Kritis (<25%),16.2,0.3,-0.92
STD-0763,Graduate,0,7.3,Rendah,Social Service (eve),Change of course,Kelas Malam,Laki-laki,>35,41,Married,Tidak,Lunas,Tidak,Ya,Tidak,Domestik,120.0,100.0,9,9,12.0,7,6,12.0,93.8,12.0,Baik (>75%),9.4,-0.8,-3.12
STD-0764,Enrolled,0,92.5,Tinggi,Management,International student,Reguler (Siang),Laki-laki,>35,40,Single,Ya,Lunas,Tidak,Tidak,Tidak,Internasional,100.0,133.1,5,1,11.0,5,1,10.0,20.0,10.5,Kritis (<25%),11.1,0.6,2.02
STD-0765,Graduate,0,4.0,Rendah,Social Service (eve),Tech. specialization holder,Kelas Malam,Laki-laki,>35,37,Married,Tidak,Lunas,Tidak,Tidak,Tidak,Domestik,154.0,150.0,16,16,14.125,11,10,13.0,96.3,13.56,Baik (>75%),12.4,0.5,1.79
STD-0766,Enrolled,0,6.5,Rendah,Management,1st phase - general,Reguler (Siang),Laki-laki,<=20,20,Single,Tidak,Lunas,Tidak,Tidak,Tidak,Domestik,111.3,120.0,5,5,10.2,5,5,11.2,100.0,10.7,Baik (>75%),12.4,0.5,1.79
STD-0767,Enrolled,0,8.5,Rendah,Equinculture,Tech. specialization holder,Reguler (Siang),Perempuan,<=20,20,Single,Tidak,Lunas,Tidak,Ya,Tidak,Domestik,150.0,150.0,5,4,12.0,5,4,12.4,80.0,12.2,Baik (>75%),10.8,1.4,1.74
STD-0768,Graduate,0,3.3,Rendah,Management (evening),Holder of other higher course,Kelas Malam,Perempuan,24-27,26,Single,Tidak,Lunas,Tidak,Tidak,Tidak,Domestik,100.0,133.1,9,9,12.333333333333334,7,7,12.571428571428571,100.0,12.45,Baik (>75%),12.4,0.5,1.79
STD-0769,Graduate,0,4.8,Rendah,Social Service (eve),Over 23 years old,Kelas Malam,Laki-laki,>35,54,Married,Tidak,Lunas,Tidak,Tidak,Tidak,Domestik,162.5,133.1,9,9,14.333333333333334,7,7,13.857142857142858,100.0,14.1,Baik (>75%),8.9,1.4,3.51
STD-0770,Graduate,0,4.1,Rendah,Advertising & Marketing,2nd phase - general,Reguler (Siang),Laki-laki,21-23,21,Single,Tidak,Lunas,Tidak,Ya,Tidak,Domestik,134.1,132.0,6,6,15.166666666666666,6,6,14.0,100.0,14.58,Baik (>75%),10.8,1.4,1.74
STD-0771,Graduate,0,4.4,Rendah,Veterinary Nursing,1st phase - general,Reguler (Siang),Perempuan,<=20,20,Single,Tidak,Lunas,Ya,Ya,Tidak,Domestik,133.0,134.0,6,6,15.142857142857142,6,6,15.142857142857142,100.0,15.14,Baik (>75%),11.1,0.6,2.02
STD-0772,Dropout,1,95.3,Tinggi,Journalism & Comm,2nd phase - general,Reguler (Siang),Perempuan,<=20,18,Single,Tidak,Lunas,Tidak,Ya,Tidak,Domestik,119.0,126.0,6,0,0.0,6,0,0.0,0.0,0.0,Kritis (<25%),12.4,0.5,1.79
STD-0773,Enrolled,0,4.8,Rendah,Nursing,1st phase - general,Reguler (Siang),Perempuan,<=20,19,Single,Tidak,Lunas,Tidak,Ya,Tidak,Domestik,131.1,136.0,7,6,13.411428571428573,8,7,13.294444444444444,86.7,13.35,Baik (>75%),15.5,2.8,-4.06
STD-0774,Graduate,0,5.3,Rendah,Social Service,1st phase - general,Reguler (Siang),Perempuan,<=20,18,Single,Tidak,Lunas,Tidak,Ya,Tidak,Domestik,129.4,129.0,6,6,12.333333333333334,6,6,12.166666666666666,100.0,12.25,Baik (>75%),9.4,-0.8,-3.12
STD-0775,Enrolled,0,10.8,Rendah,Veterinary Nursing,1st phase - general,Reguler (Siang),Perempuan,<=20,19,Single,Tidak,Lunas,Tidak,Ya,Tidak,Domestik,123.9,126.0,6,4,11.8,6,4,12.2,66.7,12.0,Sedang (50-75%),12.4,0.5,1.79
STD-0776,Dropout,1,22.5,Rendah,Veterinary Nursing,Tech. specialization holder,Reguler (Siang),Perempuan,21-23,22,Single,Ya,Lunas,Tidak,Ya,Tidak,Domestik,140.0,140.0,6,6,12.0,6,3,12.0,75.0,12.0,Sedang (50-75%),13.9,-0.3,0.79
STD-0777,Graduate,0,2.0,Rendah,Veterinary Nursing,Change of course,Reguler (Siang),Perempuan,<=20,19,Single,Tidak,Lunas,Tidak,Tidak,Tidak,Domestik,162.0,162.0,6,6,15.0,6,6,15.625,100.0,15.31,Baik (>75%),12.4,0.5,1.79
STD-0778,Dropout,1,6.8,Rendah,Animation & Multimedia,1st phase - general,Reguler (Siang),Perempuan,21-23,21,Single,Tidak,Lunas,Tidak,Ya,Tidak,Domestik,131.6,148.0,12,8,13.875,11,9,12.7,73.9,13.29,Sedang (50-75%),8.9,1.4,3.51
STD-0779,Enrolled,0,4.7,Rendah,Basic Education,2nd phase - general,Reguler (Siang),Perempuan,<=20,20,Single,Tidak,Lunas,Tidak,Tidak,Tidak,Domestik,110.6,119.0,7,6,11.833333333333334,7,6,14.333333333333334,85.7,13.08,Baik (>75%),11.1,0.6,2.02
STD-0780,Graduate,0,3.8,Rendah,Journalism & Comm,2nd phase - general,Reguler (Siang),Perempuan,<=20,18,Single,Tidak,Lunas,Ya,Ya,Tidak,Domestik,117.4,123.0,6,6,12.5,6,6,13.833333333333334,100.0,13.17,Baik (>75%),16.2,0.3,-0.92
STD-0781,Graduate,0,9.2,Rendah,Journalism & Comm,2nd phase - general,Reguler (Siang),Perempuan,<=20,18,Single,Tidak,Lunas,Ya,Ya,Tidak,Domestik,137.8,150.0,6,6,15.0,6,6,15.5,100.0,15.25,Baik (>75%),8.9,1.4,3.51
STD-0782,Dropout,1,77.3,Tinggi,Advertising & Marketing,2nd phase - general,Reguler (Siang),Perempuan,<=20,20,Single,Ya,Lunas,Tidak,Ya,Tidak,Domestik,106.7,113.0,6,2,11.666666666666666,6,4,10.5,50.0,11.08,Rendah (25-50%),15.5,2.8,-4.06
STD-0783,Graduate,0,1.2,Rendah,Nursing,1st phase - general,Reguler (Siang),Perempuan,<=20,18,Single,Tidak,Lunas,Ya,Tidak,Tidak,Domestik,156.9,152.0,7,7,14.668,8,8,14.63375,100.0,14.65,Baik (>75%),15.5,2.8,-4.06
STD-0784,Enrolled,0,9.0,Rendah,Nursing,1st phase - general,Reguler (Siang),Perempuan,<=20,18,Single,Tidak,Lunas,Tidak,Ya,Tidak,Domestik,129.0,154.0,8,6,13.345,8,6,13.345,75.0,13.34,Sedang (50-75%),9.4,-0.8,-3.12
STD-0785,Graduate,0,5.3,Rendah,Journalism & Comm,1st phase - general,Reguler (Siang),Perempuan,<=20,20,Single,Tidak,Lunas,Ya,Ya,Tidak,Domestik,124.8,130.0,6,5,12.8,6,6,12.333333333333334,91.7,12.57,Baik (>75%),12.4,0.5,1.79
STD-0786,Graduate,0,3.2,Rendah,Social Service,1st phase - general,Reguler (Siang),Perempuan,<=20,19,Single,Tidak,Lunas,Tidak,Ya,Tidak,Domestik,115.1,121.0,6,6,10.833333333333334,6,6,12.142857142857142,100.0,11.49,Baik (>75%),11.1,0.6,2.02
STD-0787,Graduate,0,3.2,Rendah,Communication Design,1st phase - general,Reguler (Siang),Perempuan,<=20,18,Single,Tidak,Lunas,Tidak,Ya,Tidak,Domestik,146.7,153.0,6,6,13.666666666666666,6,5,14.0,91.7,13.83,Baik (>75%),12.7,3.7,-1.7
STD-0788,Graduate,0,1.7,Rendah,Nursing,1st phase - general,Reguler (Siang),Perempuan,<=20,18,Single,Tidak,Lunas,Tidak,Tidak,Tidak,Domestik,132.8,148.0,8,7,14.537142857142856,8,7,14.537142857142856,87.5,14.54,Baik (>75%),10.8,1.4,1.74
STD-0789,Dropout,1,27.9,Rendah,Veterinary Nursing,1st phase - Azores,Reguler (Siang),Perempuan,<=20,18,Single,Ya,Lunas,Ya,Tidak,Tidak,Domestik,159.1,143.0,5,5,14.4,5,5,14.0,100.0,14.2,Baik (>75%),7.6,2.6,0.32
STD-0790,Graduate,0,31.7,Sedang,Animation & Multimedia,2nd phase - general,Reguler (Siang),Perempuan,<=20,20,Single,Tidak,Lunas,Ya,Ya,Tidak,Domestik,137.6,147.0,0,0,0.0,0,0,0.0,0.0,0.0,Kritis (<25%),12.7,3.7,-1.7
STD-0791,Graduate,0,3.3,Rendah,Journalism & Comm,2nd phase - general,Reguler (Siang),Perempuan,<=20,19,Single,Tidak,Lunas,Ya,Tidak,Tidak,Domestik,124.0,138.0,6,6,13.166666666666666,6,6,13.833333333333334,100.0,13.5,Baik (>75%),11.1,0.6,2.02
STD-0792,Dropout,1,98.1,Tinggi,Nursing,Over 23 years old,Reguler (Siang),Laki-laki,>35,36,Single,Tidak,Menunggak,Tidak,Tidak,Tidak,Domestik,149.0,120.0,6,2,11.5,7,0,0.0,15.4,5.75,Kritis (<25%),15.5,2.8,-4.06
STD-0793,Graduate,0,4.0,Rendah,Social Service,2nd phase - general,Reguler (Siang),Perempuan,<=20,19,Single,Tidak,Lunas,Ya,Tidak,Tidak,Domestik,129.6,145.0,6,6,11.333333333333334,6,6,12.428571428571429,100.0,11.88,Baik (>75%),11.1,0.6,2.02
STD-0794,Graduate,0,3.2,Rendah,Social Service,2nd phase - general,Reguler (Siang),Perempuan,<=20,18,Single,Tidak,Lunas,Tidak,Ya,Tidak,Domestik,110.0,118.0,6,6,12.0,6,5,13.6,91.7,12.8,Baik (>75%),8.9,1.4,3.51
STD-0795,Graduate,0,3.2,Rendah,Journalism & Comm,1st phase - general,Reguler (Siang),Perempuan,<=20,18,Single,Tidak,Lunas,Ya,Tidak,Tidak,Domestik,116.1,121.0,6,6,13.166666666666666,6,6,12.166666666666666,100.0,12.67,Baik (>75%),12.4,0.5,1.79
STD-0796,Graduate,0,2.3,Rendah,Journalism & Comm,1st phase - general,Reguler (Siang),Perempuan,<=20,18,Single,Tidak,Lunas,Ya,Ya,Tidak,Domestik,133.3,135.0,6,6,14.833333333333334,6,6,14.166666666666666,100.0,14.5,Baik (>75%),8.9,1.4,3.51
STD-0797,Graduate,0,3.3,Rendah,Communication Design,Tech. specialization holder,Reguler (Siang),Perempuan,<=20,19,Single,Tidak,Lunas,Tidak,Ya,Tidak,Domestik,144.3,140.0,7,7,13.0,9,9,13.22222222222222,100.0,13.11,Baik (>75%),12.4,0.5,1.79
STD-0798,Graduate,0,9.7,Rendah,Nursing,3rd phase - general,Reguler (Siang),Perempuan,<=20,18,Single,Tidak,Lunas,Tidak,Ya,Tidak,Domestik,133.6,145.0,7,7,13.087142857142856,8,8,12.95,100.0,13.02,Baik (>75%),11.1,0.6,2.02
STD-0799,Graduate,0,2.9,Rendah,Equinculture,1st phase - general,Reguler (Siang),Perempuan,<=20,19,Single,Tidak,Lunas,Ya,Ya,Tidak,Domestik,123.2,133.0,6,6,13.333333333333334,6,6,13.666666666666666,100.0,13.5,Baik (>75%),8.9,1.4,3.51
STD-0800,Enrolled,0,27.6,Rendah,Basic Education,1st phase - general,Reguler (Siang),Perempuan,<=20,18,Single,Tidak,Lunas,Tidak,Ya,Tidak,Domestik,137.2,127.0,6,6,12.166666666666666,6,4,12.75,83.3,12.46,Baik (>75%),10.8,1.4,1.74
STD-0801,Enrolled,0,26.8,Rendah,Communication Design,Short cycle holder,Reguler (Siang),Perempuan,21-23,22,Single,Tidak,Menunggak,Ya,Ya,Tidak,Domestik,130.0,130.0,6,6,11.0,6,4,12.0,83.3,11.5,Baik (>75%),8.9,1.4,3.51
STD-0802,Dropout,1,96.4,Tinggi,Social Service,1st phase - general,Reguler (Siang),Perempuan,<=20,18,Single,Ya,Menunggak,Tidak,Ya,Tidak,Domestik,110.0,117.0,6,0,0.0,6,0,0.0,0.0,0.0,Kritis (<25%),11.1,0.6,2.02
STD-0803,Graduate,0,2.5,Rendah,Management,2nd phase - general,Reguler (Siang),Perempuan,<=20,19,Single,Tidak,Lunas,Tidak,Ya,Tidak,Domestik,118.0,125.0,5,5,13.6,5,5,12.2,100.0,12.9,Baik (>75%),8.9,1.4,3.51
STD-0804,Graduate,0,3.4,Rendah,Journalism & Comm,1st phase - general,Reguler (Siang),Perempuan,<=20,18,Single,Tidak,Lunas,Tidak,Ya,Tidak,Domestik,128.4,141.0,6,6,15.5,6,6,14.0,100.0,14.75,Baik (>75%),11.1,0.6,2.02
STD-0805,Graduate,0,3.3,Rendah,Basic Education,1st phase - general,Reguler (Siang),Perempuan,<=20,19,Single,Tidak,Lunas,Tidak,Tidak,Tidak,Domestik,113.6,122.0,7,7,13.857142857142858,7,7,14.285714285714286,100.0,14.07,Baik (>75%),11.1,0.6,2.02
STD-0806,Enrolled,0,28.0,Rendah,Management,2nd phase - general,Reguler (Siang),Perempuan,<=20,20,Single,Ya,Lunas,Tidak,Ya,Tidak,Domestik,113.5,118.0,5,2,11.5,5,3,10.0,50.0,10.75,Rendah (25-50%),11.1,0.6,2.02
STD-0807,Graduate,0,2.5,Rendah,Communication Design,2nd phase - general,Reguler (Siang),Perempuan,<=20,18,Single,Tidak,Lunas,Ya,Ya,Tidak,Domestik,146.9,142.0,6,6,13.0,6,6,12.166666666666666,100.0,12.58,Baik (>75%),16.2,0.3,-0.92
STD-0808,Enrolled,0,62.6,Tinggi,Equinculture,1st phase - general,Reguler (Siang),Perempuan,21-23,23,Single,Ya,Menunggak,Tidak,Tidak,Tidak,Domestik,141.3,143.0,6,6,14.0,6,4,13.0,83.3,13.5,Baik (>75%),11.1,0.6,2.02
STD-0809,Dropout,1,96.1,Tinggi,Journalism & Comm,1st phase - general,Reguler (Siang),Perempuan,<=20,20,Single,Tidak,Lunas,Tidak,Ya,Tidak,Domestik,129.7,143.0,4,0,0.0,6,0,0.0,0.0,0.0,Kritis (<25%),8.9,1.4,3.51
STD-0810,Enrolled,0,4.9,Rendah,Communication Design,1st phase - general,Reguler (Siang),Perempuan,<=20,20,Single,Tidak,Lunas,Tidak,Ya,Tidak,Domestik,121.3,123.0,6,6,11.166666666666666,6,6,11.5,100.0,11.33,Baik (>75%),12.4,0.5,1.79
STD-0811,Dropout,1,96.1,Tinggi,Social Service,1st phase - general,Reguler (Siang),Perempuan,21-23,22,Single,Ya,Menunggak,Ya,Ya,Tidak,Domestik,109.1,115.0,6,0,0.0,6,0,0.0,0.0,0.0,Kritis (<25%),12.4,0.5,1.79
STD-0812,Graduate,0,7.5,Rendah,Basic Education,2nd phase - general,Reguler (Siang),Perempuan,<=20,18,Single,Tidak,Lunas,Ya,Ya,Tidak,Domestik,107.1,112.0,7,7,12.142857142857142,7,6,13.666666666666666,92.9,12.9,Baik (>75%),11.1,0.6,2.02
STD-0813,Graduate,0,1.9,Rendah,Nursing,2nd phase - general,Reguler (Siang),Perempuan,<=20,18,Single,Tidak,Lunas,Ya,Tidak,Tidak,Domestik,129.2,135.0,7,7,14.145714285714286,8,8,13.627777777777778,100.0,13.89,Baik (>75%),11.1,0.6,2.02
STD-0814,Graduate,0,2.7,Rendah,Nursing,1st phase - general,Reguler (Siang),Perempuan,<=20,18,Single,Tidak,Lunas,Tidak,Tidak,Tidak,Domestik,154.1,162.0,7,7,14.45,8,8,14.144444444444444,100.0,14.3,Baik (>75%),11.1,0.6,2.02
STD-0815,Graduate,0,3.1,Rendah,Basic Education,1st phase - general,Reguler (Siang),Perempuan,<=20,18,Single,Tidak,Lunas,Tidak,Tidak,Tidak,Domestik,147.2,143.0,7,7,15.714285714285714,7,7,15.0,100.0,15.36,Baik (>75%),11.1,0.6,2.02
STD-0816,Enrolled,0,13.3,Rendah,Management,Change of institution/course,Reguler (Siang),Perempuan,21-23,21,Single,Tidak,Lunas,Tidak,Tidak,Tidak,Domestik,120.0,130.0,5,5,12.8,5,3,12.666666666666666,80.0,12.73,Baik (>75%),11.1,0.6,2.02
STD-0817,Enrolled,0,1.2,Rendah,Communication Design,2nd phase - general,Reguler (Siang),Perempuan,<=20,20,Single,Tidak,Lunas,Tidak,Tidak,Tidak,Domestik,130.8,136.0,6,6,12.5,6,6,11.5,100.0,12.0,Baik (>75%),10.8,1.4,1.74
STD-0818,Graduate,0,4.9,Rendah,Communication Design,1st phase - Madeira,Reguler (Siang),Perempuan,<=20,18,Single,Tidak,Lunas,Tidak,Ya,Tidak,Domestik,120.8,125.0,6,6,14.5,6,6,12.833333333333334,100.0,13.67,Baik (>75%),12.4,0.5,1.79
STD-0819,Enrolled,0,17.8,Rendah,Nursing,2nd phase - general,Reguler (Siang),Perempuan,<=20,20,Single,Tidak,Menunggak,Ya,Ya,Tidak,Domestik,125.4,132.0,7,7,13.462857142857144,8,7,13.164285714285716,93.3,13.31,Baik (>75%),11.1,0.6,2.02
STD-0820,Graduate,0,3.1,Rendah,Social Service (eve),1st phase - general,Kelas Malam,Perempuan,24-27,25,Single,Tidak,Lunas,Tidak,Ya,Tidak,Domestik,121.3,123.0,6,6,12.833333333333334,6,6,12.833333333333334,100.0,12.83,Baik (>75%),7.6,2.6,0.32
STD-0821,Graduate,0,4.1,Rendah,Management,1st phase - general,Reguler (Siang),Perempuan,<=20,18,Single,Tidak,Lunas,Ya,Ya,Tidak,Domestik,127.0,142.0,5,5,12.0,5,4,11.6,90.0,11.8,Baik (>75%),13.9,-0.3,0.79
STD-0822,Graduate,0,29.5,Rendah,Animation & Multimedia,1st phase - general,Reguler (Siang),Perempuan,<=20,19,Single,Tidak,Lunas,Tidak,Ya,Tidak,Domestik,151.6,147.0,0,0,0.0,0,0,0.0,0.0,0.0,Kritis (<25%),13.9,-0.3,0.79
STD-0823,Enrolled,0,3.1,Rendah,Veterinary Nursing,1st phase - general,Reguler (Siang),Perempuan,<=20,20,Single,Tidak,Lunas,Tidak,Ya,Tidak,Internasional,131.6,140.0,7,6,14.714285714285714,7,6,13.2,85.7,13.96,Baik (>75%),12.4,0.5,1.79
STD-0824,Graduate,0,1.4,Rendah,Social Service,1st phase - general,Reguler (Siang),Perempuan,<=20,20,Single,Tidak,Lunas,Ya,Ya,Tidak,Domestik,106.0,133.1,6,6,12.571428571428571,6,6,13.285714285714286,100.0,12.93,Baik (>75%),12.4,0.5,1.79
STD-0825,Graduate,0,5.0,Rendah,Journalism & Comm,3rd phase - general,Reguler (Siang),Perempuan,21-23,21,Single,Tidak,Lunas,Ya,Ya,Tidak,Domestik,111.6,114.0,6,6,12.5,6,6,11.5,100.0,12.0,Baik (>75%),11.1,0.6,2.02
STD-0826,Graduate,0,4.7,Rendah,Advertising & Marketing,2nd phase - general,Reguler (Siang),Perempuan,<=20,18,Single,Tidak,Lunas,Tidak,Ya,Tidak,Domestik,117.3,125.0,6,6,14.0,6,5,14.0,91.7,14.0,Baik (>75%),8.9,1.4,3.51
STD-0827,Dropout,1,4.8,Rendah,Basic Education,2nd phase - general,Reguler (Siang),Perempuan,<=20,18,Single,Tidak,Lunas,Tidak,Ya,Tidak,Domestik,121.4,127.0,7,7,11.571428571428571,7,6,13.166666666666666,92.9,12.37,Baik (>75%),11.1,0.6,2.02
STD-0828,Graduate,0,12.1,Rendah,Communication Design,1st phase - general,Reguler (Siang),Perempuan,<=20,18,Single,Tidak,Lunas,Ya,Ya,Tidak,Domestik,126.1,132.0,6,6,15.833333333333334,6,6,15.333333333333334,100.0,15.58,Baik (>75%),11.1,0.6,2.02
STD-0829,Graduate,0,2.9,Rendah,Nursing,1st phase - general,Reguler (Siang),Perempuan,<=20,18,Single,Tidak,Lunas,Tidak,Ya,Tidak,Domestik,137.0,148.0,8,8,14.25,8,8,14.25,100.0,14.25,Baik (>75%),9.4,-0.8,-3.12
STD-0830,Dropout,1,88.5,Tinggi,Advertising & Marketing,Change of course,Reguler (Siang),Perempuan,<=20,19,Single,Tidak,Lunas,Tidak,Tidak,Tidak,Domestik,120.8,139.0,6,0,0.0,6,0,0.0,0.0,0.0,Kritis (<25%),15.5,2.8,-4.06
STD-0831,Dropout,1,8.5,Rendah,Tourism,2nd phase - general,Reguler (Siang),Perempuan,<=20,20,Single,Tidak,Lunas,Tidak,Ya,Tidak,Domestik,128.7,136.0,6,6,11.666666666666666,6,6,11.0,100.0,11.33,Baik (>75%),13.9,-0.3,0.79
STD-0832,Dropout,1,94.6,Tinggi,Social Service,Over 23 years old,Reguler (Siang),Perempuan,>35,47,Single,Tidak,Lunas,Tidak,Tidak,Tidak,Domestik,118.0,133.1,6,0,0.0,5,0,0.0,0.0,0.0,Kritis (<25%),7.6,2.6,0.32
STD-0833,Enrolled,0,37.8,Sedang,Equinculture,Change of course,Reguler (Siang),Perempuan,21-23,21,Single,Ya,Lunas,Tidak,Tidak,Tidak,Internasional,120.0,120.0,5,5,13.2,5,2,12.5,70.0,12.85,Sedang (50-75%),10.8,1.4,1.74
STD-0834,Dropout,1,90.8,Tinggi,Equinculture,Over 23 years old,Reguler (Siang),Laki-laki,28-35,31,Married,Tidak,Lunas,Tidak,Tidak,Tidak,Domestik,160.0,130.0,6,2,12.0,6,1,10.0,25.0,11.0,Kritis (<25%),16.2,0.3,-0.92
STD-0835,Dropout,1,93.6,Tinggi,Informatics Engineering,Over 23 years old,Reguler (Siang),Laki-laki,>35,46,Married,Tidak,Lunas,Tidak,Ya,Tidak,Domestik,150.0,110.0,5,0,0.0,5,0,0.0,0.0,0.0,Kritis (<25%),7.6,2.6,0.32
STD-0836,Enrolled,0,32.5,Sedang,Informatics Engineering,1st phase - general,Reguler (Siang),Laki-laki,<=20,18,Single,Tidak,Lunas,Tidak,Ya,Tidak,Domestik,121.8,133.0,5,4,12.0,5,2,11.0,60.0,11.5,Sedang (50-75%),8.9,1.4,3.51
STD-0837,Dropout,1,23.0,Rendah,Informatics Engineering,2nd phase - general,Reguler (Siang),Laki-laki,<=20,19,Single,Tidak,Lunas,Tidak,Ya,Ya,Domestik,125.4,138.0,5,3,13.333333333333334,5,4,10.75,70.0,12.04,Sedang (50-75%),8.9,1.4,3.51
STD-0838,Enrolled,0,59.6,Sedang,Oral Hygiene,Change of institution/course,Reguler (Siang),Laki-laki,21-23,23,Single,Tidak,Lunas,Tidak,Ya,Tidak,Domestik,126.6,131.0,7,5,12.414285714285713,7,2,13.5,50.0,12.96,Rendah (25-50%),8.9,1.4,3.51
STD-0839,Dropout,1,96.6,Tinggi,Equinculture,Tech. specialization holder,Reguler (Siang),Laki-laki,21-23,22,Single,Tidak,Menunggak,Tidak,Tidak,Tidak,Domestik,150.0,150.0,5,0,0.0,5,0,0.0,0.0,0.0,Kritis (<25%),12.7,3.7,-1.7
STD-0840,Graduate,0,5.3,Rendah,Management,1st phase - general,Reguler (Siang),Laki-laki,<=20,19,Single,Tidak,Lunas,Tidak,Ya,Tidak,Domestik,114.5,125.0,5,5,13.8,5,5,12.4,100.0,13.1,Baik (>75%),9.4,-0.8,-3.12
STD-0841,Dropout,1,89.7,Tinggi,Management,1st phase - general,Reguler (Siang),Perempuan,<=20,19,Single,Ya,Menunggak,Tidak,Tidak,Tidak,Internasional,107.0,108.0,5,0,0.0,5,0,0.0,0.0,0.0,Kritis (<25%),8.9,1.4,3.51
STD-0842,Enrolled,0,67.9,Tinggi,Management,2nd phase - general,Reguler (Siang),Laki-laki,21-23,22,Single,Tidak,Menunggak,Tidak,Tidak,Tidak,Domestik,115.7,116.0,5,4,11.5,5,4,14.0,80.0,12.75,Baik (>75%),8.9,1.4,3.51
STD-0843,Dropout,1,95.9,Tinggi,Equinculture,Over 23 years old,Reguler (Siang),Laki-laki,28-35,29,Single,Ya,Menunggak,Tidak,Tidak,Tidak,Domestik,120.0,133.1,5,0,0.0,5,0,0.0,0.0,0.0,Kritis (<25%),9.4,-0.8,-3.12
STD-0844,Graduate,0,1.6,Rendah,Nursing,1st phase - general,Reguler (Siang),Perempuan,<=20,18,Single,Tidak,Lunas,Tidak,Ya,Tidak,Domestik,134.8,147.0,7,6,14.016666666666666,7,6,14.016666666666666,85.7,14.02,Baik (>75%),7.6,2.6,0.32
STD-0845,Graduate,0,3.8,Rendah,Social Service,1st phase - general,Reguler (Siang),Perempuan,<=20,18,Single,Tidak,Lunas,Tidak,Ya,Tidak,Domestik,133.6,143.0,6,5,11.4,6,5,10.8,83.3,11.1,Baik (>75%),9.4,-0.8,-3.12
STD-0846,Dropout,1,95.6,Tinggi,Animation & Multimedia,1st phase - general,Reguler (Siang),Perempuan,21-23,23,Single,Ya,Menunggak,Ya,Ya,Tidak,Domestik,129.0,115.0,0,0,0.0,0,0,0.0,0.0,0.0,Kritis (<25%),9.4,-0.8,-3.12
STD-0847,Graduate,0,8.0,Rendah,Management (evening),Over 23 years old,Kelas Malam,Perempuan,28-35,34,Married,Tidak,Lunas,Tidak,Tidak,Tidak,Domestik,128.4,160.0,5,5,10.4,5,5,12.0,100.0,11.2,Baik (>75%),12.4,0.5,1.79
STD-0848,Graduate,0,10.8,Rendah,Management,2nd phase - general,Reguler (Siang),Perempuan,<=20,19,Single,Tidak,Lunas,Tidak,Tidak,Tidak,Domestik,122.2,118.0,5,3,10.666666666666666,5,4,10.25,70.0,10.46,Sedang (50-75%),11.1,0.6,2.02
STD-0849,Enrolled,0,2.9,Rendah,Veterinary Nursing,1st phase - general,Reguler (Siang),Perempuan,<=20,18,Single,Tidak,Lunas,Tidak,Ya,Tidak,Domestik,113.3,122.0,5,4,14.25,5,5,12.714285714285714,90.0,13.48,Baik (>75%),10.8,1.4,1.74
STD-0850,Graduate,0,6.0,Rendah,Nursing,2nd phase - general,Reguler (Siang),Perempuan,<=20,20,Single,Tidak,Lunas,Ya,Tidak,Tidak,Domestik,129.9,143.0,7,7,13.914285714285713,8,8,14.10625,100.0,14.01,Baik (>75%),11.1,0.6,2.02
STD-0851,Graduate,0,8.0,Rendah,Nursing,1st phase - general,Reguler (Siang),Perempuan,<=20,19,Single,Tidak,Lunas,Tidak,Ya,Tidak,Domestik,126.2,133.0,7,7,13.761111111111113,8,7,12.82375,93.3,13.29,Baik (>75%),15.5,2.8,-4.06
STD-0852,Enrolled,0,35.2,Sedang,Basic Education,1st phase - Azores,Reguler (Siang),Perempuan,21-23,22,Single,Tidak,Lunas,Tidak,Ya,Tidak,Domestik,112.6,122.0,6,5,12.6,6,4,11.25,75.0,11.92,Sedang (50-75%),12.7,3.7,-1.7
STD-0853,Graduate,0,1.7,Rendah,Social Service,1st phase - general,Reguler (Siang),Perempuan,21-23,23,Single,Tidak,Lunas,Ya,Ya,Tidak,Domestik,149.0,164.0,6,6,13.857142857142858,6,6,14.166666666666666,100.0,14.01,Baik (>75%),10.8,1.4,1.74
STD-0854,Graduate,0,1.3,Rendah,Nursing,Over 23 years old,Reguler (Siang),Laki-laki,28-35,34,Married,Tidak,Lunas,Ya,Tidak,Tidak,Domestik,120.0,133.1,8,7,13.842857142857143,8,7,13.842857142857143,87.5,13.84,Baik (>75%),12.7,3.7,-1.7
STD-0855,Enrolled,0,97.3,Tinggi,Informatics Engineering,2nd phase - general,Reguler (Siang),Laki-laki,<=20,18,Single,Ya,Menunggak,Tidak,Ya,Tidak,Domestik,120.4,127.0,5,0,0.0,5,0,0.0,0.0,0.0,Kritis (<25%),9.4,-0.8,-3.12
STD-0856,Dropout,1,89.1,Tinggi,Journalism & Comm,1st phase - general,Reguler (Siang),Laki-laki,21-23,21,Single,Tidak,Lunas,Tidak,Ya,Ya,Domestik,128.1,140.0,6,5,11.8,6,0,0.0,41.7,5.9,Rendah (25-50%),16.2,0.3,-0.92
STD-0857,Dropout,1,2.0,Rendah,Social Service,1st phase - general,Reguler (Siang),Laki-laki,21-23,22,Single,Tidak,Lunas,Tidak,Ya,Tidak,Domestik,141.7,127.0,6,6,12.666666666666666,6,6,13.833333333333334,100.0,13.25,Baik (>75%),10.8,1.4,1.74
STD-0858,Dropout,1,94.0,Tinggi,Agronomy,Over 23 years old,Reguler (Siang),Laki-laki,28-35,28,Single,Tidak,Lunas,Tidak,Tidak,Tidak,Domestik,130.0,133.1,6,0,0.0,6,0,0.0,0.0,0.0,Kritis (<25%),11.1,0.6,2.02
STD-0859,Dropout,1,91.5,Tinggi,Informatics Engineering,1st phase - Azores,Reguler (Siang),Laki-laki,21-23,23,Single,Tidak,Lunas,Tidak,Ya,Tidak,Domestik,113.3,115.0,5,0,0.0,5,0,0.0,0.0,0.0,Kritis (<25%),7.6,2.6,0.32
STD-0860,Dropout,1,45.9,Sedang,Journalism & Comm,1st phase - general,Reguler (Siang),Laki-laki,<=20,20,Single,Tidak,Lunas,Tidak,Tidak,Tidak,Domestik,105.9,108.0,6,4,10.75,6,2,10.0,50.0,10.38,Rendah (25-50%),7.6,2.6,0.32
STD-0861,Dropout,1,22.2,Rendah,Informatics Engineering,3rd phase - general,Reguler (Siang),Laki-laki,<=20,18,Single,Tidak,Lunas,Tidak,Ya,Tidak,Domestik,122.7,136.0,5,5,12.6,5,3,13.25,80.0,12.92,Baik (>75%),13.9,-0.3,0.79
STD-0862,Dropout,1,98.7,Tinggi,Management,Over 23 years old,Reguler (Siang),Laki-laki,28-35,28,Single,Ya,Menunggak,Tidak,Ya,Tidak,Domestik,120.0,133.1,5,0,0.0,5,0,0.0,0.0,0.0,Kritis (<25%),9.4,-0.8,-3.12
STD-0863,Dropout,1,35.7,Sedang,Communication Design,Tech. specialization holder,Reguler (Siang),Laki-laki,21-23,21,Single,Tidak,Lunas,Tidak,Tidak,Tidak,Domestik,119.8,120.0,7,2,12.0,9,7,12.142857142857142,56.2,12.07,Sedang (50-75%),12.4,0.5,1.79
STD-0864,Dropout,1,96.0,Tinggi,Advertising & Marketing,Over 23 years old,Reguler (Siang),Laki-laki,24-27,25,Single,Ya,Menunggak,Tidak,Tidak,Tidak,Domestik,122.9,133.1,6,3,14.0,6,2,14.5,41.7,14.25,Rendah (25-50%),13.9,-0.3,0.79
STD-0865,Dropout,1,39.7,Sedang,Veterinary Nursing,Tech. specialization holder,Reguler (Siang),Laki-laki,<=20,19,Single,Tidak,Menunggak,Tidak,Ya,Ya,Domestik,160.0,160.0,6,6,14.0,6,6,13.5,100.0,13.75,Baik (>75%),12.4,0.5,1.79
STD-0866,Graduate,0,5.2,Rendah,Nursing,1st phase - general,Reguler (Siang),Laki-laki,<=20,18,Single,Tidak,Lunas,Ya,Ya,Tidak,Domestik,125.2,128.0,7,7,14.682857142857143,8,8,15.055555555555555,100.0,14.87,Baik (>75%),12.4,0.5,1.79
STD-0867,Dropout,1,97.6,Tinggi,Informatics Engineering,Over 23 years old,Reguler (Siang),Laki-laki,28-35,29,Single,Tidak,Lunas,Tidak,Tidak,Tidak,Domestik,143.4,130.0,3,0,0.0,5,0,0.0,0.0,0.0,Kritis (<25%),10.8,1.4,1.74
STD-0868,Dropout,1,95.0,Tinggi,Informatics Engineering,Over 23 years old,Reguler (Siang),Laki-laki,28-35,29,Single,Tidak,Lunas,Ya,Tidak,Tidak,Domestik,96.7,133.1,5,0,0.0,5,0,0.0,0.0,0.0,Kritis (<25%),12.4,0.5,1.79
STD-0869,Graduate,0,4.5,Rendah,Tourism,3rd phase - general,Reguler (Siang),Laki-laki,<=20,20,Single,Tidak,Lunas,Tidak,Tidak,Tidak,Domestik,126.9,137.0,6,6,13.857142857142858,6,5,12.8,91.7,13.33,Baik (>75%),16.2,0.3,-0.92
STD-0870,Graduate,0,15.9,Rendah,Animation & Multimedia,1st phase - general,Reguler (Siang),Laki-laki,<=20,18,Single,Tidak,Lunas,Tidak,Tidak,Tidak,Domestik,143.1,163.0,0,0,0.0,0,0,0.0,0.0,0.0,Kritis (<25%),9.4,-0.8,-3.12
STD-0871,Graduate,0,2.0,Rendah,Tourism,1st phase - general,Reguler (Siang),Laki-laki,<=20,20,Single,Tidak,Lunas,Tidak,Tidak,Tidak,Domestik,114.5,125.0,6,6,13.142857142857142,6,6,12.5,100.0,12.82,Baik (>75%),8.9,1.4,3.51
STD-0872,Dropout,1,88.3,Tinggi,Informatics Engineering,Over 23 years old,Reguler (Siang),Laki-laki,28-35,33,Married,Tidak,Lunas,Tidak,Ya,Tidak,Domestik,140.0,120.0,5,1,18.0,5,2,13.0,30.0,15.5,Rendah (25-50%),9.4,-0.8,-3.12
STD-0873,Graduate,0,20.4,Rendah,Management (evening),Transfer,Kelas Malam,Laki-laki,28-35,30,Single,Tidak,Lunas,Tidak,Tidak,Tidak,Domestik,113.7,150.0,15,13,11.461538461538462,11,10,11.583333333333334,88.5,11.52,Baik (>75%),16.2,0.3,-0.92
STD-0874,Enrolled,0,17.2,Rendah,Oral Hygiene,1st phase - general,Reguler (Siang),Laki-laki,21-23,21,Single,Tidak,Lunas,Ya,Tidak,Tidak,Domestik,131.5,135.0,7,5,11.2,8,6,11.583333333333334,73.3,11.39,Sedang (50-75%),16.2,0.3,-0.92
STD-0875,Graduate,0,5.6,Rendah,Agronomy,1st phase - general,Reguler (Siang),Laki-laki,<=20,18,Single,Ya,Lunas,Tidak,Tidak,Tidak,Domestik,143.5,148.0,6,5,15.0,6,4,14.5,75.0,14.75,Sedang (50-75%),8.9,1.4,3.51
STD-0876,Graduate,0,2.5,Rendah,Nursing,1st phase - general,Reguler (Siang),Laki-laki,<=20,19,Single,Tidak,Lunas,Ya,Tidak,Tidak,Domestik,126.8,138.0,7,7,14.244444444444444,8,8,12.233333333333333,100.0,13.24,Baik (>75%),15.5,2.8,-4.06
STD-0877,Dropout,1,4.4,Rendah,Communication Design,2nd phase - general,Reguler (Siang),Laki-laki,21-23,21,Single,Tidak,Lunas,Ya,Tidak,Tidak,Domestik,115.2,119.0,6,4,11.5,6,5,11.0,75.0,11.25,Sedang (50-75%),15.5,2.8,-4.06
STD-0878,Dropout,1,87.9,Tinggi,Oral Hygiene,Over 23 years old,Reguler (Siang),Laki-laki,24-27,25,Single,Tidak,Lunas,Ya,Tidak,Tidak,Domestik,100.0,130.0,7,2,10.0,7,0,0.0,14.3,5.0,Kritis (<25%),15.5,2.8,-4.06
STD-0879,Graduate,0,16.0,Rendah,Advertising & Marketing,1st phase - general,Reguler (Siang),Laki-laki,<=20,19,Single,Tidak,Lunas,Tidak,Tidak,Tidak,Domestik,121.4,135.0,5,3,12.333333333333334,5,5,11.6,80.0,11.97,Baik (>75%),9.4,-0.8,-3.12
STD-0880,Dropout,1,43.6,Sedang,Communication Design,Tech. specialization holder,Reguler (Siang),Laki-laki,21-23,23,Single,Tidak,Lunas,Tidak,Ya,Tidak,Domestik,120.0,120.0,7,5,12.2,9,7,12.142857142857142,75.0,12.17,Sedang (50-75%),16.2,0.3,-0.92
STD-0881,Graduate,0,9.0,Rendah,Communication Design,2nd phase - general,Reguler (Siang),Laki-laki,<=20,19,Single,Tidak,Lunas,Ya,Ya,Tidak,Domestik,129.9,126.0,6,6,13.666666666666666,6,5,13.2,91.7,13.43,Baik (>75%),12.4,0.5,1.79
STD-0882,Graduate,0,22.4,Rendah,Animation & Multimedia,1st phase - general,Reguler (Siang),Laki-laki,<=20,19,Single,Tidak,Lunas,Tidak,Ya,Tidak,Domestik,151.1,149.0,0,0,0.0,0,0,0.0,0.0,0.0,Kritis (<25%),9.4,-0.8,-3.12
STD-0883,Dropout,1,96.8,Tinggi,Agronomy,Over 23 years old,Reguler (Siang),Laki-laki,28-35,31,Single,Ya,Menunggak,Tidak,Tidak,Tidak,Domestik,120.0,110.0,6,1,11.0,6,0,0.0,8.3,5.5,Kritis (<25%),16.2,0.3,-0.92
STD-0884,Dropout,1,96.1,Tinggi,Agronomy,Over 23 years old,Reguler (Siang),Laki-laki,28-35,32,Single,Ya,Menunggak,Tidak,Tidak,Tidak,Domestik,130.0,133.1,6,3,13.0,10,6,11.428571428571429,56.2,12.21,Sedang (50-75%),16.2,0.3,-0.92
STD-0885,Graduate,0,2.8,Rendah,Nursing,1st phase - Madeira,Reguler (Siang),Perempuan,<=20,19,Single,Tidak,Lunas,Ya,Ya,Tidak,Domestik,119.0,127.0,8,7,12.599999999999998,8,7,12.599999999999998,87.5,12.6,Baik (>75%),10.8,1.4,1.74
STD-0886,Graduate,0,29.3,Rendah,Journalism & Comm,Transfer,Reguler (Siang),Perempuan,28-35,34,Single,Tidak,Lunas,Tidak,Ya,Tidak,Domestik,122.0,120.0,10,10,12.2,10,9,12.333333333333334,95.0,12.27,Baik (>75%),7.6,2.6,0.32
STD-0887,Graduate,0,23.3,Rendah,Journalism & Comm,1st phase - Madeira,Reguler (Siang),Perempuan,21-23,21,Single,Tidak,Lunas,Tidak,Ya,Tidak,Domestik,129.7,136.0,6,6,13.166666666666666,6,6,13.0,100.0,13.08,Baik (>75%),7.6,2.6,0.32
STD-0888,Graduate,0,4.3,Rendah,Social Service,Change of course,Reguler (Siang),Perempuan,>35,53,Single,Tidak,Lunas,Ya,Ya,Tidak,Domestik,112.5,110.0,7,6,11.0,7,7,11.0,92.9,11.0,Baik (>75%),9.4,-0.8,-3.12
STD-0889,Graduate,0,2.0,Rendah,Nursing,1st phase - general,Reguler (Siang),Perempuan,<=20,19,Single,Tidak,Lunas,Ya,Tidak,Tidak,Domestik,136.0,136.0,7,7,14.014285714285714,8,8,15.35,100.0,14.68,Baik (>75%),13.9,-0.3,0.79
STD-0890,Graduate,0,15.3,Rendah,Journalism & Comm,1st phase - general,Reguler (Siang),Perempuan,<=20,20,Single,Tidak,Lunas,Ya,Tidak,Tidak,Domestik,133.1,145.0,6,4,13.0,6,4,11.25,66.7,12.12,Sedang (50-75%),10.8,1.4,1.74
STD-0891,Graduate,0,3.0,Rendah,Journalism & Comm,1st phase - general,Reguler (Siang),Perempuan,<=20,18,Single,Tidak,Lunas,Tidak,Ya,Tidak,Domestik,151.3,159.0,6,6,14.0,6,6,14.666666666666666,100.0,14.33,Baik (>75%),10.8,1.4,1.74
STD-0892,Dropout,1,93.3,Tinggi,Animation & Multimedia,Over 23 years old,Reguler (Siang),Perempuan,28-35,32,Single,Tidak,Menunggak,Tidak,Tidak,Tidak,Domestik,133.3,147.0,0,0,0.0,0,0,0.0,0.0,0.0,Kritis (<25%),16.2,0.3,-0.92
STD-0893,Graduate,0,2.0,Rendah,Nursing,Change of course,Reguler (Siang),Perempuan,21-23,21,Single,Tidak,Lunas,Ya,Ya,Tidak,Domestik,130.8,150.0,8,7,14.428571428571429,8,7,14.428571428571429,87.5,14.43,Baik (>75%),12.7,3.7,-1.7
STD-0894,Dropout,1,94.1,Tinggi,Social Service (eve),Holder of other higher course,Kelas Malam,Perempuan,24-27,26,Single,Tidak,Menunggak,Tidak,Tidak,Tidak,Domestik,140.0,140.0,5,0,0.0,5,0,0.0,0.0,0.0,Kritis (<25%),9.4,-0.8,-3.12
STD-0895,Graduate,0,11.3,Rendah,Veterinary Nursing,Transfer,Reguler (Siang),Perempuan,24-27,26,Single,Tidak,Lunas,Tidak,Ya,Tidak,Domestik,150.0,150.0,18,18,11.833333333333334,13,13,12.461538461538462,100.0,12.15,Baik (>75%),15.5,2.8,-4.06
STD-0896,Dropout,1,95.6,Tinggi,Management (evening),Tech. specialization holder,Kelas Malam,Perempuan,21-23,21,Married,Tidak,Menunggak,Tidak,Tidak,Tidak,Domestik,130.0,130.0,5,3,11.333333333333334,5,1,13.0,40.0,12.17,Rendah (25-50%),15.5,2.8,-4.06
STD-0897,Graduate,0,7.7,Rendah,Journalism & Comm,2nd phase - general,Reguler (Siang),Perempuan,<=20,18,Single,Tidak,Lunas,Tidak,Tidak,Tidak,Domestik,125.3,120.0,6,6,12.5,6,6,13.0,100.0,12.75,Baik (>75%),7.6,2.6,0.32
STD-0898,Graduate,0,2.1,Rendah,Communication Design,Change of course,Reguler (Siang),Perempuan,21-23,21,Single,Tidak,Lunas,Ya,Ya,Tidak,Domestik,124.0,130.0,12,12,13.333333333333334,12,11,12.545454545454543,95.8,12.94,Baik (>75%),15.5,2.8,-4.06
STD-0899,Enrolled,0,19.8,Rendah,Tourism,1st phase - general,Reguler (Siang),Perempuan,21-23,21,Single,Tidak,Lunas,Tidak,Ya,Tidak,Domestik,113.8,112.0,6,6,10.833333333333334,6,4,11.0,83.3,10.92,Baik (>75%),7.6,2.6,0.32
STD-0900,Graduate,0,3.6,Rendah,Advertising & Marketing,2nd phase - general,Reguler (Siang),Perempuan,<=20,19,Single,Tidak,Lunas,Ya,Tidak,Tidak,Domestik,124.4,128.0,6,6,13.0,6,6,14.0,100.0,13.5,Baik (>75%),13.9,-0.3,0.79
STD-0901,Dropout,1,42.8,Sedang,Management,2nd phase - general,Reguler (Siang),Perempuan,<=20,19,Single,Tidak,Lunas,Tidak,Tidak,Tidak,Domestik,107.7,114.0,5,2,10.0,5,2,14.0,40.0,12.0,Rendah (25-50%),10.8,1.4,1.74
STD-0902,Graduate,0,3.2,Rendah,Social Service,Change of course,Reguler (Siang),Perempuan,<=20,19,Single,Tidak,Lunas,Ya,Tidak,Tidak,Domestik,110.0,118.0,6,6,11.428571428571429,6,5,11.2,91.7,11.31,Baik (>75%),10.8,1.4,1.74
STD-0903,Graduate,0,3.8,Rendah,Nursing,Holder of other higher course,Reguler (Siang),Perempuan,24-27,27,Single,Tidak,Lunas,Tidak,Ya,Tidak,Domestik,130.0,130.0,8,8,12.8875,8,8,12.8875,100.0,12.89,Baik (>75%),9.4,-0.8,-3.12
STD-0904,Graduate,0,2.5,Rendah,Nursing,1st phase - general,Reguler (Siang),Perempuan,<=20,18,Single,Tidak,Lunas,Ya,Ya,Tidak,Domestik,138.8,145.0,7,6,12.95,7,6,12.95,85.7,12.95,Baik (>75%),7.6,2.6,0.32
STD-0905,Dropout,1,87.7,Tinggi,Management,1st phase - general,Reguler (Siang),Perempuan,<=20,20,Single,Tidak,Lunas,Tidak,Ya,Tidak,Domestik,126.3,121.0,5,1,10.0,5,0,0.0,10.0,5.0,Kritis (<25%),12.7,3.7,-1.7
STD-0906,Graduate,0,1.9,Rendah,Nursing,1st phase - general,Reguler (Siang),Perempuan,<=20,19,Single,Tidak,Lunas,Ya,Ya,Tidak,Domestik,114.5,114.0,7,7,13.094285714285714,8,8,12.55,100.0,12.82,Baik (>75%),12.4,0.5,1.79
STD-0907,Dropout,1,94.0,Tinggi,Advertising & Marketing,1st phase - general,Reguler (Siang),Perempuan,<=20,20,Single,Tidak,Lunas,Tidak,Ya,Tidak,Domestik,116.5,127.0,6,0,0.0,6,0,0.0,0.0,0.0,Kritis (<25%),16.2,0.3,-0.92
STD-0908,Graduate,0,6.9,Rendah,Social Service,2nd phase - general,Reguler (Siang),Perempuan,<=20,19,Single,Tidak,Lunas,Ya,Ya,Tidak,Domestik,128.6,145.0,6,5,11.714285714285714,6,6,11.0,91.7,11.36,Baik (>75%),12.7,3.7,-1.7
STD-0909,Enrolled,0,29.0,Rendah,Social Service,2nd phase - general,Reguler (Siang),Perempuan,<=20,20,Single,Tidak,Lunas,Tidak,Ya,Tidak,Domestik,130.0,130.0,6,4,11.25,6,3,10.0,58.3,10.62,Sedang (50-75%),9.4,-0.8,-3.12
STD-0910,Dropout,1,48.8,Sedang,Animation & Multimedia,1st phase - general,Reguler (Siang),Perempuan,<=20,20,Single,Tidak,Lunas,Tidak,Tidak,Tidak,Domestik,134.6,150.0,0,0,0.0,0,0,0.0,0.0,0.0,Kritis (<25%),15.5,2.8,-4.06
STD-0911,Graduate,0,3.8,Rendah,Basic Education,1st phase - general,Reguler (Siang),Perempuan,<=20,18,Single,Tidak,Lunas,Tidak,Tidak,Tidak,Domestik,146.8,145.0,6,6,13.166666666666666,6,6,13.333333333333334,100.0,13.25,Baik (>75%),7.6,2.6,0.32
STD-0912,Graduate,0,4.9,Rendah,Veterinary Nursing,1st phase - general,Reguler (Siang),Perempuan,<=20,20,Single,Tidak,Lunas,Tidak,Ya,Tidak,Domestik,135.7,128.0,5,4,12.75,5,5,13.4,90.0,13.08,Baik (>75%),10.8,1.4,1.74
STD-0913,Dropout,1,97.2,Tinggi,Management (evening),Over 23 years old,Kelas Malam,Perempuan,>35,38,Married,Tidak,Menunggak,Tidak,Tidak,Tidak,Domestik,120.0,140.0,5,5,10.6,5,2,11.0,70.0,10.8,Sedang (50-75%),12.7,3.7,-1.7
STD-0914,Graduate,0,4.4,Rendah,Social Service (eve),Over 23 years old,Kelas Malam,Perempuan,>35,42,Divorced,Tidak,Lunas,Tidak,Tidak,Tidak,Domestik,138.0,130.0,6,5,11.2,6,6,12.0,91.7,11.6,Baik (>75%),8.9,1.4,3.51
STD-0915,Dropout,1,95.9,Tinggi,Nursing,Over 23 years old,Reguler (Siang),Perempuan,28-35,32,Single,Tidak,Lunas,Tidak,Tidak,Tidak,Domestik,135.5,140.0,7,0,0.0,8,0,0.0,0.0,0.0,Kritis (<25%),13.9,-0.3,0.79
STD-0916,Graduate,0,4.6,Rendah,Journalism & Comm,International student,Reguler (Siang),Perempuan,21-23,22,Single,Tidak,Lunas,Tidak,Ya,Tidak,Internasional,120.0,120.0,6,6,13.0,6,6,13.666666666666666,100.0,13.33,Baik (>75%),12.4,0.5,1.79
STD-0917,Dropout,1,96.6,Tinggi,Management (evening),Over 23 years old,Kelas Malam,Perempuan,28-35,28,Married,Tidak,Lunas,Tidak,Ya,Tidak,Domestik,111.7,147.0,5,0,0.0,5,0,0.0,0.0,0.0,Kritis (<25%),7.6,2.6,0.32
STD-0918,Dropout,1,95.7,Tinggi,Social Service (eve),Over 23 years old,Kelas Malam,Perempuan,>35,37,Married,Tidak,Lunas,Tidak,Ya,Tidak,Domestik,100.0,133.1,6,0,0.0,6,0,0.0,0.0,0.0,Kritis (<25%),9.4,-0.8,-3.12
STD-0919,Graduate,0,2.5,Rendah,Agronomy,Tech. specialization holder,Reguler (Siang),Perempuan,>35,43,Married,Tidak,Lunas,Tidak,Tidak,Tidak,Domestik,160.0,160.0,6,6,14.166666666666666,6,6,15.0,100.0,14.58,Baik (>75%),15.5,2.8,-4.06
STD-0920,Graduate,0,2.3,Rendah,Social Service (eve),Over 23 years old,Kelas Malam,Perempuan,>35,41,Legally Separated,Tidak,Lunas,Ya,Tidak,Tidak,Domestik,114.8,133.1,6,5,12.833333333333334,6,6,12.333333333333334,91.7,12.58,Baik (>75%),13.9,-0.3,0.79
STD-0921,Graduate,0,10.8,Rendah,Social Service (eve),Over 23 years old,Kelas Malam,Perempuan,28-35,29,Divorced,Tidak,Lunas,Ya,Tidak,Tidak,Domestik,131.0,140.0,6,4,11.75,6,5,10.4,75.0,11.08,Sedang (50-75%),10.8,1.4,1.74
STD-0922,Graduate,0,2.1,Rendah,Social Service (eve),Over 23 years old,Kelas Malam,Perempuan,28-35,35,Single,Tidak,Lunas,Ya,Tidak,Tidak,Domestik,97.0,133.1,6,6,10.833333333333334,6,6,11.5,100.0,11.17,Baik (>75%),10.8,1.4,1.74
STD-0923,Dropout,1,6.7,Rendah,Social Service,2nd phase - general,Reguler (Siang),Perempuan,<=20,18,Single,Tidak,Lunas,Tidak,Ya,Tidak,Domestik,131.7,131.0,6,4,11.75,6,4,12.25,66.7,12.0,Sedang (50-75%),9.4,-0.8,-3.12
STD-0924,Dropout,1,96.7,Tinggi,Nursing,Over 23 years old,Reguler (Siang),Perempuan,>35,39,Single,Tidak,Menunggak,Ya,Tidak,Tidak,Domestik,120.0,133.1,7,3,11.5,7,2,10.5,35.7,11.0,Rendah (25-50%),16.2,0.3,-0.92
STD-0925,Enrolled,0,39.3,Sedang,Management (evening),Over 23 years old,Kelas Malam,Perempuan,>35,37,Divorced,Tidak,Lunas,Tidak,Tidak,Tidak,Domestik,110.0,120.0,5,2,10.0,5,3,11.333333333333334,50.0,10.67,Rendah (25-50%),12.7,3.7,-1.7
STD-0926,Graduate,0,1.9,Rendah,Nursing,Over 23 years old,Reguler (Siang),Perempuan,24-27,26,Single,Tidak,Lunas,Ya,Ya,Tidak,Domestik,133.0,130.0,7,6,13.7,7,6,13.7,85.7,13.7,Baik (>75%),7.6,2.6,0.32
STD-0927,Dropout,1,92.3,Tinggi,Veterinary Nursing,Holder of other higher course,Reguler (Siang),Perempuan,28-35,32,Single,Tidak,Lunas,Tidak,Ya,Tidak,Domestik,140.0,140.0,5,1,14.0,5,0,0.0,10.0,7.0,Kritis (<25%),10.8,1.4,1.74
STD-0928,Enrolled,0,12.9,Rendah,Social Service (eve),Over 23 years old,Kelas Malam,Perempuan,>35,37,Married,Ya,Lunas,Tidak,Tidak,Tidak,Domestik,100.0,133.1,8,7,11.375,7,6,12.166666666666666,86.7,11.77,Baik (>75%),13.9,-0.3,0.79
STD-0929,Enrolled,0,84.1,Tinggi,Veterinary Nursing,Over 23 years old,Reguler (Siang),Perempuan,28-35,28,Single,Ya,Lunas,Tidak,Ya,Tidak,Domestik,129.3,140.0,6,0,0.0,6,0,0.0,0.0,0.0,Kritis (<25%),8.9,1.4,3.51
STD-0930,Dropout,1,94.6,Tinggi,Social Service,1st phase - general,Reguler (Siang),Perempuan,<=20,19,Single,Tidak,Lunas,Tidak,Ya,Tidak,Domestik,137.0,133.1,6,0,0.0,6,0,0.0,0.0,0.0,Kritis (<25%),7.6,2.6,0.32
STD-0931,Enrolled,0,34.5,Sedang,Management,1st phase - general,Reguler (Siang),Perempuan,<=20,18,Single,Tidak,Lunas,Tidak,Ya,Tidak,Domestik,122.2,125.0,5,1,11.0,5,2,12.5,30.0,11.75,Rendah (25-50%),7.6,2.6,0.32
STD-0932,Graduate,0,2.2,Rendah,Basic Education,1st phase - general,Reguler (Siang),Perempuan,<=20,19,Single,Tidak,Lunas,Ya,Tidak,Tidak,Domestik,108.0,115.0,7,6,13.0,7,7,13.285714285714286,92.9,13.14,Baik (>75%),12.4,0.5,1.79
STD-0933,Graduate,0,5.9,Rendah,Advertising & Marketing,Holder of other higher course,Reguler (Siang),Perempuan,28-35,32,Married,Tidak,Lunas,Tidak,Tidak,Tidak,Domestik,110.0,110.0,11,8,13.6,8,8,15.11111111111111,84.2,14.36,Baik (>75%),13.9,-0.3,0.79
STD-0934,Dropout,1,79.1,Tinggi,Management,Over 23 years old,Reguler (Siang),Perempuan,28-35,31,Married,Tidak,Lunas,Tidak,Ya,Tidak,Domestik,127.7,140.0,5,3,11.0,5,2,11.5,50.0,11.25,Rendah (25-50%),7.6,2.6,0.32
STD-0935,Enrolled,0,11.8,Rendah,Nursing,Over 23 years old,Reguler (Siang),Perempuan,28-35,34,Single,Tidak,Lunas,Tidak,Ya,Tidak,Domestik,121.3,100.0,8,7,11.705714285714285,8,7,11.705714285714285,87.5,11.71,Baik (>75%),10.8,1.4,1.74
STD-0936,Graduate,0,10.4,Rendah,Animation & Multimedia,1st phase - general,Reguler (Siang),Perempuan,<=20,20,Single,Tidak,Lunas,Tidak,Ya,Tidak,Domestik,140.1,145.0,12,12,13.25,11,11,14.333333333333334,100.0,13.79,Baik (>75%),8.9,1.4,3.51
STD-0937,Dropout,1,95.8,Tinggi,Nursing,Over 23 years old,Reguler (Siang),Perempuan,28-35,28,Single,Tidak,Lunas,Tidak,Tidak,Tidak,Domestik,114.8,133.1,7,1,10.75,7,1,10.0,14.3,10.38,Kritis (<25%),13.9,-0.3,0.79
STD-0938,Enrolled,0,5.4,Rendah,Management (evening),Tech. specialization holder,Kelas Malam,Perempuan,28-35,31,Single,Tidak,Lunas,Tidak,Tidak,Tidak,Domestik,150.0,150.0,6,6,12.0,7,7,13.428571428571429,100.0,12.71,Baik (>75%),9.4,-0.8,-3.12
STD-0939,Enrolled,0,8.4,Rendah,Journalism & Comm,1st phase - general,Reguler (Siang),Perempuan,<=20,18,Single,Tidak,Lunas,Tidak,Ya,Tidak,Domestik,131.7,145.0,6,6,12.666666666666666,6,4,12.25,83.3,12.46,Baik (>75%),7.6,2.6,0.32
STD-0940,Dropout,1,89.3,Tinggi,Social Service (eve),Over 23 years old,Kelas Malam,Perempuan,28-35,31,Divorced,Tidak,Menunggak,Tidak,Tidak,Tidak,Domestik,110.0,133.1,6,5,11.4,6,3,11.0,66.7,11.2,Sedang (50-75%),9.4,-0.8,-3.12
STD-0941,Graduate,0,2.8,Rendah,Journalism & Comm,1st phase - general,Reguler (Siang),Perempuan,<=20,19,Single,Tidak,Lunas,Tidak,Ya,Tidak,Domestik,105.5,110.0,6,6,13.0,6,5,12.4,91.7,12.7,Baik (>75%),12.4,0.5,1.79
STD-0942,Graduate,0,2.4,Rendah,Social Service,1st phase - general,Reguler (Siang),Perempuan,<=20,19,Single,Tidak,Lunas,Ya,Ya,Tidak,Domestik,127.3,128.0,6,6,14.0,6,6,12.285714285714286,100.0,13.14,Baik (>75%),16.2,0.3,-0.92
STD-0943,Enrolled,0,93.7,Tinggi,Social Service,Over 23 years old,Reguler (Siang),Perempuan,28-35,31,Married,Tidak,Lunas,Tidak,Ya,Tidak,Domestik,130.0,133.1,6,0,0.0,5,0,0.0,0.0,0.0,Kritis (<25%),9.4,-0.8,-3.12
STD-0944,Dropout,1,97.5,Tinggi,Veterinary Nursing,Holder of other higher course,Reguler (Siang),Perempuan,28-35,34,Single,Tidak,Lunas,Tidak,Tidak,Tidak,Domestik,130.0,130.0,6,0,0.0,6,0,0.0,0.0,0.0,Kritis (<25%),15.5,2.8,-4.06
STD-0945,Graduate,0,4.8,Rendah,Oral Hygiene,1st phase - Madeira,Reguler (Siang),Perempuan,<=20,18,Single,Tidak,Lunas,Ya,Ya,Tidak,Domestik,122.7,137.0,7,7,15.285714285714286,8,8,16.075,100.0,15.68,Baik (>75%),12.4,0.5,1.79
STD-0946,Graduate,0,2.2,Rendah,Tourism,2nd phase - general,Reguler (Siang),Perempuan,<=20,18,Single,Tidak,Lunas,Tidak,Ya,Tidak,Domestik,113.9,123.0,6,6,13.166666666666666,6,6,12.666666666666666,100.0,12.92,Baik (>75%),11.1,0.6,2.02
STD-0947,Graduate,0,19.9,Rendah,Management,1st phase - general,Reguler (Siang),Laki-laki,<=20,19,Single,Ya,Lunas,Tidak,Tidak,Tidak,Domestik,151.1,156.0,5,5,13.6,5,5,12.833333333333334,100.0,13.22,Baik (>75%),16.2,0.3,-0.92
STD-0948,Dropout,1,96.0,Tinggi,Journalism & Comm,2nd phase - general,Reguler (Siang),Laki-laki,21-23,22,Single,Tidak,Menunggak,Ya,Ya,Tidak,Domestik,125.8,133.1,4,0,0.0,4,0,0.0,0.0,0.0,Kritis (<25%),7.6,2.6,0.32
STD-0949,Graduate,0,90.9,Tinggi,Advertising & Marketing,Change of course,Reguler (Siang),Laki-laki,28-35,32,Married,Tidak,Lunas,Tidak,Tidak,Tidak,Domestik,128.2,100.0,10,10,11.4,9,4,11.5,73.7,11.45,Sedang (50-75%),7.6,2.6,0.32
STD-0950,Dropout,1,96.5,Tinggi,Management,Over 23 years old,Reguler (Siang),Laki-laki,>35,61,Single,Tidak,Lunas,Tidak,Tidak,Tidak,Domestik,135.1,140.0,5,0,0.0,5,0,0.0,0.0,0.0,Kritis (<25%),15.5,2.8,-4.06
STD-0951,Graduate,0,19.7,Rendah,Management (evening),Over 23 years old,Kelas Malam,Laki-laki,28-35,30,Single,Tidak,Lunas,Tidak,Ya,Tidak,Domestik,120.2,130.0,5,5,11.0,5,5,11.6,100.0,11.3,Baik (>75%),7.6,2.6,0.32
STD-0952,Dropout,1,97.8,Tinggi,Management (evening),Over 23 years old,Kelas Malam,Laki-laki,>35,45,Married,Ya,Menunggak,Tidak,Tidak,Tidak,Domestik,132.8,133.1,5,0,0.0,5,0,0.0,0.0,0.0,Kritis (<25%),12.4,0.5,1.79
STD-0953,Graduate,0,2.5,Rendah,Agronomy,Tech. specialization holder,Reguler (Siang),Laki-laki,<=20,20,Single,Tidak,Lunas,Tidak,Tidak,Tidak,Domestik,140.0,140.0,6,6,13.571428571428571,6,6,12.666666666666666,100.0,13.12,Baik (>75%),12.4,0.5,1.79
STD-0954,Dropout,1,89.6,Tinggi,Nursing,3rd phase - general,Reguler (Siang),Perempuan,<=20,19,Single,Tidak,Lunas,Tidak,Tidak,Tidak,Domestik,129.3,137.0,7,0,0.0,8,0,0.0,0.0,0.0,Kritis (<25%),9.4,-0.8,-3.12
STD-0955,Dropout,1,76.8,Tinggi,Informatics Engineering,Transfer,Reguler (Siang),Laki-laki,24-27,26,Single,Tidak,Lunas,Tidak,Ya,Tidak,Domestik,108.2,120.0,10,4,11.25,11,4,12.0,38.1,11.62,Rendah (25-50%),7.6,2.6,0.32
STD-0956,Dropout,1,89.1,Tinggi,Advertising & Marketing,2nd phase - general,Reguler (Siang),Laki-laki,<=20,19,Single,Tidak,Lunas,Tidak,Ya,Tidak,Domestik,125.4,125.0,5,3,13.333333333333334,5,1,11.0,40.0,12.17,Rendah (25-50%),7.6,2.6,0.32
STD-0957,Graduate,0,8.5,Rendah,Journalism & Comm,2nd phase - general,Reguler (Siang),Laki-laki,<=20,19,Single,Tidak,Lunas,Ya,Tidak,Tidak,Domestik,140.2,130.0,6,6,12.0,6,6,11.666666666666666,100.0,11.83,Baik (>75%),16.2,0.3,-0.92
STD-0958,Graduate,0,7.7,Rendah,Journalism & Comm,1st phase - general,Reguler (Siang),Laki-laki,<=20,19,Single,Tidak,Lunas,Tidak,Ya,Tidak,Domestik,116.1,115.0,6,6,12.5,6,5,13.0,91.7,12.75,Baik (>75%),12.4,0.5,1.79
STD-0959,Graduate,0,3.9,Rendah,Management,1st phase - general,Reguler (Siang),Laki-laki,<=20,19,Single,Tidak,Lunas,Ya,Ya,Tidak,Domestik,137.8,150.0,5,5,13.2,5,5,12.666666666666666,100.0,12.93,Baik (>75%),16.2,0.3,-0.92
STD-0960,Dropout,1,97.1,Tinggi,Advertising & Marketing,1st phase - general,Reguler (Siang),Laki-laki,<=20,19,Single,Tidak,Menunggak,Tidak,Ya,Tidak,Domestik,128.4,134.0,5,0,0.0,4,0,0.0,0.0,0.0,Kritis (<25%),7.6,2.6,0.32
STD-0961,Dropout,1,98.0,Tinggi,Advertising & Marketing,Over 23 years old,Reguler (Siang),Laki-laki,28-35,28,Single,Tidak,Menunggak,Tidak,Ya,Tidak,Domestik,106.0,120.0,5,3,11.666666666666666,5,2,11.5,50.0,11.58,Rendah (25-50%),7.6,2.6,0.32
STD-0962,Graduate,0,4.5,Rendah,Management,Change of course,Reguler (Siang),Laki-laki,24-27,24,Single,Tidak,Lunas,Tidak,Tidak,Tidak,Domestik,130.2,141.0,15,15,13.466666666666669,14,14,13.642857142857142,100.0,13.55,Baik (>75%),9.4,-0.8,-3.12
STD-0963,Graduate,0,8.0,Rendah,Equinculture,1st phase - general,Reguler (Siang),Laki-laki,<=20,18,Single,Tidak,Lunas,Tidak,Tidak,Tidak,Domestik,126.0,133.0,5,3,13.666666666666666,5,5,13.2,80.0,13.43,Baik (>75%),7.6,2.6,0.32
STD-0964,Enrolled,0,11.1,Rendah,Informatics Engineering,1st phase - general,Reguler (Siang),Laki-laki,<=20,18,Single,Tidak,Lunas,Tidak,Tidak,Tidak,Domestik,141.0,149.0,5,2,11.666666666666666,5,2,12.5,40.0,12.08,Rendah (25-50%),7.6,2.6,0.32
STD-0965,Graduate,0,12.1,Rendah,Journalism & Comm,1st phase - general,Reguler (Siang),Laki-laki,<=20,18,Single,Tidak,Lunas,Ya,Ya,Tidak,Domestik,113.0,121.0,6,6,11.666666666666666,6,5,10.2,91.7,10.93,Baik (>75%),12.4,0.5,1.79
STD-0966,Graduate,0,3.0,Rendah,Agronomy,Tech. specialization holder,Reguler (Siang),Laki-laki,21-23,21,Single,Tidak,Lunas,Tidak,Tidak,Tidak,Domestik,120.0,120.0,6,5,13.4,6,5,12.4,83.3,12.9,Baik (>75%),8.9,1.4,3.51
STD-0967,Dropout,1,96.4,Tinggi,Management (evening),Over 23 years old,Kelas Malam,Laki-laki,28-35,28,Married,Tidak,Menunggak,Tidak,Tidak,Tidak,Domestik,130.9,148.0,5,0,0.0,5,0,0.0,0.0,0.0,Kritis (<25%),12.4,0.5,1.79
STD-0968,Dropout,1,96.7,Tinggi,Agronomy,Over 23 years old,Reguler (Siang),Laki-laki,>35,58,Single,Tidak,Lunas,Tidak,Tidak,Tidak,Domestik,120.0,133.1,6,0,0.0,6,0,0.0,0.0,0.0,Kritis (<25%),13.9,-0.3,0.79
STD-0969,Dropout,1,97.8,Tinggi,Management (evening),Over 23 years old,Kelas Malam,Laki-laki,>35,49,Married,Tidak,Menunggak,Tidak,Ya,Tidak,Domestik,134.1,135.0,5,0,0.0,5,0,0.0,0.0,0.0,Kritis (<25%),7.6,2.6,0.32
STD-0970,Enrolled,0,51.4,Sedang,Informatics Engineering,Over 23 years old,Reguler (Siang),Laki-laki,24-27,24,Single,Tidak,Lunas,Tidak,Tidak,Tidak,Domestik,120.0,150.0,5,3,10.666666666666666,5,2,10.5,50.0,10.58,Rendah (25-50%),15.5,2.8,-4.06
STD-0971,Graduate,0,30.6,Sedang,Advertising & Marketing,Change of course,Reguler (Siang),Laki-laki,24-27,25,Single,Tidak,Lunas,Tidak,Tidak,Tidak,Domestik,114.8,130.0,5,4,13.75,5,4,14.75,80.0,14.25,Baik (>75%),7.6,2.6,0.32
STD-0972,Dropout,1,94.7,Tinggi,Management,Transfer,Reguler (Siang),Laki-laki,28-35,33,Divorced,Tidak,Lunas,Tidak,Ya,Tidak,Domestik,123.0,133.1,5,1,10.0,5,0,0.0,10.0,5.0,Kritis (<25%),7.6,2.6,0.32
STD-0973,Dropout,1,97.9,Tinggi,Informatics Engineering,Over 23 years old,Reguler (Siang),Laki-laki,28-35,33,Married,Tidak,Menunggak,Tidak,Tidak,Tidak,Domestik,118.0,133.1,5,0,0.0,5,0,0.0,0.0,0.0,Kritis (<25%),9.4,-0.8,-3.12
STD-0974,Graduate,0,44.9,Sedang,Basic Education,Change of course,Reguler (Siang),Laki-laki,>35,40,Married,Tidak,Lunas,Tidak,Tidak,Tidak,Domestik,100.0,110.0,2,1,16.0,4,4,15.5,83.3,15.75,Baik (>75%),13.9,-0.3,0.79
STD-0975,Graduate,0,9.8,Rendah,Management (evening),Over 23 years old,Kelas Malam,Laki-laki,>35,48,Married,Tidak,Lunas,Tidak,Tidak,Tidak,Domestik,151.1,170.0,5,5,12.285714285714286,5,5,11.125,100.0,11.71,Baik (>75%),16.2,0.3,-0.92
STD-0976,Enrolled,0,85.8,Tinggi,Informatics Engineering,2nd phase - general,Reguler (Siang),Laki-laki,<=20,18,Single,Ya,Menunggak,Tidak,Ya,Tidak,Domestik,116.9,120.0,5,3,12.0,5,3,10.333333333333334,60.0,11.17,Sedang (50-75%),8.9,1.4,3.51
STD-0977,Graduate,0,7.1,Rendah,Nursing,Over 23 years old,Reguler (Siang),Laki-laki,24-27,24,Single,Tidak,Lunas,Tidak,Ya,Tidak,Domestik,106.0,133.1,7,6,12.666666666666666,7,6,12.666666666666666,85.7,12.67,Baik (>75%),7.6,2.6,0.32
STD-0978,Graduate,0,1.7,Rendah,Veterinary Nursing,1st phase - general,Reguler (Siang),Laki-laki,21-23,23,Married,Tidak,Lunas,Ya,Tidak,Tidak,Domestik,127.1,139.0,5,5,11.8,5,4,13.25,90.0,12.52,Baik (>75%),10.8,1.4,1.74
STD-0979,Dropout,1,78.8,Tinggi,Management (evening),Over 23 years old,Kelas Malam,Laki-laki,>35,39,Single,Ya,Menunggak,Tidak,Ya,Tidak,Domestik,155.5,133.1,5,5,10.6,5,5,14.666666666666666,100.0,12.63,Baik (>75%),10.8,1.4,1.74
STD-0980,Graduate,0,3.3,Rendah,Agronomy,3rd phase - general,Reguler (Siang),Laki-laki,21-23,21,Single,Tidak,Lunas,Tidak,Tidak,Tidak,Domestik,101.0,133.1,11,9,11.9,9,8,12.25,85.0,12.08,Baik (>75%),15.5,2.8,-4.06
STD-0981,Dropout,1,85.5,Tinggi,Informatics Engineering,Transfer,Reguler (Siang),Laki-laki,28-35,34,Single,Tidak,Lunas,Tidak,Ya,Tidak,Domestik,128.2,120.0,6,4,11.25,5,2,10.5,54.5,10.88,Sedang (50-75%),7.6,2.6,0.32
STD-0982,Enrolled,0,15.6,Rendah,Management (evening),Over 23 years old,Kelas Malam,Laki-laki,>35,41,Married,Tidak,Lunas,Ya,Tidak,Tidak,Domestik,113.0,100.0,5,4,11.0,5,5,11.4,90.0,11.2,Baik (>75%),8.9,1.4,3.51
STD-0983,Graduate,0,2.7,Rendah,Journalism & Comm,1st phase - general,Reguler (Siang),Laki-laki,<=20,18,Single,Tidak,Lunas,Tidak,Tidak,Tidak,Domestik,122.8,134.0,6,6,12.0,6,6,12.5,100.0,12.25,Baik (>75%),12.7,3.7,-1.7
STD-0984,Enrolled,0,47.5,Sedang,Management (evening),Over 23 years old,Kelas Malam,Laki-laki,28-35,34,Married,Tidak,Lunas,Tidak,Tidak,Tidak,Domestik,145.6,130.0,5,4,11.75,5,4,10.833333333333334,80.0,11.29,Baik (>75%),13.9,-0.3,0.79
STD-0985,Dropout,1,43.6,Sedang,Management,1st phase - general,Reguler (Siang),Laki-laki,<=20,19,Single,Tidak,Lunas,Tidak,Tidak,Tidak,Domestik,116.5,128.0,5,2,10.0,5,1,16.0,30.0,13.0,Rendah (25-50%),7.6,2.6,0.32
STD-0986,Graduate,0,4.2,Rendah,Nursing,1st phase - general,Reguler (Siang),Laki-laki,<=20,19,Single,Tidak,Lunas,Tidak,Tidak,Tidak,Domestik,142.0,154.0,8,7,13.714285714285714,8,7,13.714285714285714,87.5,13.71,Baik (>75%),12.7,3.7,-1.7
STD-0987,Graduate,0,5.3,Rendah,Agronomy,Holder of other higher course,Reguler (Siang),Laki-laki,28-35,28,Single,Tidak,Lunas,Tidak,Tidak,Tidak,Domestik,150.0,150.0,6,6,14.875,6,6,15.8,100.0,15.34,Baik (>75%),16.2,0.3,-0.92
STD-0988,Dropout,1,82.2,Tinggi,Communication Design,2nd phase - general,Reguler (Siang),Laki-laki,<=20,18,Single,Tidak,Lunas,Tidak,Ya,Tidak,Domestik,133.3,134.0,6,5,10.8,6,0,0.0,41.7,5.4,Rendah (25-50%),7.6,2.6,0.32
STD-0989,Dropout,1,62.4,Tinggi,Social Service,1st phase - general,Reguler (Siang),Laki-laki,<=20,19,Single,Tidak,Lunas,Tidak,Ya,Tidak,Domestik,115.8,127.0,6,3,12.0,6,2,10.0,41.7,11.0,Rendah (25-50%),11.1,0.6,2.02
STD-0990,Dropout,1,89.2,Tinggi,Veterinary Nursing,2nd phase - general,Reguler (Siang),Laki-laki,<=20,19,Single,Ya,Menunggak,Tidak,Ya,Tidak,Domestik,100.0,133.1,6,5,12.5,6,2,13.5,58.3,13.0,Sedang (50-75%),12.4,0.5,1.79
STD-0991,Graduate,0,7.2,Rendah,Nursing,2nd phase - general,Reguler (Siang),Perempuan,<=20,18,Single,Tidak,Lunas,Tidak,Ya,Tidak,Domestik,128.6,130.0,7,7,14.728571428571428,8,8,16.327272727272728,100.0,15.53,Baik (>75%),16.2,0.3,-0.92
STD-0992,Graduate,0,9.7,Rendah,Equinculture,1st phase - general,Reguler (Siang),Perempuan,<=20,18,Single,Tidak,Lunas,Tidak,Ya,Tidak,Domestik,137.1,135.0,6,6,12.0,6,5,14.8,91.7,13.4,Baik (>75%),12.4,0.5,1.79
STD-0993,Dropout,1,11.7,Rendah,Journalism & Comm,1st phase - general,Reguler (Siang),Perempuan,<=20,18,Single,Tidak,Lunas,Tidak,Ya,Tidak,Domestik,149.0,143.0,6,6,11.428571428571429,6,6,11.0,100.0,11.21,Baik (>75%),11.1,0.6,2.02
STD-0994,Graduate,0,5.3,Rendah,Social Service,Tech. specialization holder,Reguler (Siang),Perempuan,<=20,19,Single,Tidak,Lunas,Tidak,Ya,Tidak,Domestik,147.0,150.0,6,6,14.166666666666666,6,6,13.5,100.0,13.83,Baik (>75%),12.4,0.5,1.79
STD-0995,Graduate,0,9.6,Rendah,Social Service,Holder of other higher course,Reguler (Siang),Perempuan,28-35,31,Married,Tidak,Lunas,Tidak,Tidak,Tidak,Domestik,150.0,150.0,6,5,12.5,6,5,14.6,83.3,13.55,Baik (>75%),12.7,3.7,-1.7
STD-0996,Graduate,0,1.2,Rendah,Social Service (eve),Over 23 years old,Kelas Malam,Perempuan,28-35,33,Single,Tidak,Lunas,Ya,Tidak,Tidak,Domestik,103.5,130.0,6,6,14.166666666666666,6,6,14.333333333333334,100.0,14.25,Baik (>75%),12.7,3.7,-1.7
STD-0997,Enrolled,0,1.6,Rendah,Nursing,1st phase - general,Reguler (Siang),Perempuan,<=20,20,Single,Tidak,Lunas,Ya,Ya,Tidak,Domestik,107.8,113.0,7,5,14.46,7,6,13.55,78.6,14.0,Baik (>75%),12.4,0.5,1.79
STD-0998,Enrolled,0,19.5,Rendah,Veterinary Nursing,Tech. specialization holder,Reguler (Siang),Perempuan,21-23,22,Single,Tidak,Lunas,Tidak,Ya,Tidak,Internasional,130.0,130.0,6,5,12.8,6,2,11.5,58.3,12.15,Sedang (50-75%),12.4,0.5,1.79
STD-0999,Graduate,0,3.4,Rendah,Tourism,2nd phase - general,Reguler (Siang),Perempuan,<=20,19,Single,Tidak,Lunas,Tidak,Ya,Tidak,Domestik,109.4,115.0,6,6,12.666666666666666,6,5,13.4,91.7,13.03,Baik (>75%),11.1,0.6,2.02
STD-1000,Dropout,1,14.8,Rendah,Communication Design,1st phase - general,Reguler (Siang),Perempuan,<=20,18,Single,Tidak,Lunas,Tidak,Ya,Tidak,Domestik,143.6,146.0,6,6,12.5,6,6,13.0,100.0,12.75,Baik (>75%),7.6,2.6,0.32
STD-1001,Dropout,1,95.1,Tinggi,Communication Design,2nd phase - general,Reguler (Siang),Perempuan,<=20,18,Single,Tidak,Lunas,Tidak,Tidak,Ya,Domestik,124.3,132.0,6,0,0.0,6,0,0.0,0.0,0.0,Kritis (<25%),15.5,2.8,-4.06
STD-1002,Dropout,1,96.2,Tinggi,Advertising & Marketing,1st phase - general,Reguler (Siang),Perempuan,<=20,18,Single,Tidak,Menunggak,Tidak,Ya,Tidak,Domestik,119.5,116.0,6,0,0.0,6,0,0.0,0.0,0.0,Kritis (<25%),8.9,1.4,3.51
STD-1003,Graduate,0,40.5,Sedang,Animation & Multimedia,1st phase - general,Reguler (Siang),Perempuan,<=20,18,Single,Tidak,Lunas,Tidak,Ya,Tidak,Domestik,175.6,163.0,0,0,0.0,0,0,0.0,0.0,0.0,Kritis (<25%),11.1,0.6,2.02
STD-1004,Graduate,0,9.0,Rendah,Management,2nd phase - general,Reguler (Siang),Perempuan,<=20,19,Single,Tidak,Lunas,Ya,Ya,Tidak,Domestik,116.1,122.0,5,5,11.2,5,3,11.0,80.0,11.1,Baik (>75%),12.4,0.5,1.79
STD-1005,Dropout,1,4.8,Rendah,Social Service,2nd phase - general,Reguler (Siang),Perempuan,<=20,18,Single,Tidak,Lunas,Tidak,Ya,Tidak,Domestik,126.6,136.0,6,6,16.5,6,6,17.428571428571427,100.0,16.96,Baik (>75%),11.1,0.6,2.02
STD-1006,Graduate,0,3.5,Rendah,Veterinary Nursing,2nd phase - general,Reguler (Siang),Perempuan,<=20,18,Single,Tidak,Lunas,Tidak,Ya,Tidak,Domestik,130.8,142.0,5,3,13.666666666666666,5,5,12.0,80.0,12.83,Baik (>75%),12.7,3.7,-1.7
STD-1007,Graduate,0,3.8,Rendah,Nursing,2nd phase - general,Reguler (Siang),Perempuan,<=20,18,Single,Tidak,Lunas,Ya,Ya,Tidak,Domestik,133.5,139.0,8,7,15.228571428571428,8,7,15.228571428571428,87.5,15.23,Baik (>75%),12.7,3.7,-1.7
STD-1008,Graduate,0,4.2,Rendah,Social Service,Short cycle holder,Reguler (Siang),Perempuan,21-23,21,Single,Tidak,Lunas,Tidak,Ya,Tidak,Domestik,136.9,140.0,9,9,12.77777777777778,9,9,13.22222222222222,100.0,13.0,Baik (>75%),8.9,1.4,3.51
STD-1009,Graduate,0,1.6,Rendah,Nursing,1st phase - general,Reguler (Siang),Perempuan,<=20,18,Single,Tidak,Lunas,Ya,Tidak,Tidak,Domestik,142.3,165.0,8,7,14.428571428571429,8,7,14.428571428571429,87.5,14.43,Baik (>75%),12.7,3.7,-1.7
STD-1010,Graduate,0,3.2,Rendah,Advertising & Marketing,2nd phase - general,Reguler (Siang),Perempuan,<=20,18,Single,Tidak,Lunas,Tidak,Ya,Tidak,Domestik,114.3,122.0,6,6,13.875,6,6,13.714285714285714,100.0,13.79,Baik (>75%),11.1,0.6,2.02
STD-1011,Graduate,0,4.4,Rendah,Nursing,1st phase - general,Reguler (Siang),Perempuan,<=20,18,Single,Tidak,Lunas,Tidak,Ya,Tidak,Domestik,122.9,135.0,7,7,13.128,8,6,13.193333333333332,86.7,13.16,Baik (>75%),15.5,2.8,-4.06
STD-1012,Graduate,0,8.0,Rendah,Nursing,2nd phase - general,Reguler (Siang),Perempuan,<=20,20,Single,Tidak,Lunas,Tidak,Ya,Tidak,Domestik,117.2,128.0,7,6,11.605,8,7,12.4125,86.7,12.01,Baik (>75%),16.2,0.3,-0.92
STD-1013,Graduate,0,2.1,Rendah,Management,2nd phase - general,Reguler (Siang),Perempuan,<=20,18,Single,Tidak,Lunas,Ya,Tidak,Tidak,Domestik,152.0,139.0,5,5,14.6,5,5,12.0,100.0,13.3,Baik (>75%),12.7,3.7,-1.7
STD-1014,Dropout,1,93.4,Tinggi,Journalism & Comm,1st phase - general,Reguler (Siang),Perempuan,<=20,18,Single,Tidak,Lunas,Tidak,Ya,Tidak,Domestik,122.2,125.0,6,0,0.0,6,0,0.0,0.0,0.0,Kritis (<25%),11.1,0.6,2.02
STD-1015,Graduate,0,1.6,Rendah,Management,3rd phase - general,Reguler (Siang),Perempuan,<=20,20,Single,Tidak,Lunas,Ya,Ya,Tidak,Domestik,101.7,102.0,5,5,11.8,5,5,11.6,100.0,11.7,Baik (>75%),8.9,1.4,3.51
STD-1016,Graduate,0,3.0,Rendah,Tourism,2nd phase - general,Reguler (Siang),Perempuan,<=20,20,Single,Tidak,Lunas,Tidak,Ya,Tidak,Domestik,119.9,116.0,6,6,12.333333333333334,6,6,12.333333333333334,100.0,12.33,Baik (>75%),12.4,0.5,1.79
STD-1017,Dropout,1,75.1,Tinggi,Management,2nd phase - general,Reguler (Siang),Perempuan,<=20,19,Single,Ya,Lunas,Ya,Ya,Tidak,Domestik,123.7,138.0,5,4,11.0,5,0,0.0,40.0,5.5,Rendah (25-50%),11.1,0.6,2.02
STD-1018,Graduate,0,4.0,Rendah,Communication Design,Change of institution/course,Reguler (Siang),Perempuan,<=20,19,Single,Tidak,Lunas,Ya,Tidak,Tidak,Domestik,121.8,135.0,11,11,13.181818181818182,11,11,12.909090909090908,100.0,13.05,Baik (>75%),11.1,0.6,2.02
STD-1019,Dropout,1,97.8,Tinggi,Advertising & Marketing,2nd phase - general,Reguler (Siang),Perempuan,<=20,18,Single,Ya,Menunggak,Ya,Ya,Ya,Domestik,106.1,110.0,6,1,11.0,6,0,0.0,8.3,5.5,Kritis (<25%),12.7,3.7,-1.7
STD-1020,Graduate,0,30.3,Sedang,Journalism & Comm,2nd phase - general,Reguler (Siang),Perempuan,<=20,19,Single,Ya,Lunas,Ya,Ya,Tidak,Domestik,124.3,132.0,6,6,11.833333333333334,6,6,12.285714285714286,100.0,12.06,Baik (>75%),15.5,2.8,-4.06
STD-1021,Graduate,0,3.4,Rendah,Nursing,1st phase - general,Reguler (Siang),Perempuan,<=20,20,Single,Tidak,Lunas,Ya,Ya,Tidak,Domestik,124.3,126.0,8,8,12.98125,8,8,12.98125,100.0,12.98,Baik (>75%),9.4,-0.8,-3.12
STD-1022,Graduate,0,5.0,Rendah,Management,Tech. specialization holder,Reguler (Siang),Perempuan,21-23,21,Single,Tidak,Lunas,Tidak,Ya,Tidak,Domestik,117.4,117.4,7,6,11.333333333333334,5,5,11.2,91.7,11.27,Baik (>75%),11.1,0.6,2.02
STD-1023,Graduate,0,3.3,Rendah,Nursing,Change of course,Reguler (Siang),Perempuan,21-23,21,Single,Tidak,Lunas,Tidak,Tidak,Tidak,Domestik,112.7,120.0,8,6,11.68,8,6,11.68,75.0,11.68,Sedang (50-75%),10.8,1.4,1.74
STD-1024,Graduate,0,2.1,Rendah,Communication Design,2nd phase - general,Reguler (Siang),Perempuan,<=20,20,Single,Tidak,Lunas,Tidak,Tidak,Tidak,Domestik,123.7,116.0,6,6,14.5,6,6,13.5,100.0,14.0,Baik (>75%),11.1,0.6,2.02
STD-1025,Graduate,0,1.6,Rendah,Basic Education,3rd phase - general,Reguler (Siang),Perempuan,<=20,19,Single,Tidak,Lunas,Tidak,Ya,Tidak,Domestik,105.8,111.0,7,7,13.142857142857142,7,7,12.857142857142858,100.0,13.0,Baik (>75%),8.9,1.4,3.51
STD-1026,Dropout,1,94.6,Tinggi,Veterinary Nursing,2nd phase - general,Reguler (Siang),Perempuan,21-23,21,Single,Tidak,Menunggak,Tidak,Tidak,Tidak,Domestik,124.2,128.0,5,2,11.5,5,2,10.5,40.0,11.0,Rendah (25-50%),7.6,2.6,0.32
STD-1027,Graduate,0,6.0,Rendah,Veterinary Nursing,1st phase - general,Reguler (Siang),Perempuan,<=20,18,Single,Tidak,Lunas,Tidak,Tidak,Tidak,Domestik,122.3,123.0,5,5,14.2,5,5,11.8,100.0,13.0,Baik (>75%),7.6,2.6,0.32
STD-1028,Graduate,0,6.1,Rendah,Tourism,1st phase - general,Reguler (Siang),Perempuan,<=20,19,Single,Tidak,Lunas,Ya,Tidak,Tidak,Domestik,123.7,131.0,6,5,11.666666666666666,6,5,12.2,83.3,11.93,Baik (>75%),8.9,1.4,3.51
STD-1029,Graduate,0,6.8,Rendah,Nursing,2nd phase - general,Reguler (Siang),Perempuan,<=20,18,Single,Tidak,Lunas,Tidak,Ya,Tidak,Domestik,129.8,135.0,7,7,13.175,8,8,14.875,100.0,14.02,Baik (>75%),13.9,-0.3,0.79
STD-1030,Graduate,0,3.5,Rendah,Nursing,1st phase - general,Reguler (Siang),Perempuan,<=20,19,Single,Tidak,Lunas,Ya,Ya,Tidak,Domestik,123.8,136.0,8,7,13.314285714285717,8,7,13.314285714285717,87.5,13.31,Baik (>75%),12.7,3.7,-1.7
STD-1031,Graduate,0,25.3,Rendah,Management,1st phase - general,Reguler (Siang),Perempuan,<=20,18,Single,Tidak,Lunas,Ya,Ya,Tidak,Domestik,126.4,132.0,5,3,10.6,5,3,10.5,60.0,10.55,Sedang (50-75%),13.9,-0.3,0.79
STD-1032,Enrolled,0,22.0,Rendah,Basic Education,1st phase - general,Reguler (Siang),Perempuan,<=20,18,Single,Tidak,Lunas,Ya,Tidak,Tidak,Domestik,115.1,120.0,6,4,12.0,6,4,10.75,66.7,11.38,Sedang (50-75%),15.5,2.8,-4.06
STD-1033,Graduate,0,2.6,Rendah,Journalism & Comm,1st phase - general,Reguler (Siang),Perempuan,<=20,18,Single,Tidak,Lunas,Tidak,Tidak,Tidak,Domestik,138.4,144.0,6,6,13.428571428571429,6,6,14.142857142857142,100.0,13.79,Baik (>75%),13.9,-0.3,0.79
STD-1034,Graduate,0,3.3,Rendah,Veterinary Nursing,2nd phase - general,Reguler (Siang),Perempuan,<=20,18,Single,Tidak,Lunas,Ya,Ya,Tidak,Domestik,118.2,129.0,5,4,13.25,5,5,15.571428571428571,90.0,14.41,Baik (>75%),10.8,1.4,1.74
STD-1035,Dropout,1,90.8,Tinggi,Communication Design,2nd phase - general,Reguler (Siang),Perempuan,<=20,18,Single,Tidak,Lunas,Tidak,Ya,Tidak,Domestik,121.7,136.0,6,2,13.0,6,0,0.0,16.7,6.5,Kritis (<25%),12.4,0.5,1.79
STD-1036,Enrolled,0,1.0,Rendah,Communication Design,1st phase - general,Reguler (Siang),Perempuan,<=20,18,Single,Tidak,Lunas,Ya,Tidak,Tidak,Domestik,118.0,125.0,6,6,14.333333333333334,6,6,14.0,100.0,14.17,Baik (>75%),11.1,0.6,2.02
STD-1037,Dropout,1,98.2,Tinggi,Social Service,2nd phase - general,Reguler (Siang),Perempuan,<=20,18,Single,Tidak,Lunas,Tidak,Tidak,Tidak,Domestik,119.8,125.0,6,0,0.0,6,0,0.0,0.0,0.0,Kritis (<25%),11.1,0.6,2.02
STD-1038,Graduate,0,3.6,Rendah,Social Service,1st phase - general,Reguler (Siang),Perempuan,<=20,18,Single,Tidak,Lunas,Tidak,Tidak,Tidak,Domestik,164.9,154.0,6,6,14.0,6,6,13.166666666666666,100.0,13.58,Baik (>75%),10.8,1.4,1.74
STD-1039,Graduate,0,5.2,Rendah,Veterinary Nursing,Transfer,Reguler (Siang),Perempuan,<=20,20,Single,Tidak,Lunas,Ya,Ya,Tidak,Domestik,100.0,100.0,2,2,12.0,6,6,12.833333333333334,100.0,12.42,Baik (>75%),13.9,-0.3,0.79
STD-1040,Enrolled,0,27.0,Rendah,Basic Education,1st phase - general,Reguler (Siang),Perempuan,<=20,18,Single,Tidak,Lunas,Tidak,Tidak,Tidak,Domestik,121.6,124.0,6,5,12.333333333333334,6,5,10.6,83.3,11.47,Baik (>75%),15.5,2.8,-4.06
STD-1041,Graduate,0,5.2,Rendah,Communication Design,2nd phase - general,Reguler (Siang),Perempuan,<=20,18,Single,Tidak,Lunas,Tidak,Ya,Tidak,Domestik,120.4,126.0,6,5,11.8,6,5,10.4,83.3,11.1,Baik (>75%),16.2,0.3,-0.92
STD-1042,Graduate,0,3.6,Rendah,Nursing,3rd phase - general,Reguler (Siang),Perempuan,<=20,20,Single,Tidak,Lunas,Ya,Tidak,Tidak,Domestik,117.8,124.0,8,7,12.791428571428572,8,7,12.791428571428572,87.5,12.79,Baik (>75%),10.8,1.4,1.74
STD-1043,Graduate,0,21.4,Rendah,Advertising & Marketing,Change of course,Reguler (Siang),Perempuan,>35,40,Divorced,Tidak,Lunas,Tidak,Tidak,Tidak,Domestik,110.0,150.0,8,8,11.625,7,5,11.2,86.7,11.41,Baik (>75%),9.4,-0.8,-3.12
STD-1044,Graduate,0,3.4,Rendah,Nursing,1st phase - general,Reguler (Siang),Perempuan,<=20,18,Single,Tidak,Lunas,Ya,Ya,Tidak,Domestik,128.8,133.0,7,6,11.994444444444444,8,7,12.43142857142857,86.7,12.21,Baik (>75%),15.5,2.8,-4.06
STD-1045,Graduate,0,7.2,Rendah,Tourism,1st phase - general,Reguler (Siang),Perempuan,<=20,19,Single,Tidak,Lunas,Tidak,Ya,Tidak,Domestik,116.6,126.0,6,5,11.6,6,5,12.2,83.3,11.9,Baik (>75%),13.9,-0.3,0.79
STD-1046,Dropout,1,87.7,Tinggi,Management (evening),Holder of other higher course,Kelas Malam,Perempuan,24-27,24,Single,Tidak,Lunas,Tidak,Tidak,Tidak,Domestik,120.0,120.0,5,0,0.0,5,0,0.0,0.0,0.0,Kritis (<25%),12.4,0.5,1.79
STD-1047,Dropout,1,14.0,Rendah,Journalism & Comm,1st phase - general,Reguler (Siang),Perempuan,<=20,19,Single,Tidak,Lunas,Tidak,Ya,Tidak,Domestik,157.5,175.0,6,6,13.166666666666666,6,6,13.166666666666666,100.0,13.17,Baik (>75%),10.8,1.4,1.74
STD-1048,Graduate,0,4.1,Rendah,Nursing,1st phase - general,Reguler (Siang),Perempuan,<=20,19,Single,Tidak,Lunas,Tidak,Ya,Tidak,Domestik,136.3,141.0,8,7,14.1,8,7,14.1,87.5,14.1,Baik (>75%),10.8,1.4,1.74
STD-1049,Graduate,0,2.4,Rendah,Nursing,1st phase - general,Reguler (Siang),Perempuan,<=20,20,Single,Tidak,Lunas,Ya,Ya,Tidak,Domestik,121.5,133.0,7,6,12.396666666666668,8,7,12.94285714285714,86.7,12.67,Baik (>75%),11.1,0.6,2.02
STD-1050,Graduate,0,4.7,Rendah,Nursing,1st phase - general,Reguler (Siang),Perempuan,<=20,18,Single,Tidak,Lunas,Tidak,Tidak,Tidak,Domestik,133.9,143.0,7,7,15.014285714285714,8,8,16.0875,100.0,15.55,Baik (>75%),12.4,0.5,1.79
STD-1051,Graduate,0,20.6,Rendah,Animation & Multimedia,1st phase - general,Reguler (Siang),Perempuan,<=20,18,Single,Tidak,Lunas,Ya,Ya,Tidak,Domestik,136.8,141.0,0,0,0.0,0,0,0.0,0.0,0.0,Kritis (<25%),13.9,-0.3,0.79
STD-1052,Graduate,0,4.8,Rendah,Nursing,2nd phase - general,Reguler (Siang),Perempuan,<=20,19,Single,Tidak,Lunas,Tidak,Ya,Tidak,Domestik,133.5,134.0,7,7,14.05,8,8,15.1,100.0,14.58,Baik (>75%),13.9,-0.3,0.79
STD-1053,Dropout,1,10.6,Rendah,Nursing,2nd phase - general,Reguler (Siang),Perempuan,<=20,18,Single,Tidak,Lunas,Tidak,Ya,Tidak,Domestik,130.0,138.0,7,7,14.85,8,8,15.2,100.0,15.02,Baik (>75%),13.9,-0.3,0.79
STD-1054,Graduate,0,4.0,Rendah,Veterinary Nursing,Tech. specialization holder,Reguler (Siang),Perempuan,<=20,19,Single,Tidak,Lunas,Tidak,Ya,Tidak,Domestik,140.0,140.0,6,6,13.0,6,5,13.0,91.7,13.0,Baik (>75%),12.4,0.5,1.79
STD-1055,Graduate,0,5.7,Rendah,Nursing,1st phase - general,Reguler (Siang),Perempuan,<=20,19,Single,Tidak,Lunas,Ya,Ya,Tidak,Domestik,132.7,142.0,7,7,14.7875,8,8,15.8625,100.0,15.32,Baik (>75%),13.9,-0.3,0.79
STD-1056,Graduate,0,1.6,Rendah,Nursing,1st phase - general,Reguler (Siang),Perempuan,<=20,19,Single,Tidak,Lunas,Ya,Tidak,Tidak,Domestik,117.8,118.0,7,7,13.7,8,7,14.671428571428574,93.3,14.19,Baik (>75%),12.4,0.5,1.79
STD-1057,Dropout,1,4.9,Rendah,Nursing,1st phase - general,Reguler (Siang),Perempuan,<=20,19,Single,Tidak,Lunas,Ya,Ya,Tidak,Domestik,126.1,131.0,7,7,12.495714285714286,8,7,12.242857142857144,93.3,12.37,Baik (>75%),11.1,0.6,2.02
STD-1058,Graduate,0,2.5,Rendah,Nursing,1st phase - general,Reguler (Siang),Perempuan,<=20,19,Single,Tidak,Lunas,Tidak,Tidak,Tidak,Domestik,120.0,130.0,7,6,14.566666666666668,7,6,14.566666666666668,85.7,14.57,Baik (>75%),7.6,2.6,0.32
STD-1059,Dropout,1,94.9,Tinggi,Advertising & Marketing,Over 23 years old,Reguler (Siang),Perempuan,24-27,25,Single,Ya,Menunggak,Tidak,Ya,Tidak,Domestik,100.0,133.1,5,5,11.2,5,4,11.25,90.0,11.22,Baik (>75%),9.4,-0.8,-3.12
STD-1060,Graduate,0,2.4,Rendah,Nursing,1st phase - general,Reguler (Siang),Perempuan,<=20,20,Single,Tidak,Lunas,Tidak,Tidak,Tidak,Domestik,116.8,130.0,8,7,12.685714285714283,8,7,12.685714285714283,87.5,12.69,Baik (>75%),12.7,3.7,-1.7
STD-1061,Dropout,1,32.9,Sedang,Social Service,Short cycle holder,Reguler (Siang),Perempuan,21-23,23,Single,Ya,Menunggak,Tidak,Tidak,Tidak,Domestik,128.3,130.0,9,7,13.571428571428571,9,4,13.25,61.1,13.41,Sedang (50-75%),8.9,1.4,3.51
STD-1062,Dropout,1,95.5,Tinggi,Communication Design,1st phase - general,Reguler (Siang),Perempuan,<=20,20,Single,Tidak,Lunas,Tidak,Tidak,Tidak,Domestik,117.0,133.1,6,0,0.0,6,0,0.0,0.0,0.0,Kritis (<25%),15.5,2.8,-4.06
STD-1063,Graduate,0,6.3,Rendah,Social Service (eve),Over 23 years old,Kelas Malam,Perempuan,24-27,27,Single,Tidak,Lunas,Tidak,Tidak,Tidak,Domestik,131.5,130.0,6,5,11.0,6,6,11.166666666666666,91.7,11.08,Baik (>75%),11.1,0.6,2.02
STD-1064,Graduate,0,2.2,Rendah,Nursing,1st phase - general,Reguler (Siang),Perempuan,<=20,18,Single,Tidak,Lunas,Tidak,Tidak,Tidak,Domestik,134.8,149.0,8,8,14.445,8,8,14.445,100.0,14.44,Baik (>75%),9.4,-0.8,-3.12
STD-1065,Enrolled,0,47.5,Sedang,Basic Education,1st phase - general,Reguler (Siang),Perempuan,<=20,18,Single,Ya,Lunas,Tidak,Ya,Tidak,Domestik,146.6,163.0,6,5,13.6,6,4,11.75,75.0,12.68,Sedang (50-75%),9.4,-0.8,-3.12
STD-1066,Dropout,1,34.8,Sedang,Social Service (eve),Holder of other higher course,Kelas Malam,Perempuan,21-23,23,Single,Ya,Menunggak,Tidak,Ya,Tidak,Domestik,130.0,130.0,12,11,14.0,10,8,14.625,86.4,14.31,Baik (>75%),13.9,-0.3,0.79
STD-1067,Graduate,0,3.0,Rendah,Nursing,1st phase - general,Reguler (Siang),Perempuan,<=20,19,Single,Tidak,Lunas,Ya,Ya,Tidak,Domestik,127.5,145.0,7,6,13.416666666666666,7,6,13.416666666666666,85.7,13.42,Baik (>75%),7.6,2.6,0.32
STD-1068,Graduate,0,4.1,Rendah,Management,1st phase - general,Reguler (Siang),Perempuan,<=20,18,Single,Tidak,Lunas,Tidak,Tidak,Tidak,Domestik,123.0,130.0,5,5,12.333333333333334,5,5,11.4,100.0,11.87,Baik (>75%),15.5,2.8,-4.06
STD-1069,Graduate,0,2.0,Rendah,Nursing,Change of course,Reguler (Siang),Perempuan,<=20,20,Single,Tidak,Lunas,Tidak,Ya,Tidak,Domestik,100.0,128.0,7,7,13.1,8,8,14.8125,100.0,13.96,Baik (>75%),13.9,-0.3,0.79
STD-1070,Graduate,0,9.5,Rendah,Advertising & Marketing,1st phase - general,Reguler (Siang),Perempuan,<=20,18,Single,Tidak,Lunas,Tidak,Ya,Tidak,Domestik,114.2,111.0,6,4,13.2,6,5,12.8,75.0,13.0,Sedang (50-75%),12.4,0.5,1.79
STD-1071,Graduate,0,3.0,Rendah,Nursing,1st phase - general,Reguler (Siang),Perempuan,<=20,19,Single,Tidak,Lunas,Ya,Ya,Tidak,Domestik,123.5,140.0,8,8,14.75,8,8,14.75,100.0,14.75,Baik (>75%),9.4,-0.8,-3.12
STD-1072,Graduate,0,1.8,Rendah,Social Service,Tech. specialization holder,Reguler (Siang),Perempuan,<=20,19,Single,Tidak,Lunas,Ya,Ya,Tidak,Domestik,144.3,140.0,6,6,13.142857142857142,6,6,14.333333333333334,100.0,13.74,Baik (>75%),12.4,0.5,1.79
STD-1073,Enrolled,0,14.4,Rendah,Basic Education,1st phase - general,Reguler (Siang),Perempuan,<=20,19,Single,Tidak,Lunas,Tidak,Tidak,Tidak,Domestik,142.2,145.0,6,4,12.5,6,5,12.5,75.0,12.5,Sedang (50-75%),9.4,-0.8,-3.12
STD-1074,Graduate,0,5.9,Rendah,Veterinary Nursing,1st phase - general,Reguler (Siang),Perempuan,<=20,18,Single,Tidak,Lunas,Tidak,Tidak,Tidak,Domestik,161.9,151.0,5,4,13.75,5,5,14.857142857142858,90.0,14.3,Baik (>75%),7.6,2.6,0.32
STD-1075,Graduate,0,4.4,Rendah,Social Service,1st phase - general,Reguler (Siang),Perempuan,<=20,18,Single,Tidak,Lunas,Tidak,Tidak,Tidak,Domestik,135.9,132.0,6,5,12.4,6,6,13.0,91.7,12.7,Baik (>75%),9.4,-0.8,-3.12
STD-1076,Graduate,0,4.0,Rendah,Journalism & Comm,1st phase - general,Reguler (Siang),Perempuan,<=20,18,Single,Tidak,Lunas,Tidak,Ya,Tidak,Domestik,110.1,116.0,6,6,13.333333333333334,6,6,12.0,100.0,12.67,Baik (>75%),11.1,0.6,2.02
STD-1077,Dropout,1,81.4,Tinggi,Basic Education,Ordinance 612/93,Reguler (Siang),Perempuan,28-35,28,Single,Tidak,Menunggak,Tidak,Tidak,Tidak,Domestik,122.5,120.0,11,11,11.727272727272728,8,8,12.0,100.0,11.86,Baik (>75%),15.5,2.8,-4.06
STD-1078,Dropout,1,86.6,Tinggi,Tourism,2nd phase - general,Reguler (Siang),Perempuan,<=20,19,Single,Tidak,Lunas,Tidak,Ya,Tidak,Domestik,138.1,158.0,6,4,12.5,6,1,14.0,41.7,13.25,Rendah (25-50%),7.6,2.6,0.32
STD-1079,Dropout,1,46.3,Sedang,Animation & Multimedia,Change of course,Reguler (Siang),Perempuan,<=20,20,Single,Ya,Lunas,Tidak,Ya,Tidak,Domestik,117.3,116.0,0,0,0.0,0,0,0.0,0.0,0.0,Kritis (<25%),13.9,-0.3,0.79
STD-1080,Graduate,0,2.2,Rendah,Nursing,1st phase - general,Reguler (Siang),Perempuan,<=20,19,Single,Tidak,Lunas,Ya,Ya,Tidak,Domestik,106.8,112.0,7,6,13.533333333333331,8,7,13.614285714285714,86.7,13.57,Baik (>75%),12.4,0.5,1.79
STD-1081,Graduate,0,4.9,Rendah,Communication Design,1st phase - general,Reguler (Siang),Perempuan,<=20,20,Single,Tidak,Lunas,Ya,Tidak,Ya,Domestik,120.1,126.0,6,6,13.166666666666666,6,6,12.666666666666666,100.0,12.92,Baik (>75%),11.1,0.6,2.02
STD-1082,Graduate,0,5.9,Rendah,Tourism,1st phase - general,Reguler (Siang),Perempuan,<=20,19,Single,Tidak,Lunas,Ya,Ya,Tidak,Domestik,116.5,120.0,6,5,13.2,6,5,11.0,83.3,12.1,Baik (>75%),12.4,0.5,1.79
STD-1083,Enrolled,0,16.3,Rendah,Communication Design,Change of institution/course,Reguler (Siang),Perempuan,21-23,21,Single,Tidak,Lunas,Tidak,Ya,Tidak,Domestik,120.0,117.0,6,5,12.2,6,4,12.6,75.0,12.4,Sedang (50-75%),8.9,1.4,3.51
STD-1084,Graduate,0,8.6,Rendah,Basic Education,1st phase - general,Reguler (Siang),Perempuan,<=20,19,Single,Tidak,Lunas,Ya,Ya,Tidak,Domestik,139.7,153.0,7,7,13.428571428571429,7,7,14.857142857142858,100.0,14.14,Baik (>75%),11.1,0.6,2.02
STD-1085,Graduate,0,22.7,Rendah,Communication Design,1st phase - general,Reguler (Siang),Perempuan,<=20,18,Single,Tidak,Lunas,Ya,Ya,Tidak,Domestik,123.7,124.0,6,6,12.714285714285714,6,6,12.625,100.0,12.67,Baik (>75%),13.9,-0.3,0.79
STD-1086,Dropout,1,95.4,Tinggi,Equinculture,2nd phase - general,Reguler (Siang),Perempuan,<=20,19,Single,Tidak,Lunas,Tidak,Tidak,Tidak,Domestik,116.5,127.0,6,0,0.0,6,0,0.0,0.0,0.0,Kritis (<25%),15.5,2.8,-4.06
STD-1087,Graduate,0,7.5,Rendah,Advertising & Marketing,2nd phase - general,Reguler (Siang),Perempuan,<=20,19,Single,Tidak,Lunas,Ya,Tidak,Tidak,Domestik,122.2,126.0,6,6,13.666666666666666,6,6,13.666666666666666,100.0,13.67,Baik (>75%),8.9,1.4,3.51
STD-1088,Graduate,0,6.9,Rendah,Journalism & Comm,1st phase - general,Reguler (Siang),Perempuan,<=20,20,Single,Ya,Lunas,Tidak,Tidak,Tidak,Domestik,146.0,133.1,6,5,11.0,6,6,13.166666666666666,91.7,12.08,Baik (>75%),16.2,0.3,-0.92
STD-1089,Enrolled,0,15.3,Rendah,Basic Education,2nd phase - general,Reguler (Siang),Perempuan,<=20,18,Single,Tidak,Lunas,Tidak,Ya,Tidak,Domestik,108.8,114.0,7,5,11.4,7,6,13.333333333333334,78.6,12.37,Baik (>75%),13.9,-0.3,0.79
STD-1090,Enrolled,0,65.4,Tinggi,Animation & Multimedia,Change of course,Reguler (Siang),Perempuan,<=20,18,Single,Tidak,Lunas,Tidak,Tidak,Tidak,Domestik,133.0,133.0,0,0,0.0,0,0,0.0,0.0,0.0,Kritis (<25%),15.5,2.8,-4.06
STD-1091,Graduate,0,4.2,Rendah,Equinculture,2nd phase - general,Reguler (Siang),Perempuan,<=20,18,Single,Tidak,Lunas,Tidak,Tidak,Tidak,Domestik,123.8,130.0,5,4,12.0,5,5,12.0,90.0,12.0,Baik (>75%),7.6,2.6,0.32
STD-1092,Dropout,1,94.7,Tinggi,Journalism & Comm,2nd phase - general,Reguler (Siang),Perempuan,<=20,18,Single,Tidak,Lunas,Tidak,Tidak,Tidak,Domestik,120.0,127.0,6,0,0.0,6,0,0.0,0.0,0.0,Kritis (<25%),8.9,1.4,3.51
STD-1093,Graduate,0,5.9,Rendah,Social Service,2nd phase - general,Reguler (Siang),Perempuan,<=20,18,Single,Tidak,Lunas,Tidak,Ya,Tidak,Domestik,126.9,143.0,6,5,11.0,6,6,11.666666666666666,91.7,11.33,Baik (>75%),7.6,2.6,0.32
STD-1094,Dropout,1,6.3,Rendah,Journalism & Comm,3rd phase - general,Reguler (Siang),Perempuan,<=20,20,Single,Tidak,Lunas,Tidak,Ya,Tidak,Domestik,121.3,130.0,6,5,12.0,6,6,11.571428571428571,91.7,11.79,Baik (>75%),15.5,2.8,-4.06
STD-1095,Graduate,0,4.1,Rendah,Nursing,2nd phase - general,Reguler (Siang),Perempuan,<=20,19,Single,Tidak,Lunas,Ya,Ya,Tidak,Domestik,129.0,136.0,7,7,13.308571428571428,8,8,12.55,100.0,12.93,Baik (>75%),12.4,0.5,1.79
STD-1096,Dropout,1,95.1,Tinggi,Basic Education,1st phase - general,Reguler (Siang),Perempuan,21-23,21,Single,Ya,Menunggak,Tidak,Ya,Tidak,Domestik,114.9,125.0,6,3,13.666666666666666,6,3,10.666666666666666,50.0,12.17,Rendah (25-50%),15.5,2.8,-4.06
STD-1097,Dropout,1,97.9,Tinggi,Advertising & Marketing,2nd phase - general,Reguler (Siang),Perempuan,<=20,20,Single,Ya,Menunggak,Tidak,Ya,Tidak,Domestik,106.5,110.0,6,0,0.0,6,0,0.0,0.0,0.0,Kritis (<25%),10.8,1.4,1.74
STD-1098,Graduate,0,6.5,Rendah,Tourism,1st phase - general,Reguler (Siang),Perempuan,<=20,18,Single,Tidak,Lunas,Tidak,Ya,Tidak,Domestik,133.9,130.0,6,5,12.2,6,4,11.25,75.0,11.72,Sedang (50-75%),9.4,-0.8,-3.12
STD-1099,Graduate,0,3.4,Rendah,Journalism & Comm,1st phase - general,Reguler (Siang),Perempuan,<=20,20,Single,Tidak,Lunas,Ya,Tidak,Tidak,Domestik,124.9,135.0,6,6,12.666666666666666,6,6,12.833333333333334,100.0,12.75,Baik (>75%),10.8,1.4,1.74
STD-1100,Graduate,0,2.7,Rendah,Nursing,1st phase - general,Reguler (Siang),Perempuan,<=20,19,Single,Tidak,Lunas,Ya,Ya,Tidak,Domestik,128.5,133.0,8,8,14.07125,8,8,14.07125,100.0,14.07,Baik (>75%),9.4,-0.8,-3.12
STD-1101,Dropout,1,8.6,Rendah,Veterinary Nursing,1st phase - general,Reguler (Siang),Perempuan,21-23,22,Single,Tidak,Lunas,Tidak,Ya,Tidak,Domestik,126.2,122.0,5,4,14.25,5,5,13.2,90.0,13.72,Baik (>75%),9.4,-0.8,-3.12
STD-1102,Dropout,1,95.0,Tinggi,Equinculture,2nd phase - general,Reguler (Siang),Perempuan,21-23,22,Single,Tidak,Menunggak,Tidak,Ya,Tidak,Domestik,121.7,122.0,6,0,0.0,2,0,0.0,0.0,0.0,Kritis (<25%),9.4,-0.8,-3.12
STD-1103,Enrolled,0,61.3,Tinggi,Basic Education,1st phase - general,Reguler (Siang),Perempuan,<=20,18,Single,Tidak,Lunas,Tidak,Ya,Tidak,Domestik,120.0,121.0,6,3,12.0,6,4,10.25,58.3,11.12,Sedang (50-75%),10.8,1.4,1.74
STD-1104,Enrolled,0,24.8,Rendah,Management,Change of course,Reguler (Siang),Perempuan,21-23,21,Single,Tidak,Lunas,Tidak,Tidak,Tidak,Domestik,113.2,123.0,10,6,11.166666666666666,10,7,10.571428571428571,65.0,10.87,Sedang (50-75%),7.6,2.6,0.32
STD-1105,Graduate,0,14.8,Rendah,Social Service,1st phase - general,Reguler (Siang),Perempuan,<=20,19,Single,Tidak,Lunas,Tidak,Ya,Tidak,Domestik,120.3,128.0,6,2,13.0,6,5,11.6,58.3,12.3,Sedang (50-75%),7.6,2.6,0.32
STD-1106,Dropout,1,34.4,Sedang,Animation & Multimedia,1st phase - general,Reguler (Siang),Perempuan,<=20,19,Single,Tidak,Lunas,Tidak,Ya,Tidak,Domestik,127.8,139.0,0,0,0.0,0,0,0.0,0.0,0.0,Kritis (<25%),10.8,1.4,1.74
STD-1107,Dropout,1,17.6,Rendah,Nursing,1st phase - general,Reguler (Siang),Perempuan,<=20,20,Single,Tidak,Lunas,Ya,Ya,Tidak,Domestik,123.3,124.0,8,7,14.901428571428571,8,7,14.901428571428571,87.5,14.9,Baik (>75%),9.4,-0.8,-3.12
STD-1108,Graduate,0,6.7,Rendah,Nursing,1st phase - general,Reguler (Siang),Perempuan,<=20,18,Single,Ya,Lunas,Ya,Ya,Tidak,Domestik,126.3,135.0,7,7,12.65,8,8,12.445555555555554,100.0,12.55,Baik (>75%),15.5,2.8,-4.06
STD-1109,Dropout,1,60.1,Tinggi,Management (evening),Change of institution/course,Kelas Malam,Perempuan,21-23,22,Single,Tidak,Menunggak,Tidak,Tidak,Tidak,Domestik,128.2,110.0,12,7,11.0,5,5,10.6,70.6,10.8,Sedang (50-75%),8.9,1.4,3.51
STD-1110,Graduate,0,3.3,Rendah,Veterinary Nursing,2nd phase - general,Reguler (Siang),Perempuan,<=20,20,Single,Tidak,Lunas,Tidak,Ya,Tidak,Domestik,134.9,138.0,5,4,12.4,5,5,12.666666666666666,90.0,12.53,Baik (>75%),7.6,2.6,0.32
STD-1111,Graduate,0,2.6,Rendah,Agronomy,Tech. specialization holder,Reguler (Siang),Perempuan,<=20,19,Single,Tidak,Lunas,Tidak,Tidak,Tidak,Domestik,140.0,140.0,6,6,12.0,6,6,12.666666666666666,100.0,12.33,Baik (>75%),12.4,0.5,1.79
STD-1112,Graduate,0,2.4,Rendah,Nursing,1st phase - general,Reguler (Siang),Perempuan,<=20,19,Single,Tidak,Lunas,Ya,Ya,Tidak,Domestik,115.5,126.0,7,7,12.135714285714286,8,7,13.328571428571427,93.3,12.73,Baik (>75%),12.4,0.5,1.79
STD-1113,Enrolled,0,2.2,Rendah,Nursing,1st phase - general,Reguler (Siang),Perempuan,<=20,20,Single,Tidak,Lunas,Ya,Ya,Tidak,Domestik,106.7,113.0,7,5,12.62,7,6,12.5,78.6,12.56,Baik (>75%),11.1,0.6,2.02
STD-1114,Enrolled,0,37.5,Sedang,Management (evening),Over 23 years old,Kelas Malam,Perempuan,24-27,25,Single,Tidak,Lunas,Tidak,Tidak,Tidak,Domestik,140.0,120.0,5,3,10.666666666666666,5,3,11.333333333333334,60.0,11.0,Sedang (50-75%),15.5,2.8,-4.06
STD-1115,Graduate,0,2.2,Rendah,Nursing,1st phase - general,Reguler (Siang),Perempuan,<=20,19,Single,Tidak,Lunas,Ya,Tidak,Tidak,Domestik,136.6,145.0,7,6,13.766666666666666,8,7,14.051428571428572,86.7,13.91,Baik (>75%),15.5,2.8,-4.06
STD-1116,Graduate,0,2.2,Rendah,Nursing,3rd phase - general,Reguler (Siang),Perempuan,<=20,19,Single,Tidak,Lunas,Tidak,Ya,Tidak,Domestik,119.3,124.0,8,8,13.11625,8,8,13.11625,100.0,13.12,Baik (>75%),9.4,-0.8,-3.12
STD-1117,Dropout,1,94.7,Tinggi,Communication Design,1st phase - general,Reguler (Siang),Perempuan,<=20,19,Single,Tidak,Menunggak,Tidak,Ya,Tidak,Domestik,152.0,160.0,5,0,0.0,6,0,0.0,0.0,0.0,Kritis (<25%),10.8,1.4,1.74
STD-1118,Graduate,0,3.5,Rendah,Nursing,1st phase - general,Reguler (Siang),Perempuan,<=20,20,Single,Tidak,Lunas,Tidak,Tidak,Tidak,Domestik,144.3,138.0,7,6,12.7,8,7,13.571428571428571,86.7,13.14,Baik (>75%),13.9,-0.3,0.79
STD-1119,Enrolled,0,16.5,Rendah,Oral Hygiene,Over 23 years old,Reguler (Siang),Perempuan,24-27,25,Single,Tidak,Lunas,Tidak,Ya,Tidak,Domestik,159.0,130.0,7,7,11.857142857142858,8,5,11.7,80.0,11.78,Baik (>75%),12.4,0.5,1.79
STD-1120,Graduate,0,1.9,Rendah,Nursing,2nd phase - general,Reguler (Siang),Perempuan,<=20,20,Single,Tidak,Lunas,Ya,Ya,Tidak,Domestik,129.5,127.0,7,6,12.333333333333334,7,6,12.333333333333334,85.7,12.33,Baik (>75%),7.6,2.6,0.32
STD-1121,Enrolled,0,9.1,Rendah,Social Service,Over 23 years old,Reguler (Siang),Perempuan,24-27,24,Single,Tidak,Lunas,Tidak,Ya,Tidak,Domestik,140.0,170.0,6,4,15.75,6,5,16.4,75.0,16.08,Sedang (50-75%),9.4,-0.8,-3.12
STD-1122,Graduate,0,2.6,Rendah,Advertising & Marketing,1st phase - general,Reguler (Siang),Perempuan,<=20,20,Single,Tidak,Lunas,Tidak,Tidak,Tidak,Domestik,105.4,111.0,5,5,13.333333333333334,5,5,13.2,100.0,13.27,Baik (>75%),7.6,2.6,0.32
STD-1123,Graduate,0,4.7,Rendah,Nursing,Transfer,Reguler (Siang),Perempuan,21-23,21,Single,Tidak,Lunas,Tidak,Ya,Tidak,Domestik,136.0,100.0,7,7,14.355555555555554,8,8,13.49375,100.0,13.92,Baik (>75%),15.5,2.8,-4.06
STD-1124,Graduate,0,11.5,Rendah,Agronomy,Tech. specialization holder,Reguler (Siang),Perempuan,<=20,19,Single,Ya,Lunas,Ya,Tidak,Tidak,Domestik,160.0,160.0,6,6,13.0,6,5,13.0,91.7,13.0,Baik (>75%),15.5,2.8,-4.06
STD-1125,Graduate,0,2.4,Rendah,Journalism & Comm,1st phase - general,Reguler (Siang),Perempuan,<=20,19,Single,Tidak,Lunas,Ya,Tidak,Tidak,Domestik,139.1,152.0,6,6,12.833333333333334,6,6,13.5,100.0,13.17,Baik (>75%),16.2,0.3,-0.92
STD-1126,Graduate,0,3.8,Rendah,Advertising & Marketing,1st phase - general,Reguler (Siang),Perempuan,21-23,21,Single,Tidak,Lunas,Ya,Tidak,Tidak,Domestik,126.9,144.0,5,5,13.2,5,4,13.0,90.0,13.1,Baik (>75%),9.4,-0.8,-3.12
STD-1127,Graduate,0,19.1,Rendah,Nursing,Over 23 years old,Reguler (Siang),Perempuan,28-35,28,Single,Tidak,Lunas,Tidak,Tidak,Tidak,Domestik,184.0,133.8,7,7,17.005555555555556,8,8,16.582222222222224,100.0,16.79,Baik (>75%),15.5,2.8,-4.06
STD-1128,Graduate,0,70.8,Tinggi,Social Service,1st phase - general,Reguler (Siang),Perempuan,<=20,19,Single,Ya,Menunggak,Ya,Ya,Tidak,Domestik,125.0,125.0,6,5,10.6,6,5,11.0,83.3,10.8,Baik (>75%),10.8,1.4,1.74
STD-1129,Graduate,0,1.7,Rendah,Management,1st phase - general,Reguler (Siang),Perempuan,<=20,18,Single,Tidak,Lunas,Ya,Tidak,Tidak,Domestik,138.5,150.0,5,5,14.0,5,5,13.6,100.0,13.8,Baik (>75%),12.4,0.5,1.79
STD-1130,Graduate,0,1.3,Rendah,Nursing,2nd phase - general,Reguler (Siang),Perempuan,<=20,18,Facto Union,Tidak,Lunas,Ya,Ya,Tidak,Domestik,133.5,143.0,8,7,12.114285714285714,8,7,12.114285714285714,87.5,12.11,Baik (>75%),12.7,3.7,-1.7
STD-1131,Graduate,0,3.4,Rendah,Nursing,1st phase - general,Reguler (Siang),Perempuan,<=20,18,Single,Tidak,Lunas,Ya,Ya,Tidak,Domestik,141.5,145.0,8,8,13.05875,8,8,13.05875,100.0,13.06,Baik (>75%),9.4,-0.8,-3.12
STD-1132,Graduate,0,7.3,Rendah,Nursing,Transfer,Reguler (Siang),Perempuan,21-23,22,Single,Tidak,Lunas,Tidak,Ya,Tidak,Domestik,130.0,120.0,8,7,13.285714285714286,8,7,13.285714285714286,87.5,13.29,Baik (>75%),12.7,3.7,-1.7
STD-1133,Enrolled,0,3.0,Rendah,Management,1st phase - general,Reguler (Siang),Perempuan,<=20,19,Single,Tidak,Lunas,Tidak,Ya,Tidak,Domestik,131.0,138.0,5,4,11.0,5,3,10.666666666666666,70.0,10.83,Sedang (50-75%),12.4,0.5,1.79
STD-1134,Graduate,0,4.2,Rendah,Nursing,1st phase - general,Reguler (Siang),Perempuan,<=20,18,Single,Tidak,Lunas,Ya,Tidak,Tidak,Domestik,145.0,145.0,7,7,14.071428571428571,8,8,15.1625,100.0,14.62,Baik (>75%),13.9,-0.3,0.79
STD-1135,Dropout,1,98.3,Tinggi,Tourism,2nd phase - general,Reguler (Siang),Perempuan,<=20,20,Single,Tidak,Menunggak,Tidak,Tidak,Tidak,Domestik,114.3,122.0,6,0,0.0,6,0,0.0,0.0,0.0,Kritis (<25%),15.5,2.8,-4.06
STD-1136,Dropout,1,93.9,Tinggi,Animation & Multimedia,Tech. specialization holder,Reguler (Siang),Perempuan,24-27,26,Single,Tidak,Menunggak,Tidak,Tidak,Tidak,Domestik,108.3,110.0,9,4,11.25,10,3,11.0,36.8,11.12,Rendah (25-50%),12.4,0.5,1.79
STD-1137,Graduate,0,2.7,Rendah,Communication Design,1st phase - general,Reguler (Siang),Perempuan,<=20,18,Single,Tidak,Lunas,Ya,Ya,Tidak,Domestik,125.2,136.0,6,6,14.0,6,6,13.625,100.0,13.81,Baik (>75%),10.8,1.4,1.74
STD-1138,Dropout,1,7.1,Rendah,Tourism,1st phase - general,Reguler (Siang),Perempuan,21-23,21,Single,Tidak,Lunas,Ya,Ya,Tidak,Domestik,131.7,145.0,6,6,12.166666666666666,6,3,11.666666666666666,75.0,11.92,Sedang (50-75%),10.8,1.4,1.74
STD-1139,Graduate,0,3.5,Rendah,Nursing,2nd phase - general,Reguler (Siang),Perempuan,<=20,18,Single,Tidak,Lunas,Tidak,Ya,Tidak,Domestik,126.3,141.0,8,7,13.297142857142855,8,7,13.297142857142855,87.5,13.3,Baik (>75%),10.8,1.4,1.74
STD-1140,Graduate,0,1.7,Rendah,Veterinary Nursing,1st phase - general,Reguler (Siang),Perempuan,<=20,20,Single,Tidak,Lunas,Tidak,Ya,Tidak,Domestik,147.6,149.0,6,6,13.923076923076923,6,6,14.25,100.0,14.09,Baik (>75%),15.5,2.8,-4.06
STD-1141,Graduate,0,4.2,Rendah,Nursing,1st phase - general,Reguler (Siang),Perempuan,<=20,18,Single,Tidak,Lunas,Tidak,Ya,Tidak,Domestik,125.1,130.0,7,7,13.37,8,7,12.833333333333334,93.3,13.1,Baik (>75%),15.5,2.8,-4.06
STD-1142,Enrolled,0,15.1,Rendah,Management,2nd phase - general,Reguler (Siang),Perempuan,<=20,19,Single,Tidak,Lunas,Ya,Tidak,Tidak,Domestik,123.8,121.0,5,5,12.4,5,3,11.0,80.0,11.7,Baik (>75%),12.7,3.7,-1.7
STD-1143,Dropout,1,4.8,Rendah,Advertising & Marketing,1st phase - general,Reguler (Siang),Perempuan,<=20,20,Single,Tidak,Lunas,Tidak,Ya,Tidak,Domestik,130.8,128.0,5,4,15.0,5,4,13.75,80.0,14.38,Baik (>75%),7.6,2.6,0.32
STD-1144,Graduate,0,2.8,Rendah,Basic Education,1st phase - general,Reguler (Siang),Perempuan,<=20,18,Single,Ya,Lunas,Ya,Tidak,Tidak,Domestik,154.1,152.0,6,6,13.333333333333334,6,6,12.571428571428571,100.0,12.95,Baik (>75%),12.7,3.7,-1.7
STD-1145,Enrolled,0,4.4,Rendah,Management,1st phase - Madeira,Reguler (Siang),Perempuan,<=20,20,Single,Tidak,Lunas,Ya,Ya,Tidak,Domestik,122.6,132.0,5,3,12.0,5,4,12.625,70.0,12.31,Sedang (50-75%),10.8,1.4,1.74
STD-1146,Graduate,0,12.4,Rendah,Social Service (eve),1st phase - general,Kelas Malam,Perempuan,21-23,22,Single,Tidak,Lunas,Tidak,Ya,Tidak,Domestik,103.5,107.0,6,5,13.4,6,5,12.2,83.3,12.8,Baik (>75%),7.6,2.6,0.32
STD-1147,Enrolled,0,21.0,Rendah,Animation & Multimedia,1st phase - general,Reguler (Siang),Perempuan,<=20,18,Single,Tidak,Lunas,Tidak,Ya,Tidak,Domestik,132.8,131.0,0,0,0.0,0,0,0.0,0.0,0.0,Kritis (<25%),7.6,2.6,0.32
STD-1148,Graduate,0,4.2,Rendah,Management (evening),Change of institution/course,Kelas Malam,Perempuan,21-23,21,Single,Tidak,Lunas,Tidak,Tidak,Tidak,Domestik,100.0,141.0,5,4,11.5,5,5,11.4,90.0,11.45,Baik (>75%),8.9,1.4,3.51
STD-1149,Enrolled,0,14.1,Rendah,Basic Education,3rd phase - general,Reguler (Siang),Perempuan,<=20,18,Single,Tidak,Lunas,Tidak,Tidak,Tidak,Domestik,115.8,120.0,7,6,12.0,7,6,12.166666666666666,85.7,12.08,Baik (>75%),13.9,-0.3,0.79
STD-1150,Graduate,0,2.3,Rendah,Nursing,1st phase - general,Reguler (Siang),Perempuan,<=20,18,Single,Tidak,Lunas,Tidak,Tidak,Tidak,Domestik,133.8,148.0,8,7,13.485714285714284,8,7,13.485714285714284,87.5,13.49,Baik (>75%),12.7,3.7,-1.7
STD-1151,Graduate,0,2.2,Rendah,Communication Design,1st phase - general,Reguler (Siang),Perempuan,<=20,18,Single,Tidak,Lunas,Ya,Tidak,Ya,Domestik,118.5,130.0,6,6,12.0,6,6,11.285714285714286,100.0,11.64,Baik (>75%),8.9,1.4,3.51
STD-1152,Dropout,1,30.7,Sedang,Animation & Multimedia,2nd phase - general,Reguler (Siang),Perempuan,<=20,19,Single,Tidak,Lunas,Tidak,Ya,Tidak,Domestik,150.3,145.0,0,0,0.0,0,0,0.0,0.0,0.0,Kritis (<25%),15.5,2.8,-4.06
STD-1153,Enrolled,0,11.8,Rendah,Management,2nd phase - general,Reguler (Siang),Perempuan,<=20,19,Single,Tidak,Lunas,Tidak,Ya,Tidak,Domestik,107.8,112.0,5,3,10.333333333333334,5,3,14.428571428571429,60.0,12.38,Sedang (50-75%),10.8,1.4,1.74
STD-1154,Enrolled,0,19.6,Rendah,Nursing,1st phase - general,Reguler (Siang),Perempuan,<=20,19,Single,Tidak,Lunas,Tidak,Ya,Tidak,Domestik,127.5,138.0,7,5,12.94,7,5,13.76,71.4,13.35,Sedang (50-75%),16.2,0.3,-0.92
STD-1155,Graduate,0,3.6,Rendah,Nursing,1st phase - general,Reguler (Siang),Perempuan,<=20,19,Single,Tidak,Lunas,Tidak,Ya,Tidak,Domestik,120.5,135.0,8,7,13.258571428571427,8,7,13.258571428571427,87.5,13.26,Baik (>75%),10.8,1.4,1.74
STD-1156,Enrolled,0,6.1,Rendah,Management,1st phase - general,Reguler (Siang),Perempuan,<=20,19,Single,Tidak,Lunas,Tidak,Ya,Tidak,Domestik,117.3,118.0,5,4,12.25,5,4,12.0,80.0,12.12,Baik (>75%),8.9,1.4,3.51
STD-1157,Dropout,1,92.6,Tinggi,Tourism,2nd phase - general,Reguler (Siang),Perempuan,<=20,19,Single,Tidak,Menunggak,Tidak,Ya,Tidak,Domestik,120.6,123.0,6,3,11.666666666666666,6,1,10.0,33.3,10.83,Rendah (25-50%),10.8,1.4,1.74
STD-1158,Graduate,0,3.6,Rendah,Tourism,1st phase - Madeira,Reguler (Siang),Perempuan,21-23,21,Single,Tidak,Lunas,Ya,Ya,Tidak,Domestik,118.7,126.0,6,6,13.571428571428571,6,6,12.5,100.0,13.04,Baik (>75%),8.9,1.4,3.51
STD-1159,Graduate,0,3.7,Rendah,Journalism & Comm,1st phase - general,Reguler (Siang),Perempuan,<=20,20,Single,Tidak,Lunas,Ya,Tidak,Tidak,Internasional,130.8,150.0,6,5,11.8,6,5,11.833333333333334,83.3,11.82,Baik (>75%),15.5,2.8,-4.06
STD-1160,Graduate,0,2.8,Rendah,Management,1st phase - general,Reguler (Siang),Perempuan,<=20,20,Single,Tidak,Lunas,Ya,Ya,Tidak,Domestik,112.6,121.0,5,5,14.2,5,5,13.285714285714286,100.0,13.74,Baik (>75%),11.1,0.6,2.02
STD-1161,Graduate,0,7.1,Rendah,Management (evening),Over 23 years old,Kelas Malam,Perempuan,>35,41,Single,Tidak,Lunas,Tidak,Tidak,Tidak,Domestik,117.2,133.1,5,5,11.0,5,5,11.8,100.0,11.4,Baik (>75%),7.6,2.6,0.32
STD-1162,Enrolled,0,10.8,Rendah,Nursing,Holder of other higher course,Reguler (Siang),Perempuan,28-35,32,Divorced,Tidak,Lunas,Tidak,Ya,Tidak,Domestik,130.0,130.0,7,4,13.625,7,7,12.6375,78.6,13.13,Baik (>75%),12.4,0.5,1.79
STD-1163,Graduate,0,4.2,Rendah,Nursing,2nd phase - general,Reguler (Siang),Perempuan,<=20,18,Single,Tidak,Lunas,Tidak,Ya,Tidak,Domestik,131.8,139.0,8,7,14.652857142857142,8,7,14.652857142857142,87.5,14.65,Baik (>75%),10.8,1.4,1.74
STD-1164,Graduate,0,2.5,Rendah,Social Service (eve),Over 23 years old,Kelas Malam,Perempuan,28-35,35,Divorced,Tidak,Lunas,Ya,Tidak,Tidak,Domestik,97.0,160.0,6,6,11.333333333333334,6,6,11.333333333333334,100.0,11.33,Baik (>75%),15.5,2.8,-4.06
STD-1165,Dropout,1,98.5,Tinggi,Nursing,Over 23 years old,Reguler (Siang),Perempuan,28-35,32,Single,Ya,Menunggak,Tidak,Tidak,Tidak,Domestik,130.0,110.0,7,4,13.7,7,0,0.0,28.6,6.85,Rendah (25-50%),16.2,0.3,-0.92
STD-1166,Graduate,0,5.8,Rendah,Social Service (eve),Over 23 years old,Kelas Malam,Perempuan,>35,37,Single,Tidak,Lunas,Tidak,Tidak,Tidak,Domestik,148.0,140.0,11,11,13.727272727272728,8,8,14.75,100.0,14.24,Baik (>75%),12.4,0.5,1.79
STD-1167,Dropout,1,8.9,Rendah,Management,Over 23 years old,Reguler (Siang),Perempuan,28-35,30,Married,Tidak,Lunas,Tidak,Tidak,Tidak,Domestik,103.4,130.0,7,7,11.75,8,7,11.142857142857142,93.3,11.45,Baik (>75%),12.7,3.7,-1.7
STD-1168,Graduate,0,20.7,Rendah,Journalism & Comm,Change of course,Reguler (Siang),Laki-laki,21-23,23,Single,Tidak,Lunas,Tidak,Tidak,Tidak,Domestik,127.1,132.0,6,6,12.333333333333334,6,5,13.0,91.7,12.67,Baik (>75%),7.6,2.6,0.32
STD-1169,Dropout,1,4.6,Rendah,Journalism & Comm,2nd phase - general,Reguler (Siang),Perempuan,<=20,20,Single,Tidak,Lunas,Ya,Ya,Tidak,Domestik,124.0,139.0,6,6,14.0,6,6,13.857142857142858,100.0,13.93,Baik (>75%),15.5,2.8,-4.06
STD-1170,Graduate,0,10.6,Rendah,Advertising & Marketing,1st phase - general,Reguler (Siang),Laki-laki,21-23,21,Single,Tidak,Lunas,Tidak,Tidak,Tidak,Domestik,121.4,135.0,5,4,11.5,5,4,11.75,80.0,11.62,Baik (>75%),9.4,-0.8,-3.12
STD-1171,Graduate,0,4.0,Rendah,Management,1st phase - general,Reguler (Siang),Laki-laki,<=20,19,Single,Tidak,Lunas,Tidak,Tidak,Tidak,Domestik,118.1,117.0,5,5,11.2,5,5,13.2,100.0,12.2,Baik (>75%),12.4,0.5,1.79
STD-1172,Graduate,0,3.1,Rendah,Nursing,2nd phase - general,Reguler (Siang),Laki-laki,<=20,18,Single,Tidak,Lunas,Ya,Ya,Tidak,Domestik,121.3,137.0,8,7,15.07,8,7,15.07,87.5,15.07,Baik (>75%),10.8,1.4,1.74
STD-1173,Dropout,1,73.0,Tinggi,Informatics Engineering,Transfer,Reguler (Siang),Laki-laki,<=20,18,Single,Tidak,Lunas,Tidak,Tidak,Tidak,Domestik,119.5,144.0,5,1,10.0,5,1,12.0,20.0,11.0,Kritis (<25%),10.8,1.4,1.74
STD-1174,Enrolled,0,10.9,Rendah,Management (evening),Over 23 years old,Kelas Malam,Laki-laki,24-27,24,Single,Tidak,Lunas,Tidak,Tidak,Tidak,Domestik,115.2,130.0,5,4,12.0,5,5,12.666666666666666,90.0,12.33,Baik (>75%),12.4,0.5,1.79
STD-1175,Graduate,0,38.1,Sedang,Advertising & Marketing,3rd phase - general,Reguler (Siang),Laki-laki,21-23,22,Single,Tidak,Lunas,Tidak,Ya,Tidak,Domestik,130.2,140.0,6,4,13.0,6,4,12.6,66.7,12.8,Sedang (50-75%),12.7,3.7,-1.7
STD-1176,Dropout,1,51.9,Sedang,Tourism,2nd phase - general,Reguler (Siang),Laki-laki,<=20,18,Single,Tidak,Lunas,Tidak,Ya,Tidak,Domestik,130.0,130.0,6,4,11.0,6,3,11.25,58.3,11.12,Sedang (50-75%),16.2,0.3,-0.92
STD-1177,Graduate,0,3.3,Rendah,Social Service,1st phase - Madeira,Reguler (Siang),Perempuan,<=20,18,Single,Tidak,Lunas,Tidak,Ya,Tidak,Domestik,126.9,130.0,6,6,13.571428571428571,6,5,12.166666666666666,91.7,12.87,Baik (>75%),9.4,-0.8,-3.12
STD-1178,Graduate,0,4.0,Rendah,Communication Design,1st phase - general,Reguler (Siang),Laki-laki,21-23,21,Single,Tidak,Lunas,Tidak,Ya,Tidak,Internasional,168.5,152.0,6,5,14.6,6,5,14.2,83.3,14.4,Baik (>75%),16.2,0.3,-0.92
STD-1179,Dropout,1,92.6,Tinggi,Nursing,Over 23 years old,Reguler (Siang),Perempuan,>35,38,Divorced,Ya,Lunas,Tidak,Tidak,Tidak,Domestik,130.0,133.1,7,3,11.833333333333334,7,2,10.0,35.7,10.92,Rendah (25-50%),16.2,0.3,-0.92
STD-1180,Graduate,0,2.6,Rendah,Oral Hygiene,3rd phase - general,Reguler (Siang),Perempuan,<=20,19,Single,Tidak,Lunas,Ya,Tidak,Tidak,Domestik,122.8,140.0,7,7,12.625,8,8,12.5125,100.0,12.57,Baik (>75%),12.7,3.7,-1.7
STD-1181,Dropout,1,73.8,Tinggi,Nursing,Over 23 years old,Reguler (Siang),Perempuan,>35,36,Legally Separated,Tidak,Lunas,Tidak,Tidak,Tidak,Domestik,110.0,133.1,7,4,11.5,7,3,12.333333333333334,50.0,11.92,Rendah (25-50%),16.2,0.3,-0.92
STD-1182,Graduate,0,6.5,Rendah,Veterinary Nursing,1st phase - Madeira,Reguler (Siang),Perempuan,<=20,18,Single,Tidak,Lunas,Tidak,Ya,Tidak,Domestik,127.1,140.0,5,4,13.25,5,4,10.5,80.0,11.88,Baik (>75%),12.7,3.7,-1.7
STD-1183,Graduate,0,1.9,Rendah,Nursing,1st phase - general,Reguler (Siang),Perempuan,<=20,19,Single,Tidak,Lunas,Tidak,Ya,Tidak,Domestik,108.5,133.1,7,7,12.60625,8,6,11.9,86.7,12.25,Baik (>75%),12.4,0.5,1.79
STD-1184,Dropout,1,22.4,Rendah,Veterinary Nursing,Short cycle holder,Reguler (Siang),Perempuan,21-23,21,Single,Ya,Menunggak,Tidak,Tidak,Tidak,Domestik,138.2,140.0,10,8,13.75,9,5,13.2,68.4,13.48,Sedang (50-75%),8.9,1.4,3.51
STD-1185,Enrolled,0,1.3,Rendah,Nursing,1st phase - general,Reguler (Siang),Perempuan,<=20,19,Single,Tidak,Lunas,Tidak,Ya,Tidak,Domestik,96.0,133.1,7,6,13.598333333333334,8,6,11.933333333333332,80.0,12.77,Baik (>75%),11.1,0.6,2.02
STD-1186,Graduate,0,1.4,Rendah,Social Service,1st phase - general,Reguler (Siang),Perempuan,<=20,18,Single,Tidak,Lunas,Ya,Tidak,Tidak,Domestik,124.5,135.0,6,5,11.142857142857142,6,6,12.285714285714286,91.7,11.71,Baik (>75%),16.2,0.3,-0.92
STD-1187,Enrolled,0,7.2,Rendah,Nursing,Holder of other higher course,Reguler (Siang),Perempuan,>35,45,Married,Tidak,Lunas,Tidak,Ya,Tidak,Domestik,120.0,120.0,11,11,12.7,10,10,12.96818181818182,100.0,12.83,Baik (>75%),13.9,-0.3,0.79
STD-1188,Dropout,1,55.7,Sedang,Management,2nd phase - general,Reguler (Siang),Perempuan,<=20,20,Single,Tidak,Lunas,Tidak,Ya,Tidak,Domestik,132.3,140.0,5,1,10.0,5,1,11.0,20.0,10.5,Kritis (<25%),7.6,2.6,0.32
STD-1189,Graduate,0,28.1,Rendah,Tourism,2nd phase - general,Reguler (Siang),Perempuan,<=20,18,Single,Ya,Lunas,Tidak,Ya,Tidak,Domestik,120.7,128.0,6,6,11.666666666666666,6,4,11.5,83.3,11.58,Baik (>75%),13.9,-0.3,0.79
STD-1190,Graduate,0,2.4,Rendah,Advertising & Marketing,1st phase - general,Reguler (Siang),Perempuan,<=20,18,Single,Tidak,Lunas,Ya,Tidak,Tidak,Domestik,132.6,141.0,6,6,14.0,6,6,13.142857142857142,100.0,13.57,Baik (>75%),11.1,0.6,2.02
STD-1191,Dropout,1,89.9,Tinggi,Equinculture,Holder of other higher course,Reguler (Siang),Perempuan,24-27,25,Single,Tidak,Lunas,Tidak,Tidak,Tidak,Domestik,140.0,140.0,5,0,0.0,5,0,0.0,0.0,0.0,Kritis (<25%),10.8,1.4,1.74
STD-1192,Graduate,0,9.5,Rendah,Nursing,1st phase - general,Reguler (Siang),Perempuan,<=20,19,Single,Tidak,Lunas,Tidak,Ya,Tidak,Domestik,124.5,139.0,8,7,12.04142857142857,8,7,12.04142857142857,87.5,12.04,Baik (>75%),10.8,1.4,1.74
STD-1193,Graduate,0,12.3,Rendah,Animation & Multimedia,1st phase - general,Reguler (Siang),Perempuan,<=20,18,Single,Tidak,Lunas,Ya,Ya,Tidak,Domestik,142.0,142.0,0,0,0.0,0,0,0.0,0.0,0.0,Kritis (<25%),13.9,-0.3,0.79
STD-1194,Graduate,0,10.7,Rendah,Tourism,Holder of other higher course,Reguler (Siang),Perempuan,>35,39,Single,Tidak,Lunas,Tidak,Tidak,Tidak,Domestik,130.0,130.0,13,13,13.76923076923077,12,12,14.583333333333334,100.0,14.18,Baik (>75%),13.9,-0.3,0.79
STD-1195,Graduate,0,5.2,Rendah,Agronomy,Over 23 years old,Reguler (Siang),Perempuan,28-35,29,Married,Tidak,Lunas,Tidak,Tidak,Tidak,Domestik,144.0,130.0,18,18,15.444444444444445,13,13,15.307692307692308,100.0,15.38,Baik (>75%),15.5,2.8,-4.06
STD-1196,Enrolled,0,21.4,Rendah,Basic Education,2nd phase - general,Reguler (Siang),Perempuan,<=20,18,Single,Tidak,Lunas,Tidak,Ya,Tidak,Domestik,128.5,125.0,7,6,11.5,7,7,12.714285714285714,92.9,12.11,Baik (>75%),13.9,-0.3,0.79
STD-1197,Dropout,1,98.0,Tinggi,Communication Design,Holder of other higher course,Reguler (Siang),Perempuan,21-23,23,Single,Tidak,Menunggak,Tidak,Tidak,Tidak,Domestik,140.0,140.0,3,2,10.0,6,0,0.0,22.2,5.0,Kritis (<25%),10.8,1.4,1.74
STD-1198,Dropout,1,59.8,Sedang,Basic Education,Transfer,Reguler (Siang),Perempuan,21-23,21,Single,Tidak,Lunas,Tidak,Ya,Tidak,Domestik,113.9,120.0,6,4,12.25,6,3,10.333333333333334,58.3,11.29,Sedang (50-75%),12.7,3.7,-1.7
STD-1199,Graduate,0,13.8,Rendah,Social Service,1st phase - general,Reguler (Siang),Perempuan,<=20,18,Single,Tidak,Menunggak,Tidak,Tidak,Tidak,Domestik,137.2,147.0,6,6,14.5,6,6,15.166666666666666,100.0,14.83,Baik (>75%),10.8,1.4,1.74
STD-1200,Graduate,0,3.9,Rendah,Veterinary Nursing,Holder of other higher course,Reguler (Siang),Perempuan,21-23,23,Single,Tidak,Lunas,Tidak,Ya,Tidak,Domestik,140.0,140.0,6,6,15.571428571428571,6,6,16.375,100.0,15.97,Baik (>75%),12.4,0.5,1.79
STD-1201,Graduate,0,4.6,Rendah,Equinculture,1st phase - general,Reguler (Siang),Perempuan,<=20,18,Single,Tidak,Lunas,Tidak,Tidak,Tidak,Domestik,152.3,161.0,6,6,15.571428571428571,6,6,14.714285714285714,100.0,15.14,Baik (>75%),11.1,0.6,2.02
STD-1202,Graduate,0,2.4,Rendah,Social Service (eve),Over 23 years old,Kelas Malam,Perempuan,28-35,32,Married,Tidak,Lunas,Tidak,Tidak,Tidak,Domestik,112.5,133.1,6,5,13.8,6,6,12.166666666666666,91.7,12.98,Baik (>75%),9.4,-0.8,-3.12
STD-1203,Dropout,1,94.5,Tinggi,Management,Over 23 years old,Reguler (Siang),Perempuan,28-35,29,Married,Ya,Menunggak,Tidak,Tidak,Tidak,Domestik,101.0,150.0,5,3,10.666666666666666,5,2,14.8,50.0,12.73,Rendah (25-50%),10.8,1.4,1.74
STD-1204,Graduate,0,13.0,Rendah,Social Service,1st phase - general,Reguler (Siang),Perempuan,<=20,20,Single,Ya,Lunas,Ya,Ya,Tidak,Domestik,112.3,113.0,6,5,11.6,6,4,11.75,75.0,11.68,Sedang (50-75%),8.9,1.4,3.51
STD-1205,Dropout,1,98.0,Tinggi,Social Service,Over 23 years old,Reguler (Siang),Perempuan,28-35,28,Single,Tidak,Menunggak,Tidak,Ya,Tidak,Domestik,114.0,140.0,6,1,13.0,6,0,0.0,8.3,6.5,Kritis (<25%),9.4,-0.8,-3.12
STD-1206,Graduate,0,25.4,Rendah,Management,Holder of other higher course,Reguler (Siang),Perempuan,24-27,27,Single,Tidak,Lunas,Tidak,Tidak,Tidak,Domestik,130.0,130.0,5,3,12.0,5,4,13.625,70.0,12.81,Sedang (50-75%),10.8,1.4,1.74
STD-1207,Graduate,0,24.6,Rendah,Nursing,Change of course,Reguler (Siang),Perempuan,21-23,22,Single,Ya,Lunas,Tidak,Tidak,Tidak,Domestik,121.5,120.0,14,12,12.333333333333334,14,12,12.333333333333334,85.7,12.33,Baik (>75%),7.6,2.6,0.32
STD-1208,Enrolled,0,9.3,Rendah,Agronomy,Over 23 years old,Reguler (Siang),Perempuan,>35,37,Married,Ya,Lunas,Tidak,Tidak,Tidak,Domestik,120.0,133.1,6,6,12.875,6,6,12.9,100.0,12.89,Baik (>75%),16.2,0.3,-0.92
STD-1209,Dropout,1,99.0,Tinggi,Social Service (eve),Holder of other higher course,Kelas Malam,Perempuan,28-35,28,Single,Tidak,Menunggak,Tidak,Tidak,Tidak,Domestik,130.0,130.0,6,1,11.0,6,0,0.0,8.3,5.5,Kritis (<25%),12.7,3.7,-1.7
STD-1210,Dropout,1,91.0,Tinggi,Agronomy,Over 23 years old,Reguler (Siang),Perempuan,>35,43,Married,Ya,Menunggak,Tidak,Tidak,Tidak,Domestik,125.7,120.0,6,4,12.25,6,4,10.5,66.7,11.38,Sedang (50-75%),8.9,1.4,3.51
STD-1211,Dropout,1,98.2,Tinggi,Oral Hygiene,Change of course,Reguler (Siang),Perempuan,28-35,32,Single,Tidak,Menunggak,Tidak,Ya,Tidak,Domestik,128.0,140.0,7,0,0.0,8,0,0.0,0.0,0.0,Kritis (<25%),10.8,1.4,1.74
STD-1212,Enrolled,0,9.1,Rendah,Social Service,2nd phase - general,Reguler (Siang),Perempuan,<=20,20,Single,Tidak,Lunas,Ya,Tidak,Tidak,Domestik,113.2,123.0,6,4,10.75,6,5,11.5,75.0,11.12,Sedang (50-75%),15.5,2.8,-4.06
STD-1213,Graduate,0,4.4,Rendah,Nursing,Over 23 years old,Reguler (Siang),Perempuan,28-35,35,Divorced,Tidak,Lunas,Ya,Tidak,Tidak,Domestik,120.0,133.1,8,8,13.63,8,8,13.63,100.0,13.63,Baik (>75%),9.4,-0.8,-3.12
STD-1214,Graduate,0,26.3,Rendah,Advertising & Marketing,1st phase - general,Reguler (Siang),Perempuan,21-23,21,Single,Tidak,Lunas,Tidak,Ya,Tidak,Domestik,117.8,130.0,5,3,13.0,5,4,11.5,70.0,12.25,Sedang (50-75%),7.6,2.6,0.32
STD-1215,Enrolled,0,5.5,Rendah,Nursing,1st phase - general,Reguler (Siang),Perempuan,<=20,18,Single,Tidak,Lunas,Ya,Ya,Tidak,Domestik,121.3,126.0,7,6,13.533333333333331,7,7,12.228571428571428,92.9,12.88,Baik (>75%),12.4,0.5,1.79
STD-1216,Graduate,0,2.3,Rendah,Nursing,1st phase - general,Reguler (Siang),Perempuan,<=20,18,Single,Tidak,Lunas,Ya,Tidak,Tidak,Domestik,169.7,176.0,7,7,16.9,8,8,16.37777777777778,100.0,16.64,Baik (>75%),16.2,0.3,-0.92
STD-1217,Graduate,0,6.2,Rendah,Social Service,2nd phase - general,Reguler (Siang),Perempuan,<=20,18,Single,Tidak,Lunas,Tidak,Ya,Tidak,Domestik,117.7,124.0,6,5,12.0,6,4,12.0,75.0,12.0,Sedang (50-75%),16.2,0.3,-0.92
STD-1218,Graduate,0,3.8,Rendah,Social Service (eve),Tech. specialization holder,Kelas Malam,Perempuan,21-23,22,Single,Tidak,Lunas,Tidak,Ya,Tidak,Domestik,121.8,120.0,6,6,12.5,6,6,13.285714285714286,100.0,12.89,Baik (>75%),12.4,0.5,1.79
STD-1219,Graduate,0,6.2,Rendah,Nursing,1st phase - general,Reguler (Siang),Perempuan,<=20,19,Single,Tidak,Lunas,Tidak,Ya,Tidak,Domestik,128.3,140.0,8,7,12.764285714285714,8,7,12.764285714285714,87.5,12.76,Baik (>75%),10.8,1.4,1.74
STD-1220,Graduate,0,5.5,Rendah,Management,3rd phase - general,Reguler (Siang),Perempuan,<=20,18,Single,Tidak,Lunas,Ya,Ya,Tidak,Domestik,132.2,143.0,5,5,13.75,5,5,12.166666666666666,100.0,12.96,Baik (>75%),13.9,-0.3,0.79
STD-1221,Dropout,1,30.0,Rendah,Animation & Multimedia,1st phase - general,Reguler (Siang),Perempuan,<=20,19,Single,Ya,Lunas,Tidak,Ya,Tidak,Domestik,134.3,136.0,0,0,0.0,0,0,0.0,0.0,0.0,Kritis (<25%),12.4,0.5,1.79
STD-1222,Graduate,0,2.1,Rendah,Nursing,1st phase - general,Reguler (Siang),Perempuan,<=20,18,Single,Tidak,Lunas,Ya,Tidak,Tidak,Domestik,123.4,132.0,7,7,14.604285714285712,8,8,15.68333333333333,100.0,15.14,Baik (>75%),11.1,0.6,2.02
STD-1223,Dropout,1,97.9,Tinggi,Management (evening),Over 23 years old,Kelas Malam,Perempuan,28-35,31,Married,Ya,Menunggak,Tidak,Tidak,Tidak,Domestik,121.7,133.1,5,0,0.0,5,0,0.0,0.0,0.0,Kritis (<25%),16.2,0.3,-0.92
STD-1224,Graduate,0,5.4,Rendah,Social Service (eve),Over 23 years old,Kelas Malam,Perempuan,28-35,33,Married,Ya,Lunas,Ya,Tidak,Tidak,Domestik,130.0,100.0,6,5,13.833333333333334,6,6,12.5,91.7,13.17,Baik (>75%),9.4,-0.8,-3.12
STD-1225,Graduate,0,3.8,Rendah,Nursing,1st phase - general,Reguler (Siang),Perempuan,<=20,19,Single,Tidak,Lunas,Ya,Ya,Tidak,Domestik,126.5,137.0,8,8,13.57625,8,8,13.57625,100.0,13.58,Baik (>75%),9.4,-0.8,-3.12
STD-1226,Graduate,0,2.9,Rendah,Social Service,2nd phase - general,Reguler (Siang),Perempuan,<=20,18,Single,Tidak,Lunas,Ya,Ya,Tidak,Domestik,159.7,153.0,6,6,15.142857142857142,6,6,15.833333333333334,100.0,15.49,Baik (>75%),12.7,3.7,-1.7
STD-1227,Graduate,0,17.0,Rendah,Management,1st phase - general,Reguler (Siang),Perempuan,21-23,23,Single,Tidak,Lunas,Tidak,Tidak,Tidak,Domestik,151.3,160.0,5,3,10.666666666666666,5,5,11.6,80.0,11.13,Baik (>75%),7.6,2.6,0.32
STD-1228,Graduate,0,2.8,Rendah,Social Service,2nd phase - general,Reguler (Siang),Perempuan,<=20,20,Single,Tidak,Lunas,Tidak,Ya,Tidak,Domestik,138.0,145.0,6,5,11.2,6,6,12.0,91.7,11.6,Baik (>75%),9.4,-0.8,-3.12
STD-1229,Graduate,0,4.4,Rendah,Nursing,1st phase - general,Reguler (Siang),Perempuan,<=20,18,Single,Tidak,Lunas,Tidak,Ya,Tidak,Domestik,126.5,137.0,8,8,13.76375,8,8,13.76375,100.0,13.76,Baik (>75%),9.4,-0.8,-3.12
STD-1230,Enrolled,0,35.6,Sedang,Veterinary Nursing,Short cycle holder,Reguler (Siang),Perempuan,21-23,21,Single,Ya,Lunas,Tidak,Ya,Tidak,Domestik,140.0,140.0,9,8,13.25,9,5,12.2,72.2,12.72,Sedang (50-75%),8.9,1.4,3.51
STD-1231,Graduate,0,5.0,Rendah,Social Service,1st phase - general,Reguler (Siang),Perempuan,21-23,22,Single,Tidak,Lunas,Ya,Tidak,Tidak,Domestik,112.3,120.0,6,5,10.714285714285714,6,5,12.2,83.3,11.46,Baik (>75%),12.7,3.7,-1.7
STD-1232,Graduate,0,14.1,Rendah,Social Service,1st phase - general,Reguler (Siang),Perempuan,<=20,20,Single,Ya,Lunas,Tidak,Ya,Tidak,Domestik,127.3,122.0,6,6,12.166666666666666,6,6,11.666666666666666,100.0,11.92,Baik (>75%),9.4,-0.8,-3.12
STD-1233,Graduate,0,3.2,Rendah,Nursing,Holder of other higher course,Reguler (Siang),Perempuan,21-23,23,Single,Tidak,Lunas,Tidak,Ya,Tidak,Domestik,130.0,130.0,7,6,14.357142857142858,7,6,14.357142857142858,85.7,14.36,Baik (>75%),7.6,2.6,0.32
STD-1234,Graduate,0,4.1,Rendah,Journalism & Comm,2nd phase - general,Reguler (Siang),Perempuan,<=20,19,Single,Tidak,Lunas,Tidak,Ya,Tidak,Domestik,115.0,133.1,6,6,12.833333333333334,6,6,12.666666666666666,100.0,12.75,Baik (>75%),16.2,0.3,-0.92
STD-1235,Graduate,0,10.9,Rendah,Nursing,2nd phase - general,Reguler (Siang),Perempuan,<=20,19,Single,Tidak,Lunas,Tidak,Ya,Tidak,Domestik,131.5,150.0,8,7,13.925714285714283,8,7,13.925714285714283,87.5,13.93,Baik (>75%),10.8,1.4,1.74
STD-1236,Dropout,1,46.3,Sedang,Management (evening),Over 23 years old,Kelas Malam,Perempuan,24-27,26,Single,Tidak,Lunas,Tidak,Tidak,Tidak,Domestik,125.7,133.1,5,2,12.0,5,3,11.0,50.0,11.5,Rendah (25-50%),10.8,1.4,1.74
STD-1237,Graduate,0,27.3,Rendah,Nursing,1st phase - general,Reguler (Siang),Perempuan,<=20,18,Single,Tidak,Lunas,Tidak,Ya,Tidak,Domestik,126.8,141.0,7,7,13.44285714285714,8,8,13.744444444444444,100.0,13.59,Baik (>75%),16.2,0.3,-0.92
STD-1238,Dropout,1,73.2,Tinggi,Informatics Engineering,3rd phase - general,Reguler (Siang),Laki-laki,<=20,18,Single,Tidak,Lunas,Tidak,Ya,Tidak,Domestik,132.4,146.0,5,1,16.0,5,0,0.0,10.0,8.0,Kritis (<25%),9.4,-0.8,-3.12
STD-1239,Graduate,0,4.3,Rendah,Agronomy,Tech. specialization holder,Reguler (Siang),Laki-laki,<=20,20,Single,Tidak,Lunas,Tidak,Ya,Tidak,Domestik,150.0,150.0,6,6,13.125,6,6,13.2,100.0,13.16,Baik (>75%),16.2,0.3,-0.92
STD-1240,Dropout,1,94.9,Tinggi,Advertising & Marketing,1st phase - general,Reguler (Siang),Laki-laki,<=20,19,Single,Tidak,Lunas,Tidak,Tidak,Tidak,Domestik,95.0,133.1,6,0,0.0,6,0,0.0,0.0,0.0,Kritis (<25%),15.5,2.8,-4.06
STD-1241,Dropout,1,95.3,Tinggi,Management (evening),Change of course,Kelas Malam,Laki-laki,28-35,32,Single,Tidak,Menunggak,Tidak,Tidak,Tidak,Domestik,128.2,120.0,9,5,11.4,4,4,11.0,69.2,11.2,Sedang (50-75%),10.8,1.4,1.74
STD-1242,Dropout,1,95.3,Tinggi,Equinculture,Over 23 years old,Reguler (Siang),Laki-laki,28-35,31,Married,Tidak,Menunggak,Tidak,Tidak,Tidak,Domestik,130.0,150.0,4,2,11.0,5,3,11.666666666666666,55.6,11.33,Sedang (50-75%),9.4,-0.8,-3.12
STD-1243,Enrolled,0,74.7,Tinggi,Informatics Engineering,Over 23 years old,Reguler (Siang),Laki-laki,24-27,25,Single,Tidak,Lunas,Tidak,Tidak,Tidak,Domestik,100.0,133.1,5,1,11.0,5,1,10.0,20.0,10.5,Kritis (<25%),13.9,-0.3,0.79
STD-1244,Graduate,0,20.1,Rendah,Veterinary Nursing,Transfer,Reguler (Siang),Perempuan,21-23,21,Single,Tidak,Lunas,Tidak,Ya,Tidak,Domestik,159.9,140.0,6,5,13.666666666666666,6,5,13.0,83.3,13.33,Baik (>75%),16.2,0.3,-0.92
STD-1245,Dropout,1,95.7,Tinggi,Management (evening),Change of course,Kelas Malam,Perempuan,28-35,31,Married,Tidak,Menunggak,Tidak,Tidak,Tidak,Domestik,100.0,140.0,6,4,11.75,5,1,10.0,45.5,10.88,Rendah (25-50%),12.7,3.7,-1.7
STD-1246,Dropout,1,95.0,Tinggi,Basic Education,Over 23 years old,Reguler (Siang),Perempuan,28-35,34,Married,Tidak,Lunas,Tidak,Tidak,Tidak,Domestik,116.5,133.1,7,1,10.0,7,1,13.0,14.3,11.5,Kritis (<25%),16.2,0.3,-0.92
STD-1247,Graduate,0,2.4,Rendah,Social Service,1st phase - general,Reguler (Siang),Perempuan,<=20,18,Single,Tidak,Lunas,Ya,Tidak,Tidak,Domestik,120.0,128.0,6,6,13.5,6,6,12.833333333333334,100.0,13.17,Baik (>75%),11.1,0.6,2.02
STD-1248,Dropout,1,95.2,Tinggi,Social Service,1st phase - general,Reguler (Siang),Perempuan,<=20,19,Single,Ya,Lunas,Tidak,Ya,Tidak,Domestik,117.0,117.0,6,0,0.0,6,0,0.0,0.0,0.0,Kritis (<25%),12.4,0.5,1.79
STD-1249,Enrolled,0,69.6,Tinggi,Advertising & Marketing,Short cycle holder,Reguler (Siang),Perempuan,21-23,21,Single,Ya,Lunas,Tidak,Ya,Tidak,Domestik,140.0,140.0,6,1,12.0,6,1,11.0,16.7,11.5,Kritis (<25%),8.9,1.4,3.51
STD-1250,Dropout,1,75.5,Tinggi,Basic Education,1st phase - general,Reguler (Siang),Perempuan,<=20,18,Single,Tidak,Menunggak,Tidak,Ya,Tidak,Domestik,118.1,124.0,6,3,13.0,6,5,11.8,66.7,12.4,Sedang (50-75%),9.4,-0.8,-3.12
STD-1251,Graduate,0,3.7,Rendah,Tourism,1st phase - general,Reguler (Siang),Perempuan,<=20,20,Single,Tidak,Lunas,Tidak,Ya,Tidak,Domestik,153.5,158.0,6,6,14.833333333333334,6,6,16.0,100.0,15.42,Baik (>75%),11.1,0.6,2.02
STD-1252,Graduate,0,3.0,Rendah,Journalism & Comm,Change of course,Reguler (Siang),Perempuan,<=20,20,Single,Tidak,Lunas,Tidak,Ya,Tidak,Domestik,127.9,137.0,6,6,11.833333333333334,6,6,12.857142857142858,100.0,12.35,Baik (>75%),15.5,2.8,-4.06
STD-1253,Graduate,0,12.9,Rendah,Advertising & Marketing,2nd phase - general,Reguler (Siang),Perempuan,<=20,18,Single,Tidak,Lunas,Ya,Ya,Ya,Domestik,118.8,123.0,6,5,12.0,6,5,12.333333333333334,83.3,12.17,Baik (>75%),11.1,0.6,2.02
STD-1254,Graduate,0,3.3,Rendah,Social Service,1st phase - general,Reguler (Siang),Perempuan,<=20,19,Single,Tidak,Lunas,Tidak,Ya,Tidak,Domestik,126.7,126.0,6,4,12.75,6,6,11.333333333333334,83.3,12.04,Baik (>75%),7.6,2.6,0.32
STD-1255,Enrolled,0,6.9,Rendah,Veterinary Nursing,Change of course,Reguler (Siang),Perempuan,<=20,19,Single,Tidak,Lunas,Tidak,Ya,Tidak,Domestik,170.0,170.0,5,0,0.0,5,4,14.75,40.0,7.38,Rendah (25-50%),12.7,3.7,-1.7
STD-1256,Dropout,1,81.9,Tinggi,Equinculture,Over 23 years old,Reguler (Siang),Perempuan,28-35,30,Divorced,Tidak,Lunas,Ya,Ya,Tidak,Domestik,110.0,133.1,6,0,0.0,6,1,10.0,8.3,5.0,Kritis (<25%),11.1,0.6,2.02
STD-1257,Graduate,0,2.2,Rendah,Social Service,2nd phase - general,Reguler (Siang),Perempuan,<=20,19,Single,Tidak,Lunas,Tidak,Ya,Tidak,Domestik,115.0,115.0,6,6,12.0,6,6,12.857142857142858,100.0,12.43,Baik (>75%),11.1,0.6,2.02
STD-1258,Graduate,0,3.5,Rendah,Oral Hygiene,1st phase - general,Reguler (Siang),Perempuan,<=20,19,Single,Tidak,Lunas,Tidak,Ya,Tidak,Domestik,119.0,132.0,7,7,11.677777777777775,8,8,13.8,100.0,12.74,Baik (>75%),12.7,3.7,-1.7
STD-1259,Graduate,0,1.7,Rendah,Nursing,1st phase - general,Reguler (Siang),Perempuan,<=20,19,Single,Tidak,Lunas,Ya,Ya,Tidak,Domestik,121.8,132.0,8,7,13.6,8,7,13.6,87.5,13.6,Baik (>75%),12.7,3.7,-1.7
STD-1260,Graduate,0,6.4,Rendah,Veterinary Nursing,1st phase - general,Reguler (Siang),Perempuan,<=20,19,Single,Tidak,Lunas,Tidak,Ya,Tidak,Domestik,133.4,143.0,6,6,16.0,6,6,15.875,100.0,15.94,Baik (>75%),12.4,0.5,1.79
STD-1261,Graduate,0,2.9,Rendah,Social Service,1st phase - general,Reguler (Siang),Perempuan,<=20,20,Single,Tidak,Lunas,Tidak,Ya,Tidak,Domestik,131.4,137.0,6,5,11.8,6,6,11.5,91.7,11.65,Baik (>75%),7.6,2.6,0.32
STD-1262,Dropout,1,75.5,Tinggi,Informatics Engineering,Transfer,Reguler (Siang),Laki-laki,24-27,25,Single,Ya,Lunas,Tidak,Tidak,Tidak,Domestik,135.0,130.0,5,0,0.0,6,2,14.0,18.2,7.0,Kritis (<25%),13.9,-0.3,0.79
STD-1263,Dropout,1,95.2,Tinggi,Journalism & Comm,1st phase - general,Reguler (Siang),Laki-laki,<=20,19,Single,Tidak,Lunas,Tidak,Tidak,Tidak,Domestik,122.8,121.0,6,0,0.0,6,0,0.0,0.0,0.0,Kritis (<25%),12.4,0.5,1.79
STD-1264,Graduate,0,3.0,Rendah,Basic Education,Over 23 years old,Reguler (Siang),Perempuan,28-35,34,Married,Ya,Lunas,Ya,Tidak,Tidak,Domestik,140.0,130.0,6,6,16.142857142857142,6,6,16.2,100.0,16.17,Baik (>75%),9.4,-0.8,-3.12
STD-1265,Graduate,0,3.4,Rendah,Nursing,3rd phase - general,Reguler (Siang),Perempuan,<=20,18,Single,Tidak,Lunas,Ya,Ya,Tidak,Domestik,125.3,135.0,8,7,11.785714285714286,8,7,11.785714285714286,87.5,11.79,Baik (>75%),12.7,3.7,-1.7
STD-1266,Graduate,0,3.9,Rendah,Nursing,1st phase - general,Reguler (Siang),Perempuan,<=20,18,Single,Tidak,Lunas,Ya,Ya,Tidak,Domestik,126.3,137.0,8,8,13.42375,8,8,13.42375,100.0,13.42,Baik (>75%),9.4,-0.8,-3.12
STD-1267,Graduate,0,2.7,Rendah,Advertising & Marketing,1st phase - general,Reguler (Siang),Perempuan,<=20,20,Single,Tidak,Lunas,Tidak,Tidak,Tidak,Domestik,100.0,100.0,6,6,12.5,6,5,14.166666666666666,91.7,13.33,Baik (>75%),11.1,0.6,2.02
STD-1268,Graduate,0,1.2,Rendah,Nursing,2nd phase - general,Reguler (Siang),Perempuan,<=20,20,Single,Tidak,Lunas,Ya,Ya,Tidak,Domestik,121.3,127.0,8,7,12.464285714285714,8,7,12.464285714285714,87.5,12.46,Baik (>75%),10.8,1.4,1.74
STD-1269,Enrolled,0,22.4,Rendah,Management (evening),Short cycle holder,Kelas Malam,Perempuan,21-23,23,Single,Ya,Lunas,Tidak,Tidak,Tidak,Domestik,135.0,140.0,11,8,12.375,9,5,12.6,65.0,12.49,Sedang (50-75%),8.9,1.4,3.51
STD-1270,Dropout,1,87.1,Tinggi,Advertising & Marketing,Over 23 years old,Reguler (Siang),Perempuan,28-35,28,Single,Tidak,Lunas,Tidak,Tidak,Tidak,Domestik,120.0,140.0,6,1,10.0,6,0,0.0,8.3,5.0,Kritis (<25%),10.8,1.4,1.74
STD-1271,Enrolled,0,12.9,Rendah,Journalism & Comm,2nd phase - general,Reguler (Siang),Perempuan,<=20,18,Single,Tidak,Lunas,Tidak,Tidak,Tidak,Domestik,113.7,121.0,6,5,12.6,6,6,12.428571428571429,91.7,12.51,Baik (>75%),15.5,2.8,-4.06
STD-1272,Graduate,0,1.7,Rendah,Management,Change of course,Reguler (Siang),Perempuan,<=20,19,Single,Tidak,Lunas,Tidak,Ya,Tidak,Domestik,129.7,131.0,5,5,12.6,5,4,12.4,90.0,12.5,Baik (>75%),16.2,0.3,-0.92
STD-1273,Dropout,1,16.2,Rendah,Management,1st phase - general,Reguler (Siang),Perempuan,28-35,34,Married,Tidak,Lunas,Tidak,Ya,Tidak,Domestik,132.1,151.0,5,2,10.0,5,4,12.0,60.0,11.0,Sedang (50-75%),7.6,2.6,0.32
STD-1274,Dropout,1,95.3,Tinggi,Basic Education,Change of institution/course,Reguler (Siang),Perempuan,28-35,35,Married,Tidak,Lunas,Tidak,Tidak,Tidak,Domestik,120.3,130.0,7,0,0.0,6,0,0.0,0.0,0.0,Kritis (<25%),8.9,1.4,3.51
STD-1275,Graduate,0,8.1,Rendah,Management (evening),Holder of other higher course,Kelas Malam,Perempuan,28-35,32,Single,Tidak,Lunas,Tidak,Tidak,Tidak,Domestik,120.0,120.0,5,5,11.6,5,5,12.333333333333334,100.0,11.97,Baik (>75%),12.4,0.5,1.79
STD-1276,Graduate,0,10.9,Rendah,Tourism,2nd phase - general,Reguler (Siang),Perempuan,<=20,19,Single,Tidak,Lunas,Tidak,Ya,Tidak,Domestik,123.1,136.0,6,6,12.166666666666666,6,6,13.5,100.0,12.83,Baik (>75%),11.1,0.6,2.02
STD-1277,Graduate,0,13.5,Rendah,Advertising & Marketing,2nd phase - general,Reguler (Siang),Perempuan,<=20,18,Single,Tidak,Lunas,Tidak,Ya,Tidak,Domestik,119.4,125.0,6,4,13.6,6,5,12.666666666666666,75.0,13.13,Sedang (50-75%),11.1,0.6,2.02
STD-1278,Dropout,1,88.7,Tinggi,Management,Over 23 years old,Reguler (Siang),Perempuan,28-35,35,Married,Tidak,Menunggak,Tidak,Tidak,Tidak,Domestik,140.0,133.1,5,4,12.5,5,5,11.8,90.0,12.15,Baik (>75%),9.4,-0.8,-3.12
STD-1279,Enrolled,0,5.8,Rendah,Social Service (eve),Over 23 years old,Kelas Malam,Laki-laki,24-27,24,Single,Tidak,Lunas,Ya,Tidak,Tidak,Domestik,116.5,133.1,6,4,12.25,6,4,11.5,66.7,11.88,Sedang (50-75%),12.4,0.5,1.79
STD-1280,Graduate,0,2.9,Rendah,Social Service,2nd phase - general,Reguler (Siang),Perempuan,<=20,20,Single,Tidak,Lunas,Ya,Ya,Tidak,Domestik,113.0,120.0,6,6,11.714285714285714,6,6,12.625,100.0,12.17,Baik (>75%),13.9,-0.3,0.79
STD-1281,Graduate,0,4.3,Rendah,Journalism & Comm,1st phase - general,Reguler (Siang),Laki-laki,<=20,18,Single,Tidak,Lunas,Ya,Ya,Tidak,Internasional,133.9,143.0,6,6,13.5,6,6,13.0,100.0,13.25,Baik (>75%),16.2,0.3,-0.92
STD-1282,Graduate,0,2.4,Rendah,Nursing,1st phase - general,Reguler (Siang),Laki-laki,<=20,20,Single,Tidak,Lunas,Ya,Ya,Tidak,Domestik,115.5,133.1,8,7,13.024285714285714,8,7,13.024285714285714,87.5,13.02,Baik (>75%),10.8,1.4,1.74
STD-1283,Dropout,1,97.9,Tinggi,Tourism,2nd phase - general,Reguler (Siang),Laki-laki,<=20,18,Single,Tidak,Menunggak,Tidak,Ya,Tidak,Domestik,116.5,121.0,6,0,0.0,6,0,0.0,0.0,0.0,Kritis (<25%),9.4,-0.8,-3.12
STD-1284,Graduate,0,7.1,Rendah,Informatics Engineering,1st phase - general,Reguler (Siang),Laki-laki,<=20,18,Single,Tidak,Lunas,Ya,Tidak,Tidak,Domestik,171.2,168.0,5,5,17.333333333333332,5,5,18.571428571428573,100.0,17.95,Baik (>75%),12.4,0.5,1.79
STD-1285,Graduate,0,9.0,Rendah,Advertising & Marketing,1st phase - general,Reguler (Siang),Laki-laki,<=20,20,Single,Tidak,Lunas,Ya,Tidak,Tidak,Domestik,119.1,124.0,5,4,11.0,5,4,11.5,80.0,11.25,Baik (>75%),9.4,-0.8,-3.12
STD-1286,Dropout,1,6.8,Rendah,Basic Education,2nd phase - general,Reguler (Siang),Laki-laki,<=20,19,Single,Tidak,Lunas,Tidak,Ya,Tidak,Domestik,121.1,127.0,7,6,13.666666666666666,7,6,12.5,85.7,13.08,Baik (>75%),12.4,0.5,1.79
STD-1287,Enrolled,0,6.4,Rendah,Communication Design,1st phase - general,Reguler (Siang),Laki-laki,<=20,20,Single,Tidak,Lunas,Ya,Ya,Tidak,Domestik,132.9,129.0,6,6,11.375,6,5,13.8,91.7,12.59,Baik (>75%),7.6,2.6,0.32
STD-1288,Graduate,0,1.6,Rendah,Social Service,1st phase - general,Reguler (Siang),Laki-laki,<=20,19,Single,Tidak,Lunas,Tidak,Tidak,Tidak,Domestik,132.8,137.0,6,6,12.833333333333334,6,6,11.833333333333334,100.0,12.33,Baik (>75%),10.8,1.4,1.74
STD-1289,Graduate,0,50.1,Sedang,Journalism & Comm,1st phase - general,Reguler (Siang),Laki-laki,<=20,20,Single,Tidak,Lunas,Tidak,Ya,Tidak,Domestik,126.7,120.0,6,5,12.6,6,4,11.5,75.0,12.05,Sedang (50-75%),7.6,2.6,0.32
STD-1290,Graduate,0,2.8,Rendah,Nursing,1st phase - general,Reguler (Siang),Laki-laki,21-23,22,Single,Tidak,Lunas,Tidak,Ya,Tidak,Domestik,105.8,110.0,7,6,14.333333333333334,8,7,13.771428571428572,86.7,14.05,Baik (>75%),11.1,0.6,2.02
STD-1291,Enrolled,0,3.5,Rendah,Informatics Engineering,2nd phase - general,Reguler (Siang),Laki-laki,<=20,18,Single,Tidak,Lunas,Ya,Tidak,Tidak,Domestik,117.2,120.0,5,4,13.5,6,6,13.625,90.9,13.56,Baik (>75%),11.1,0.6,2.02
STD-1292,Graduate,0,1.4,Rendah,Nursing,1st phase - general,Reguler (Siang),Laki-laki,<=20,19,Single,Tidak,Lunas,Tidak,Tidak,Tidak,Domestik,140.0,143.0,8,7,14.285714285714286,8,7,14.285714285714286,87.5,14.29,Baik (>75%),12.7,3.7,-1.7
STD-1293,Dropout,1,71.9,Tinggi,Agronomy,Tech. specialization holder,Reguler (Siang),Laki-laki,21-23,22,Single,Tidak,Lunas,Tidak,Tidak,Tidak,Domestik,120.0,120.0,6,3,11.75,6,2,10.0,41.7,10.88,Rendah (25-50%),13.9,-0.3,0.79
STD-1294,Graduate,0,8.8,Rendah,Informatics Engineering,2nd phase - general,Reguler (Siang),Laki-laki,<=20,20,Single,Tidak,Lunas,Tidak,Ya,Tidak,Internasional,119.5,124.0,5,5,14.8,5,5,17.6,100.0,16.2,Baik (>75%),8.9,1.4,3.51
STD-1295,Dropout,1,96.9,Tinggi,Agronomy,Over 23 years old,Reguler (Siang),Laki-laki,28-35,34,Married,Ya,Menunggak,Tidak,Tidak,Tidak,Domestik,153.9,168.0,6,0,0.0,6,0,0.0,0.0,0.0,Kritis (<25%),12.4,0.5,1.79
STD-1296,Dropout,1,94.1,Tinggi,Social Service (eve),Over 23 years old,Kelas Malam,Laki-laki,24-27,24,Married,Tidak,Lunas,Tidak,Tidak,Tidak,Domestik,130.0,133.1,6,1,10.0,5,0,0.0,9.1,5.0,Kritis (<25%),16.2,0.3,-0.92
STD-1297,Dropout,1,97.9,Tinggi,Advertising & Marketing,Over 23 years old,Reguler (Siang),Laki-laki,24-27,26,Single,Tidak,Lunas,Tidak,Ya,Tidak,Domestik,107.0,150.0,5,0,0.0,5,0,0.0,0.0,0.0,Kritis (<25%),7.6,2.6,0.32
STD-1298,Dropout,1,14.5,Rendah,Nursing,Over 23 years old,Reguler (Siang),Laki-laki,28-35,35,Single,Tidak,Lunas,Tidak,Tidak,Tidak,Domestik,132.8,140.0,7,4,12.6,7,5,12.38,64.3,12.49,Sedang (50-75%),12.4,0.5,1.79
STD-1299,Graduate,0,6.6,Rendah,Management (evening),1st phase - general,Kelas Malam,Laki-laki,21-23,22,Single,Tidak,Lunas,Tidak,Ya,Tidak,Domestik,127.5,145.0,5,5,12.428571428571429,5,5,11.8,100.0,12.11,Baik (>75%),7.6,2.6,0.32
STD-1300,Enrolled,0,47.2,Sedang,Tourism,3rd phase - general,Reguler (Siang),Laki-laki,24-27,26,Single,Tidak,Lunas,Tidak,Ya,Tidak,Domestik,123.3,118.0,6,4,10.0,6,3,12.0,58.3,11.0,Sedang (50-75%),9.4,-0.8,-3.12
STD-1301,Dropout,1,87.5,Tinggi,Management,2nd phase - general,Reguler (Siang),Laki-laki,<=20,19,Single,Tidak,Lunas,Tidak,Tidak,Tidak,Domestik,122.0,123.0,5,3,12.333333333333334,5,0,0.0,30.0,6.17,Rendah (25-50%),8.9,1.4,3.51
STD-1302,Dropout,1,96.7,Tinggi,Tourism,1st phase - general,Reguler (Siang),Laki-laki,<=20,19,Single,Tidak,Menunggak,Tidak,Ya,Tidak,Domestik,114.8,120.0,6,0,0.0,6,0,0.0,0.0,0.0,Kritis (<25%),8.9,1.4,3.51
STD-1303,Graduate,0,33.9,Sedang,Animation & Multimedia,Tech. specialization holder,Reguler (Siang),Laki-laki,<=20,20,Single,Ya,Lunas,Tidak,Tidak,Tidak,Domestik,140.0,140.0,0,0,0.0,0,0,0.0,0.0,0.0,Kritis (<25%),15.5,2.8,-4.06
STD-1304,Graduate,0,7.4,Rendah,Advertising & Marketing,Change of institution/course,Reguler (Siang),Laki-laki,21-23,21,Single,Ya,Lunas,Tidak,Tidak,Tidak,Domestik,111.0,126.0,11,10,12.1,8,8,13.333333333333334,94.7,12.72,Baik (>75%),11.1,0.6,2.02
STD-1305,Graduate,0,6.8,Rendah,Journalism & Comm,1st phase - general,Reguler (Siang),Perempuan,<=20,19,Single,Tidak,Lunas,Ya,Ya,Tidak,Domestik,133.2,137.0,6,6,14.714285714285714,6,6,15.0,100.0,14.86,Baik (>75%),13.9,-0.3,0.79
STD-1306,Graduate,0,13.4,Rendah,Journalism & Comm,1st phase - general,Reguler (Siang),Perempuan,<=20,18,Single,Tidak,Lunas,Tidak,Ya,Tidak,Domestik,123.0,130.0,6,6,12.666666666666666,6,6,12.833333333333334,100.0,12.75,Baik (>75%),12.7,3.7,-1.7
STD-1307,Graduate,0,3.0,Rendah,Agronomy,Short cycle holder,Reguler (Siang),Perempuan,21-23,23,Single,Tidak,Lunas,Ya,Tidak,Tidak,Domestik,150.0,150.0,12,12,14.384615384615383,10,10,13.3,100.0,13.84,Baik (>75%),8.9,1.4,3.51
STD-1308,Graduate,0,2.3,Rendah,Management,2nd phase - general,Reguler (Siang),Perempuan,<=20,18,Single,Tidak,Lunas,Ya,Ya,Tidak,Domestik,132.3,147.0,5,5,13.4,5,5,12.2,100.0,12.8,Baik (>75%),12.7,3.7,-1.7
STD-1309,Graduate,0,2.9,Rendah,Nursing,3rd phase - general,Reguler (Siang),Perempuan,<=20,18,Single,Tidak,Lunas,Tidak,Ya,Tidak,Domestik,126.0,140.0,8,7,13.314285714285717,8,7,13.314285714285717,87.5,13.31,Baik (>75%),12.7,3.7,-1.7
STD-1310,Graduate,0,3.5,Rendah,Nursing,1st phase - general,Reguler (Siang),Perempuan,<=20,19,Single,Tidak,Lunas,Tidak,Ya,Tidak,Domestik,119.3,132.0,8,7,11.98857142857143,8,7,11.98857142857143,87.5,11.99,Baik (>75%),10.8,1.4,1.74
STD-1311,Graduate,0,1.7,Rendah,Management,Short cycle holder,Reguler (Siang),Perempuan,21-23,21,Single,Tidak,Lunas,Tidak,Ya,Tidak,Domestik,133.8,130.0,11,11,11.545454545454543,9,8,12.88888888888889,95.0,12.22,Baik (>75%),8.9,1.4,3.51
STD-1312,Graduate,0,2.2,Rendah,Veterinary Nursing,1st phase - general,Reguler (Siang),Perempuan,<=20,18,Single,Tidak,Lunas,Ya,Ya,Tidak,Domestik,126.5,130.0,6,6,16.46153846153846,6,6,13.875,100.0,15.17,Baik (>75%),15.5,2.8,-4.06
STD-1313,Graduate,0,7.3,Rendah,Journalism & Comm,1st phase - general,Reguler (Siang),Perempuan,24-27,24,Single,Tidak,Lunas,Ya,Ya,Tidak,Domestik,138.4,151.0,6,6,13.666666666666666,6,6,12.833333333333334,100.0,13.25,Baik (>75%),10.8,1.4,1.74
STD-1314,Dropout,1,4.7,Rendah,Nursing,1st phase - general,Reguler (Siang),Perempuan,<=20,18,Single,Tidak,Lunas,Tidak,Ya,Tidak,Domestik,129.0,144.0,7,7,12.65,8,8,13.411111111111111,100.0,13.03,Baik (>75%),16.2,0.3,-0.92
STD-1315,Enrolled,0,15.2,Rendah,Advertising & Marketing,1st phase - general,Reguler (Siang),Perempuan,<=20,18,Single,Tidak,Lunas,Tidak,Ya,Tidak,Domestik,118.3,127.0,6,6,12.333333333333334,6,3,12.0,75.0,12.17,Sedang (50-75%),13.9,-0.3,0.79
STD-1316,Graduate,0,5.7,Rendah,Nursing,2nd phase - general,Reguler (Siang),Perempuan,<=20,20,Single,Tidak,Lunas,Tidak,Ya,Tidak,Domestik,129.8,131.0,7,6,14.37,8,7,14.65,86.7,14.51,Baik (>75%),12.4,0.5,1.79
STD-1317,Enrolled,0,6.4,Rendah,Veterinary Nursing,2nd phase - general,Reguler (Siang),Perempuan,<=20,19,Single,Tidak,Lunas,Tidak,Ya,Tidak,Domestik,113.6,123.0,5,3,12.0,5,4,11.75,70.0,11.88,Sedang (50-75%),9.4,-0.8,-3.12
STD-1318,Dropout,1,95.1,Tinggi,Journalism & Comm,1st phase - general,Reguler (Siang),Perempuan,<=20,18,Single,Tidak,Menunggak,Ya,Ya,Tidak,Domestik,128.3,130.0,6,3,12.0,6,3,10.666666666666666,50.0,11.33,Rendah (25-50%),7.6,2.6,0.32
STD-1319,Dropout,1,38.1,Sedang,Tourism,Change of course,Reguler (Siang),Perempuan,<=20,19,Single,Tidak,Lunas,Ya,Tidak,Tidak,Domestik,130.0,130.0,6,4,12.0,6,3,11.0,58.3,11.5,Sedang (50-75%),10.8,1.4,1.74
STD-1320,Graduate,0,24.7,Rendah,Basic Education,2nd phase - general,Reguler (Siang),Perempuan,<=20,19,Single,Tidak,Lunas,Tidak,Ya,Tidak,Domestik,121.9,131.0,6,5,12.6,6,5,11.2,83.3,11.9,Baik (>75%),10.8,1.4,1.74
STD-1321,Graduate,0,3.1,Rendah,Social Service,1st phase - general,Reguler (Siang),Perempuan,<=20,18,Single,Ya,Lunas,Tidak,Tidak,Tidak,Domestik,129.4,135.0,6,6,12.166666666666666,6,6,12.333333333333334,100.0,12.25,Baik (>75%),10.8,1.4,1.74
STD-1322,Enrolled,0,1.8,Rendah,Basic Education,1st phase - general,Reguler (Siang),Perempuan,<=20,20,Single,Tidak,Lunas,Tidak,Ya,Tidak,Domestik,115.3,123.0,7,6,13.5,7,6,14.0,85.7,13.75,Baik (>75%),11.1,0.6,2.02
STD-1323,Graduate,0,2.5,Rendah,Nursing,1st phase - general,Reguler (Siang),Perempuan,<=20,18,Single,Tidak,Lunas,Ya,Ya,Tidak,Domestik,125.5,145.0,8,8,13.76375,8,8,13.76375,100.0,13.76,Baik (>75%),9.4,-0.8,-3.12
STD-1324,Graduate,0,1.3,Rendah,Oral Hygiene,2nd phase - general,Reguler (Siang),Perempuan,<=20,19,Single,Tidak,Lunas,Ya,Ya,Tidak,Domestik,117.8,118.0,7,6,12.4,7,6,12.8,85.7,12.6,Baik (>75%),11.1,0.6,2.02
STD-1325,Enrolled,0,44.3,Sedang,Management,2nd phase - general,Reguler (Siang),Perempuan,<=20,18,Single,Tidak,Lunas,Tidak,Ya,Tidak,Domestik,118.7,125.0,5,4,10.666666666666666,5,2,12.0,60.0,11.33,Sedang (50-75%),13.9,-0.3,0.79
STD-1326,Graduate,0,1.8,Rendah,Nursing,1st phase - general,Reguler (Siang),Perempuan,<=20,18,Single,Tidak,Lunas,Tidak,Ya,Tidak,Domestik,139.0,152.0,7,6,14.333333333333334,7,6,14.333333333333334,85.7,14.33,Baik (>75%),7.6,2.6,0.32
STD-1327,Enrolled,0,30.7,Sedang,Veterinary Nursing,1st phase - general,Reguler (Siang),Perempuan,21-23,21,Single,Tidak,Lunas,Tidak,Ya,Tidak,Domestik,98.9,101.0,6,4,12.5,6,2,12.666666666666666,50.0,12.58,Rendah (25-50%),11.1,0.6,2.02
STD-1328,Dropout,1,97.6,Tinggi,Tourism,2nd phase - general,Reguler (Siang),Perempuan,<=20,19,Single,Ya,Menunggak,Tidak,Ya,Tidak,Domestik,137.7,137.0,6,1,10.0,6,0,0.0,8.3,5.0,Kritis (<25%),7.6,2.6,0.32
STD-1329,Graduate,0,2.1,Rendah,Nursing,1st phase - general,Reguler (Siang),Perempuan,21-23,21,Single,Tidak,Lunas,Tidak,Ya,Tidak,Domestik,113.6,123.0,7,7,14.69625,8,8,14.622222222222224,100.0,14.66,Baik (>75%),12.4,0.5,1.79
STD-1330,Enrolled,0,27.6,Rendah,Veterinary Nursing,1st phase - general,Reguler (Siang),Perempuan,<=20,18,Single,Tidak,Lunas,Tidak,Tidak,Tidak,Domestik,113.4,120.0,6,4,11.5,6,3,13.75,58.3,12.62,Sedang (50-75%),11.1,0.6,2.02
STD-1331,Graduate,0,3.4,Rendah,Oral Hygiene,2nd phase - general,Reguler (Siang),Perempuan,<=20,18,Single,Tidak,Lunas,Ya,Tidak,Tidak,Domestik,128.5,131.0,7,7,12.855555555555556,8,8,13.9125,100.0,13.38,Baik (>75%),12.7,3.7,-1.7
STD-1332,Graduate,0,3.1,Rendah,Nursing,1st phase - general,Reguler (Siang),Perempuan,<=20,18,Single,Tidak,Lunas,Tidak,Tidak,Tidak,Domestik,142.8,141.0,7,7,13.7,8,8,13.994444444444444,100.0,13.85,Baik (>75%),11.1,0.6,2.02
STD-1333,Dropout,1,90.8,Tinggi,Equinculture,1st phase - general,Reguler (Siang),Perempuan,21-23,23,Single,Tidak,Menunggak,Tidak,Tidak,Tidak,Domestik,137.7,144.0,5,0,0.0,5,1,12.0,10.0,6.0,Kritis (<25%),10.8,1.4,1.74
STD-1334,Enrolled,0,17.6,Rendah,Social Service,1st phase - general,Reguler (Siang),Perempuan,<=20,20,Single,Tidak,Lunas,Tidak,Ya,Tidak,Domestik,103.5,107.0,6,3,11.2,6,4,12.0,58.3,11.6,Sedang (50-75%),16.2,0.3,-0.92
STD-1335,Graduate,0,2.5,Rendah,Nursing,1st phase - general,Reguler (Siang),Perempuan,<=20,18,Single,Tidak,Lunas,Tidak,Tidak,Tidak,Domestik,123.2,133.0,7,7,13.285714285714286,8,8,13.333333333333334,100.0,13.31,Baik (>75%),16.2,0.3,-0.92
STD-1336,Enrolled,0,24.7,Rendah,Basic Education,2nd phase - general,Reguler (Siang),Perempuan,<=20,19,Single,Tidak,Lunas,Tidak,Ya,Tidak,Domestik,126.0,126.0,6,5,13.0,6,5,10.4,83.3,11.7,Baik (>75%),7.6,2.6,0.32
STD-1337,Enrolled,0,5.6,Rendah,Nursing,Over 23 years old,Reguler (Siang),Perempuan,24-27,27,Single,Tidak,Lunas,Ya,Tidak,Tidak,Domestik,121.7,133.1,7,6,12.6,7,6,11.685714285714283,85.7,12.14,Baik (>75%),12.4,0.5,1.79
STD-1338,Enrolled,0,27.8,Rendah,Management,2nd phase - general,Reguler (Siang),Perempuan,<=20,19,Single,Ya,Menunggak,Ya,Ya,Tidak,Domestik,142.8,147.0,5,5,12.8,5,4,12.0,90.0,12.4,Baik (>75%),11.1,0.6,2.02
STD-1339,Dropout,1,36.4,Sedang,Equinculture,Change of course,Reguler (Siang),Perempuan,21-23,21,Single,Tidak,Lunas,Tidak,Ya,Tidak,Domestik,120.0,120.0,6,5,11.5,6,5,11.0,83.3,11.25,Baik (>75%),15.5,2.8,-4.06
STD-1340,Graduate,0,1.7,Rendah,Nursing,3rd phase - general,Reguler (Siang),Perempuan,<=20,19,Single,Tidak,Lunas,Ya,Ya,Tidak,Domestik,119.3,130.0,8,7,11.4,8,7,11.4,87.5,11.4,Baik (>75%),10.8,1.4,1.74
STD-1341,Graduate,0,3.6,Rendah,Social Service,Tech. specialization holder,Reguler (Siang),Perempuan,21-23,21,Single,Tidak,Lunas,Ya,Tidak,Tidak,Domestik,121.0,120.0,6,6,12.333333333333334,6,6,11.333333333333334,100.0,11.83,Baik (>75%),13.9,-0.3,0.79
STD-1342,Graduate,0,36.4,Sedang,Journalism & Comm,1st phase - general,Reguler (Siang),Perempuan,<=20,18,Single,Tidak,Lunas,Tidak,Ya,Tidak,Domestik,139.4,138.0,6,5,12.8,6,4,12.2,75.0,12.5,Sedang (50-75%),10.8,1.4,1.74
STD-1343,Graduate,0,1.5,Rendah,Veterinary Nursing,2nd phase - general,Reguler (Siang),Perempuan,<=20,20,Single,Tidak,Lunas,Ya,Ya,Tidak,Domestik,113.9,124.0,5,5,12.0,5,4,15.0,90.0,13.5,Baik (>75%),12.7,3.7,-1.7
STD-1344,Graduate,0,11.3,Rendah,Basic Education,1st phase - general,Reguler (Siang),Perempuan,<=20,18,Single,Tidak,Lunas,Ya,Ya,Tidak,Domestik,124.6,133.0,6,5,13.0,6,5,13.5,83.3,13.25,Baik (>75%),9.4,-0.8,-3.12
STD-1345,Dropout,1,57.8,Sedang,Communication Design,2nd phase - general,Reguler (Siang),Perempuan,<=20,18,Single,Ya,Menunggak,Ya,Ya,Tidak,Domestik,123.8,122.0,6,6,11.833333333333334,6,6,11.0,100.0,11.42,Baik (>75%),12.7,3.7,-1.7
STD-1346,Graduate,0,10.6,Rendah,Veterinary Nursing,1st phase - general,Reguler (Siang),Perempuan,<=20,18,Single,Tidak,Lunas,Tidak,Ya,Tidak,Domestik,126.3,138.0,6,6,14.0,6,6,13.333333333333334,100.0,13.67,Baik (>75%),8.9,1.4,3.51
STD-1347,Graduate,0,12.2,Rendah,Journalism & Comm,2nd phase - general,Reguler (Siang),Perempuan,<=20,18,Single,Tidak,Lunas,Ya,Ya,Tidak,Domestik,120.4,134.0,6,6,12.333333333333334,6,6,13.5,100.0,12.92,Baik (>75%),16.2,0.3,-0.92
STD-1348,Enrolled,0,5.5,Rendah,Nursing,1st phase - general,Reguler (Siang),Perempuan,<=20,19,Single,Tidak,Lunas,Ya,Ya,Tidak,Domestik,120.5,128.0,7,5,13.04,7,7,12.5,85.7,12.77,Baik (>75%),12.4,0.5,1.79
STD-1349,Enrolled,0,26.8,Rendah,Veterinary Nursing,Short cycle holder,Reguler (Siang),Perempuan,21-23,23,Single,Ya,Menunggak,Tidak,Ya,Tidak,Domestik,144.9,140.0,11,11,13.166666666666666,9,8,13.333333333333334,95.0,13.25,Baik (>75%),8.9,1.4,3.51
STD-1350,Graduate,0,5.3,Rendah,Veterinary Nursing,Over 23 years old,Reguler (Siang),Perempuan,24-27,24,Single,Tidak,Lunas,Ya,Ya,Tidak,Domestik,139.9,133.1,6,6,12.5,6,6,12.833333333333334,100.0,12.67,Baik (>75%),8.9,1.4,3.51
STD-1351,Graduate,0,39.3,Sedang,Animation & Multimedia,1st phase - general,Reguler (Siang),Perempuan,<=20,19,Single,Tidak,Lunas,Tidak,Ya,Tidak,Domestik,133.3,142.0,0,0,0.0,0,0,0.0,0.0,0.0,Kritis (<25%),10.8,1.4,1.74
STD-1352,Graduate,0,2.8,Rendah,Nursing,1st phase - general,Reguler (Siang),Perempuan,<=20,18,Single,Tidak,Lunas,Tidak,Ya,Tidak,Domestik,126.0,141.0,8,7,15.657142857142857,8,7,15.657142857142857,87.5,15.66,Baik (>75%),12.7,3.7,-1.7
STD-1353,Graduate,0,3.3,Rendah,Communication Design,1st phase - general,Reguler (Siang),Perempuan,<=20,19,Single,Tidak,Lunas,Tidak,Tidak,Tidak,Domestik,133.5,145.0,6,6,12.166666666666666,6,6,11.333333333333334,100.0,11.75,Baik (>75%),12.7,3.7,-1.7
STD-1354,Dropout,1,94.0,Tinggi,Basic Education,2nd phase - general,Reguler (Siang),Perempuan,<=20,19,Single,Tidak,Lunas,Tidak,Ya,Tidak,Domestik,127.9,145.0,6,0,0.0,6,0,0.0,0.0,0.0,Kritis (<25%),10.8,1.4,1.74
STD-1355,Enrolled,0,4.3,Rendah,Social Service,1st phase - general,Reguler (Siang),Perempuan,<=20,20,Single,Tidak,Lunas,Ya,Tidak,Tidak,Domestik,105.9,108.0,6,5,10.6,6,5,11.166666666666666,83.3,10.88,Baik (>75%),11.1,0.6,2.02
STD-1356,Enrolled,0,2.6,Rendah,Veterinary Nursing,1st phase - general,Reguler (Siang),Perempuan,<=20,20,Single,Tidak,Lunas,Tidak,Tidak,Tidak,Domestik,124.3,132.0,6,6,13.428571428571429,6,5,12.666666666666666,91.7,13.05,Baik (>75%),13.9,-0.3,0.79
STD-1357,Dropout,1,94.2,Tinggi,Journalism & Comm,Over 23 years old,Reguler (Siang),Perempuan,24-27,26,Single,Tidak,Lunas,Tidak,Tidak,Tidak,Domestik,102.5,140.0,6,4,11.75,6,0,0.0,33.3,5.88,Rendah (25-50%),7.6,2.6,0.32
STD-1358,Dropout,1,97.1,Tinggi,Tourism,Over 23 years old,Reguler (Siang),Laki-laki,>35,36,Single,Ya,Menunggak,Tidak,Tidak,Tidak,Domestik,97.0,133.1,5,0,0.0,5,0,0.0,0.0,0.0,Kritis (<25%),15.5,2.8,-4.06
STD-1359,Dropout,1,92.2,Tinggi,Animation & Multimedia,2nd phase - general,Reguler (Siang),Laki-laki,<=20,19,Single,Tidak,Menunggak,Tidak,Tidak,Tidak,Domestik,134.7,128.0,0,0,0.0,0,0,0.0,0.0,0.0,Kritis (<25%),10.8,1.4,1.74
STD-1360,Dropout,1,96.2,Tinggi,Informatics Engineering,Transfer,Reguler (Siang),Laki-laki,24-27,27,Single,Tidak,Menunggak,Tidak,Tidak,Tidak,Domestik,113.8,120.0,5,0,0.0,5,0,0.0,0.0,0.0,Kritis (<25%),15.5,2.8,-4.06
STD-1361,Dropout,1,40.9,Sedang,Informatics Engineering,1st phase - general,Reguler (Siang),Laki-laki,<=20,18,Single,Tidak,Lunas,Tidak,Tidak,Tidak,Domestik,116.9,120.0,5,1,13.0,5,0,0.0,10.0,6.5,Kritis (<25%),8.9,1.4,3.51
STD-1362,Graduate,0,5.6,Rendah,Nursing,1st phase - general,Reguler (Siang),Laki-laki,<=20,18,Single,Tidak,Lunas,Ya,Ya,Tidak,Domestik,124.0,139.0,8,7,13.331428571428573,8,7,13.331428571428573,87.5,13.33,Baik (>75%),10.8,1.4,1.74
STD-1363,Dropout,1,96.3,Tinggi,Communication Design,Over 23 years old,Reguler (Siang),Laki-laki,28-35,28,Single,Tidak,Lunas,Tidak,Tidak,Tidak,Domestik,117.5,139.3,6,0,0.0,6,0,0.0,0.0,0.0,Kritis (<25%),12.4,0.5,1.79
STD-1364,Graduate,0,27.9,Rendah,Animation & Multimedia,Tech. specialization holder,Reguler (Siang),Laki-laki,21-23,21,Single,Tidak,Lunas,Tidak,Ya,Tidak,Domestik,154.8,150.0,0,0,0.0,0,0,0.0,0.0,0.0,Kritis (<25%),12.4,0.5,1.79
STD-1365,Graduate,0,1.6,Rendah,Nursing,1st phase - general,Reguler (Siang),Laki-laki,<=20,19,Single,Tidak,Lunas,Tidak,Tidak,Tidak,Domestik,141.0,138.0,7,6,13.7,7,6,13.7,85.7,13.7,Baik (>75%),7.6,2.6,0.32
STD-1366,Dropout,1,98.7,Tinggi,Advertising & Marketing,Over 23 years old,Reguler (Siang),Laki-laki,24-27,26,Single,Ya,Menunggak,Tidak,Tidak,Tidak,Domestik,120.0,133.1,5,0,0.0,5,0,0.0,0.0,0.0,Kritis (<25%),9.4,-0.8,-3.12
STD-1367,Dropout,1,3.9,Rendah,Informatics Engineering,Change of institution/course,Reguler (Siang),Laki-laki,<=20,20,Single,Tidak,Lunas,Tidak,Ya,Tidak,Domestik,133.6,136.0,9,9,13.454545454545457,7,6,13.875,93.8,13.66,Baik (>75%),11.1,0.6,2.02
STD-1368,Graduate,0,3.1,Rendah,Nursing,1st phase - general,Reguler (Siang),Laki-laki,<=20,19,Single,Tidak,Lunas,Tidak,Ya,Tidak,Domestik,122.0,134.0,8,7,12.2,8,7,12.2,87.5,12.2,Baik (>75%),12.7,3.7,-1.7
STD-1369,Dropout,1,13.4,Rendah,Management,1st phase - general,Reguler (Siang),Laki-laki,21-23,21,Single,Tidak,Lunas,Tidak,Ya,Tidak,Domestik,120.0,140.0,5,3,10.0,5,4,11.0,70.0,10.5,Sedang (50-75%),12.7,3.7,-1.7
STD-1370,Graduate,0,3.1,Rendah,Advertising & Marketing,Short cycle holder,Reguler (Siang),Laki-laki,21-23,23,Single,Tidak,Lunas,Ya,Tidak,Tidak,Domestik,114.2,110.0,6,5,13.0,6,6,12.857142857142858,91.7,12.93,Baik (>75%),8.9,1.4,3.51
STD-1371,Graduate,0,2.3,Rendah,Social Service (eve),Over 23 years old,Kelas Malam,Laki-laki,28-35,29,Single,Tidak,Lunas,Tidak,Tidak,Tidak,Domestik,95.5,133.1,6,6,12.0,6,6,14.0,100.0,13.0,Baik (>75%),11.1,0.6,2.02
STD-1372,Graduate,0,2.9,Rendah,Nursing,1st phase - general,Reguler (Siang),Laki-laki,<=20,20,Single,Tidak,Lunas,Tidak,Tidak,Tidak,Domestik,120.0,129.0,8,7,15.028571428571428,8,7,15.028571428571428,87.5,15.03,Baik (>75%),12.7,3.7,-1.7
STD-1373,Graduate,0,4.1,Rendah,Social Service,1st phase - general,Reguler (Siang),Laki-laki,<=20,18,Single,Tidak,Lunas,Tidak,Tidak,Tidak,Domestik,111.1,116.0,6,6,12.0,6,6,11.714285714285714,100.0,11.86,Baik (>75%),15.5,2.8,-4.06
STD-1374,Graduate,0,5.7,Rendah,Journalism & Comm,1st phase - general,Reguler (Siang),Laki-laki,<=20,19,Single,Tidak,Lunas,Tidak,Ya,Tidak,Domestik,128.6,130.0,6,5,12.0,6,5,12.4,83.3,12.2,Baik (>75%),9.4,-0.8,-3.12
STD-1375,Dropout,1,90.6,Tinggi,Oral Hygiene,Holder of other higher course,Reguler (Siang),Laki-laki,21-23,23,Single,Tidak,Menunggak,Tidak,Tidak,Tidak,Domestik,130.0,130.0,7,3,13.666666666666666,8,3,11.333333333333334,40.0,12.5,Rendah (25-50%),10.8,1.4,1.74
STD-1376,Dropout,1,67.6,Tinggi,Animation & Multimedia,1st phase - general,Reguler (Siang),Laki-laki,21-23,21,Single,Tidak,Lunas,Tidak,Tidak,Tidak,Domestik,111.1,116.0,0,0,0.0,0,0,0.0,0.0,0.0,Kritis (<25%),13.9,-0.3,0.79
STD-1377,Enrolled,0,7.2,Rendah,Management,2nd phase - general,Reguler (Siang),Laki-laki,<=20,18,Single,Tidak,Lunas,Tidak,Ya,Tidak,Domestik,122.7,136.0,5,5,12.0,5,4,12.5,90.0,12.25,Baik (>75%),15.5,2.8,-4.06
STD-1378,Graduate,0,25.4,Rendah,Animation & Multimedia,1st phase - general,Reguler (Siang),Laki-laki,<=20,18,Single,Tidak,Lunas,Ya,Ya,Tidak,Domestik,134.4,147.0,0,0,0.0,0,0,0.0,0.0,0.0,Kritis (<25%),10.8,1.4,1.74
STD-1379,Dropout,1,95.4,Tinggi,Communication Design,1st phase - general,Reguler (Siang),Laki-laki,21-23,21,Single,Ya,Menunggak,Tidak,Ya,Tidak,Domestik,131.0,117.0,6,1,14.0,6,0,0.0,8.3,7.0,Kritis (<25%),9.4,-0.8,-3.12
STD-1380,Dropout,1,89.1,Tinggi,Social Service,Change of institution/course,Reguler (Siang),Laki-laki,21-23,22,Single,Tidak,Lunas,Tidak,Tidak,Tidak,Domestik,125.0,141.0,6,0,0.0,6,0,0.0,0.0,0.0,Kritis (<25%),11.1,0.6,2.02
STD-1381,Graduate,0,14.4,Rendah,Oral Hygiene,3rd phase - general,Reguler (Siang),Laki-laki,21-23,21,Single,Tidak,Lunas,Tidak,Ya,Tidak,Domestik,106.0,133.1,7,7,12.375,7,5,12.583333333333334,85.7,12.48,Baik (>75%),8.9,1.4,3.51
STD-1382,Dropout,1,98.1,Tinggi,Nursing,Over 23 years old,Reguler (Siang),Laki-laki,28-35,32,Single,Tidak,Menunggak,Tidak,Ya,Tidak,Domestik,128.0,133.1,7,0,0.0,8,0,0.0,0.0,0.0,Kritis (<25%),16.2,0.3,-0.92
STD-1383,Graduate,0,20.6,Rendah,Agronomy,Holder of other higher course,Reguler (Siang),Laki-laki,24-27,27,Single,Tidak,Lunas,Tidak,Ya,Tidak,Domestik,120.0,120.0,18,18,11.421052631578949,13,13,11.076923076923077,100.0,11.25,Baik (>75%),15.5,2.8,-4.06
STD-1384,Graduate,0,2.8,Rendah,Nursing,1st phase - general,Reguler (Siang),Laki-laki,<=20,18,Single,Tidak,Lunas,Tidak,Ya,Tidak,Domestik,134.8,148.0,7,6,13.35,7,6,13.35,85.7,13.35,Baik (>75%),7.6,2.6,0.32
STD-1385,Graduate,0,51.7,Sedang,Communication Design,Over 23 years old,Reguler (Siang),Laki-laki,24-27,24,Single,Tidak,Lunas,Ya,Ya,Tidak,Domestik,112.0,130.0,6,6,15.0,6,2,16.0,66.7,15.5,Sedang (50-75%),15.5,2.8,-4.06
STD-1386,Dropout,1,91.1,Tinggi,Equinculture,1st phase - general,Reguler (Siang),Laki-laki,21-23,22,Single,Tidak,Lunas,Tidak,Ya,Tidak,Domestik,116.1,120.0,5,2,10.5,5,0,0.0,20.0,5.25,Kritis (<25%),12.7,3.7,-1.7
STD-1387,Dropout,1,93.3,Tinggi,Equinculture,Change of course,Reguler (Siang),Laki-laki,21-23,22,Single,Tidak,Menunggak,Tidak,Ya,Tidak,Domestik,120.0,120.0,6,0,0.0,4,0,0.0,0.0,0.0,Kritis (<25%),10.8,1.4,1.74
STD-1388,Graduate,0,6.3,Rendah,Management,1st phase - general,Reguler (Siang),Laki-laki,<=20,19,Single,Tidak,Lunas,Tidak,Ya,Tidak,Domestik,119.7,133.0,5,5,13.25,5,5,11.833333333333334,100.0,12.54,Baik (>75%),13.9,-0.3,0.79
STD-1389,Dropout,1,84.3,Tinggi,Informatics Engineering,2nd phase - general,Reguler (Siang),Laki-laki,<=20,19,Single,Tidak,Lunas,Tidak,Ya,Tidak,Domestik,117.1,129.0,5,0,0.0,5,0,0.0,0.0,0.0,Kritis (<25%),7.6,2.6,0.32
STD-1390,Enrolled,0,37.4,Sedang,Veterinary Nursing,1st phase - general,Reguler (Siang),Laki-laki,21-23,21,Single,Tidak,Lunas,Tidak,Ya,Tidak,Domestik,112.4,118.0,5,4,11.5,5,3,10.6,70.0,11.05,Sedang (50-75%),10.8,1.4,1.74
STD-1391,Graduate,0,3.0,Rendah,Nursing,1st phase - general,Reguler (Siang),Perempuan,<=20,18,Single,Tidak,Lunas,Ya,Ya,Tidak,Domestik,131.0,140.0,8,8,13.88125,8,8,13.88125,100.0,13.88,Baik (>75%),9.4,-0.8,-3.12
STD-1392,Graduate,0,3.9,Rendah,Tourism,1st phase - general,Reguler (Siang),Perempuan,<=20,18,Single,Tidak,Lunas,Tidak,Ya,Tidak,Domestik,130.9,127.0,6,6,11.333333333333334,6,5,12.6,91.7,11.97,Baik (>75%),9.4,-0.8,-3.12
STD-1393,Dropout,1,51.3,Sedang,Animation & Multimedia,1st phase - general,Reguler (Siang),Perempuan,<=20,20,Single,Ya,Lunas,Tidak,Ya,Tidak,Domestik,134.9,131.0,0,0,0.0,0,0,0.0,0.0,0.0,Kritis (<25%),16.2,0.3,-0.92
STD-1394,Graduate,0,2.1,Rendah,Social Service,2nd phase - general,Reguler (Siang),Perempuan,<=20,19,Single,Tidak,Lunas,Tidak,Ya,Tidak,Domestik,127.1,132.0,6,6,12.857142857142858,6,6,13.666666666666666,100.0,13.26,Baik (>75%),13.9,-0.3,0.79
STD-1395,Graduate,0,6.7,Rendah,Journalism & Comm,2nd phase - general,Reguler (Siang),Perempuan,<=20,19,Single,Ya,Lunas,Tidak,Ya,Tidak,Domestik,110.2,113.0,6,5,11.6,6,6,12.5,91.7,12.05,Baik (>75%),8.9,1.4,3.51
STD-1396,Graduate,0,5.0,Rendah,Tourism,2nd phase - general,Reguler (Siang),Perempuan,<=20,18,Single,Tidak,Lunas,Ya,Ya,Tidak,Domestik,108.7,115.0,6,5,11.4,6,6,11.333333333333334,91.7,11.37,Baik (>75%),12.4,0.5,1.79
STD-1397,Enrolled,0,14.0,Rendah,Equinculture,1st phase - general,Reguler (Siang),Perempuan,<=20,20,Single,Tidak,Lunas,Tidak,Ya,Tidak,Domestik,138.0,133.1,6,6,13.333333333333334,6,6,13.0,100.0,13.17,Baik (>75%),16.2,0.3,-0.92
STD-1398,Graduate,0,3.0,Rendah,Communication Design,Tech. specialization holder,Reguler (Siang),Perempuan,21-23,22,Single,Ya,Lunas,Ya,Tidak,Tidak,Domestik,147.7,150.0,7,7,13.571428571428571,9,9,13.77777777777778,100.0,13.67,Baik (>75%),12.4,0.5,1.79
STD-1399,Graduate,0,10.4,Rendah,Oral Hygiene,Over 23 years old,Reguler (Siang),Perempuan,28-35,31,Married,Tidak,Lunas,Tidak,Tidak,Tidak,Domestik,123.0,133.1,7,6,11.833333333333334,7,7,12.228571428571428,92.9,12.03,Baik (>75%),12.4,0.5,1.79
STD-1400,Graduate,0,2.4,Rendah,Basic Education,2nd phase - general,Reguler (Siang),Perempuan,<=20,19,Single,Tidak,Lunas,Ya,Tidak,Tidak,Domestik,142.8,141.0,7,7,14.428571428571429,7,7,14.142857142857142,100.0,14.29,Baik (>75%),16.2,0.3,-0.92
STD-1401,Enrolled,0,18.6,Rendah,Animation & Multimedia,1st phase - general,Reguler (Siang),Perempuan,<=20,18,Single,Tidak,Lunas,Tidak,Ya,Tidak,Domestik,138.3,140.0,0,0,0.0,0,0,0.0,0.0,0.0,Kritis (<25%),12.4,0.5,1.79
STD-1402,Graduate,0,7.2,Rendah,Tourism,1st phase - general,Reguler (Siang),Perempuan,<=20,18,Single,Tidak,Lunas,Ya,Ya,Tidak,Domestik,125.2,136.0,6,6,12.285714285714286,6,5,12.4,91.7,12.34,Baik (>75%),8.9,1.4,3.51
STD-1403,Graduate,0,9.5,Rendah,Veterinary Nursing,1st phase - general,Reguler (Siang),Perempuan,21-23,21,Single,Tidak,Lunas,Tidak,Tidak,Tidak,Domestik,141.8,140.0,5,5,14.4,5,5,13.8,100.0,14.1,Baik (>75%),7.6,2.6,0.32
STD-1404,Graduate,0,8.8,Rendah,Nursing,2nd phase - general,Reguler (Siang),Perempuan,<=20,18,Single,Tidak,Lunas,Ya,Ya,Tidak,Domestik,130.6,143.0,7,7,13.15,8,8,15.06875,100.0,14.11,Baik (>75%),13.9,-0.3,0.79
STD-1405,Dropout,1,95.5,Tinggi,Management,Tech. specialization holder,Reguler (Siang),Laki-laki,24-27,25,Single,Ya,Menunggak,Tidak,Tidak,Tidak,Internasional,130.0,130.0,5,0,0.0,5,0,0.0,0.0,0.0,Kritis (<25%),15.5,2.8,-4.06
STD-1406,Dropout,1,85.8,Tinggi,Informatics Engineering,International student,Reguler (Siang),Laki-laki,21-23,21,Single,Ya,Lunas,Tidak,Tidak,Tidak,Internasional,100.0,133.1,5,0,0.0,6,0,0.0,0.0,0.0,Kritis (<25%),11.1,0.6,2.02
STD-1407,Graduate,0,2.1,Rendah,Nursing,3rd phase - general,Reguler (Siang),Perempuan,<=20,19,Single,Tidak,Lunas,Ya,Ya,Tidak,Domestik,119.0,129.0,8,7,12.342857142857143,8,7,12.342857142857143,87.5,12.34,Baik (>75%),10.8,1.4,1.74
STD-1408,Enrolled,0,10.2,Rendah,Journalism & Comm,1st phase - general,Reguler (Siang),Perempuan,<=20,19,Single,Tidak,Lunas,Tidak,Ya,Tidak,Domestik,124.3,132.0,6,5,12.2,6,5,10.8,83.3,11.5,Baik (>75%),10.8,1.4,1.74
STD-1409,Dropout,1,81.7,Tinggi,Tourism,2nd phase - general,Reguler (Siang),Perempuan,21-23,22,Single,Tidak,Lunas,Tidak,Ya,Tidak,Domestik,122.2,118.0,6,4,10.5,6,1,11.0,41.7,10.75,Rendah (25-50%),7.6,2.6,0.32
STD-1410,Graduate,0,3.2,Rendah,Management,International student,Reguler (Siang),Laki-laki,<=20,19,Single,Tidak,Lunas,Tidak,Tidak,Tidak,Domestik,150.0,150.0,5,5,10.6,5,5,11.6,100.0,11.1,Baik (>75%),12.4,0.5,1.79
STD-1411,Dropout,1,97.5,Tinggi,Social Service (eve),Over 23 years old,Kelas Malam,Perempuan,>35,58,Single,Tidak,Lunas,Tidak,Tidak,Tidak,Domestik,135.5,133.1,6,0,0.0,6,0,0.0,0.0,0.0,Kritis (<25%),11.1,0.6,2.02
STD-1412,Graduate,0,4.3,Rendah,Social Service,1st phase - Madeira,Reguler (Siang),Perempuan,<=20,19,Single,Tidak,Lunas,Ya,Ya,Tidak,Domestik,127.3,122.0,6,4,11.25,6,6,12.0,83.3,11.62,Baik (>75%),10.8,1.4,1.74
STD-1413,Graduate,0,8.2,Rendah,Advertising & Marketing,Change of course,Reguler (Siang),Laki-laki,21-23,23,Single,Tidak,Lunas,Tidak,Ya,Tidak,Internasional,127.0,127.0,9,6,10.5,10,10,11.7,84.2,11.1,Baik (>75%),9.4,-0.8,-3.12
STD-1414,Enrolled,0,18.8,Rendah,Journalism & Comm,1st phase - general,Reguler (Siang),Perempuan,<=20,19,Single,Tidak,Lunas,Ya,Ya,Tidak,Domestik,126.9,122.0,6,4,11.0,6,3,11.666666666666666,58.3,11.33,Sedang (50-75%),9.4,-0.8,-3.12
STD-1415,Graduate,0,10.0,Rendah,Nursing,3rd phase - general,Reguler (Siang),Perempuan,<=20,18,Single,Tidak,Lunas,Tidak,Ya,Tidak,Domestik,127.5,131.0,7,7,13.457142857142856,8,8,14.5125,100.0,13.98,Baik (>75%),13.9,-0.3,0.79
STD-1416,Graduate,0,8.8,Rendah,Veterinary Nursing,1st phase - general,Reguler (Siang),Perempuan,<=20,20,Single,Tidak,Lunas,Tidak,Tidak,Tidak,Domestik,122.0,130.0,5,5,12.6,5,4,12.333333333333334,90.0,12.47,Baik (>75%),7.6,2.6,0.32
STD-1417,Dropout,1,96.0,Tinggi,Veterinary Nursing,2nd phase - general,Reguler (Siang),Perempuan,<=20,18,Single,Tidak,Menunggak,Tidak,Tidak,Tidak,Domestik,115.8,130.0,6,0,0.0,6,0,0.0,0.0,0.0,Kritis (<25%),12.7,3.7,-1.7
STD-1418,Graduate,0,5.4,Rendah,Advertising & Marketing,2nd phase - general,Reguler (Siang),Perempuan,<=20,18,Single,Tidak,Lunas,Tidak,Tidak,Tidak,Domestik,121.6,130.0,6,6,13.666666666666666,6,5,13.6,91.7,13.63,Baik (>75%),8.9,1.4,3.51
STD-1419,Graduate,0,19.9,Rendah,Management,2nd phase - general,Reguler (Siang),Perempuan,<=20,18,Single,Ya,Lunas,Ya,Ya,Tidak,Domestik,116.4,122.0,5,5,11.6,5,5,11.8,100.0,11.7,Baik (>75%),11.1,0.6,2.02
STD-1420,Dropout,1,9.6,Rendah,Equinculture,Over 23 years old,Reguler (Siang),Perempuan,24-27,24,Single,Tidak,Lunas,Tidak,Tidak,Tidak,Domestik,120.0,114.0,6,6,12.571428571428571,6,5,12.833333333333334,91.7,12.7,Baik (>75%),11.1,0.6,2.02
STD-1421,Dropout,1,28.8,Rendah,Basic Education,2nd phase - general,Reguler (Siang),Perempuan,<=20,18,Single,Tidak,Lunas,Tidak,Ya,Tidak,Domestik,127.3,143.0,6,5,11.8,6,5,11.4,83.3,11.6,Baik (>75%),10.8,1.4,1.74
STD-1422,Enrolled,0,8.6,Rendah,Management,1st phase - general,Reguler (Siang),Perempuan,<=20,19,Single,Tidak,Lunas,Ya,Ya,Tidak,Domestik,123.5,127.0,5,5,11.6,5,3,12.666666666666666,80.0,12.13,Baik (>75%),9.4,-0.8,-3.12
STD-1423,Graduate,0,2.6,Rendah,Social Service,2nd phase - general,Reguler (Siang),Perempuan,<=20,19,Single,Tidak,Lunas,Ya,Ya,Tidak,Domestik,125.6,141.0,6,6,11.333333333333334,6,6,11.833333333333334,100.0,11.58,Baik (>75%),8.9,1.4,3.51
STD-1424,Graduate,0,2.1,Rendah,Tourism,1st phase - general,Reguler (Siang),Perempuan,<=20,18,Single,Tidak,Lunas,Tidak,Ya,Tidak,Domestik,118.5,129.0,6,6,10.666666666666666,6,6,11.5,100.0,11.08,Baik (>75%),7.6,2.6,0.32
STD-1425,Enrolled,0,13.3,Rendah,Equinculture,1st phase - general,Reguler (Siang),Perempuan,<=20,18,Single,Tidak,Lunas,Tidak,Ya,Tidak,Domestik,129.5,140.0,5,4,13.5,5,5,13.4,90.0,13.45,Baik (>75%),12.7,3.7,-1.7
STD-1426,Graduate,0,18.5,Rendah,Animation & Multimedia,1st phase - general,Reguler (Siang),Perempuan,<=20,19,Single,Tidak,Lunas,Ya,Ya,Tidak,Domestik,134.6,137.0,0,0,0.0,0,0,0.0,0.0,0.0,Kritis (<25%),10.8,1.4,1.74
STD-1427,Graduate,0,4.4,Rendah,Veterinary Nursing,Tech. specialization holder,Reguler (Siang),Perempuan,21-23,22,Single,Tidak,Lunas,Tidak,Tidak,Tidak,Domestik,140.0,140.0,6,6,13.333333333333334,6,4,11.5,83.3,12.42,Baik (>75%),13.9,-0.3,0.79
STD-1428,Enrolled,0,22.9,Rendah,Tourism,1st phase - general,Reguler (Siang),Perempuan,<=20,19,Single,Tidak,Lunas,Tidak,Ya,Tidak,Domestik,133.2,143.0,6,5,13.4,6,2,13.5,58.3,13.45,Sedang (50-75%),10.8,1.4,1.74
STD-1429,Enrolled,0,15.4,Rendah,Social Service,2nd phase - general,Reguler (Siang),Perempuan,21-23,21,Widower,Tidak,Lunas,Ya,Ya,Tidak,Domestik,133.5,138.0,6,3,10.2,6,4,12.25,58.3,11.22,Sedang (50-75%),12.7,3.7,-1.7
STD-1430,Graduate,0,3.3,Rendah,Journalism & Comm,2nd phase - general,Reguler (Siang),Perempuan,21-23,21,Single,Tidak,Lunas,Ya,Ya,Tidak,Domestik,117.9,120.0,6,5,13.0,6,6,12.833333333333334,91.7,12.92,Baik (>75%),8.9,1.4,3.51
STD-1431,Graduate,0,4.8,Rendah,Nursing,1st phase - general,Reguler (Siang),Perempuan,<=20,18,Single,Tidak,Lunas,Ya,Ya,Tidak,Domestik,128.0,144.0,8,7,12.90857142857143,8,7,12.90857142857143,87.5,12.91,Baik (>75%),10.8,1.4,1.74
STD-1432,Dropout,1,69.2,Tinggi,Basic Education,1st phase - general,Reguler (Siang),Perempuan,<=20,20,Single,Tidak,Lunas,Tidak,Ya,Tidak,Domestik,113.2,123.0,6,4,12.0,6,1,10.0,41.7,11.0,Rendah (25-50%),10.8,1.4,1.74
STD-1433,Enrolled,0,4.6,Rendah,Tourism,1st phase - general,Reguler (Siang),Perempuan,<=20,18,Single,Tidak,Lunas,Ya,Ya,Tidak,Domestik,122.0,129.0,6,6,10.833333333333334,6,5,11.0,91.7,10.92,Baik (>75%),7.6,2.6,0.32
STD-1434,Graduate,0,6.0,Rendah,Communication Design,1st phase - Madeira,Reguler (Siang),Perempuan,<=20,19,Single,Tidak,Lunas,Tidak,Ya,Tidak,Domestik,156.9,152.0,6,6,15.333333333333334,6,6,15.833333333333334,100.0,15.58,Baik (>75%),12.7,3.7,-1.7
STD-1435,Enrolled,0,3.7,Rendah,Nursing,1st phase - general,Reguler (Siang),Perempuan,<=20,18,Single,Tidak,Lunas,Ya,Ya,Tidak,Domestik,125.1,130.0,7,6,12.816666666666668,8,6,12.875,80.0,12.85,Baik (>75%),11.1,0.6,2.02
STD-1436,Dropout,1,89.4,Tinggi,Management,International student,Reguler (Siang),Laki-laki,24-27,26,Single,Ya,Menunggak,Tidak,Tidak,Tidak,Internasional,100.0,133.1,7,6,13.0,6,2,14.0,61.5,13.5,Sedang (50-75%),11.1,0.6,2.02
STD-1437,Enrolled,0,4.4,Rendah,Informatics Engineering,International student,Reguler (Siang),Perempuan,<=20,19,Single,Ya,Lunas,Tidak,Tidak,Tidak,Internasional,160.0,160.0,6,2,13.5,5,2,11.0,36.4,12.25,Rendah (25-50%),8.9,1.4,3.51
STD-1438,Graduate,0,2.7,Rendah,Social Service (eve),Over 23 years old,Kelas Malam,Perempuan,28-35,35,Married,Tidak,Lunas,Tidak,Tidak,Tidak,Domestik,101.0,140.0,6,6,12.5,6,6,12.166666666666666,100.0,12.33,Baik (>75%),15.5,2.8,-4.06
STD-1439,Graduate,0,1.8,Rendah,Advertising & Marketing,3rd phase - general,Reguler (Siang),Perempuan,<=20,19,Single,Tidak,Lunas,Ya,Ya,Tidak,Domestik,121.5,133.0,6,6,13.0,6,6,14.333333333333334,100.0,13.67,Baik (>75%),12.4,0.5,1.79
STD-1440,Graduate,0,9.8,Rendah,Veterinary Nursing,1st phase - general,Reguler (Siang),Laki-laki,<=20,18,Single,Tidak,Lunas,Tidak,Ya,Tidak,Domestik,126.8,138.0,5,4,11.75,5,5,12.571428571428571,90.0,12.16,Baik (>75%),10.8,1.4,1.74
STD-1441,Graduate,0,6.1,Rendah,Advertising & Marketing,1st phase - general,Reguler (Siang),Laki-laki,<=20,19,Single,Tidak,Lunas,Tidak,Tidak,Tidak,Domestik,132.9,142.0,5,4,12.5,5,4,14.25,80.0,13.38,Baik (>75%),7.6,2.6,0.32
STD-1442,Graduate,0,63.4,Tinggi,Animation & Multimedia,1st phase - general,Reguler (Siang),Laki-laki,24-27,25,Single,Tidak,Lunas,Tidak,Ya,Tidak,Domestik,134.3,115.0,17,17,11.61111111111111,17,17,12.055555555555555,100.0,11.83,Baik (>75%),12.4,0.5,1.79
STD-1443,Graduate,0,4.6,Rendah,Tourism,2nd phase - general,Reguler (Siang),Laki-laki,<=20,18,Single,Tidak,Lunas,Tidak,Ya,Tidak,Domestik,120.5,125.0,6,6,14.0,6,6,14.666666666666666,100.0,14.33,Baik (>75%),11.1,0.6,2.02
STD-1444,Dropout,1,97.4,Tinggi,Agronomy,2nd phase - general,Reguler (Siang),Laki-laki,24-27,26,Single,Ya,Menunggak,Tidak,Ya,Tidak,Domestik,144.1,170.0,6,0,0.0,6,0,0.0,0.0,0.0,Kritis (<25%),16.2,0.3,-0.92
STD-1445,Graduate,0,2.6,Rendah,Management (evening),Change of course,Kelas Malam,Laki-laki,28-35,34,Single,Tidak,Lunas,Tidak,Tidak,Tidak,Domestik,100.0,140.0,5,5,13.8,5,5,13.833333333333334,100.0,13.82,Baik (>75%),9.4,-0.8,-3.12
STD-1446,Dropout,1,91.5,Tinggi,Tourism,1st phase - general,Reguler (Siang),Laki-laki,<=20,18,Single,Tidak,Menunggak,Tidak,Ya,Tidak,Domestik,114.8,110.0,5,0,0.0,5,0,0.0,0.0,0.0,Kritis (<25%),12.7,3.7,-1.7
STD-1447,Dropout,1,83.0,Tinggi,Animation & Multimedia,1st phase - general,Reguler (Siang),Laki-laki,<=20,18,Single,Tidak,Menunggak,Tidak,Tidak,Tidak,Domestik,111.9,114.0,0,0,0.0,0,0,0.0,0.0,0.0,Kritis (<25%),9.4,-0.8,-3.12
STD-1448,Dropout,1,30.7,Sedang,Informatics Engineering,2nd phase - general,Reguler (Siang),Laki-laki,<=20,18,Single,Tidak,Lunas,Ya,Ya,Tidak,Domestik,125.4,138.0,5,4,12.25,5,3,12.333333333333334,70.0,12.29,Sedang (50-75%),8.9,1.4,3.51
STD-1449,Dropout,1,41.2,Sedang,Agronomy,Tech. specialization holder,Reguler (Siang),Laki-laki,<=20,20,Single,Tidak,Lunas,Tidak,Tidak,Tidak,Domestik,140.0,140.0,6,3,11.5,6,3,13.666666666666666,50.0,12.58,Rendah (25-50%),12.4,0.5,1.79
STD-1450,Graduate,0,10.4,Rendah,Communication Design,Tech. specialization holder,Reguler (Siang),Laki-laki,24-27,25,Single,Tidak,Lunas,Tidak,Tidak,Tidak,Domestik,140.0,140.0,7,6,12.571428571428571,9,9,12.555555555555555,93.8,12.56,Baik (>75%),16.2,0.3,-0.92
STD-1451,Dropout,1,15.6,Rendah,Equinculture,2nd phase - general,Reguler (Siang),Laki-laki,<=20,18,Single,Tidak,Lunas,Tidak,Tidak,Tidak,Domestik,127.8,132.0,6,6,12.0,6,5,12.166666666666666,91.7,12.08,Baik (>75%),11.1,0.6,2.02
STD-1452,Graduate,0,5.5,Rendah,Agronomy,1st phase - general,Reguler (Siang),Laki-laki,<=20,19,Single,Tidak,Lunas,Tidak,Ya,Tidak,Domestik,131.6,148.0,12,11,12.0,12,12,12.307692307692308,95.8,12.15,Baik (>75%),15.5,2.8,-4.06
STD-1453,Dropout,1,46.1,Sedang,Animation & Multimedia,1st phase - general,Reguler (Siang),Laki-laki,<=20,20,Single,Tidak,Lunas,Tidak,Ya,Tidak,Domestik,119.4,132.0,0,0,0.0,0,0,0.0,0.0,0.0,Kritis (<25%),10.8,1.4,1.74
STD-1454,Graduate,0,9.7,Rendah,Social Service,3rd phase - general,Reguler (Siang),Laki-laki,<=20,20,Single,Tidak,Lunas,Ya,Ya,Tidak,Domestik,129.9,126.0,7,6,12.0,6,6,11.166666666666666,92.3,11.58,Baik (>75%),10.8,1.4,1.74
STD-1455,Enrolled,0,9.1,Rendah,Informatics Engineering,1st phase - general,Reguler (Siang),Laki-laki,<=20,20,Single,Tidak,Lunas,Tidak,Tidak,Tidak,Domestik,114.0,121.0,5,4,11.6,5,4,12.25,80.0,11.92,Baik (>75%),7.6,2.6,0.32
STD-1456,Dropout,1,84.3,Tinggi,Management,1st phase - general,Reguler (Siang),Laki-laki,<=20,19,Single,Tidak,Lunas,Ya,Ya,Tidak,Domestik,113.4,120.0,5,0,0.0,5,0,0.0,0.0,0.0,Kritis (<25%),11.1,0.6,2.02
STD-1457,Enrolled,0,16.3,Rendah,Management,1st phase - general,Reguler (Siang),Laki-laki,<=20,20,Single,Tidak,Lunas,Tidak,Tidak,Tidak,Domestik,117.8,123.0,5,5,12.0,5,4,13.0,90.0,12.5,Baik (>75%),8.9,1.4,3.51
STD-1458,Enrolled,0,6.3,Rendah,Nursing,1st phase - general,Reguler (Siang),Laki-laki,<=20,18,Single,Tidak,Lunas,Tidak,Ya,Tidak,Domestik,114.3,122.0,7,6,13.976666666666668,8,6,12.041666666666666,80.0,13.01,Baik (>75%),11.1,0.6,2.02
STD-1459,Enrolled,0,58.5,Sedang,Advertising & Marketing,1st phase - general,Reguler (Siang),Laki-laki,<=20,19,Single,Tidak,Lunas,Tidak,Ya,Tidak,Domestik,129.7,136.0,6,4,12.5,6,1,10.0,41.7,11.25,Rendah (25-50%),16.2,0.3,-0.92
STD-1460,Dropout,1,94.3,Tinggi,Management,3rd phase - general,Reguler (Siang),Laki-laki,<=20,20,Single,Tidak,Menunggak,Tidak,Ya,Tidak,Domestik,112.0,119.0,5,0,0.0,5,0,0.0,0.0,0.0,Kritis (<25%),9.4,-0.8,-3.12
STD-1461,Dropout,1,73.4,Tinggi,Advertising & Marketing,Over 23 years old,Reguler (Siang),Laki-laki,24-27,24,Single,Tidak,Lunas,Tidak,Tidak,Tidak,Domestik,140.0,120.0,6,4,10.5,6,4,12.5,66.7,11.5,Sedang (50-75%),15.5,2.8,-4.06
STD-1462,Graduate,0,5.8,Rendah,Agronomy,Tech. specialization holder,Reguler (Siang),Laki-laki,<=20,20,Single,Tidak,Lunas,Tidak,Ya,Tidak,Domestik,150.0,150.0,6,5,12.857142857142858,6,6,12.3,91.7,12.58,Baik (>75%),16.2,0.3,-0.92
STD-1463,Enrolled,0,16.4,Rendah,Advertising & Marketing,1st phase - general,Reguler (Siang),Laki-laki,<=20,19,Single,Tidak,Lunas,Tidak,Ya,Tidak,Domestik,122.4,121.0,5,3,11.666666666666666,5,4,12.0,70.0,11.83,Sedang (50-75%),9.4,-0.8,-3.12
STD-1464,Dropout,1,36.7,Sedang,Informatics Engineering,Change of institution/course,Reguler (Siang),Laki-laki,21-23,23,Single,Tidak,Lunas,Tidak,Tidak,Tidak,Domestik,150.0,140.0,5,2,13.0,5,1,10.0,30.0,11.5,Rendah (25-50%),8.9,1.4,3.51
STD-1465,Enrolled,0,18.0,Rendah,Tourism,2nd phase - general,Reguler (Siang),Laki-laki,<=20,20,Single,Tidak,Lunas,Tidak,Ya,Tidak,Domestik,135.0,135.0,6,6,11.833333333333334,6,5,10.4,91.7,11.12,Baik (>75%),7.6,2.6,0.32
STD-1466,Graduate,0,10.7,Rendah,Social Service (eve),Change of course,Kelas Malam,Laki-laki,21-23,21,Single,Tidak,Lunas,Tidak,Tidak,Tidak,Domestik,116.2,116.0,11,11,12.454545454545457,11,8,12.75,86.4,12.6,Baik (>75%),9.4,-0.8,-3.12
STD-1467,Dropout,1,75.2,Tinggi,Informatics Engineering,2nd phase - general,Reguler (Siang),Laki-laki,<=20,20,Single,Tidak,Lunas,Tidak,Ya,Tidak,Domestik,120.4,120.0,5,3,11.0,5,0,0.0,30.0,5.5,Rendah (25-50%),10.8,1.4,1.74
STD-1468,Enrolled,0,43.3,Sedang,Informatics Engineering,2nd phase - general,Reguler (Siang),Laki-laki,21-23,21,Married,Tidak,Lunas,Tidak,Ya,Tidak,Domestik,122.9,126.0,5,4,13.2,5,4,14.25,80.0,13.72,Baik (>75%),7.6,2.6,0.32
STD-1469,Graduate,0,3.0,Rendah,Journalism & Comm,1st phase - general,Reguler (Siang),Laki-laki,<=20,18,Single,Tidak,Lunas,Ya,Tidak,Tidak,Domestik,155.0,170.0,6,6,15.5,6,6,14.166666666666666,100.0,14.83,Baik (>75%),11.1,0.6,2.02
STD-1470,Graduate,0,10.0,Rendah,Tourism,1st phase - general,Reguler (Siang),Laki-laki,<=20,18,Single,Tidak,Lunas,Tidak,Ya,Tidak,Domestik,123.4,123.0,6,6,12.333333333333334,6,6,13.666666666666666,100.0,13.0,Baik (>75%),11.1,0.6,2.02
STD-1471,Enrolled,0,6.8,Rendah,Management,2nd phase - general,Reguler (Siang),Laki-laki,<=20,18,Single,Tidak,Lunas,Tidak,Ya,Tidak,Domestik,124.2,120.0,5,5,12.0,5,4,11.4,90.0,11.7,Baik (>75%),13.9,-0.3,0.79
STD-1472,Enrolled,0,30.4,Sedang,Agronomy,Tech. specialization holder,Reguler (Siang),Laki-laki,<=20,20,Single,Tidak,Lunas,Tidak,Ya,Tidak,Domestik,130.0,130.0,6,4,11.6,6,5,11.5,75.0,11.55,Sedang (50-75%),15.5,2.8,-4.06
STD-1473,Graduate,0,4.7,Rendah,Journalism & Comm,2nd phase - general,Reguler (Siang),Laki-laki,<=20,18,Single,Tidak,Lunas,Ya,Tidak,Tidak,Domestik,126.2,130.0,6,6,11.333333333333334,6,6,12.285714285714286,100.0,11.81,Baik (>75%),16.2,0.3,-0.92
STD-1474,Dropout,1,93.4,Tinggi,Journalism & Comm,2nd phase - general,Reguler (Siang),Laki-laki,<=20,19,Single,Tidak,Lunas,Tidak,Ya,Tidak,Domestik,120.5,117.0,6,0,0.0,6,0,0.0,0.0,0.0,Kritis (<25%),9.4,-0.8,-3.12
STD-1475,Enrolled,0,31.6,Sedang,Informatics Engineering,2nd phase - general,Reguler (Siang),Laki-laki,<=20,20,Single,Tidak,Lunas,Tidak,Ya,Tidak,Domestik,123.7,131.0,5,4,12.0,5,2,12.5,60.0,12.25,Sedang (50-75%),10.8,1.4,1.74
STD-1476,Graduate,0,8.6,Rendah,Equinculture,2nd phase - general,Reguler (Siang),Laki-laki,<=20,19,Single,Tidak,Lunas,Tidak,Tidak,Tidak,Domestik,122.5,130.0,5,4,12.0,5,5,12.6,90.0,12.3,Baik (>75%),9.4,-0.8,-3.12
STD-1477,Dropout,1,85.2,Tinggi,Management (evening),Over 23 years old,Kelas Malam,Laki-laki,28-35,33,Single,Ya,Lunas,Tidak,Ya,Tidak,Domestik,139.2,133.0,5,2,12.5,5,2,11.5,40.0,12.0,Rendah (25-50%),12.7,3.7,-1.7
STD-1478,Graduate,0,15.2,Rendah,Animation & Multimedia,Change of institution/course,Reguler (Siang),Laki-laki,21-23,21,Single,Tidak,Lunas,Tidak,Ya,Tidak,Domestik,131.2,128.0,12,12,13.666666666666666,11,11,13.0,100.0,13.33,Baik (>75%),8.9,1.4,3.51
STD-1479,Dropout,1,96.0,Tinggi,Agronomy,Over 23 years old,Reguler (Siang),Laki-laki,24-27,25,Married,Ya,Menunggak,Tidak,Tidak,Tidak,Domestik,120.0,133.1,6,2,14.5,6,0,0.0,16.7,7.25,Kritis (<25%),15.5,2.8,-4.06
STD-1480,Dropout,1,82.9,Tinggi,Veterinary Nursing,1st phase - general,Reguler (Siang),Laki-laki,<=20,20,Single,Tidak,Lunas,Ya,Ya,Tidak,Domestik,116.7,123.0,6,4,13.2,6,0,0.0,33.3,6.6,Rendah (25-50%),12.4,0.5,1.79
STD-1481,Dropout,1,38.8,Sedang,Veterinary Nursing,Short cycle holder,Reguler (Siang),Laki-laki,21-23,22,Single,Tidak,Lunas,Ya,Ya,Tidak,Domestik,150.0,150.0,7,5,12.166666666666666,8,5,14.8,66.7,13.48,Sedang (50-75%),8.9,1.4,3.51
STD-1482,Graduate,0,11.7,Rendah,Journalism & Comm,Over 23 years old,Reguler (Siang),Perempuan,>35,39,Divorced,Tidak,Lunas,Tidak,Tidak,Tidak,Domestik,117.5,133.1,6,4,11.25,6,6,11.333333333333334,83.3,11.29,Baik (>75%),10.8,1.4,1.74
STD-1483,Graduate,0,1.9,Rendah,Advertising & Marketing,1st phase - general,Reguler (Siang),Laki-laki,21-23,21,Single,Tidak,Lunas,Ya,Ya,Tidak,Domestik,137.6,140.0,6,6,15.166666666666666,6,6,14.428571428571429,100.0,14.8,Baik (>75%),8.9,1.4,3.51
STD-1484,Graduate,0,7.8,Rendah,Tourism,2nd phase - general,Reguler (Siang),Perempuan,<=20,19,Single,Tidak,Lunas,Ya,Tidak,Tidak,Domestik,124.3,126.0,6,6,11.166666666666666,6,4,13.4,83.3,12.28,Baik (>75%),16.2,0.3,-0.92
STD-1485,Graduate,0,2.2,Rendah,Nursing,Over 23 years old,Reguler (Siang),Perempuan,24-27,26,Single,Tidak,Lunas,Ya,Tidak,Tidak,Domestik,116.0,133.1,7,6,10.983333333333334,7,6,10.983333333333334,85.7,10.98,Baik (>75%),7.6,2.6,0.32
STD-1486,Graduate,0,3.2,Rendah,Social Service,3rd phase - general,Reguler (Siang),Perempuan,<=20,19,Single,Tidak,Lunas,Ya,Ya,Tidak,Domestik,121.4,121.0,6,4,10.75,6,5,11.5,75.0,11.12,Sedang (50-75%),15.5,2.8,-4.06
STD-1487,Graduate,0,10.7,Rendah,Veterinary Nursing,Short cycle holder,Reguler (Siang),Perempuan,<=20,20,Single,Tidak,Menunggak,Ya,Ya,Tidak,Domestik,142.8,140.0,12,11,13.384615384615383,9,7,14.285714285714286,85.7,13.84,Baik (>75%),8.9,1.4,3.51
STD-1488,Enrolled,0,8.4,Rendah,Advertising & Marketing,2nd phase - general,Reguler (Siang),Perempuan,24-27,25,Single,Tidak,Lunas,Ya,Ya,Tidak,Domestik,96.0,133.1,6,6,11.285714285714286,6,5,12.2,91.7,11.74,Baik (>75%),15.5,2.8,-4.06
STD-1489,Dropout,1,90.3,Tinggi,Social Service (eve),Change of course,Kelas Malam,Laki-laki,24-27,24,Single,Tidak,Lunas,Tidak,Tidak,Tidak,Domestik,125.0,131.0,6,0,0.0,6,0,0.0,0.0,0.0,Kritis (<25%),16.2,0.3,-0.92
STD-1490,Graduate,0,11.6,Rendah,Informatics Engineering,2nd phase - general,Reguler (Siang),Laki-laki,<=20,20,Single,Tidak,Lunas,Tidak,Ya,Tidak,Domestik,126.1,124.0,5,4,13.0,5,5,14.833333333333334,90.0,13.92,Baik (>75%),7.6,2.6,0.32
STD-1491,Graduate,0,7.3,Rendah,Agronomy,Over 23 years old,Reguler (Siang),Laki-laki,28-35,29,Married,Tidak,Lunas,Tidak,Tidak,Tidak,Domestik,155.8,120.0,6,6,16.11111111111111,6,6,13.5,100.0,14.81,Baik (>75%),13.9,-0.3,0.79
STD-1492,Graduate,0,5.9,Rendah,Journalism & Comm,1st phase - general,Reguler (Siang),Laki-laki,<=20,20,Single,Tidak,Lunas,Tidak,Tidak,Tidak,Domestik,116.0,133.1,6,6,11.5,6,6,11.0,100.0,11.25,Baik (>75%),16.2,0.3,-0.92
STD-1493,Dropout,1,65.7,Tinggi,Equinculture,Tech. specialization holder,Reguler (Siang),Laki-laki,<=20,20,Single,Tidak,Lunas,Tidak,Ya,Tidak,Domestik,110.0,110.0,6,4,10.75,6,2,10.5,50.0,10.62,Rendah (25-50%),13.9,-0.3,0.79
STD-1494,Graduate,0,18.0,Rendah,Advertising & Marketing,Over 23 years old,Reguler (Siang),Laki-laki,24-27,24,Single,Tidak,Lunas,Ya,Ya,Tidak,Domestik,97.2,133.1,6,4,11.6,6,5,13.0,75.0,12.3,Sedang (50-75%),11.1,0.6,2.02
STD-1495,Dropout,1,95.2,Tinggi,Nursing,Over 23 years old,Reguler (Siang),Laki-laki,24-27,24,Single,Ya,Lunas,Tidak,Tidak,Tidak,Domestik,100.0,133.1,7,0,0.0,7,0,0.0,0.0,0.0,Kritis (<25%),16.2,0.3,-0.92
STD-1496,Graduate,0,6.3,Rendah,Informatics Engineering,Holder of other higher course,Reguler (Siang),Laki-laki,21-23,23,Single,Tidak,Lunas,Tidak,Tidak,Tidak,Domestik,140.0,140.0,5,5,13.8,5,5,14.142857142857142,100.0,13.97,Baik (>75%),11.1,0.6,2.02
STD-1497,Graduate,0,5.7,Rendah,Oral Hygiene,Change of course,Reguler (Siang),Laki-laki,<=20,20,Single,Tidak,Lunas,Tidak,Ya,Tidak,Domestik,128.0,130.0,7,7,13.585714285714284,8,8,14.6875,100.0,14.14,Baik (>75%),15.5,2.8,-4.06
STD-1498,Graduate,0,7.2,Rendah,Advertising & Marketing,2nd phase - general,Reguler (Siang),Laki-laki,<=20,19,Single,Tidak,Lunas,Tidak,Ya,Tidak,Domestik,115.3,110.0,6,6,13.857142857142858,6,5,13.0,91.7,13.43,Baik (>75%),15.5,2.8,-4.06
STD-1499,Enrolled,0,23.6,Rendah,Agronomy,Over 23 years old,Reguler (Siang),Laki-laki,28-35,28,Divorced,Tidak,Lunas,Tidak,Tidak,Tidak,Domestik,150.0,140.0,6,5,12.0,6,6,12.333333333333334,91.7,12.17,Baik (>75%),11.1,0.6,2.02
STD-1500,Graduate,0,4.5,Rendah,Agronomy,Tech. specialization holder,Reguler (Siang),Laki-laki,<=20,20,Single,Tidak,Lunas,Ya,Ya,Tidak,Domestik,160.0,160.0,6,6,13.444444444444445,6,5,12.6,91.7,13.02,Baik (>75%),13.9,-0.3,0.79
STD-1501,Graduate,0,1.7,Rendah,Communication Design,1st phase - general,Reguler (Siang),Laki-laki,<=20,18,Single,Tidak,Lunas,Tidak,Tidak,Tidak,Domestik,133.1,138.0,6,6,14.0,6,6,13.857142857142858,100.0,13.93,Baik (>75%),8.9,1.4,3.51
STD-1502,Dropout,1,89.0,Tinggi,Advertising & Marketing,1st phase - general,Reguler (Siang),Laki-laki,<=20,20,Single,Ya,Lunas,Tidak,Ya,Tidak,Domestik,119.0,126.0,6,1,12.0,6,0,0.0,8.3,6.0,Kritis (<25%),10.8,1.4,1.74
STD-1503,Graduate,0,10.0,Rendah,Management (evening),Over 23 years old,Kelas Malam,Laki-laki,28-35,33,Married,Tidak,Lunas,Tidak,Ya,Tidak,Domestik,156.0,120.0,5,5,14.2,5,5,13.833333333333334,100.0,14.02,Baik (>75%),10.8,1.4,1.74
STD-1504,Enrolled,0,2.7,Rendah,Nursing,Over 23 years old,Reguler (Siang),Perempuan,28-35,35,Married,Tidak,Lunas,Tidak,Tidak,Tidak,Domestik,163.7,130.0,7,5,13.34,7,5,10.84,71.4,12.09,Sedang (50-75%),12.4,0.5,1.79
STD-1505,Enrolled,0,8.4,Rendah,Nursing,Over 23 years old,Reguler (Siang),Perempuan,24-27,27,Single,Tidak,Lunas,Tidak,Tidak,Tidak,Domestik,130.0,130.0,8,7,12.457142857142856,8,7,12.457142857142856,87.5,12.46,Baik (>75%),12.7,3.7,-1.7
STD-1506,Dropout,1,89.2,Tinggi,Journalism & Comm,2nd phase - general,Reguler (Siang),Perempuan,<=20,19,Single,Tidak,Menunggak,Tidak,Ya,Tidak,Domestik,123.1,122.0,6,3,11.0,6,3,12.0,50.0,11.5,Rendah (25-50%),9.4,-0.8,-3.12
STD-1507,Enrolled,0,8.0,Rendah,Management (evening),Over 23 years old,Kelas Malam,Perempuan,28-35,31,Single,Tidak,Lunas,Ya,Tidak,Tidak,Internasional,160.0,160.0,5,4,10.5,5,4,10.5,80.0,10.5,Baik (>75%),15.5,2.8,-4.06
STD-1508,Graduate,0,30.7,Sedang,Animation & Multimedia,1st phase - general,Reguler (Siang),Laki-laki,<=20,19,Single,Tidak,Lunas,Tidak,Ya,Tidak,Domestik,136.1,134.0,0,0,0.0,0,0,0.0,0.0,0.0,Kritis (<25%),9.4,-0.8,-3.12
STD-1509,Graduate,0,3.4,Rendah,Communication Design,Change of course,Reguler (Siang),Laki-laki,21-23,22,Single,Tidak,Lunas,Tidak,Ya,Tidak,Domestik,132.7,134.0,13,13,14.0,12,12,13.0,100.0,13.5,Baik (>75%),15.5,2.8,-4.06
STD-1510,Dropout,1,95.0,Tinggi,Nursing,Change of course,Reguler (Siang),Perempuan,>35,39,Single,Tidak,Lunas,Tidak,Tidak,Tidak,Internasional,128.2,140.0,7,0,0.0,8,0,0.0,0.0,0.0,Kritis (<25%),12.7,3.7,-1.7
STD-1511,Dropout,1,95.3,Tinggi,Tourism,2nd phase - general,Reguler (Siang),Laki-laki,21-23,22,Single,Tidak,Menunggak,Tidak,Ya,Tidak,Domestik,126.7,127.0,1,0,0.0,6,0,0.0,0.0,0.0,Kritis (<25%),12.4,0.5,1.79
STD-1512,Enrolled,0,24.7,Rendah,Management (evening),Over 23 years old,Kelas Malam,Laki-laki,>35,47,Married,Tidak,Lunas,Tidak,Tidak,Tidak,Domestik,150.0,133.1,5,4,10.0,5,4,12.5,80.0,11.25,Baik (>75%),9.4,-0.8,-3.12
STD-1513,Graduate,0,31.9,Sedang,Animation & Multimedia,2nd phase - general,Reguler (Siang),Laki-laki,<=20,19,Single,Tidak,Lunas,Ya,Ya,Tidak,Domestik,156.3,143.0,0,0,0.0,0,0,0.0,0.0,0.0,Kritis (<25%),11.1,0.6,2.02
STD-1514,Graduate,0,1.9,Rendah,Tourism,Ordinance 854-B/99,Reguler (Siang),Perempuan,<=20,19,Single,Tidak,Lunas,Tidak,Ya,Tidak,Internasional,116.1,115.0,6,6,13.5,6,6,14.333333333333334,100.0,13.92,Baik (>75%),12.4,0.5,1.79
STD-1515,Dropout,1,97.3,Tinggi,Nursing,2nd phase - general,Reguler (Siang),Perempuan,<=20,19,Single,Tidak,Lunas,Tidak,Ya,Tidak,Domestik,123.8,131.0,7,0,0.0,8,0,0.0,0.0,0.0,Kritis (<25%),15.5,2.8,-4.06
STD-1516,Graduate,0,3.3,Rendah,Animation & Multimedia,1st phase - general,Reguler (Siang),Perempuan,21-23,21,Single,Tidak,Lunas,Ya,Ya,Tidak,Domestik,153.0,146.0,17,17,13.38888888888889,17,17,14.88888888888889,100.0,14.14,Baik (>75%),11.1,0.6,2.02
STD-1517,Dropout,1,98.3,Tinggi,Nursing,Holder of other higher course,Reguler (Siang),Perempuan,>35,39,Single,Tidak,Menunggak,Tidak,Ya,Tidak,Domestik,140.0,140.0,7,0,0.0,8,0,0.0,0.0,0.0,Kritis (<25%),12.4,0.5,1.79
STD-1518,Graduate,0,4.0,Rendah,Animation & Multimedia,2nd phase - general,Reguler (Siang),Laki-laki,<=20,19,Single,Tidak,Lunas,Tidak,Ya,Tidak,Domestik,131.9,135.0,12,12,13.583333333333334,11,11,13.583333333333334,100.0,13.58,Baik (>75%),8.9,1.4,3.51
STD-1519,Enrolled,0,13.5,Rendah,Animation & Multimedia,1st phase - general,Reguler (Siang),Laki-laki,<=20,20,Single,Tidak,Lunas,Ya,Tidak,Tidak,Domestik,141.4,133.0,0,0,0.0,0,0,0.0,0.0,0.0,Kritis (<25%),13.9,-0.3,0.79
STD-1520,Dropout,1,96.9,Tinggi,Management,Over 23 years old,Reguler (Siang),Laki-laki,24-27,24,Single,Ya,Menunggak,Tidak,Ya,Tidak,Domestik,140.0,133.1,5,0,0.0,5,0,0.0,0.0,0.0,Kritis (<25%),12.7,3.7,-1.7
STD-1521,Dropout,1,96.8,Tinggi,Management (evening),Over 23 years old,Kelas Malam,Laki-laki,24-27,27,Single,Tidak,Lunas,Tidak,Ya,Tidak,Domestik,115.0,120.0,5,1,10.0,5,0,0.0,10.0,5.0,Kritis (<25%),12.7,3.7,-1.7
STD-1522,Graduate,0,11.8,Rendah,Management (evening),Over 23 years old,Kelas Malam,Laki-laki,28-35,29,Married,Tidak,Lunas,Tidak,Tidak,Tidak,Domestik,168.0,133.1,5,5,15.2,5,5,15.2,100.0,15.2,Baik (>75%),11.1,0.6,2.02
STD-1523,Dropout,1,95.1,Tinggi,Veterinary Nursing,2nd phase - general,Reguler (Siang),Laki-laki,<=20,20,Single,Tidak,Lunas,Tidak,Ya,Tidak,Domestik,101.3,130.0,6,4,12.8,6,0,0.0,33.3,6.4,Rendah (25-50%),12.4,0.5,1.79
STD-1524,Dropout,1,14.5,Rendah,Advertising & Marketing,1st phase - general,Reguler (Siang),Laki-laki,21-23,21,Single,Tidak,Lunas,Tidak,Tidak,Tidak,Domestik,122.6,125.0,5,5,11.166666666666666,5,4,11.0,90.0,11.08,Baik (>75%),9.4,-0.8,-3.12
STD-1525,Enrolled,0,11.5,Rendah,Animation & Multimedia,1st phase - general,Reguler (Siang),Laki-laki,<=20,18,Single,Tidak,Lunas,Tidak,Ya,Tidak,Domestik,141.7,134.0,0,0,0.0,0,0,0.0,0.0,0.0,Kritis (<25%),7.6,2.6,0.32
STD-1526,Graduate,0,6.2,Rendah,Nursing,1st phase - general,Reguler (Siang),Laki-laki,<=20,19,Single,Tidak,Lunas,Tidak,Tidak,Tidak,Domestik,132.3,151.0,8,7,12.828571428571427,8,7,12.828571428571427,87.5,12.83,Baik (>75%),12.7,3.7,-1.7
STD-1527,Dropout,1,92.1,Tinggi,Journalism & Comm,2nd phase - general,Reguler (Siang),Laki-laki,<=20,19,Single,Ya,Menunggak,Tidak,Tidak,Tidak,Domestik,111.7,112.0,6,6,12.5,6,4,12.6,83.3,12.55,Baik (>75%),15.5,2.8,-4.06
STD-1528,Graduate,0,56.6,Sedang,Informatics Engineering,Over 23 years old,Reguler (Siang),Laki-laki,28-35,28,Single,Tidak,Lunas,Ya,Tidak,Tidak,Domestik,98.7,120.0,5,3,10.0,5,3,12.4,60.0,11.2,Sedang (50-75%),12.4,0.5,1.79
STD-1529,Graduate,0,34.5,Sedang,Tourism,International student,Reguler (Siang),Perempuan,21-23,21,Single,Tidak,Menunggak,Tidak,Ya,Tidak,Internasional,140.0,140.0,6,6,11.5,6,4,13.25,83.3,12.38,Baik (>75%),13.9,-0.3,0.79
STD-1530,Dropout,1,80.5,Tinggi,Nursing,Ordinance 854-B/99,Reguler (Siang),Perempuan,21-23,23,Single,Ya,Menunggak,Tidak,Ya,Tidak,Internasional,140.0,140.0,8,7,11.328571428571427,8,7,11.328571428571427,87.5,11.33,Baik (>75%),12.7,3.7,-1.7
STD-1531,Enrolled,0,87.5,Tinggi,Agronomy,Over 23 years old,Reguler (Siang),Perempuan,>35,39,Divorced,Tidak,Lunas,Tidak,Tidak,Tidak,Domestik,100.7,133.1,6,2,13.0,6,3,13.0,41.7,13.0,Rendah (25-50%),15.5,2.8,-4.06
STD-1532,Graduate,0,5.2,Rendah,Nursing,2nd phase - general,Reguler (Siang),Perempuan,<=20,18,Single,Tidak,Lunas,Tidak,Ya,Tidak,Domestik,133.8,143.0,7,6,13.033333333333331,7,6,13.033333333333331,85.7,13.03,Baik (>75%),7.6,2.6,0.32
STD-1533,Graduate,0,8.4,Rendah,Journalism & Comm,International student,Reguler (Siang),Perempuan,>35,59,Married,Tidak,Lunas,Tidak,Tidak,Tidak,Internasional,100.0,133.1,6,6,12.166666666666666,6,4,11.75,83.3,11.96,Baik (>75%),11.1,0.6,2.02
STD-1534,Enrolled,0,57.0,Sedang,Informatics Engineering,Holder of other higher course,Reguler (Siang),Laki-laki,28-35,30,Single,Ya,Lunas,Tidak,Tidak,Tidak,Domestik,180.0,180.0,5,4,14.5,5,3,16.2,70.0,15.35,Sedang (50-75%),13.9,-0.3,0.79
STD-1535,Graduate,0,3.2,Rendah,Veterinary Nursing,1st phase - general,Reguler (Siang),Perempuan,<=20,18,Single,Tidak,Lunas,Tidak,Ya,Tidak,Domestik,130.8,136.0,5,5,14.4,5,5,13.6,100.0,14.0,Baik (>75%),12.7,3.7,-1.7
STD-1536,Enrolled,0,14.8,Rendah,Management (evening),Tech. specialization holder,Kelas Malam,Perempuan,>35,41,Married,Tidak,Lunas,Tidak,Tidak,Tidak,Domestik,140.0,140.0,6,4,12.25,7,6,12.5,76.9,12.38,Baik (>75%),9.4,-0.8,-3.12
STD-1537,Dropout,1,91.7,Tinggi,Nursing,Over 23 years old,Reguler (Siang),Perempuan,24-27,27,Single,Tidak,Lunas,Tidak,Ya,Tidak,Domestik,106.2,130.0,7,0,0.0,7,0,0.0,0.0,0.0,Kritis (<25%),11.1,0.6,2.02
STD-1538,Graduate,0,1.8,Rendah,Social Service,1st phase - general,Reguler (Siang),Perempuan,<=20,18,Single,Tidak,Lunas,Ya,Ya,Tidak,Domestik,125.6,141.0,6,6,12.666666666666666,6,6,12.0,100.0,12.33,Baik (>75%),9.4,-0.8,-3.12
STD-1539,Dropout,1,96.2,Tinggi,Basic Education,3rd phase - general,Reguler (Siang),Perempuan,<=20,20,Single,Ya,Menunggak,Tidak,Ya,Tidak,Domestik,117.5,121.0,6,2,12.0,6,3,11.666666666666666,41.7,11.83,Rendah (25-50%),10.8,1.4,1.74
STD-1540,Dropout,1,98.4,Tinggi,Informatics Engineering,Over 23 years old,Reguler (Siang),Perempuan,28-35,32,Married,Tidak,Menunggak,Tidak,Tidak,Tidak,Domestik,122.5,120.0,5,0,0.0,5,0,0.0,0.0,0.0,Kritis (<25%),12.7,3.7,-1.7
STD-1541,Dropout,1,5.2,Rendah,Management,2nd phase - general,Reguler (Siang),Perempuan,<=20,19,Single,Tidak,Lunas,Tidak,Ya,Tidak,Domestik,132.9,129.0,5,3,11.666666666666666,5,4,10.8,70.0,11.23,Sedang (50-75%),9.4,-0.8,-3.12
STD-1542,Dropout,1,96.9,Tinggi,Basic Education,Over 23 years old,Reguler (Siang),Perempuan,>35,41,Married,Tidak,Lunas,Tidak,Tidak,Tidak,Domestik,103.0,133.1,6,0,0.0,6,0,0.0,0.0,0.0,Kritis (<25%),16.2,0.3,-0.92
STD-1543,Dropout,1,95.8,Tinggi,Social Service (eve),2nd phase - general,Kelas Malam,Perempuan,>35,38,Divorced,Tidak,Lunas,Tidak,Tidak,Tidak,Domestik,107.0,100.0,5,1,10.0,5,0,0.0,10.0,5.0,Kritis (<25%),10.8,1.4,1.74
STD-1544,Dropout,1,95.2,Tinggi,Equinculture,Holder of other higher course,Reguler (Siang),Laki-laki,28-35,35,Single,Tidak,Lunas,Tidak,Tidak,Tidak,Internasional,100.0,133.1,7,0,0.0,6,0,0.0,0.0,0.0,Kritis (<25%),8.9,1.4,3.51
STD-1545,Dropout,1,65.0,Tinggi,Social Service (eve),Over 23 years old,Kelas Malam,Perempuan,24-27,27,Single,Tidak,Lunas,Tidak,Ya,Tidak,Domestik,100.0,133.1,6,4,12.25,6,3,12.0,58.3,12.12,Sedang (50-75%),7.6,2.6,0.32
STD-1546,Graduate,0,5.2,Rendah,Communication Design,2nd phase - general,Reguler (Siang),Perempuan,<=20,19,Single,Tidak,Lunas,Tidak,Ya,Tidak,Domestik,131.3,139.0,6,4,12.0,6,6,12.5,83.3,12.25,Baik (>75%),7.6,2.6,0.32
STD-1547,Enrolled,0,47.7,Sedang,Journalism & Comm,3rd phase - general,Reguler (Siang),Perempuan,<=20,18,Single,Tidak,Menunggak,Tidak,Tidak,Tidak,Domestik,122.2,125.0,6,5,12.6,6,5,11.8,83.3,12.2,Baik (>75%),11.1,0.6,2.02
STD-1548,Dropout,1,97.9,Tinggi,Management (evening),Over 23 years old,Kelas Malam,Perempuan,>35,39,Married,Tidak,Menunggak,Tidak,Tidak,Tidak,Domestik,118.4,133.1,5,0,0.0,5,0,0.0,0.0,0.0,Kritis (<25%),7.6,2.6,0.32
STD-1549,Dropout,1,98.3,Tinggi,Tourism,Holder of other higher course,Reguler (Siang),Perempuan,>35,37,Married,Tidak,Menunggak,Tidak,Tidak,Tidak,Domestik,100.0,100.0,5,0,0.0,5,0,0.0,0.0,0.0,Kritis (<25%),10.8,1.4,1.74
STD-1550,Dropout,1,97.4,Tinggi,Nursing,Over 23 years old,Reguler (Siang),Perempuan,>35,37,Facto Union,Tidak,Menunggak,Tidak,Tidak,Tidak,Domestik,110.0,110.0,8,0,0.0,8,0,0.0,0.0,0.0,Kritis (<25%),12.7,3.7,-1.7
STD-1551,Graduate,0,10.0,Rendah,Social Service (eve),Change of course,Kelas Malam,Perempuan,28-35,35,Married,Tidak,Lunas,Ya,Tidak,Tidak,Domestik,100.0,133.1,16,16,12.6875,13,13,12.0,100.0,12.34,Baik (>75%),9.4,-0.8,-3.12
STD-1552,Graduate,0,34.1,Sedang,Management,Change of course,Reguler (Siang),Perempuan,>35,49,Single,Tidak,Lunas,Tidak,Tidak,Tidak,Domestik,106.2,123.0,13,10,10.4,9,6,10.666666666666666,72.7,10.53,Sedang (50-75%),12.7,3.7,-1.7
STD-1553,Graduate,0,26.0,Rendah,Management,Holder of other higher course,Reguler (Siang),Perempuan,>35,52,Single,Tidak,Lunas,Tidak,Tidak,Tidak,Domestik,110.0,110.0,15,14,10.466666666666669,12,12,10.923076923076923,96.3,10.69,Baik (>75%),13.9,-0.3,0.79
STD-1554,Graduate,0,6.2,Rendah,Veterinary Nursing,1st phase - general,Reguler (Siang),Perempuan,<=20,18,Single,Tidak,Lunas,Tidak,Ya,Tidak,Domestik,122.3,130.0,5,5,14.333333333333334,5,5,13.0,100.0,13.67,Baik (>75%),9.4,-0.8,-3.12
STD-1555,Graduate,0,1.9,Rendah,Social Service (eve),Over 23 years old,Kelas Malam,Perempuan,28-35,30,Single,Tidak,Lunas,Ya,Tidak,Tidak,Domestik,112.5,133.1,7,6,14.666666666666666,6,6,14.333333333333334,92.3,14.5,Baik (>75%),10.8,1.4,1.74
STD-1556,Graduate,0,1.0,Rendah,Nursing,1st phase - general,Reguler (Siang),Perempuan,21-23,21,Single,Tidak,Lunas,Tidak,Ya,Tidak,Domestik,98.1,97.0,7,7,12.835714285714284,8,8,14.23125,100.0,13.53,Baik (>75%),11.1,0.6,2.02
STD-1557,Dropout,1,69.6,Tinggi,Informatics Engineering,1st phase - general,Reguler (Siang),Laki-laki,<=20,20,Single,Tidak,Lunas,Tidak,Ya,Tidak,Domestik,140.2,130.0,5,0,0.0,5,0,0.0,0.0,0.0,Kritis (<25%),9.4,-0.8,-3.12
STD-1558,Enrolled,0,82.8,Tinggi,Management,2nd phase - general,Reguler (Siang),Laki-laki,<=20,18,Single,Ya,Lunas,Tidak,Ya,Tidak,Domestik,143.6,139.0,5,0,0.0,5,0,0.0,0.0,0.0,Kritis (<25%),7.6,2.6,0.32
STD-1559,Dropout,1,51.4,Sedang,Animation & Multimedia,1st phase - Madeira,Reguler (Siang),Laki-laki,<=20,19,Single,Tidak,Lunas,Tidak,Ya,Tidak,Domestik,134.6,150.0,0,0,0.0,0,0,0.0,0.0,0.0,Kritis (<25%),7.6,2.6,0.32
STD-1560,Graduate,0,5.4,Rendah,Nursing,1st phase - general,Reguler (Siang),Laki-laki,<=20,18,Single,Tidak,Lunas,Tidak,Ya,Tidak,Domestik,126.8,141.0,8,8,13.24875,8,8,13.24875,100.0,13.25,Baik (>75%),9.4,-0.8,-3.12
STD-1561,Enrolled,0,30.0,Rendah,Biofuel Production Tech,International student,Reguler (Siang),Laki-laki,<=20,20,Single,Tidak,Lunas,Tidak,Tidak,Tidak,Internasional,100.0,133.1,7,7,12.857142857142858,7,4,12.75,78.6,12.8,Baik (>75%),8.9,1.4,3.51
STD-1562,Enrolled,0,19.9,Rendah,Equinculture,2nd phase - general,Reguler (Siang),Perempuan,21-23,21,Single,Tidak,Lunas,Tidak,Ya,Tidak,Domestik,130.0,137.0,6,5,13.6,6,4,14.25,75.0,13.92,Sedang (50-75%),12.4,0.5,1.79
STD-1563,Graduate,0,4.5,Rendah,Management,1st phase - general,Reguler (Siang),Perempuan,21-23,22,Single,Tidak,Lunas,Ya,Ya,Tidak,Domestik,113.6,116.0,5,3,14.0,5,5,12.4,80.0,13.2,Baik (>75%),11.1,0.6,2.02
STD-1564,Enrolled,0,89.7,Tinggi,Equinculture,Tech. specialization holder,Reguler (Siang),Perempuan,<=20,20,Single,Ya,Menunggak,Tidak,Ya,Tidak,Domestik,140.0,140.0,6,3,12.0,6,2,11.0,41.7,11.5,Rendah (25-50%),12.4,0.5,1.79
STD-1565,Enrolled,0,3.6,Rendah,Veterinary Nursing,2nd phase - general,Reguler (Siang),Perempuan,<=20,20,Single,Tidak,Lunas,Tidak,Tidak,Tidak,Domestik,106.0,106.0,6,6,13.166666666666666,6,4,14.0,83.3,13.58,Baik (>75%),13.9,-0.3,0.79
STD-1566,Graduate,0,2.1,Rendah,Social Service,2nd phase - general,Reguler (Siang),Perempuan,<=20,19,Single,Tidak,Lunas,Ya,Ya,Tidak,Domestik,126.6,135.0,6,6,13.625,6,6,12.166666666666666,100.0,12.9,Baik (>75%),12.7,3.7,-1.7
STD-1567,Graduate,0,4.4,Rendah,Nursing,2nd phase - general,Reguler (Siang),Perempuan,<=20,18,Single,Tidak,Lunas,Ya,Ya,Tidak,Domestik,130.7,144.0,7,7,14.85,8,8,15.61111111111111,100.0,15.23,Baik (>75%),13.9,-0.3,0.79
STD-1568,Graduate,0,12.3,Rendah,Management,1st phase - general,Reguler (Siang),Laki-laki,21-23,21,Single,Tidak,Lunas,Tidak,Ya,Tidak,Domestik,105.9,108.0,5,4,10.75,5,5,11.4,90.0,11.08,Baik (>75%),11.1,0.6,2.02
STD-1569,Enrolled,0,32.1,Sedang,Oral Hygiene,International student,Reguler (Siang),Perempuan,<=20,19,Single,Ya,Lunas,Tidak,Tidak,Tidak,Internasional,137.0,137.0,7,0,0.0,7,2,11.666666666666666,14.3,5.83,Kritis (<25%),8.9,1.4,3.51
STD-1570,Dropout,1,92.7,Tinggi,Equinculture,Change of course,Reguler (Siang),Perempuan,>35,37,Single,Tidak,Lunas,Tidak,Tidak,Tidak,Internasional,100.0,133.1,6,0,0.0,6,0,0.0,0.0,0.0,Kritis (<25%),13.9,-0.3,0.79
STD-1571,Enrolled,0,4.0,Rendah,Social Service (eve),1st phase - general,Kelas Malam,Perempuan,>35,45,Married,Tidak,Lunas,Tidak,Ya,Tidak,Domestik,114.4,121.0,12,12,14.0,7,7,13.857142857142858,100.0,13.93,Baik (>75%),7.6,2.6,0.32
STD-1572,Dropout,1,99.1,Tinggi,Agronomy,Over 23 years old,Reguler (Siang),Laki-laki,>35,38,Single,Ya,Menunggak,Tidak,Tidak,Tidak,Domestik,120.0,133.1,6,0,0.0,6,0,0.0,0.0,0.0,Kritis (<25%),16.2,0.3,-0.92
STD-1573,Dropout,1,98.1,Tinggi,Management (evening),Over 23 years old,Kelas Malam,Laki-laki,>35,55,Legally Separated,Tidak,Menunggak,Tidak,Ya,Tidak,Domestik,119.0,130.0,5,0,0.0,5,0,0.0,0.0,0.0,Kritis (<25%),7.6,2.6,0.32
STD-1574,Dropout,1,93.5,Tinggi,Agronomy,Over 23 years old,Reguler (Siang),Perempuan,28-35,28,Facto Union,Ya,Menunggak,Tidak,Tidak,Tidak,Domestik,110.0,133.1,6,5,13.0,6,4,11.75,75.0,12.38,Sedang (50-75%),13.9,-0.3,0.79
STD-1575,Graduate,0,37.2,Sedang,Management (evening),Holder of other higher course,Kelas Malam,Perempuan,>35,46,Facto Union,Tidak,Lunas,Tidak,Tidak,Tidak,Domestik,120.0,120.0,8,8,12.375,9,5,12.4,76.5,12.39,Baik (>75%),8.9,1.4,3.51
STD-1576,Graduate,0,68.7,Tinggi,Animation & Multimedia,1st phase - general,Reguler (Siang),Perempuan,21-23,22,Single,Tidak,Lunas,Tidak,Ya,Ya,Domestik,119.8,131.0,0,0,0.0,0,0,0.0,0.0,0.0,Kritis (<25%),16.2,0.3,-0.92
STD-1577,Dropout,1,18.3,Rendah,Advertising & Marketing,Over 23 years old,Reguler (Siang),Perempuan,>35,46,Married,Tidak,Lunas,Tidak,Tidak,Tidak,Domestik,135.6,133.1,6,5,11.4,6,4,13.75,75.0,12.58,Sedang (50-75%),12.4,0.5,1.79
STD-1578,Enrolled,0,9.6,Rendah,Management (evening),Over 23 years old,Kelas Malam,Perempuan,28-35,28,Single,Tidak,Lunas,Tidak,Tidak,Tidak,Domestik,120.7,100.0,5,4,11.25,5,4,13.0,80.0,12.12,Baik (>75%),7.6,2.6,0.32
STD-1579,Dropout,1,93.0,Tinggi,Veterinary Nursing,1st phase - general,Reguler (Siang),Perempuan,<=20,18,Single,Ya,Menunggak,Tidak,Ya,Tidak,Domestik,136.3,131.0,5,3,13.0,5,3,12.0,60.0,12.5,Sedang (50-75%),7.6,2.6,0.32
STD-1580,Enrolled,0,13.6,Rendah,Animation & Multimedia,1st phase - Madeira,Reguler (Siang),Laki-laki,<=20,18,Single,Tidak,Lunas,Ya,Ya,Tidak,Domestik,164.3,158.0,0,0,0.0,0,0,0.0,0.0,0.0,Kritis (<25%),10.8,1.4,1.74
STD-1581,Graduate,0,2.1,Rendah,Journalism & Comm,1st phase - general,Reguler (Siang),Laki-laki,21-23,21,Single,Tidak,Lunas,Ya,Ya,Tidak,Domestik,149.2,146.0,6,6,13.5,6,6,14.166666666666666,100.0,13.83,Baik (>75%),12.7,3.7,-1.7
STD-1582,Enrolled,0,14.2,Rendah,Communication Design,1st phase - Madeira,Reguler (Siang),Perempuan,<=20,18,Single,Tidak,Lunas,Tidak,Ya,Tidak,Domestik,122.5,133.0,6,1,11.0,6,4,11.0,41.7,11.0,Rendah (25-50%),7.6,2.6,0.32
STD-1583,Dropout,1,83.9,Tinggi,Management (evening),Change of course,Kelas Malam,Perempuan,28-35,34,Single,Tidak,Lunas,Tidak,Tidak,Tidak,Domestik,100.0,120.0,5,0,0.0,5,1,11.0,10.0,5.5,Kritis (<25%),13.9,-0.3,0.79
STD-1584,Dropout,1,24.8,Rendah,Basic Education,2nd phase - general,Reguler (Siang),Perempuan,21-23,21,Single,Tidak,Lunas,Ya,Ya,Tidak,Domestik,125.0,119.0,6,5,12.0,6,5,11.2,83.3,11.6,Baik (>75%),10.8,1.4,1.74
STD-1585,Graduate,0,3.4,Rendah,Journalism & Comm,1st phase - general,Reguler (Siang),Perempuan,<=20,18,Single,Tidak,Lunas,Ya,Ya,Tidak,Domestik,131.0,132.0,6,5,13.0,6,6,13.0,91.7,13.0,Baik (>75%),15.5,2.8,-4.06
STD-1586,Graduate,0,31.0,Sedang,Animation & Multimedia,1st phase - general,Reguler (Siang),Laki-laki,<=20,20,Single,Tidak,Lunas,Tidak,Ya,Tidak,Domestik,122.0,130.0,0,0,0.0,0,0,0.0,0.0,0.0,Kritis (<25%),7.6,2.6,0.32
STD-1587,Enrolled,0,6.1,Rendah,Management,1st phase - general,Reguler (Siang),Perempuan,<=20,18,Single,Tidak,Lunas,Tidak,Ya,Tidak,Domestik,131.3,132.0,5,4,12.0,5,4,12.25,80.0,12.12,Baik (>75%),9.4,-0.8,-3.12
STD-1588,Enrolled,0,34.0,Sedang,Informatics Engineering,2nd phase - general,Reguler (Siang),Laki-laki,21-23,21,Single,Tidak,Lunas,Tidak,Ya,Tidak,Domestik,117.0,133.1,5,5,11.166666666666666,5,3,10.8,80.0,10.98,Baik (>75%),12.4,0.5,1.79
STD-1589,Dropout,1,86.7,Tinggi,Tourism,2nd phase - general,Reguler (Siang),Laki-laki,<=20,19,Single,Tidak,Lunas,Tidak,Ya,Tidak,Domestik,118.0,119.0,6,2,10.5,6,1,12.0,25.0,11.25,Kritis (<25%),10.8,1.4,1.74
STD-1590,Graduate,0,3.1,Rendah,Social Service (eve),2nd phase - general,Kelas Malam,Laki-laki,21-23,22,Single,Tidak,Lunas,Tidak,Ya,Tidak,Domestik,126.0,134.0,6,6,12.666666666666666,6,6,12.166666666666666,100.0,12.42,Baik (>75%),7.6,2.6,0.32
STD-1591,Dropout,1,90.5,Tinggi,Agronomy,Tech. specialization holder,Reguler (Siang),Laki-laki,21-23,23,Single,Tidak,Lunas,Tidak,Tidak,Tidak,Domestik,120.0,120.0,6,1,11.0,6,0,0.0,8.3,5.5,Kritis (<25%),15.5,2.8,-4.06
STD-1592,Dropout,1,26.3,Rendah,Animation & Multimedia,2nd phase - general,Reguler (Siang),Laki-laki,<=20,19,Single,Tidak,Lunas,Tidak,Ya,Tidak,Domestik,155.6,172.0,0,0,0.0,0,0,0.0,0.0,0.0,Kritis (<25%),9.4,-0.8,-3.12
STD-1593,Enrolled,0,36.2,Sedang,Management,1st phase - general,Reguler (Siang),Laki-laki,<=20,18,Single,Tidak,Lunas,Tidak,Ya,Tidak,Domestik,122.8,120.0,5,4,11.5,5,2,10.333333333333334,60.0,10.92,Sedang (50-75%),10.8,1.4,1.74
STD-1594,Dropout,1,94.6,Tinggi,Animation & Multimedia,1st phase - general,Reguler (Siang),Laki-laki,<=20,19,Single,Ya,Menunggak,Ya,Ya,Tidak,Domestik,127.3,129.0,0,0,0.0,0,0,0.0,0.0,0.0,Kritis (<25%),9.4,-0.8,-3.12
STD-1595,Enrolled,0,13.1,Rendah,Management,2nd phase - general,Reguler (Siang),Laki-laki,<=20,19,Single,Tidak,Lunas,Tidak,Ya,Tidak,Domestik,118.4,118.0,5,2,10.5,5,4,11.75,60.0,11.12,Sedang (50-75%),12.4,0.5,1.79
STD-1596,Enrolled,0,23.0,Rendah,Advertising & Marketing,1st phase - general,Reguler (Siang),Laki-laki,<=20,19,Single,Tidak,Lunas,Tidak,Tidak,Tidak,Domestik,128.1,127.0,5,4,12.5,5,4,11.0,80.0,11.75,Baik (>75%),7.6,2.6,0.32
STD-1597,Enrolled,0,8.7,Rendah,Nursing,1st phase - general,Reguler (Siang),Laki-laki,21-23,22,Single,Tidak,Lunas,Tidak,Ya,Tidak,Domestik,99.0,133.1,7,6,12.833333333333334,8,6,12.5,80.0,12.67,Baik (>75%),16.2,0.3,-0.92
STD-1598,Graduate,0,5.1,Rendah,Journalism & Comm,1st phase - general,Reguler (Siang),Laki-laki,<=20,18,Single,Tidak,Lunas,Ya,Tidak,Tidak,Domestik,161.2,164.0,6,6,15.571428571428571,6,6,16.142857142857142,100.0,15.86,Baik (>75%),13.9,-0.3,0.79
STD-1599,Dropout,1,5.5,Rendah,Social Service,2nd phase - general,Reguler (Siang),Laki-laki,<=20,18,Single,Tidak,Lunas,Tidak,Ya,Tidak,Domestik,140.9,136.0,6,4,12.0,6,5,11.8,75.0,11.9,Sedang (50-75%),9.4,-0.8,-3.12
STD-1600,Dropout,1,58.7,Sedang,Journalism & Comm,2nd phase - general,Reguler (Siang),Laki-laki,<=20,19,Single,Ya,Lunas,Tidak,Tidak,Tidak,Domestik,111.1,117.0,6,4,11.25,6,3,11.333333333333334,58.3,11.29,Sedang (50-75%),16.2,0.3,-0.92
STD-1601,Graduate,0,41.6,Sedang,Animation & Multimedia,1st phase - general,Reguler (Siang),Laki-laki,<=20,18,Single,Tidak,Lunas,Tidak,Ya,Tidak,Domestik,149.9,131.0,0,0,0.0,0,0,0.0,0.0,0.0,Kritis (<25%),11.1,0.6,2.02
STD-1602,Enrolled,0,15.7,Rendah,Advertising & Marketing,2nd phase - general,Reguler (Siang),Laki-laki,21-23,21,Single,Tidak,Lunas,Tidak,Tidak,Tidak,Domestik,111.3,110.0,6,6,12.285714285714286,6,4,14.25,83.3,13.27,Baik (>75%),15.5,2.8,-4.06
STD-1603,Enrolled,0,22.5,Rendah,Tourism,1st phase - general,Reguler (Siang),Laki-laki,<=20,18,Single,Tidak,Lunas,Tidak,Ya,Tidak,Domestik,121.5,125.0,6,5,11.0,6,3,10.333333333333334,66.7,10.67,Sedang (50-75%),9.4,-0.8,-3.12
STD-1604,Graduate,0,10.7,Rendah,Agronomy,Tech. specialization holder,Reguler (Siang),Laki-laki,<=20,19,Single,Tidak,Lunas,Tidak,Ya,Tidak,Domestik,120.0,120.0,6,6,12.142857142857142,6,5,13.6,91.7,12.87,Baik (>75%),12.4,0.5,1.79
STD-1605,Dropout,1,98.6,Tinggi,Agronomy,Over 23 years old,Reguler (Siang),Laki-laki,24-27,27,Single,Ya,Menunggak,Tidak,Tidak,Tidak,Domestik,120.0,133.1,6,2,11.5,6,0,0.0,16.7,5.75,Kritis (<25%),8.9,1.4,3.51
STD-1606,Enrolled,0,8.7,Rendah,Agronomy,Short cycle holder,Reguler (Siang),Laki-laki,<=20,20,Single,Ya,Lunas,Tidak,Ya,Tidak,Domestik,130.0,130.0,12,11,12.545454545454543,10,8,11.625,86.4,12.09,Baik (>75%),8.9,1.4,3.51
STD-1607,Graduate,0,4.1,Rendah,Tourism,1st phase - general,Reguler (Siang),Laki-laki,<=20,20,Single,Tidak,Lunas,Tidak,Ya,Tidak,Domestik,98.9,101.0,6,4,13.0,6,6,13.0,83.3,13.0,Baik (>75%),12.4,0.5,1.79
STD-1608,Graduate,0,14.3,Rendah,Nursing,1st phase - general,Reguler (Siang),Laki-laki,<=20,18,Single,Tidak,Lunas,Tidak,Ya,Tidak,Domestik,136.3,141.0,8,8,12.8875,8,8,12.8875,100.0,12.89,Baik (>75%),9.4,-0.8,-3.12
STD-1609,Enrolled,0,5.7,Rendah,Journalism & Comm,2nd phase - general,Reguler (Siang),Laki-laki,<=20,18,Single,Tidak,Lunas,Tidak,Ya,Tidak,Domestik,125.2,128.0,6,6,12.666666666666666,6,5,13.6,91.7,13.13,Baik (>75%),12.4,0.5,1.79
STD-1610,Graduate,0,3.6,Rendah,Communication Design,1st phase - general,Reguler (Siang),Laki-laki,<=20,18,Single,Tidak,Lunas,Tidak,Ya,Tidak,Domestik,130.0,145.0,6,6,12.833333333333334,6,6,12.571428571428571,100.0,12.7,Baik (>75%),8.9,1.4,3.51
STD-1611,Dropout,1,37.5,Sedang,Management,1st phase - general,Reguler (Siang),Laki-laki,<=20,18,Single,Tidak,Lunas,Tidak,Ya,Tidak,Domestik,141.5,160.0,5,3,10.666666666666666,5,2,12.5,50.0,11.58,Rendah (25-50%),9.4,-0.8,-3.12
STD-1612,Enrolled,0,7.5,Rendah,Veterinary Nursing,1st phase - Madeira,Reguler (Siang),Laki-laki,<=20,18,Single,Tidak,Lunas,Tidak,Ya,Tidak,Domestik,123.9,134.0,5,5,13.0,5,5,12.4,100.0,12.7,Baik (>75%),9.4,-0.8,-3.12
STD-1613,Graduate,0,3.9,Rendah,Nursing,2nd phase - general,Reguler (Siang),Perempuan,<=20,18,Single,Tidak,Lunas,Tidak,Ya,Tidak,Domestik,114.5,125.0,7,6,11.983333333333334,8,8,12.28125,93.3,12.13,Baik (>75%),16.2,0.3,-0.92
STD-1614,Dropout,1,98.2,Tinggi,Social Service (eve),Over 23 years old,Kelas Malam,Perempuan,>35,37,Single,Tidak,Menunggak,Tidak,Ya,Tidak,Domestik,100.0,133.1,5,0,0.0,5,0,0.0,0.0,0.0,Kritis (<25%),9.4,-0.8,-3.12
STD-1615,Graduate,0,2.1,Rendah,Social Service (eve),Over 23 years old,Kelas Malam,Perempuan,>35,36,Married,Tidak,Lunas,Ya,Tidak,Tidak,Domestik,110.5,120.0,6,6,11.833333333333334,6,6,11.5,100.0,11.67,Baik (>75%),10.8,1.4,1.74
STD-1616,Dropout,1,81.0,Tinggi,Veterinary Nursing,Over 23 years old,Reguler (Siang),Perempuan,24-27,26,Married,Tidak,Lunas,Tidak,Ya,Tidak,Domestik,101.0,133.1,6,3,12.666666666666666,6,2,11.0,41.7,11.83,Rendah (25-50%),15.5,2.8,-4.06
STD-1617,Graduate,0,3.1,Rendah,Veterinary Nursing,1st phase - general,Reguler (Siang),Perempuan,<=20,19,Single,Tidak,Lunas,Tidak,Tidak,Tidak,Domestik,121.0,121.0,5,4,13.75,5,4,14.5,80.0,14.12,Baik (>75%),7.6,2.6,0.32
STD-1618,Dropout,1,9.6,Rendah,Social Service (eve),Over 23 years old,Kelas Malam,Perempuan,24-27,24,Single,Tidak,Lunas,Tidak,Ya,Tidak,Domestik,95.0,120.0,6,5,11.4,6,5,11.8,83.3,11.6,Baik (>75%),15.5,2.8,-4.06
STD-1619,Dropout,1,4.4,Rendah,Journalism & Comm,1st phase - general,Reguler (Siang),Perempuan,<=20,19,Single,Tidak,Lunas,Ya,Ya,Tidak,Internasional,126.9,130.0,6,6,13.166666666666666,6,6,13.0,100.0,13.08,Baik (>75%),11.1,0.6,2.02
STD-1620,Graduate,0,10.3,Rendah,Advertising & Marketing,Transfer,Reguler (Siang),Perempuan,<=20,20,Single,Tidak,Lunas,Ya,Ya,Tidak,Domestik,116.3,130.0,7,6,12.833333333333334,8,5,11.8,73.3,12.32,Sedang (50-75%),12.7,3.7,-1.7
STD-1621,Graduate,0,7.8,Rendah,Advertising & Marketing,3rd phase - general,Reguler (Siang),Perempuan,<=20,19,Single,Tidak,Lunas,Tidak,Ya,Tidak,Domestik,120.0,128.0,6,6,14.125,6,5,14.5,91.7,14.31,Baik (>75%),11.1,0.6,2.02
STD-1622,Graduate,0,6.3,Rendah,Veterinary Nursing,1st phase - general,Reguler (Siang),Perempuan,21-23,21,Single,Tidak,Lunas,Tidak,Ya,Tidak,Domestik,123.6,126.0,5,3,11.666666666666666,5,5,13.0,80.0,12.33,Baik (>75%),10.8,1.4,1.74
STD-1623,Dropout,1,94.4,Tinggi,Oral Hygiene,Over 23 years old,Reguler (Siang),Perempuan,>35,50,Married,Tidak,Menunggak,Tidak,Tidak,Tidak,Domestik,150.0,120.0,7,6,10.25,7,4,11.25,71.4,10.75,Sedang (50-75%),12.7,3.7,-1.7
STD-1624,Dropout,1,36.7,Sedang,Oral Hygiene,Over 23 years old,Reguler (Siang),Perempuan,>35,47,Married,Tidak,Lunas,Tidak,Tidak,Tidak,Domestik,120.0,100.0,7,6,12.514285714285716,7,4,11.75,71.4,12.13,Sedang (50-75%),12.7,3.7,-1.7
STD-1625,Dropout,1,47.8,Sedang,Basic Education,Transfer,Reguler (Siang),Perempuan,24-27,24,Single,Tidak,Lunas,Tidak,Tidak,Tidak,Domestik,111.3,120.0,13,10,11.5,13,9,10.444444444444445,73.1,10.97,Sedang (50-75%),16.2,0.3,-0.92
STD-1626,Dropout,1,96.7,Tinggi,Management (evening),Over 23 years old,Kelas Malam,Perempuan,>35,48,Single,Tidak,Menunggak,Tidak,Tidak,Tidak,Domestik,150.0,110.0,5,1,10.0,5,0,0.0,10.0,5.0,Kritis (<25%),15.5,2.8,-4.06
STD-1627,Graduate,0,10.2,Rendah,Veterinary Nursing,1st phase - general,Reguler (Siang),Perempuan,<=20,18,Single,Tidak,Lunas,Ya,Ya,Tidak,Domestik,123.2,127.0,6,6,15.714285714285714,6,5,12.77777777777778,91.7,14.25,Baik (>75%),12.4,0.5,1.79
STD-1628,Dropout,1,47.8,Sedang,Management (evening),Tech. specialization holder,Kelas Malam,Laki-laki,28-35,32,Single,Tidak,Lunas,Tidak,Ya,Tidak,Domestik,130.0,130.0,6,4,12.5,7,4,11.0,61.5,11.75,Sedang (50-75%),9.4,-0.8,-3.12
STD-1629,Dropout,1,65.8,Tinggi,Advertising & Marketing,1st phase - general,Reguler (Siang),Laki-laki,<=20,20,Single,Tidak,Menunggak,Tidak,Ya,Tidak,Domestik,137.9,141.0,5,3,12.0,5,4,12.75,70.0,12.38,Sedang (50-75%),7.6,2.6,0.32
STD-1630,Dropout,1,93.6,Tinggi,Informatics Engineering,Over 23 years old,Reguler (Siang),Laki-laki,24-27,24,Single,Ya,Lunas,Tidak,Tidak,Tidak,Domestik,100.0,120.0,5,0,0.0,5,0,0.0,0.0,0.0,Kritis (<25%),16.2,0.3,-0.92
STD-1631,Graduate,0,25.5,Rendah,Equinculture,Over 23 years old,Reguler (Siang),Laki-laki,>35,53,Married,Tidak,Lunas,Tidak,Tidak,Tidak,Domestik,120.0,133.1,5,4,12.25,5,4,11.75,80.0,12.0,Baik (>75%),9.4,-0.8,-3.12
STD-1632,Dropout,1,97.8,Tinggi,Journalism & Comm,Over 23 years old,Reguler (Siang),Laki-laki,>35,42,Married,Ya,Menunggak,Tidak,Tidak,Tidak,Domestik,131.0,133.1,4,0,0.0,4,0,0.0,0.0,0.0,Kritis (<25%),13.9,-0.3,0.79
STD-1633,Graduate,0,5.9,Rendah,Management (evening),Over 23 years old,Kelas Malam,Laki-laki,>35,52,Married,Tidak,Lunas,Tidak,Ya,Tidak,Domestik,133.8,133.1,5,5,13.6,5,5,14.2,100.0,13.9,Baik (>75%),7.6,2.6,0.32
STD-1634,Enrolled,0,2.6,Rendah,Social Service (eve),Change of course,Kelas Malam,Laki-laki,>35,54,Single,Tidak,Lunas,Tidak,Tidak,Tidak,Domestik,100.0,130.0,13,13,13.307692307692308,11,11,12.818181818181818,100.0,13.06,Baik (>75%),12.7,3.7,-1.7
STD-1635,Graduate,0,10.8,Rendah,Management (evening),Over 23 years old,Kelas Malam,Laki-laki,>35,49,Married,Tidak,Lunas,Tidak,Tidak,Tidak,Domestik,150.0,110.0,5,5,12.2,5,5,11.8,100.0,12.0,Baik (>75%),15.5,2.8,-4.06
STD-1636,Graduate,0,6.9,Rendah,Advertising & Marketing,2nd phase - general,Reguler (Siang),Laki-laki,<=20,18,Single,Tidak,Lunas,Ya,Tidak,Tidak,Domestik,126.4,125.0,6,6,12.285714285714286,6,6,13.333333333333334,100.0,12.81,Baik (>75%),16.2,0.3,-0.92
STD-1637,Graduate,0,14.0,Rendah,Equinculture,Over 23 years old,Reguler (Siang),Laki-laki,>35,37,Married,Tidak,Lunas,Tidak,Ya,Tidak,Domestik,154.0,130.0,5,3,12.0,5,4,13.0,70.0,12.5,Sedang (50-75%),10.8,1.4,1.74
STD-1638,Graduate,0,2.4,Rendah,Nursing,1st phase - general,Reguler (Siang),Laki-laki,21-23,21,Single,Tidak,Lunas,Ya,Tidak,Tidak,Domestik,114.9,121.0,7,6,13.342857142857143,8,7,11.65,86.7,12.5,Baik (>75%),12.4,0.5,1.79
STD-1639,Dropout,1,89.4,Tinggi,Advertising & Marketing,Over 23 years old,Reguler (Siang),Laki-laki,24-27,26,Single,Ya,Lunas,Tidak,Tidak,Tidak,Domestik,110.0,133.1,5,0,0.0,5,0,0.0,0.0,0.0,Kritis (<25%),9.4,-0.8,-3.12
STD-1640,Graduate,0,3.7,Rendah,Communication Design,1st phase - general,Reguler (Siang),Laki-laki,<=20,20,Single,Tidak,Lunas,Tidak,Ya,Tidak,Domestik,149.8,147.0,12,11,14.272727272727272,12,11,14.818181818181818,91.7,14.55,Baik (>75%),16.2,0.3,-0.92
STD-1641,Graduate,0,4.4,Rendah,Nursing,1st phase - general,Reguler (Siang),Perempuan,<=20,19,Single,Tidak,Lunas,Ya,Ya,Tidak,Domestik,117.9,128.0,7,7,12.1375,8,8,12.91111111111111,100.0,12.52,Baik (>75%),12.4,0.5,1.79
STD-1642,Graduate,0,3.6,Rendah,Communication Design,1st phase - general,Reguler (Siang),Perempuan,<=20,18,Single,Tidak,Lunas,Tidak,Ya,Tidak,Domestik,165.8,164.0,6,6,14.166666666666666,6,6,14.857142857142858,100.0,14.51,Baik (>75%),9.4,-0.8,-3.12
STD-1643,Graduate,0,11.9,Rendah,Nursing,2nd phase - general,Reguler (Siang),Perempuan,<=20,18,Single,Tidak,Lunas,Tidak,Ya,Tidak,Domestik,127.6,137.0,7,7,13.528571428571428,8,8,14.655555555555557,100.0,14.09,Baik (>75%),12.4,0.5,1.79
STD-1644,Graduate,0,8.1,Rendah,Social Service (eve),2nd phase - general,Kelas Malam,Perempuan,<=20,20,Single,Tidak,Lunas,Tidak,Tidak,Tidak,Domestik,123.8,122.0,6,5,12.0,6,6,11.0,91.7,11.5,Baik (>75%),10.8,1.4,1.74
STD-1645,Dropout,1,52.6,Sedang,Tourism,2nd phase - general,Reguler (Siang),Perempuan,<=20,20,Single,Tidak,Lunas,Tidak,Ya,Tidak,Domestik,126.1,124.0,5,5,11.4,6,1,11.0,54.5,11.2,Sedang (50-75%),10.8,1.4,1.74
STD-1646,Dropout,1,31.1,Sedang,Animation & Multimedia,1st phase - general,Reguler (Siang),Perempuan,21-23,21,Single,Tidak,Lunas,Tidak,Ya,Tidak,Domestik,119.7,120.0,0,0,0.0,0,0,0.0,0.0,0.0,Kritis (<25%),8.9,1.4,3.51
STD-1647,Graduate,0,5.2,Rendah,Animation & Multimedia,1st phase - general,Reguler (Siang),Perempuan,21-23,22,Single,Tidak,Lunas,Tidak,Ya,Tidak,Domestik,121.6,117.0,12,12,12.916666666666666,11,11,14.5,100.0,13.71,Baik (>75%),8.9,1.4,3.51
STD-1648,Graduate,0,0.9,Rendah,Nursing,Change of course,Reguler (Siang),Perempuan,<=20,18,Single,Tidak,Lunas,Ya,Tidak,Tidak,Domestik,100.0,140.0,7,7,13.6375,8,8,14.3875,100.0,14.01,Baik (>75%),13.9,-0.3,0.79
STD-1649,Dropout,1,4.3,Rendah,Nursing,1st phase - general,Reguler (Siang),Perempuan,<=20,18,Single,Tidak,Lunas,Tidak,Ya,Tidak,Domestik,127.6,130.0,7,7,12.9,8,7,12.142857142857142,93.3,12.52,Baik (>75%),15.5,2.8,-4.06
STD-1650,Graduate,0,2.0,Rendah,Nursing,1st phase - general,Reguler (Siang),Perempuan,<=20,19,Single,Tidak,Lunas,Ya,Ya,Tidak,Domestik,132.5,138.0,8,7,14.36,8,7,14.36,87.5,14.36,Baik (>75%),10.8,1.4,1.74
STD-1651,Enrolled,0,2.5,Rendah,Nursing,1st phase - general,Reguler (Siang),Perempuan,<=20,19,Single,Tidak,Lunas,Tidak,Tidak,Tidak,Domestik,124.3,141.0,8,7,14.514285714285714,8,7,14.514285714285714,87.5,14.51,Baik (>75%),12.7,3.7,-1.7
STD-1652,Graduate,0,2.7,Rendah,Nursing,1st phase - general,Reguler (Siang),Perempuan,<=20,18,Single,Tidak,Lunas,Tidak,Ya,Tidak,Domestik,131.0,142.0,8,7,14.7,8,7,14.7,87.5,14.7,Baik (>75%),10.8,1.4,1.74
STD-1653,Enrolled,0,3.5,Rendah,Management (evening),Holder of other higher course,Kelas Malam,Perempuan,24-27,27,Single,Tidak,Lunas,Tidak,Tidak,Tidak,Domestik,120.0,120.0,5,5,15.2,5,5,14.0,100.0,14.6,Baik (>75%),11.1,0.6,2.02
STD-1654,Graduate,0,1.6,Rendah,Oral Hygiene,1st phase - general,Reguler (Siang),Perempuan,<=20,20,Single,Tidak,Lunas,Ya,Ya,Tidak,Domestik,113.3,122.0,7,7,13.0,8,8,15.0625,100.0,14.03,Baik (>75%),12.4,0.5,1.79
STD-1655,Dropout,1,82.1,Tinggi,Basic Education,1st phase - general,Reguler (Siang),Perempuan,<=20,20,Single,Tidak,Lunas,Tidak,Ya,Tidak,Domestik,121.9,131.0,6,6,13.5,6,0,0.0,50.0,6.75,Rendah (25-50%),12.7,3.7,-1.7
STD-1656,Graduate,0,2.7,Rendah,Veterinary Nursing,1st phase - general,Reguler (Siang),Perempuan,<=20,20,Single,Tidak,Lunas,Tidak,Ya,Tidak,Domestik,118.3,120.0,5,5,12.333333333333334,5,5,12.6,100.0,12.47,Baik (>75%),9.4,-0.8,-3.12
STD-1657,Graduate,0,2.3,Rendah,Management,1st phase - general,Reguler (Siang),Perempuan,<=20,19,Single,Tidak,Lunas,Tidak,Tidak,Tidak,Domestik,118.8,131.0,5,5,13.4,5,5,13.0,100.0,13.2,Baik (>75%),16.2,0.3,-0.92
STD-1658,Enrolled,0,19.8,Rendah,Veterinary Nursing,1st phase - general,Reguler (Siang),Perempuan,<=20,20,Single,Tidak,Lunas,Tidak,Tidak,Tidak,Domestik,129.0,130.0,5,4,11.75,5,2,10.5,60.0,11.12,Sedang (50-75%),7.6,2.6,0.32
STD-1659,Graduate,0,12.0,Rendah,Animation & Multimedia,Change of course,Reguler (Siang),Perempuan,<=20,20,Single,Tidak,Lunas,Ya,Ya,Tidak,Domestik,143.3,120.0,0,0,0.0,0,0,0.0,0.0,0.0,Kritis (<25%),7.6,2.6,0.32
STD-1660,Enrolled,0,26.5,Rendah,Animation & Multimedia,1st phase - general,Reguler (Siang),Perempuan,<=20,20,Single,Tidak,Lunas,Tidak,Ya,Tidak,Domestik,152.5,136.0,0,0,0.0,0,0,0.0,0.0,0.0,Kritis (<25%),13.9,-0.3,0.79
STD-1661,Graduate,0,9.8,Rendah,Veterinary Nursing,Short cycle holder,Reguler (Siang),Perempuan,24-27,27,Single,Tidak,Lunas,Tidak,Ya,Tidak,Domestik,155.7,160.0,12,11,14.727272727272728,9,7,14.142857142857142,85.7,14.44,Baik (>75%),8.9,1.4,3.51
STD-1662,Graduate,0,14.3,Rendah,Veterinary Nursing,1st phase - general,Reguler (Siang),Perempuan,<=20,18,Single,Tidak,Lunas,Tidak,Ya,Tidak,Domestik,153.9,157.0,6,6,16.571428571428573,6,6,15.666666666666666,100.0,16.12,Baik (>75%),13.9,-0.3,0.79
STD-1663,Graduate,0,2.6,Rendah,Nursing,1st phase - general,Reguler (Siang),Perempuan,<=20,18,Single,Tidak,Lunas,Tidak,Tidak,Tidak,Domestik,137.8,150.0,7,7,15.145,8,8,15.7425,100.0,15.44,Baik (>75%),15.5,2.8,-4.06
STD-1664,Graduate,0,3.2,Rendah,Nursing,2nd phase - general,Reguler (Siang),Perempuan,<=20,18,Single,Tidak,Lunas,Ya,Tidak,Tidak,Domestik,143.3,148.0,7,7,13.44285714285714,8,8,15.075,100.0,14.26,Baik (>75%),13.9,-0.3,0.79
STD-1665,Graduate,0,7.0,Rendah,Veterinary Nursing,1st phase - general,Reguler (Siang),Perempuan,<=20,20,Single,Tidak,Lunas,Tidak,Tidak,Tidak,Domestik,123.2,120.0,5,5,14.166666666666666,5,4,11.75,90.0,12.96,Baik (>75%),9.4,-0.8,-3.12
STD-1666,Enrolled,0,4.7,Rendah,Journalism & Comm,1st phase - general,Reguler (Siang),Perempuan,<=20,19,Single,Tidak,Lunas,Tidak,Ya,Tidak,Domestik,138.1,150.0,6,6,14.0,6,5,15.0,91.7,14.5,Baik (>75%),11.1,0.6,2.02
STD-1667,Graduate,0,2.0,Rendah,Social Service,2nd phase - general,Reguler (Siang),Perempuan,<=20,20,Single,Tidak,Lunas,Ya,Tidak,Tidak,Domestik,140.5,158.0,6,6,11.333333333333334,6,6,12.333333333333334,100.0,11.83,Baik (>75%),10.8,1.4,1.74
STD-1668,Graduate,0,4.2,Rendah,Nursing,1st phase - general,Reguler (Siang),Perempuan,<=20,18,Single,Tidak,Lunas,Tidak,Ya,Tidak,Domestik,130.0,145.0,8,8,13.76125,8,8,13.76125,100.0,13.76,Baik (>75%),9.4,-0.8,-3.12
STD-1669,Dropout,1,87.1,Tinggi,Communication Design,Tech. specialization holder,Reguler (Siang),Perempuan,21-23,22,Single,Ya,Menunggak,Tidak,Tidak,Tidak,Domestik,104.8,100.0,7,5,11.6,9,5,10.0,62.5,10.8,Sedang (50-75%),12.4,0.5,1.79
STD-1670,Graduate,0,15.6,Rendah,Social Service (eve),2nd phase - general,Kelas Malam,Perempuan,21-23,22,Single,Ya,Lunas,Ya,Tidak,Tidak,Domestik,132.5,136.0,6,4,12.75,6,5,13.0,75.0,12.88,Sedang (50-75%),13.9,-0.3,0.79
STD-1671,Enrolled,0,23.7,Rendah,Management (evening),Over 23 years old,Kelas Malam,Perempuan,24-27,25,Single,Tidak,Lunas,Tidak,Tidak,Tidak,Domestik,127.7,133.1,5,4,12.5,5,4,11.0,80.0,11.75,Baik (>75%),13.9,-0.3,0.79
STD-1672,Graduate,0,4.0,Rendah,Veterinary Nursing,1st phase - general,Reguler (Siang),Perempuan,<=20,19,Single,Tidak,Lunas,Tidak,Tidak,Tidak,Domestik,136.5,148.0,6,6,15.307692307692308,6,6,14.0,100.0,14.65,Baik (>75%),15.5,2.8,-4.06
STD-1673,Dropout,1,68.1,Tinggi,Equinculture,Tech. specialization holder,Reguler (Siang),Perempuan,21-23,21,Single,Tidak,Menunggak,Tidak,Ya,Tidak,Domestik,130.0,130.0,6,5,13.285714285714286,6,4,12.0,75.0,12.64,Sedang (50-75%),16.2,0.3,-0.92
STD-1674,Graduate,0,6.4,Rendah,Nursing,Over 23 years old,Reguler (Siang),Perempuan,24-27,27,Single,Tidak,Lunas,Tidak,Ya,Tidak,Domestik,190.0,130.0,7,7,14.757142857142856,8,8,14.077777777777778,100.0,14.42,Baik (>75%),16.2,0.3,-0.92
STD-1675,Graduate,0,3.5,Rendah,Nursing,2nd phase - general,Reguler (Siang),Perempuan,<=20,18,Single,Tidak,Lunas,Tidak,Ya,Tidak,Domestik,128.5,136.0,7,6,12.766666666666666,7,6,12.766666666666666,85.7,12.77,Baik (>75%),7.6,2.6,0.32
STD-1676,Dropout,1,96.6,Tinggi,Tourism,2nd phase - general,Reguler (Siang),Perempuan,<=20,18,Single,Tidak,Menunggak,Tidak,Tidak,Tidak,Domestik,126.6,122.0,5,5,10.4,6,0,0.0,45.5,5.2,Rendah (25-50%),10.8,1.4,1.74
STD-1677,Dropout,1,97.3,Tinggi,Oral Hygiene,2nd phase - general,Reguler (Siang),Laki-laki,<=20,19,Single,Tidak,Lunas,Tidak,Ya,Tidak,Domestik,131.6,140.0,7,0,0.0,7,0,0.0,0.0,0.0,Kritis (<25%),11.1,0.6,2.02
STD-1678,Graduate,0,8.7,Rendah,Management (evening),Over 23 years old,Kelas Malam,Laki-laki,28-35,35,Facto Union,Tidak,Lunas,Ya,Tidak,Tidak,Domestik,119.0,110.0,5,4,10.5,5,5,12.6,90.0,11.55,Baik (>75%),8.9,1.4,3.51
STD-1679,Graduate,0,2.9,Rendah,Veterinary Nursing,2nd phase - general,Reguler (Siang),Laki-laki,21-23,23,Single,Tidak,Lunas,Tidak,Tidak,Tidak,Domestik,127.6,130.0,5,4,14.25,5,5,13.4,90.0,13.82,Baik (>75%),7.6,2.6,0.32
STD-1680,Dropout,1,92.7,Tinggi,Nursing,Over 23 years old,Reguler (Siang),Laki-laki,28-35,28,Single,Tidak,Lunas,Tidak,Tidak,Tidak,Domestik,100.0,133.1,7,3,11.916666666666666,7,0,0.0,21.4,5.96,Kritis (<25%),16.2,0.3,-0.92
STD-1681,Enrolled,0,49.2,Sedang,Informatics Engineering,1st phase - general,Reguler (Siang),Laki-laki,<=20,19,Single,Tidak,Lunas,Tidak,Ya,Tidak,Domestik,124.5,128.0,5,3,10.666666666666666,5,2,14.0,50.0,12.33,Rendah (25-50%),7.6,2.6,0.32
STD-1682,Enrolled,0,20.8,Rendah,Journalism & Comm,1st phase - general,Reguler (Siang),Laki-laki,<=20,19,Single,Tidak,Lunas,Tidak,Tidak,Tidak,Domestik,109.3,117.0,6,4,12.25,6,3,12.666666666666666,58.3,12.46,Sedang (50-75%),7.6,2.6,0.32
STD-1683,Dropout,1,37.8,Sedang,Advertising & Marketing,1st phase - general,Reguler (Siang),Laki-laki,<=20,20,Single,Ya,Lunas,Tidak,Ya,Tidak,Domestik,117.7,124.0,5,4,12.0,5,5,11.6,90.0,11.8,Baik (>75%),9.4,-0.8,-3.12
STD-1684,Dropout,1,15.5,Rendah,Advertising & Marketing,1st phase - general,Reguler (Siang),Laki-laki,21-23,21,Single,Tidak,Lunas,Tidak,Ya,Tidak,Domestik,124.7,124.0,5,3,11.0,5,4,12.75,70.0,11.88,Sedang (50-75%),7.6,2.6,0.32
STD-1685,Graduate,0,9.3,Rendah,Communication Design,2nd phase - general,Reguler (Siang),Laki-laki,<=20,18,Single,Tidak,Lunas,Tidak,Ya,Tidak,Domestik,124.5,128.0,6,6,14.166666666666666,6,5,13.0,91.7,13.58,Baik (>75%),10.8,1.4,1.74
STD-1686,Graduate,0,4.6,Rendah,Communication Design,1st phase - general,Reguler (Siang),Laki-laki,21-23,22,Single,Tidak,Lunas,Tidak,Ya,Tidak,Domestik,140.8,125.0,6,6,14.666666666666666,6,6,15.0,100.0,14.83,Baik (>75%),9.4,-0.8,-3.12
STD-1687,Graduate,0,19.6,Rendah,Veterinary Nursing,2nd phase - general,Reguler (Siang),Laki-laki,21-23,21,Single,Tidak,Lunas,Tidak,Ya,Tidak,Domestik,111.9,121.0,5,0,0.0,5,5,12.285714285714286,50.0,6.14,Rendah (25-50%),10.8,1.4,1.74
STD-1688,Dropout,1,97.6,Tinggi,Oral Hygiene,Holder of other higher course,Reguler (Siang),Laki-laki,>35,38,Single,Ya,Menunggak,Tidak,Tidak,Tidak,Domestik,140.0,140.0,7,3,12.666666666666666,5,0,0.0,25.0,6.33,Kritis (<25%),13.9,-0.3,0.79
STD-1689,Enrolled,0,48.9,Sedang,Animation & Multimedia,1st phase - general,Reguler (Siang),Laki-laki,<=20,20,Single,Tidak,Lunas,Tidak,Ya,Tidak,Domestik,121.2,124.0,0,0,0.0,0,0,0.0,0.0,0.0,Kritis (<25%),10.8,1.4,1.74
STD-1690,Dropout,1,44.6,Sedang,Animation & Multimedia,Change of course,Reguler (Siang),Laki-laki,<=20,19,Single,Tidak,Lunas,Tidak,Ya,Tidak,Domestik,123.8,136.0,0,0,0.0,0,0,0.0,0.0,0.0,Kritis (<25%),7.6,2.6,0.32
STD-1691,Dropout,1,98.2,Tinggi,Informatics Engineering,Holder of other higher course,Reguler (Siang),Laki-laki,24-27,24,Single,Tidak,Lunas,Tidak,Tidak,Tidak,Domestik,134.0,140.8,5,0,0.0,5,0,0.0,0.0,0.0,Kritis (<25%),7.6,2.6,0.32
STD-1692,Dropout,1,98.2,Tinggi,Communication Design,3rd phase - general,Reguler (Siang),Laki-laki,<=20,19,Single,Tidak,Menunggak,Tidak,Ya,Tidak,Domestik,130.8,142.0,6,0,0.0,6,0,0.0,0.0,0.0,Kritis (<25%),12.7,3.7,-1.7
STD-1693,Graduate,0,3.4,Rendah,Nursing,1st phase - general,Reguler (Siang),Laki-laki,<=20,19,Single,Tidak,Lunas,Ya,Ya,Tidak,Domestik,130.2,133.0,7,7,13.7,8,8,14.022222222222222,100.0,13.86,Baik (>75%),16.2,0.3,-0.92
STD-1694,Enrolled,0,5.0,Rendah,Management,1st phase - general,Reguler (Siang),Laki-laki,<=20,19,Single,Tidak,Lunas,Tidak,Tidak,Tidak,Domestik,123.3,131.0,5,5,11.8,5,4,12.4,90.0,12.1,Baik (>75%),16.2,0.3,-0.92
STD-1695,Dropout,1,93.7,Tinggi,Informatics Engineering,Over 23 years old,Reguler (Siang),Laki-laki,28-35,31,Single,Tidak,Lunas,Tidak,Tidak,Tidak,Domestik,147.6,130.0,5,0,0.0,5,0,0.0,0.0,0.0,Kritis (<25%),10.8,1.4,1.74
STD-1696,Graduate,0,2.1,Rendah,Advertising & Marketing,2nd phase - general,Reguler (Siang),Laki-laki,<=20,19,Single,Tidak,Lunas,Ya,Ya,Tidak,Domestik,113.4,120.0,6,6,13.333333333333334,6,6,13.285714285714286,100.0,13.31,Baik (>75%),8.9,1.4,3.51
STD-1697,Graduate,0,7.7,Rendah,Communication Design,2nd phase - general,Reguler (Siang),Laki-laki,21-23,22,Single,Tidak,Lunas,Tidak,Ya,Tidak,Domestik,133.7,141.0,6,5,11.4,6,6,12.166666666666666,91.7,11.78,Baik (>75%),7.6,2.6,0.32
STD-1698,Dropout,1,95.0,Tinggi,Veterinary Nursing,Over 23 years old,Reguler (Siang),Laki-laki,24-27,25,Single,Tidak,Lunas,Tidak,Tidak,Tidak,Domestik,128.2,130.0,5,0,0.0,5,0,0.0,0.0,0.0,Kritis (<25%),7.6,2.6,0.32
STD-1699,Dropout,1,81.1,Tinggi,Nursing,1st phase - general,Reguler (Siang),Laki-laki,<=20,18,Single,Tidak,Lunas,Tidak,Ya,Tidak,Domestik,161.0,168.0,7,7,16.142857142857142,8,0,0.0,46.7,8.07,Rendah (25-50%),16.2,0.3,-0.92
STD-1700,Dropout,1,93.6,Tinggi,Nursing,Holder of other higher course,Reguler (Siang),Laki-laki,28-35,30,Single,Tidak,Lunas,Tidak,Ya,Tidak,Domestik,130.0,130.0,8,0,0.0,8,0,0.0,0.0,0.0,Kritis (<25%),9.4,-0.8,-3.12
STD-1701,Graduate,0,1.7,Rendah,Nursing,1st phase - general,Reguler (Siang),Laki-laki,<=20,18,Single,Tidak,Lunas,Ya,Tidak,Tidak,Domestik,156.3,156.0,8,8,15.63375,8,8,15.63375,100.0,15.63,Baik (>75%),9.4,-0.8,-3.12
STD-1702,Graduate,0,2.6,Rendah,Journalism & Comm,1st phase - general,Reguler (Siang),Laki-laki,<=20,18,Single,Tidak,Lunas,Tidak,Ya,Tidak,Domestik,129.3,137.0,6,6,13.666666666666666,6,6,14.5,100.0,14.08,Baik (>75%),12.7,3.7,-1.7
STD-1703,Dropout,1,99.1,Tinggi,Journalism & Comm,2nd phase - general,Reguler (Siang),Laki-laki,<=20,18,Single,Tidak,Lunas,Tidak,Tidak,Tidak,Domestik,129.3,131.0,6,0,0.0,6,0,0.0,0.0,0.0,Kritis (<25%),7.6,2.6,0.32
STD-1704,Graduate,0,5.3,Rendah,Social Service,1st phase - general,Reguler (Siang),Laki-laki,<=20,18,Single,Tidak,Lunas,Tidak,Ya,Tidak,Domestik,136.3,130.0,6,6,12.5,6,6,11.5,100.0,12.0,Baik (>75%),10.8,1.4,1.74
STD-1705,Graduate,0,4.1,Rendah,Advertising & Marketing,Over 23 years old,Reguler (Siang),Laki-laki,24-27,25,Single,Tidak,Lunas,Ya,Tidak,Tidak,Domestik,140.0,133.1,6,6,12.285714285714286,6,6,13.0,100.0,12.64,Baik (>75%),15.5,2.8,-4.06
STD-1706,Enrolled,0,7.0,Rendah,Informatics Engineering,1st phase - general,Reguler (Siang),Laki-laki,<=20,18,Single,Tidak,Lunas,Tidak,Tidak,Tidak,Domestik,135.9,131.0,5,2,14.0,5,3,11.0,50.0,12.5,Rendah (25-50%),7.6,2.6,0.32
STD-1707,Dropout,1,35.6,Sedang,Animation & Multimedia,1st phase - general,Reguler (Siang),Laki-laki,<=20,18,Single,Tidak,Lunas,Tidak,Tidak,Tidak,Domestik,139.7,160.0,0,0,0.0,0,0,0.0,0.0,0.0,Kritis (<25%),12.7,3.7,-1.7
STD-1708,Enrolled,0,11.9,Rendah,Management,1st phase - general,Reguler (Siang),Laki-laki,<=20,19,Single,Tidak,Lunas,Tidak,Ya,Tidak,Domestik,117.0,117.0,5,4,10.75,5,4,12.25,80.0,11.5,Baik (>75%),12.4,0.5,1.79
STD-1709,Dropout,1,65.7,Tinggi,Oral Hygiene,Over 23 years old,Reguler (Siang),Laki-laki,24-27,25,Single,Tidak,Lunas,Tidak,Tidak,Tidak,Domestik,105.0,133.1,7,4,12.95,7,4,13.125,57.1,13.04,Sedang (50-75%),15.5,2.8,-4.06
STD-1710,Graduate,0,2.0,Rendah,Nursing,1st phase - general,Reguler (Siang),Perempuan,<=20,19,Single,Tidak,Lunas,Tidak,Ya,Tidak,Domestik,130.5,130.0,7,6,12.45,7,6,12.45,85.7,12.45,Baik (>75%),7.6,2.6,0.32
STD-1711,Enrolled,0,22.9,Rendah,Management (evening),Tech. specialization holder,Kelas Malam,Perempuan,28-35,31,Single,Tidak,Lunas,Tidak,Tidak,Tidak,Domestik,130.0,130.0,6,4,12.25,7,7,12.0,84.6,12.12,Baik (>75%),9.4,-0.8,-3.12
STD-1712,Graduate,0,3.9,Rendah,Nursing,1st phase - general,Reguler (Siang),Perempuan,<=20,20,Single,Tidak,Lunas,Ya,Ya,Tidak,Domestik,131.5,137.0,8,8,13.38125,8,8,13.38125,100.0,13.38,Baik (>75%),9.4,-0.8,-3.12
STD-1713,Dropout,1,85.0,Tinggi,Nursing,Transfer,Reguler (Siang),Perempuan,28-35,33,Single,Tidak,Menunggak,Tidak,Ya,Tidak,Internasional,100.0,133.1,7,5,12.16,6,5,11.34,76.9,11.75,Baik (>75%),12.4,0.5,1.79
STD-1714,Enrolled,0,93.9,Tinggi,Veterinary Nursing,Tech. specialization holder,Reguler (Siang),Perempuan,24-27,24,Single,Ya,Menunggak,Tidak,Tidak,Tidak,Domestik,140.0,140.0,6,4,12.5,6,2,11.5,50.0,12.0,Rendah (25-50%),12.4,0.5,1.79
STD-1715,Graduate,0,2.4,Rendah,Social Service,2nd phase - general,Reguler (Siang),Perempuan,<=20,18,Single,Tidak,Lunas,Ya,Ya,Tidak,Domestik,130.2,140.0,6,6,12.75,6,6,12.166666666666666,100.0,12.46,Baik (>75%),12.7,3.7,-1.7
STD-1716,Graduate,0,2.4,Rendah,Nursing,2nd phase - general,Reguler (Siang),Perempuan,<=20,19,Single,Tidak,Lunas,Tidak,Ya,Tidak,Domestik,133.5,135.0,8,8,13.3425,8,8,13.3425,100.0,13.34,Baik (>75%),9.4,-0.8,-3.12
STD-1717,Graduate,0,2.5,Rendah,Nursing,1st phase - general,Reguler (Siang),Perempuan,<=20,20,Single,Tidak,Lunas,Ya,Ya,Tidak,Domestik,133.2,140.0,7,7,14.175,8,6,13.03125,86.7,13.6,Baik (>75%),15.5,2.8,-4.06
STD-1718,Enrolled,0,71.1,Tinggi,Nursing,Over 23 years old,Reguler (Siang),Laki-laki,28-35,33,Married,Tidak,Lunas,Ya,Tidak,Tidak,Domestik,130.0,100.0,8,1,10.0,8,1,10.0,12.5,10.0,Kritis (<25%),12.7,3.7,-1.7
STD-1719,Dropout,1,44.4,Sedang,Informatics Engineering,Over 23 years old,Reguler (Siang),Laki-laki,24-27,24,Single,Tidak,Lunas,Tidak,Tidak,Tidak,Domestik,129.0,160.0,5,0,0.0,5,2,14.5,20.0,7.25,Kritis (<25%),7.6,2.6,0.32
STD-1720,Dropout,1,95.6,Tinggi,Management (evening),Over 23 years old,Kelas Malam,Laki-laki,24-27,24,Single,Tidak,Lunas,Tidak,Tidak,Tidak,Domestik,100.0,133.1,5,0,0.0,5,0,0.0,0.0,0.0,Kritis (<25%),16.2,0.3,-0.92
STD-1721,Graduate,0,2.1,Rendah,Veterinary Nursing,2nd phase - general,Reguler (Siang),Laki-laki,<=20,18,Single,Tidak,Lunas,Tidak,Ya,Tidak,Domestik,116.5,128.0,5,5,12.0,5,5,12.142857142857142,100.0,12.07,Baik (>75%),10.8,1.4,1.74
STD-1722,Graduate,0,4.3,Rendah,Tourism,1st phase - general,Reguler (Siang),Perempuan,<=20,18,Single,Tidak,Lunas,Ya,Ya,Tidak,Domestik,124.2,121.0,6,6,10.571428571428571,6,5,11.4,91.7,10.99,Baik (>75%),16.2,0.3,-0.92
STD-1723,Graduate,0,5.6,Rendah,Veterinary Nursing,Change of institution/course,Reguler (Siang),Perempuan,21-23,22,Single,Tidak,Lunas,Tidak,Ya,Tidak,Domestik,138.8,127.0,12,11,14.153846153846152,12,12,15.428571428571429,95.8,14.79,Baik (>75%),8.9,1.4,3.51
STD-1724,Graduate,0,3.1,Rendah,Journalism & Comm,1st phase - general,Reguler (Siang),Perempuan,<=20,18,Single,Tidak,Lunas,Ya,Ya,Ya,Domestik,126.4,132.0,6,6,11.166666666666666,6,5,12.4,91.7,11.78,Baik (>75%),10.8,1.4,1.74
STD-1725,Graduate,0,2.8,Rendah,Animation & Multimedia,1st phase - general,Reguler (Siang),Perempuan,21-23,21,Single,Tidak,Lunas,Tidak,Ya,Tidak,Domestik,151.9,147.0,17,17,12.0,17,17,12.666666666666666,100.0,12.33,Baik (>75%),11.1,0.6,2.02
STD-1726,Dropout,1,9.3,Rendah,Management (evening),Over 23 years old,Kelas Malam,Perempuan,>35,38,Married,Tidak,Lunas,Tidak,Ya,Tidak,Domestik,120.0,110.0,5,3,11.333333333333334,5,4,12.0,70.0,11.67,Sedang (50-75%),9.4,-0.8,-3.12
STD-1727,Graduate,0,6.4,Rendah,Social Service,Change of course,Reguler (Siang),Perempuan,28-35,29,Single,Tidak,Lunas,Ya,Tidak,Tidak,Domestik,131.9,142.0,16,16,12.588235294117649,13,13,13.357142857142858,100.0,12.97,Baik (>75%),9.4,-0.8,-3.12
STD-1728,Enrolled,0,26.7,Rendah,Equinculture,Tech. specialization holder,Reguler (Siang),Perempuan,<=20,20,Single,Tidak,Lunas,Ya,Ya,Tidak,Domestik,130.0,130.0,6,4,12.0,6,4,10.75,66.7,11.38,Sedang (50-75%),16.2,0.3,-0.92
STD-1729,Dropout,1,98.3,Tinggi,Tourism,2nd phase - general,Reguler (Siang),Perempuan,<=20,18,Single,Tidak,Menunggak,Tidak,Ya,Tidak,Domestik,131.7,131.0,6,0,0.0,6,0,0.0,0.0,0.0,Kritis (<25%),12.7,3.7,-1.7
STD-1730,Graduate,0,12.0,Rendah,Management (evening),Change of course,Kelas Malam,Laki-laki,>35,37,Married,Tidak,Lunas,Tidak,Tidak,Tidak,Domestik,132.5,110.0,12,12,12.25,13,13,12.846153846153848,100.0,12.55,Baik (>75%),9.4,-0.8,-3.12
STD-1731,Graduate,0,4.1,Rendah,Management,1st phase - general,Reguler (Siang),Laki-laki,<=20,20,Single,Tidak,Lunas,Tidak,Tidak,Tidak,Domestik,116.5,128.0,5,5,11.6,5,5,12.8,100.0,12.2,Baik (>75%),12.4,0.5,1.79
STD-1732,Dropout,1,91.3,Tinggi,Equinculture,1st phase - general,Reguler (Siang),Laki-laki,<=20,20,Single,Tidak,Menunggak,Tidak,Ya,Tidak,Domestik,133.9,136.0,5,4,13.0,5,3,12.0,70.0,12.5,Sedang (50-75%),10.8,1.4,1.74
STD-1733,Dropout,1,71.9,Tinggi,Informatics Engineering,Over 23 years old,Reguler (Siang),Laki-laki,>35,40,Married,Ya,Lunas,Tidak,Tidak,Tidak,Domestik,145.4,120.0,5,3,10.666666666666666,5,2,12.5,50.0,11.58,Rendah (25-50%),16.2,0.3,-0.92
STD-1734,Enrolled,0,43.7,Sedang,Social Service (eve),Over 23 years old,Kelas Malam,Laki-laki,>35,44,Married,Tidak,Lunas,Tidak,Tidak,Tidak,Domestik,172.0,140.0,11,9,12.333333333333334,11,9,11.0,81.8,11.67,Baik (>75%),12.4,0.5,1.79
STD-1735,Dropout,1,88.6,Tinggi,Management,1st phase - general,Reguler (Siang),Laki-laki,21-23,21,Single,Tidak,Menunggak,Tidak,Tidak,Tidak,Domestik,111.0,118.0,5,2,11.0,5,3,11.428571428571429,50.0,11.21,Rendah (25-50%),10.8,1.4,1.74
STD-1736,Graduate,0,9.5,Rendah,Communication Design,Tech. specialization holder,Reguler (Siang),Laki-laki,21-23,21,Single,Tidak,Lunas,Tidak,Tidak,Tidak,Domestik,120.0,120.0,7,6,13.428571428571429,9,8,13.125,87.5,13.28,Baik (>75%),16.2,0.3,-0.92
STD-1737,Graduate,0,10.3,Rendah,Nursing,1st phase - general,Reguler (Siang),Laki-laki,<=20,18,Single,Tidak,Lunas,Tidak,Ya,Tidak,Domestik,129.8,151.0,8,8,13.05375,8,8,13.05375,100.0,13.05,Baik (>75%),9.4,-0.8,-3.12
STD-1738,Enrolled,0,4.5,Rendah,Nursing,1st phase - general,Reguler (Siang),Laki-laki,<=20,18,Single,Tidak,Lunas,Tidak,Ya,Tidak,Domestik,118.1,130.0,7,6,12.035714285714286,8,7,13.75,86.7,12.89,Baik (>75%),13.9,-0.3,0.79
STD-1739,Graduate,0,2.5,Rendah,Agronomy,Over 23 years old,Reguler (Siang),Laki-laki,24-27,27,Single,Tidak,Lunas,Tidak,Tidak,Tidak,Domestik,130.0,140.0,6,6,14.166666666666666,6,6,13.833333333333334,100.0,14.0,Baik (>75%),11.1,0.6,2.02
STD-1740,Dropout,1,98.7,Tinggi,Communication Design,Over 23 years old,Reguler (Siang),Laki-laki,>35,38,Married,Tidak,Menunggak,Tidak,Tidak,Tidak,Domestik,126.3,133.1,6,0,0.0,6,0,0.0,0.0,0.0,Kritis (<25%),10.8,1.4,1.74
STD-1741,Dropout,1,50.7,Sedang,Equinculture,3rd phase - general,Reguler (Siang),Laki-laki,<=20,18,Single,Tidak,Lunas,Tidak,Tidak,Tidak,Domestik,137.8,146.0,6,5,13.6,6,3,12.666666666666666,66.7,13.13,Sedang (50-75%),13.9,-0.3,0.79
STD-1742,Enrolled,0,38.9,Sedang,Tourism,2nd phase - general,Reguler (Siang),Laki-laki,<=20,19,Single,Tidak,Lunas,Tidak,Ya,Tidak,Domestik,116.1,122.0,6,5,12.2,6,2,12.0,58.3,12.1,Sedang (50-75%),7.6,2.6,0.32
STD-1743,Dropout,1,7.8,Rendah,Equinculture,1st phase - general,Reguler (Siang),Laki-laki,<=20,18,Single,Tidak,Lunas,Tidak,Ya,Tidak,Domestik,115.4,121.0,6,6,13.714285714285714,6,5,13.333333333333334,91.7,13.52,Baik (>75%),15.5,2.8,-4.06
STD-1744,Dropout,1,95.3,Tinggi,Journalism & Comm,Change of course,Reguler (Siang),Laki-laki,<=20,19,Single,Ya,Menunggak,Tidak,Tidak,Tidak,Domestik,110.0,127.0,6,3,11.666666666666666,6,2,10.0,41.7,10.83,Rendah (25-50%),16.2,0.3,-0.92
STD-1745,Dropout,1,97.6,Tinggi,Advertising & Marketing,Over 23 years old,Reguler (Siang),Laki-laki,>35,44,Single,Ya,Menunggak,Tidak,Tidak,Tidak,Domestik,97.4,133.1,6,1,14.0,6,0,0.0,8.3,7.0,Kritis (<25%),12.7,3.7,-1.7
STD-1746,Dropout,1,66.5,Tinggi,Veterinary Nursing,Tech. specialization holder,Reguler (Siang),Laki-laki,24-27,26,Single,Tidak,Lunas,Tidak,Ya,Ya,Domestik,130.0,130.0,6,4,12.5,6,3,10.0,58.3,11.25,Sedang (50-75%),15.5,2.8,-4.06
STD-1747,Dropout,1,78.5,Tinggi,Equinculture,Change of course,Reguler (Siang),Laki-laki,24-27,24,Single,Ya,Menunggak,Tidak,Tidak,Tidak,Domestik,156.0,156.0,6,5,11.833333333333334,6,4,11.5,75.0,11.67,Sedang (50-75%),15.5,2.8,-4.06
STD-1748,Dropout,1,96.7,Tinggi,Agronomy,Over 23 years old,Reguler (Siang),Laki-laki,24-27,27,Single,Tidak,Menunggak,Tidak,Ya,Tidak,Domestik,126.1,130.0,6,0,0.0,6,0,0.0,0.0,0.0,Kritis (<25%),15.5,2.8,-4.06
STD-1749,Dropout,1,97.4,Tinggi,Agronomy,Over 23 years old,Reguler (Siang),Laki-laki,24-27,27,Single,Ya,Menunggak,Tidak,Tidak,Tidak,Domestik,120.0,110.0,6,0,0.0,6,0,0.0,0.0,0.0,Kritis (<25%),13.9,-0.3,0.79
STD-1750,Dropout,1,17.9,Rendah,Communication Design,Change of course,Reguler (Siang),Laki-laki,24-27,25,Single,Tidak,Lunas,Tidak,Ya,Tidak,Domestik,105.2,108.0,17,13,11.538461538461538,15,10,12.4,71.9,11.97,Sedang (50-75%),12.7,3.7,-1.7
STD-1751,Enrolled,0,22.5,Rendah,Agronomy,Tech. specialization holder,Reguler (Siang),Laki-laki,21-23,21,Single,Tidak,Lunas,Tidak,Ya,Tidak,Domestik,120.0,120.0,9,7,11.285714285714286,8,4,12.25,64.7,11.77,Sedang (50-75%),12.7,3.7,-1.7
STD-1752,Graduate,0,22.9,Rendah,Animation & Multimedia,1st phase - general,Reguler (Siang),Laki-laki,<=20,19,Single,Tidak,Lunas,Ya,Ya,Tidak,Domestik,137.8,150.0,0,0,0.0,0,0,0.0,0.0,0.0,Kritis (<25%),13.9,-0.3,0.79
STD-1753,Enrolled,0,16.9,Rendah,Communication Design,2nd phase - general,Reguler (Siang),Laki-laki,<=20,20,Single,Tidak,Lunas,Tidak,Ya,Tidak,Domestik,134.2,152.0,6,5,11.8,6,4,12.0,75.0,11.9,Sedang (50-75%),15.5,2.8,-4.06
STD-1754,Enrolled,0,38.0,Sedang,Informatics Engineering,Tech. specialization holder,Reguler (Siang),Laki-laki,<=20,20,Single,Tidak,Lunas,Tidak,Tidak,Tidak,Domestik,150.0,150.0,5,0,0.0,5,2,10.5,20.0,5.25,Kritis (<25%),12.7,3.7,-1.7
STD-1755,Dropout,1,91.8,Tinggi,Informatics Engineering,2nd phase - general,Reguler (Siang),Laki-laki,<=20,20,Single,Ya,Menunggak,Tidak,Ya,Tidak,Domestik,116.0,123.0,5,0,0.0,5,0,0.0,0.0,0.0,Kritis (<25%),8.9,1.4,3.51
STD-1756,Enrolled,0,9.7,Rendah,Informatics Engineering,1st phase - general,Reguler (Siang),Laki-laki,<=20,18,Single,Tidak,Menunggak,Ya,Tidak,Tidak,Domestik,143.4,150.0,5,5,14.2,5,5,14.2,100.0,14.2,Baik (>75%),8.9,1.4,3.51
STD-1757,Enrolled,0,2.9,Rendah,Animation & Multimedia,2nd phase - general,Reguler (Siang),Laki-laki,<=20,19,Single,Ya,Lunas,Tidak,Tidak,Tidak,Domestik,143.6,145.0,12,10,12.7,11,10,12.272727272727272,87.0,12.49,Baik (>75%),8.9,1.4,3.51
STD-1758,Dropout,1,94.8,Tinggi,Equinculture,Tech. specialization holder,Reguler (Siang),Perempuan,21-23,22,Single,Tidak,Menunggak,Tidak,Ya,Tidak,Domestik,150.0,150.0,6,3,12.666666666666666,6,0,0.0,25.0,6.33,Kritis (<25%),15.5,2.8,-4.06
STD-1759,Graduate,0,2.6,Rendah,Advertising & Marketing,1st phase - general,Reguler (Siang),Perempuan,<=20,19,Single,Tidak,Lunas,Tidak,Ya,Tidak,Domestik,118.0,125.0,6,6,14.428571428571429,6,6,15.0,100.0,14.71,Baik (>75%),16.2,0.3,-0.92
STD-1760,Graduate,0,2.4,Rendah,Nursing,1st phase - general,Reguler (Siang),Perempuan,<=20,18,Single,Tidak,Lunas,Ya,Ya,Tidak,Domestik,109.3,117.0,7,7,13.117142857142856,8,7,12.6,93.3,12.86,Baik (>75%),11.1,0.6,2.02
STD-1761,Graduate,0,1.8,Rendah,Social Service,1st phase - general,Reguler (Siang),Perempuan,<=20,20,Single,Ya,Lunas,Tidak,Ya,Tidak,Domestik,119.3,121.0,6,6,12.666666666666666,6,6,11.833333333333334,100.0,12.25,Baik (>75%),8.9,1.4,3.51
STD-1762,Dropout,1,16.8,Rendah,Animation & Multimedia,2nd phase - general,Reguler (Siang),Perempuan,<=20,18,Single,Tidak,Lunas,Ya,Ya,Tidak,Internasional,146.3,140.0,0,0,0.0,0,0,0.0,0.0,0.0,Kritis (<25%),12.7,3.7,-1.7
STD-1763,Graduate,0,7.4,Rendah,Journalism & Comm,Over 23 years old,Reguler (Siang),Laki-laki,>35,36,Single,Tidak,Lunas,Tidak,Tidak,Tidak,Domestik,161.5,130.0,6,6,15.285714285714286,6,6,16.5,100.0,15.89,Baik (>75%),10.8,1.4,1.74
STD-1764,Graduate,0,31.0,Sedang,Management,International student,Reguler (Siang),Laki-laki,<=20,19,Single,Ya,Lunas,Tidak,Tidak,Tidak,Internasional,140.0,140.0,5,3,10.5,5,4,11.25,70.0,10.88,Sedang (50-75%),12.4,0.5,1.79
STD-1765,Graduate,0,2.0,Rendah,Management,Short cycle holder,Reguler (Siang),Laki-laki,21-23,21,Single,Tidak,Lunas,Ya,Tidak,Tidak,Domestik,142.2,140.0,11,11,12.636363636363637,9,9,12.6,100.0,12.62,Baik (>75%),8.9,1.4,3.51
STD-1766,Dropout,1,94.1,Tinggi,Management,1st phase - general,Reguler (Siang),Perempuan,24-27,26,Single,Tidak,Lunas,Tidak,Ya,Tidak,Domestik,129.2,140.0,5,0,0.0,5,0,0.0,0.0,0.0,Kritis (<25%),15.5,2.8,-4.06
STD-1767,Dropout,1,95.2,Tinggi,Agronomy,Over 23 years old,Reguler (Siang),Perempuan,28-35,29,Single,Ya,Menunggak,Tidak,Tidak,Tidak,Internasional,100.0,140.0,9,3,14.333333333333334,7,1,14.0,25.0,14.17,Kritis (<25%),15.5,2.8,-4.06
STD-1768,Enrolled,0,21.4,Rendah,Tourism,Tech. specialization holder,Reguler (Siang),Laki-laki,24-27,26,Single,Tidak,Menunggak,Tidak,Tidak,Tidak,Domestik,170.0,170.0,8,8,15.125,6,6,13.666666666666666,100.0,14.4,Baik (>75%),11.1,0.6,2.02
STD-1769,Dropout,1,94.6,Tinggi,Nursing,Holder of other higher course,Reguler (Siang),Laki-laki,24-27,27,Single,Tidak,Lunas,Tidak,Tidak,Tidak,Domestik,140.0,140.0,7,0,0.0,8,0,0.0,0.0,0.0,Kritis (<25%),12.4,0.5,1.79
STD-1770,Enrolled,0,74.7,Tinggi,Management,Change of institution/course,Reguler (Siang),Laki-laki,28-35,32,Single,Ya,Lunas,Tidak,Tidak,Tidak,Domestik,115.2,116.0,7,3,12.0,8,3,10.333333333333334,40.0,11.17,Rendah (25-50%),8.9,1.4,3.51
STD-1771,Enrolled,0,18.9,Rendah,Basic Education,1st phase - Madeira,Reguler (Siang),Perempuan,21-23,23,Single,Tidak,Lunas,Ya,Ya,Tidak,Domestik,121.4,134.0,6,4,14.25,6,5,12.0,75.0,13.12,Sedang (50-75%),7.6,2.6,0.32
STD-1772,Enrolled,0,8.8,Rendah,Management,Over 23 years old,Reguler (Siang),Perempuan,24-27,24,Single,Tidak,Lunas,Tidak,Tidak,Tidak,Internasional,134.8,133.1,5,2,10.5,5,4,10.0,60.0,10.25,Sedang (50-75%),16.2,0.3,-0.92
STD-1773,Graduate,0,5.3,Rendah,Journalism & Comm,1st phase - general,Reguler (Siang),Perempuan,<=20,19,Single,Tidak,Lunas,Ya,Ya,Tidak,Domestik,136.9,140.0,6,6,13.5,6,6,14.428571428571429,100.0,13.96,Baik (>75%),16.2,0.3,-0.92
STD-1774,Enrolled,0,35.4,Sedang,Agronomy,Transfer,Reguler (Siang),Laki-laki,24-27,25,Single,Tidak,Lunas,Tidak,Ya,Tidak,Domestik,140.0,140.0,6,5,11.666666666666666,6,4,12.0,75.0,11.83,Sedang (50-75%),15.5,2.8,-4.06
STD-1775,Enrolled,0,22.7,Rendah,Tourism,2nd phase - general,Reguler (Siang),Laki-laki,<=20,19,Single,Tidak,Lunas,Tidak,Ya,Tidak,Domestik,112.2,108.0,6,5,10.8,6,3,10.0,66.7,10.4,Sedang (50-75%),9.4,-0.8,-3.12
STD-1776,Dropout,1,93.3,Tinggi,Journalism & Comm,1st phase - general,Reguler (Siang),Laki-laki,<=20,20,Single,Tidak,Menunggak,Tidak,Tidak,Tidak,Domestik,148.7,149.0,4,0,0.0,4,0,0.0,0.0,0.0,Kritis (<25%),10.8,1.4,1.74
STD-1777,Graduate,0,9.0,Rendah,Tourism,1st phase - general,Reguler (Siang),Laki-laki,28-35,33,Married,Tidak,Lunas,Tidak,Tidak,Tidak,Domestik,133.0,140.0,9,9,12.8,7,7,11.428571428571429,100.0,12.11,Baik (>75%),12.7,3.7,-1.7
STD-1778,Dropout,1,14.9,Rendah,Management (evening),Over 23 years old,Kelas Malam,Laki-laki,28-35,35,Married,Ya,Lunas,Tidak,Tidak,Tidak,Domestik,150.0,140.0,5,5,10.8,5,5,12.0,100.0,11.4,Baik (>75%),9.4,-0.8,-3.12
STD-1779,Graduate,0,13.3,Rendah,Management,1st phase - general,Reguler (Siang),Laki-laki,21-23,23,Single,Tidak,Lunas,Tidak,Ya,Tidak,Domestik,98.0,133.1,5,4,11.4,5,4,11.0,80.0,11.2,Baik (>75%),11.1,0.6,2.02
STD-1780,Graduate,0,3.8,Rendah,Nursing,1st phase - general,Reguler (Siang),Laki-laki,<=20,19,Single,Tidak,Lunas,Tidak,Ya,Tidak,Domestik,122.4,125.0,7,7,13.725714285714286,8,8,14.5,100.0,14.11,Baik (>75%),11.1,0.6,2.02
STD-1781,Enrolled,0,6.7,Rendah,Advertising & Marketing,1st phase - general,Reguler (Siang),Laki-laki,21-23,21,Single,Tidak,Lunas,Tidak,Tidak,Tidak,Domestik,139.0,133.1,6,5,12.8,6,5,12.25,83.3,12.52,Baik (>75%),10.8,1.4,1.74
STD-1782,Graduate,0,2.0,Rendah,Communication Design,1st phase - general,Reguler (Siang),Laki-laki,21-23,21,Single,Tidak,Lunas,Ya,Ya,Tidak,Domestik,112.0,133.1,6,6,13.5,6,6,11.166666666666666,100.0,12.33,Baik (>75%),11.1,0.6,2.02
STD-1783,Dropout,1,10.1,Rendah,Nursing,Over 23 years old,Reguler (Siang),Laki-laki,24-27,27,Single,Tidak,Lunas,Tidak,Tidak,Tidak,Domestik,143.8,130.0,8,7,15.57,8,7,15.57,87.5,15.57,Baik (>75%),10.8,1.4,1.74
STD-1784,Enrolled,0,10.6,Rendah,Management,2nd phase - general,Reguler (Siang),Laki-laki,<=20,19,Single,Ya,Lunas,Tidak,Ya,Tidak,Domestik,116.1,122.0,5,4,11.0,5,2,12.0,60.0,11.5,Sedang (50-75%),8.9,1.4,3.51
STD-1785,Dropout,1,4.1,Rendah,Nursing,Holder of other higher course,Reguler (Siang),Laki-laki,28-35,28,Single,Tidak,Lunas,Tidak,Tidak,Tidak,Domestik,138.0,140.0,7,7,14.114285714285714,8,8,15.91111111111111,100.0,15.01,Baik (>75%),16.2,0.3,-0.92
STD-1786,Enrolled,0,45.2,Sedang,Management,Change of course,Reguler (Siang),Laki-laki,24-27,25,Single,Tidak,Lunas,Tidak,Tidak,Tidak,Domestik,110.0,123.0,5,3,11.0,5,4,11.5,70.0,11.25,Sedang (50-75%),9.4,-0.8,-3.12
STD-1787,Dropout,1,97.4,Tinggi,Social Service,Over 23 years old,Reguler (Siang),Laki-laki,>35,42,Married,Tidak,Lunas,Tidak,Tidak,Tidak,Domestik,103.5,133.1,6,0,0.0,6,0,0.0,0.0,0.0,Kritis (<25%),15.5,2.8,-4.06
STD-1788,Graduate,0,6.3,Rendah,Management (evening),Holder of other higher course,Kelas Malam,Laki-laki,24-27,27,Single,Tidak,Lunas,Tidak,Tidak,Tidak,Domestik,140.0,140.0,5,4,13.5,5,4,13.75,80.0,13.62,Baik (>75%),7.6,2.6,0.32
STD-1789,Dropout,1,94.8,Tinggi,Communication Design,1st phase - general,Reguler (Siang),Laki-laki,21-23,23,Single,Tidak,Lunas,Tidak,Ya,Tidak,Domestik,108.7,116.0,6,4,11.25,6,0,0.0,33.3,5.62,Rendah (25-50%),7.6,2.6,0.32
STD-1790,Graduate,0,2.9,Rendah,Tourism,2nd phase - general,Reguler (Siang),Laki-laki,<=20,18,Single,Tidak,Lunas,Ya,Ya,Tidak,Domestik,115.9,118.0,6,6,12.142857142857142,6,6,11.333333333333334,100.0,11.74,Baik (>75%),8.9,1.4,3.51
STD-1791,Graduate,0,3.1,Rendah,Nursing,Over 23 years old,Reguler (Siang),Laki-laki,24-27,26,Married,Tidak,Lunas,Tidak,Tidak,Tidak,Domestik,127.3,140.0,8,7,13.075714285714286,8,7,13.075714285714286,87.5,13.08,Baik (>75%),10.8,1.4,1.74
STD-1792,Dropout,1,83.5,Tinggi,Management,1st phase - general,Reguler (Siang),Laki-laki,<=20,18,Single,Tidak,Lunas,Tidak,Tidak,Tidak,Domestik,138.7,146.0,5,0,0.0,5,0,0.0,0.0,0.0,Kritis (<25%),8.9,1.4,3.51
STD-1793,Dropout,1,82.6,Tinggi,Management (evening),Over 23 years old,Kelas Malam,Laki-laki,28-35,29,Single,Ya,Lunas,Tidak,Tidak,Tidak,Domestik,135.8,150.0,5,3,11.0,5,2,13.5,50.0,12.25,Rendah (25-50%),12.7,3.7,-1.7
STD-1794,Dropout,1,94.1,Tinggi,Veterinary Nursing,2nd phase - general,Reguler (Siang),Laki-laki,21-23,22,Single,Tidak,Lunas,Tidak,Ya,Tidak,Domestik,134.6,137.0,6,0,0.0,6,0,0.0,0.0,0.0,Kritis (<25%),16.2,0.3,-0.92
STD-1795,Enrolled,0,0.6,Rendah,Nursing,Change of course,Reguler (Siang),Perempuan,21-23,21,Single,Tidak,Lunas,Tidak,Ya,Tidak,Domestik,118.4,136.0,7,4,13.125,7,6,12.333333333333334,71.4,12.73,Sedang (50-75%),13.9,-0.3,0.79
STD-1796,Graduate,0,4.4,Rendah,Nursing,1st phase - general,Reguler (Siang),Perempuan,<=20,19,Single,Tidak,Lunas,Ya,Ya,Tidak,Domestik,132.8,134.0,8,7,13.512857142857142,8,7,13.512857142857142,87.5,13.51,Baik (>75%),10.8,1.4,1.74
STD-1797,Graduate,0,2.0,Rendah,Social Service,1st phase - general,Reguler (Siang),Perempuan,<=20,18,Single,Tidak,Lunas,Ya,Ya,Tidak,Domestik,155.5,160.0,6,6,12.833333333333334,6,6,12.166666666666666,100.0,12.5,Baik (>75%),10.8,1.4,1.74
STD-1798,Dropout,1,5.8,Rendah,Veterinary Nursing,1st phase - general,Reguler (Siang),Perempuan,<=20,18,Single,Tidak,Lunas,Ya,Ya,Tidak,Domestik,132.0,126.0,5,3,15.0,5,3,11.666666666666666,60.0,13.33,Sedang (50-75%),9.4,-0.8,-3.12
STD-1799,Dropout,1,95.0,Tinggi,Agronomy,Over 23 years old,Reguler (Siang),Perempuan,>35,40,Single,Ya,Menunggak,Tidak,Tidak,Tidak,Domestik,110.0,133.1,6,5,12.8,6,3,13.333333333333334,66.7,13.07,Sedang (50-75%),11.1,0.6,2.02
STD-1800,Dropout,1,97.2,Tinggi,Tourism,2nd phase - general,Reguler (Siang),Perempuan,<=20,20,Single,Ya,Menunggak,Tidak,Ya,Tidak,Internasional,127.3,114.0,6,3,12.333333333333334,6,0,0.0,25.0,6.17,Kritis (<25%),10.8,1.4,1.74
STD-1801,Dropout,1,13.8,Rendah,Nursing,1st phase - general,Reguler (Siang),Laki-laki,<=20,18,Single,Tidak,Lunas,Tidak,Ya,Tidak,Domestik,126.0,139.0,8,5,12.288,8,5,12.288,62.5,12.29,Sedang (50-75%),10.8,1.4,1.74
STD-1802,Graduate,0,15.9,Rendah,Social Service (eve),Change of course,Kelas Malam,Laki-laki,28-35,31,Single,Tidak,Lunas,Tidak,Tidak,Tidak,Domestik,130.0,130.0,12,12,12.333333333333334,10,7,13.285714285714286,86.4,12.81,Baik (>75%),7.6,2.6,0.32
STD-1803,Graduate,0,5.9,Rendah,Management,1st phase - general,Reguler (Siang),Laki-laki,<=20,18,Single,Tidak,Lunas,Ya,Tidak,Tidak,Domestik,118.8,131.0,5,4,11.5,5,5,12.8,90.0,12.15,Baik (>75%),12.4,0.5,1.79
STD-1804,Dropout,1,27.1,Rendah,Advertising & Marketing,Change of course,Reguler (Siang),Laki-laki,21-23,22,Single,Tidak,Lunas,Tidak,Ya,Tidak,Domestik,127.6,130.0,6,6,11.833333333333334,6,4,11.142857142857142,83.3,11.49,Baik (>75%),10.8,1.4,1.74
STD-1805,Dropout,1,96.3,Tinggi,Management,Change of institution/course,Reguler (Siang),Laki-laki,>35,38,Single,Ya,Menunggak,Tidak,Tidak,Tidak,Domestik,112.1,133.1,5,0,0.0,5,0,0.0,0.0,0.0,Kritis (<25%),8.9,1.4,3.51
STD-1806,Dropout,1,93.2,Tinggi,Management (evening),Change of course,Kelas Malam,Laki-laki,28-35,33,Single,Tidak,Lunas,Tidak,Tidak,Tidak,Domestik,130.0,130.0,5,0,0.0,5,0,0.0,0.0,0.0,Kritis (<25%),12.7,3.7,-1.7
STD-1807,Enrolled,0,20.1,Rendah,Informatics Engineering,1st phase - general,Reguler (Siang),Laki-laki,<=20,19,Single,Tidak,Lunas,Ya,Tidak,Tidak,Domestik,111.1,117.0,5,5,11.8,5,3,11.5,80.0,11.65,Baik (>75%),11.1,0.6,2.02
STD-1808,Dropout,1,95.2,Tinggi,Advertising & Marketing,2nd phase - general,Reguler (Siang),Laki-laki,<=20,18,Single,Tidak,Lunas,Tidak,Tidak,Tidak,Domestik,121.4,127.0,6,0,0.0,6,0,0.0,0.0,0.0,Kritis (<25%),15.5,2.8,-4.06
STD-1809,Enrolled,0,62.6,Tinggi,Informatics Engineering,1st phase - general,Reguler (Siang),Laki-laki,<=20,18,Single,Tidak,Menunggak,Ya,Tidak,Tidak,Domestik,126.8,131.0,5,5,12.2,5,4,12.0,90.0,12.1,Baik (>75%),8.9,1.4,3.51
STD-1810,Graduate,0,4.2,Rendah,Management (evening),Change of institution/course,Kelas Malam,Laki-laki,24-27,27,Single,Tidak,Lunas,Tidak,Ya,Tidak,Domestik,120.6,134.0,6,6,12.333333333333334,5,5,13.0,100.0,12.67,Baik (>75%),11.1,0.6,2.02
STD-1811,Graduate,0,2.2,Rendah,Tourism,Over 23 years old,Reguler (Siang),Laki-laki,24-27,26,Single,Tidak,Lunas,Tidak,Tidak,Tidak,Domestik,126.5,130.0,6,6,12.428571428571429,6,6,12.833333333333334,100.0,12.63,Baik (>75%),7.6,2.6,0.32
STD-1812,Graduate,0,4.9,Rendah,Nursing,1st phase - general,Reguler (Siang),Perempuan,<=20,19,Single,Tidak,Lunas,Ya,Ya,Tidak,Domestik,120.2,127.0,7,7,12.765714285714289,8,8,13.544444444444444,100.0,13.16,Baik (>75%),12.4,0.5,1.79
STD-1813,Dropout,1,43.6,Sedang,Nursing,Change of institution/course,Reguler (Siang),Laki-laki,>35,44,Married,Tidak,Lunas,Tidak,Tidak,Tidak,Domestik,120.0,130.0,7,5,12.1,7,5,12.6,71.4,12.35,Sedang (50-75%),11.1,0.6,2.02
STD-1814,Graduate,0,4.1,Rendah,Management,1st phase - general,Reguler (Siang),Laki-laki,<=20,19,Single,Tidak,Lunas,Tidak,Ya,Tidak,Domestik,137.5,142.0,5,5,12.0,5,5,11.5,100.0,11.75,Baik (>75%),13.9,-0.3,0.79
STD-1815,Dropout,1,77.2,Tinggi,Communication Design,3rd phase - general,Reguler (Siang),Laki-laki,<=20,20,Single,Tidak,Lunas,Tidak,Ya,Tidak,Domestik,127.9,117.0,6,0,0.0,6,0,0.0,0.0,0.0,Kritis (<25%),9.4,-0.8,-3.12
STD-1816,Enrolled,0,14.1,Rendah,Agronomy,Over 23 years old,Reguler (Siang),Laki-laki,24-27,24,Single,Ya,Lunas,Tidak,Tidak,Tidak,Domestik,140.0,133.1,6,6,14.88888888888889,6,6,13.727272727272728,100.0,14.31,Baik (>75%),16.2,0.3,-0.92
STD-1817,Graduate,0,29.6,Rendah,Management (evening),Change of course,Kelas Malam,Perempuan,28-35,31,Divorced,Tidak,Lunas,Tidak,Tidak,Tidak,Domestik,131.8,164.0,14,13,11.357142857142858,14,13,12.0,92.9,11.68,Baik (>75%),9.4,-0.8,-3.12
STD-1818,Graduate,0,2.4,Rendah,Communication Design,Change of course,Reguler (Siang),Perempuan,24-27,25,Single,Tidak,Lunas,Tidak,Ya,Tidak,Domestik,129.0,130.0,6,6,13.5,6,6,12.5,100.0,13.0,Baik (>75%),9.4,-0.8,-3.12
STD-1819,Dropout,1,97.0,Tinggi,Journalism & Comm,2nd phase - general,Reguler (Siang),Perempuan,<=20,19,Single,Ya,Menunggak,Tidak,Ya,Tidak,Domestik,115.8,127.0,6,0,0.0,6,0,0.0,0.0,0.0,Kritis (<25%),8.9,1.4,3.51
STD-1820,Dropout,1,7.7,Rendah,Nursing,2nd phase - general,Reguler (Siang),Perempuan,<=20,18,Single,Tidak,Lunas,Tidak,Ya,Tidak,Domestik,126.4,140.0,7,7,13.884285714285712,8,8,14.75,100.0,14.32,Baik (>75%),11.1,0.6,2.02
STD-1821,Enrolled,0,73.7,Tinggi,Veterinary Nursing,Change of course,Reguler (Siang),Perempuan,<=20,19,Single,Tidak,Menunggak,Tidak,Ya,Tidak,Domestik,130.0,130.0,6,5,13.0,6,3,11.666666666666666,66.7,12.33,Sedang (50-75%),13.9,-0.3,0.79
STD-1822,Enrolled,0,6.8,Rendah,Nursing,1st phase - general,Reguler (Siang),Perempuan,<=20,19,Single,Tidak,Lunas,Ya,Ya,Tidak,Domestik,114.8,122.0,7,4,12.65,7,5,11.1,64.3,11.88,Sedang (50-75%),12.4,0.5,1.79
STD-1823,Enrolled,0,83.6,Tinggi,Management,2nd phase - general,Reguler (Siang),Perempuan,<=20,19,Single,Tidak,Lunas,Tidak,Ya,Tidak,Domestik,138.6,162.0,5,1,11.0,5,0,0.0,10.0,5.5,Kritis (<25%),12.7,3.7,-1.7
STD-1824,Dropout,1,83.1,Tinggi,Advertising & Marketing,Over 23 years old,Reguler (Siang),Perempuan,24-27,24,Single,Tidak,Lunas,Tidak,Tidak,Tidak,Domestik,112.9,133.1,6,2,11.666666666666666,6,2,10.5,33.3,11.08,Rendah (25-50%),16.2,0.3,-0.92
STD-1825,Graduate,0,2.1,Rendah,Social Service,1st phase - general,Reguler (Siang),Perempuan,<=20,20,Single,Tidak,Lunas,Tidak,Tidak,Tidak,Domestik,111.6,120.0,6,6,14.5,6,6,12.666666666666666,100.0,13.58,Baik (>75%),12.4,0.5,1.79
STD-1826,Graduate,0,1.2,Rendah,Tourism,2nd phase - general,Reguler (Siang),Perempuan,<=20,18,Single,Tidak,Lunas,Tidak,Tidak,Tidak,Domestik,152.0,160.0,6,6,14.714285714285714,6,6,14.166666666666666,100.0,14.44,Baik (>75%),12.7,3.7,-1.7
STD-1827,Graduate,0,2.0,Rendah,Social Service,1st phase - general,Reguler (Siang),Perempuan,<=20,18,Single,Tidak,Lunas,Ya,Tidak,Tidak,Domestik,132.6,141.0,6,6,13.285714285714286,6,6,14.333333333333334,100.0,13.81,Baik (>75%),12.4,0.5,1.79
STD-1828,Enrolled,0,38.6,Sedang,Veterinary Nursing,2nd phase - general,Reguler (Siang),Perempuan,21-23,21,Single,Tidak,Lunas,Tidak,Ya,Tidak,Domestik,118.4,125.0,5,3,11.333333333333334,5,2,10.5,50.0,10.92,Rendah (25-50%),9.4,-0.8,-3.12
STD-1829,Dropout,1,98.2,Tinggi,Nursing,Holder of other higher course,Reguler (Siang),Perempuan,28-35,28,Single,Ya,Menunggak,Tidak,Tidak,Tidak,Domestik,120.0,120.0,7,0,0.0,7,0,0.0,0.0,0.0,Kritis (<25%),13.9,-0.3,0.79
STD-1830,Enrolled,0,2.5,Rendah,Management,1st phase - general,Reguler (Siang),Perempuan,<=20,18,Single,Tidak,Lunas,Ya,Tidak,Tidak,Domestik,122.1,128.0,5,4,11.571428571428571,5,5,12.0,90.0,11.79,Baik (>75%),13.9,-0.3,0.79
STD-1831,Dropout,1,33.5,Sedang,Basic Education,1st phase - general,Reguler (Siang),Perempuan,<=20,18,Single,Ya,Lunas,Tidak,Tidak,Tidak,Domestik,142.8,162.0,6,5,13.0,6,4,11.5,75.0,12.25,Sedang (50-75%),12.7,3.7,-1.7
STD-1832,Graduate,0,6.3,Rendah,Social Service,1st phase - general,Reguler (Siang),Perempuan,<=20,18,Single,Tidak,Lunas,Ya,Tidak,Tidak,Domestik,124.8,130.0,6,6,11.5,6,5,14.0,91.7,12.75,Baik (>75%),11.1,0.6,2.02
STD-1833,Graduate,0,4.6,Rendah,Management,2nd phase - general,Reguler (Siang),Perempuan,<=20,18,Single,Tidak,Lunas,Ya,Ya,Tidak,Domestik,126.3,134.0,5,5,11.8,5,5,11.6,100.0,11.7,Baik (>75%),16.2,0.3,-0.92
STD-1834,Dropout,1,83.4,Tinggi,Management,1st phase - general,Reguler (Siang),Perempuan,<=20,19,Single,Tidak,Menunggak,Ya,Ya,Tidak,Domestik,119.0,133.1,5,3,10.666666666666666,5,3,12.285714285714286,60.0,11.48,Sedang (50-75%),10.8,1.4,1.74
STD-1835,Graduate,0,4.0,Rendah,Nursing,2nd phase - general,Reguler (Siang),Perempuan,<=20,19,Single,Tidak,Lunas,Ya,Tidak,Tidak,Domestik,124.9,137.0,7,6,13.8875,8,8,14.864444444444445,93.3,14.38,Baik (>75%),15.5,2.8,-4.06
STD-1836,Graduate,0,1.4,Rendah,Social Service,1st phase - general,Reguler (Siang),Perempuan,<=20,20,Single,Ya,Lunas,Ya,Tidak,Tidak,Domestik,118.0,133.1,6,5,11.4,6,6,11.5,91.7,11.45,Baik (>75%),8.9,1.4,3.51
STD-1837,Graduate,0,8.4,Rendah,Social Service (eve),Change of course,Kelas Malam,Perempuan,28-35,34,Married,Tidak,Lunas,Tidak,Tidak,Tidak,Domestik,100.0,110.0,11,9,12.333333333333334,7,7,12.142857142857142,88.9,12.24,Baik (>75%),9.4,-0.8,-3.12
STD-1838,Enrolled,0,12.6,Rendah,Nursing,Over 23 years old,Reguler (Siang),Perempuan,>35,39,Married,Tidak,Lunas,Tidak,Ya,Tidak,Domestik,109.0,133.1,7,5,12.16,7,5,12.16,71.4,12.16,Sedang (50-75%),7.6,2.6,0.32
STD-1839,Graduate,0,8.3,Rendah,Nursing,2nd phase - general,Reguler (Siang),Perempuan,<=20,19,Single,Tidak,Lunas,Tidak,Ya,Tidak,Domestik,130.8,133.0,8,8,13.427499999999998,8,8,13.427499999999998,100.0,13.43,Baik (>75%),9.4,-0.8,-3.12
STD-1840,Graduate,0,62.8,Tinggi,Communication Design,Over 23 years old,Reguler (Siang),Perempuan,24-27,24,Single,Tidak,Lunas,Tidak,Ya,Tidak,Domestik,110.0,130.0,6,6,15.166666666666666,6,2,15.5,66.7,15.33,Sedang (50-75%),15.5,2.8,-4.06
STD-1841,Dropout,1,91.7,Tinggi,Journalism & Comm,Ordinance 854-B/99,Reguler (Siang),Perempuan,<=20,18,Single,Tidak,Lunas,Tidak,Ya,Tidak,Internasional,151.0,151.0,6,0,0.0,6,0,0.0,0.0,0.0,Kritis (<25%),9.4,-0.8,-3.12
STD-1842,Dropout,1,85.8,Tinggi,Equinculture,2nd phase - general,Reguler (Siang),Laki-laki,<=20,19,Single,Tidak,Lunas,Tidak,Ya,Tidak,Domestik,131.0,125.0,5,2,10.5,5,0,0.0,20.0,5.25,Kritis (<25%),10.8,1.4,1.74
STD-1843,Graduate,0,2.3,Rendah,Management,1st phase - general,Reguler (Siang),Laki-laki,<=20,18,Single,Tidak,Lunas,Ya,Tidak,Tidak,Domestik,155.2,158.0,5,5,11.8,5,3,11.0,80.0,11.4,Baik (>75%),9.4,-0.8,-3.12
STD-1844,Enrolled,0,22.4,Rendah,Management,1st phase - general,Reguler (Siang),Laki-laki,<=20,20,Single,Ya,Lunas,Tidak,Ya,Ya,Domestik,121.0,128.0,5,5,13.2,5,5,11.4,100.0,12.3,Baik (>75%),16.2,0.3,-0.92
STD-1845,Graduate,0,13.0,Rendah,Nursing,1st phase - general,Reguler (Siang),Laki-laki,<=20,19,Single,Ya,Lunas,Tidak,Ya,Ya,Domestik,119.7,133.0,7,7,13.075,8,8,12.36111111111111,100.0,12.72,Baik (>75%),12.4,0.5,1.79
STD-1846,Dropout,1,65.9,Tinggi,Equinculture,1st phase - general,Reguler (Siang),Laki-laki,<=20,19,Single,Tidak,Lunas,Tidak,Ya,Tidak,Domestik,131.0,138.0,6,4,11.6,6,2,13.0,50.0,12.3,Rendah (25-50%),11.1,0.6,2.02
STD-1847,Dropout,1,16.3,Rendah,Agronomy,2nd phase - general,Reguler (Siang),Laki-laki,<=20,19,Single,Tidak,Lunas,Tidak,Tidak,Tidak,Domestik,116.9,126.0,6,6,13.666666666666666,6,4,12.25,83.3,12.96,Baik (>75%),13.9,-0.3,0.79
STD-1848,Dropout,1,78.6,Tinggi,Management (evening),Over 23 years old,Kelas Malam,Laki-laki,>35,41,Married,Tidak,Lunas,Tidak,Ya,Tidak,Domestik,130.0,140.0,5,4,10.75,5,2,10.0,60.0,10.38,Sedang (50-75%),9.4,-0.8,-3.12
STD-1849,Graduate,0,9.8,Rendah,Nursing,1st phase - general,Reguler (Siang),Laki-laki,<=20,19,Single,Tidak,Lunas,Tidak,Tidak,Tidak,Domestik,137.8,143.0,7,6,13.492857142857144,8,8,12.68888888888889,93.3,13.09,Baik (>75%),12.4,0.5,1.79
STD-1850,Enrolled,0,29.2,Rendah,Tourism,Change of course,Reguler (Siang),Laki-laki,<=20,19,Single,Tidak,Lunas,Tidak,Tidak,Tidak,Domestik,122.1,135.0,6,3,12.5,6,4,11.0,58.3,11.75,Sedang (50-75%),12.7,3.7,-1.7
STD-1851,Dropout,1,97.3,Tinggi,Nursing,Holder of other higher course,Reguler (Siang),Laki-laki,21-23,23,Single,Tidak,Menunggak,Tidak,Ya,Tidak,Domestik,120.0,120.0,7,0,0.0,8,0,0.0,0.0,0.0,Kritis (<25%),12.7,3.7,-1.7
STD-1852,Dropout,1,4.1,Rendah,Informatics Engineering,1st phase - general,Reguler (Siang),Laki-laki,<=20,18,Single,Tidak,Lunas,Tidak,Tidak,Tidak,Domestik,133.0,148.0,5,5,13.285714285714286,5,5,14.8,100.0,14.04,Baik (>75%),12.4,0.5,1.79
STD-1853,Graduate,0,4.6,Rendah,Management,1st phase - general,Reguler (Siang),Laki-laki,<=20,19,Single,Tidak,Lunas,Tidak,Tidak,Tidak,Domestik,115.2,126.0,5,5,12.6,5,5,11.8,100.0,12.2,Baik (>75%),16.2,0.3,-0.92
STD-1854,Graduate,0,9.6,Rendah,Agronomy,Tech. specialization holder,Reguler (Siang),Laki-laki,<=20,20,Single,Tidak,Lunas,Tidak,Ya,Tidak,Domestik,160.0,160.0,6,6,14.0,6,6,14.666666666666666,100.0,14.33,Baik (>75%),12.4,0.5,1.79
STD-1855,Dropout,1,97.0,Tinggi,Veterinary Nursing,Over 23 years old,Reguler (Siang),Laki-laki,28-35,35,Single,Ya,Menunggak,Tidak,Tidak,Tidak,Domestik,106.3,140.0,5,2,11.5,5,2,10.5,40.0,11.0,Rendah (25-50%),7.6,2.6,0.32
STD-1856,Dropout,1,97.6,Tinggi,Advertising & Marketing,Over 23 years old,Reguler (Siang),Laki-laki,28-35,34,Divorced,Tidak,Menunggak,Tidak,Tidak,Tidak,Domestik,103.0,133.1,6,0,0.0,6,0,0.0,0.0,0.0,Kritis (<25%),10.8,1.4,1.74
STD-1857,Graduate,0,43.7,Sedang,Communication Design,1st phase - general,Reguler (Siang),Perempuan,<=20,19,Single,Ya,Menunggak,Ya,Ya,Tidak,Domestik,136.0,136.0,6,6,11.833333333333334,6,6,12.875,100.0,12.35,Baik (>75%),10.8,1.4,1.74
STD-1858,Graduate,0,78.0,Tinggi,Social Service,International student,Reguler (Siang),Laki-laki,21-23,22,Single,Ya,Menunggak,Tidak,Ya,Tidak,Internasional,146.5,150.0,6,5,11.5,6,5,12.4,83.3,11.95,Baik (>75%),13.9,-0.3,0.79
STD-1859,Graduate,0,2.2,Rendah,Communication Design,2nd phase - general,Reguler (Siang),Laki-laki,<=20,20,Single,Tidak,Lunas,Tidak,Tidak,Tidak,Domestik,131.4,130.0,6,6,14.166666666666666,6,6,12.333333333333334,100.0,13.25,Baik (>75%),11.1,0.6,2.02
STD-1860,Enrolled,0,87.4,Tinggi,Management (evening),Transfer,Kelas Malam,Laki-laki,24-27,27,Married,Tidak,Lunas,Tidak,Tidak,Tidak,Domestik,130.0,130.0,2,2,12.5,5,2,12.5,57.1,12.5,Sedang (50-75%),12.7,3.7,-1.7
STD-1861,Dropout,1,92.2,Tinggi,Informatics Engineering,Over 23 years old,Reguler (Siang),Laki-laki,28-35,30,Married,Ya,Lunas,Tidak,Tidak,Tidak,Domestik,137.0,110.0,5,0,0.0,5,0,0.0,0.0,0.0,Kritis (<25%),7.6,2.6,0.32
STD-1862,Enrolled,0,92.9,Tinggi,Informatics Engineering,Over 23 years old,Reguler (Siang),Laki-laki,28-35,34,Single,Tidak,Lunas,Tidak,Tidak,Tidak,Domestik,125.9,110.0,5,0,0.0,5,1,11.0,10.0,5.5,Kritis (<25%),10.8,1.4,1.74
STD-1863,Dropout,1,97.7,Tinggi,Tourism,1st phase - general,Reguler (Siang),Laki-laki,<=20,20,Single,Tidak,Menunggak,Tidak,Ya,Tidak,Domestik,111.9,121.0,6,2,10.5,6,0,0.0,16.7,5.25,Kritis (<25%),10.8,1.4,1.74
STD-1864,Graduate,0,2.8,Rendah,Communication Design,2nd phase - general,Reguler (Siang),Laki-laki,<=20,18,Single,Tidak,Lunas,Tidak,Ya,Tidak,Domestik,131.2,127.0,6,6,11.833333333333334,6,6,13.166666666666666,100.0,12.5,Baik (>75%),7.6,2.6,0.32
STD-1865,Dropout,1,84.6,Tinggi,Equinculture,1st phase - general,Reguler (Siang),Laki-laki,24-27,26,Single,Tidak,Lunas,Ya,Tidak,Tidak,Domestik,131.2,140.0,5,0,0.0,5,0,0.0,0.0,0.0,Kritis (<25%),7.6,2.6,0.32
STD-1866,Graduate,0,6.8,Rendah,Management (evening),Over 23 years old,Kelas Malam,Laki-laki,24-27,26,Single,Tidak,Lunas,Tidak,Tidak,Tidak,Domestik,140.0,130.0,5,5,12.4,5,5,12.4,100.0,12.4,Baik (>75%),15.5,2.8,-4.06
STD-1867,Dropout,1,97.4,Tinggi,Management,Over 23 years old,Reguler (Siang),Laki-laki,24-27,26,Single,Tidak,Menunggak,Tidak,Tidak,Tidak,Domestik,121.5,130.0,5,2,10.5,5,0,0.0,20.0,5.25,Kritis (<25%),10.8,1.4,1.74
STD-1868,Dropout,1,97.9,Tinggi,Management (evening),Over 23 years old,Kelas Malam,Laki-laki,28-35,31,Single,Ya,Menunggak,Tidak,Tidak,Tidak,Domestik,153.5,100.0,5,0,0.0,5,0,0.0,0.0,0.0,Kritis (<25%),12.4,0.5,1.79
STD-1869,Graduate,0,2.9,Rendah,Animation & Multimedia,1st phase - general,Reguler (Siang),Laki-laki,<=20,20,Single,Tidak,Lunas,Ya,Ya,Tidak,Domestik,142.2,139.0,12,12,14.583333333333334,11,11,14.333333333333334,100.0,14.46,Baik (>75%),8.9,1.4,3.51
STD-1870,Graduate,0,12.4,Rendah,Journalism & Comm,1st phase - general,Reguler (Siang),Laki-laki,<=20,19,Single,Tidak,Lunas,Tidak,Ya,Tidak,Domestik,131.1,150.0,6,6,11.666666666666666,6,3,12.666666666666666,75.0,12.17,Sedang (50-75%),7.6,2.6,0.32
STD-1871,Dropout,1,97.1,Tinggi,Advertising & Marketing,2nd phase - general,Reguler (Siang),Laki-laki,21-23,23,Single,Ya,Menunggak,Tidak,Ya,Tidak,Domestik,130.6,133.1,5,0,0.0,5,0,0.0,0.0,0.0,Kritis (<25%),7.6,2.6,0.32
STD-1872,Dropout,1,78.4,Tinggi,Nursing,1st phase - general,Reguler (Siang),Laki-laki,<=20,20,Single,Tidak,Lunas,Ya,Ya,Tidak,Domestik,115.0,119.0,7,1,13.0,7,0,0.0,7.1,6.5,Kritis (<25%),11.1,0.6,2.02
STD-1873,Graduate,0,8.8,Rendah,Nursing,Change of institution/course,Reguler (Siang),Laki-laki,<=20,20,Single,Tidak,Lunas,Tidak,Tidak,Tidak,Domestik,125.0,170.0,7,7,15.66,10,9,15.011111111111113,94.1,15.34,Baik (>75%),11.1,0.6,2.02
STD-1874,Dropout,1,95.5,Tinggi,Social Service (eve),Over 23 years old,Kelas Malam,Laki-laki,28-35,29,Single,Tidak,Lunas,Tidak,Ya,Tidak,Domestik,97.5,133.1,6,0,0.0,5,0,0.0,0.0,0.0,Kritis (<25%),7.6,2.6,0.32
STD-1875,Graduate,0,17.4,Rendah,Journalism & Comm,1st phase - general,Reguler (Siang),Laki-laki,<=20,20,Single,Tidak,Lunas,Ya,Ya,Tidak,Domestik,134.4,133.0,6,6,12.166666666666666,6,4,12.75,83.3,12.46,Baik (>75%),9.4,-0.8,-3.12
STD-1876,Graduate,0,1.9,Rendah,Nursing,1st phase - general,Reguler (Siang),Laki-laki,24-27,24,Single,Tidak,Lunas,Tidak,Tidak,Tidak,Domestik,118.8,125.0,7,6,13.3,7,6,13.3,85.7,13.3,Baik (>75%),7.6,2.6,0.32
STD-1877,Dropout,1,94.1,Tinggi,Oral Hygiene,Over 23 years old,Reguler (Siang),Laki-laki,>35,37,Single,Tidak,Lunas,Tidak,Tidak,Tidak,Domestik,110.5,133.1,7,0,0.0,7,0,0.0,0.0,0.0,Kritis (<25%),11.1,0.6,2.02
STD-1878,Dropout,1,94.6,Tinggi,Nursing,1st phase - general,Reguler (Siang),Laki-laki,<=20,18,Single,Tidak,Lunas,Tidak,Ya,Tidak,Domestik,123.3,143.0,7,0,0.0,8,0,0.0,0.0,0.0,Kritis (<25%),7.6,2.6,0.32
STD-1879,Dropout,1,46.1,Sedang,Animation & Multimedia,1st phase - general,Reguler (Siang),Laki-laki,<=20,18,Single,Ya,Menunggak,Ya,Ya,Tidak,Domestik,139.6,127.0,0,0,0.0,0,0,0.0,0.0,0.0,Kritis (<25%),13.9,-0.3,0.79
STD-1880,Graduate,0,2.0,Rendah,Nursing,2nd phase - general,Reguler (Siang),Laki-laki,<=20,18,Single,Tidak,Lunas,Tidak,Tidak,Tidak,Domestik,138.8,157.0,8,7,13.55714285714286,8,7,13.55714285714286,87.5,13.56,Baik (>75%),12.7,3.7,-1.7
STD-1881,Enrolled,0,19.2,Rendah,Informatics Engineering,Tech. specialization holder,Reguler (Siang),Laki-laki,>35,41,Married,Ya,Lunas,Tidak,Tidak,Tidak,Domestik,160.0,160.0,7,5,14.333333333333334,6,6,14.636363636363637,84.6,14.48,Baik (>75%),12.4,0.5,1.79
STD-1882,Dropout,1,78.6,Tinggi,Agronomy,Over 23 years old,Reguler (Siang),Laki-laki,28-35,35,Single,Tidak,Lunas,Tidak,Tidak,Tidak,Domestik,140.0,140.0,6,4,12.0,6,3,10.333333333333334,58.3,11.17,Sedang (50-75%),13.9,-0.3,0.79
STD-1883,Dropout,1,95.1,Tinggi,Tourism,2nd phase - general,Reguler (Siang),Perempuan,<=20,19,Single,Tidak,Lunas,Tidak,Tidak,Tidak,Domestik,118.2,128.0,5,0,0.0,6,0,0.0,0.0,0.0,Kritis (<25%),8.9,1.4,3.51
STD-1884,Graduate,0,16.2,Rendah,Animation & Multimedia,1st phase - general,Reguler (Siang),Laki-laki,<=20,18,Single,Tidak,Lunas,Tidak,Ya,Tidak,Domestik,150.6,145.0,0,0,0.0,0,0,0.0,0.0,0.0,Kritis (<25%),10.8,1.4,1.74
STD-1885,Enrolled,0,32.5,Sedang,Nursing,Over 23 years old,Reguler (Siang),Perempuan,>35,48,Married,Tidak,Lunas,Tidak,Tidak,Tidak,Domestik,115.2,133.1,7,4,11.75,7,3,11.725,50.0,11.74,Rendah (25-50%),11.1,0.6,2.02
STD-1886,Graduate,0,3.6,Rendah,Nursing,1st phase - general,Reguler (Siang),Perempuan,<=20,19,Single,Tidak,Lunas,Tidak,Ya,Tidak,Domestik,126.0,132.0,7,6,12.183333333333332,7,6,12.183333333333332,85.7,12.18,Baik (>75%),7.6,2.6,0.32
STD-1887,Dropout,1,85.1,Tinggi,Agronomy,Tech. specialization holder,Reguler (Siang),Laki-laki,28-35,30,Single,Tidak,Menunggak,Tidak,Ya,Tidak,Domestik,160.0,160.0,9,6,11.833333333333334,8,4,11.0,58.8,11.42,Sedang (50-75%),15.5,2.8,-4.06
STD-1888,Dropout,1,97.9,Tinggi,Journalism & Comm,Change of course,Reguler (Siang),Laki-laki,>35,51,Married,Ya,Menunggak,Tidak,Tidak,Tidak,Domestik,160.0,160.0,4,0,0.0,4,0,0.0,0.0,0.0,Kritis (<25%),12.7,3.7,-1.7
STD-1889,Graduate,0,5.3,Rendah,Veterinary Nursing,Ordinance 854-B/99,Reguler (Siang),Perempuan,<=20,18,Single,Tidak,Lunas,Tidak,Tidak,Tidak,Internasional,184.4,184.4,6,6,15.0,6,5,14.333333333333334,91.7,14.67,Baik (>75%),11.1,0.6,2.02
STD-1890,Graduate,0,12.0,Rendah,Animation & Multimedia,1st phase - general,Reguler (Siang),Perempuan,<=20,18,Single,Tidak,Lunas,Tidak,Ya,Tidak,Domestik,156.0,149.0,0,0,0.0,0,0,0.0,0.0,0.0,Kritis (<25%),10.8,1.4,1.74
STD-1891,Graduate,0,18.0,Rendah,Animation & Multimedia,1st phase - general,Reguler (Siang),Perempuan,<=20,18,Single,Tidak,Lunas,Tidak,Ya,Tidak,Domestik,150.2,146.0,0,0,0.0,0,0,0.0,0.0,0.0,Kritis (<25%),11.1,0.6,2.02
STD-1892,Graduate,0,3.2,Rendah,Nursing,1st phase - general,Reguler (Siang),Perempuan,<=20,18,Single,Tidak,Lunas,Ya,Ya,Tidak,Domestik,126.3,139.0,8,8,13.435,8,8,13.435,100.0,13.44,Baik (>75%),9.4,-0.8,-3.12
STD-1893,Dropout,1,69.9,Tinggi,Equinculture,1st phase - general,Reguler (Siang),Perempuan,<=20,18,Single,Tidak,Lunas,Tidak,Ya,Tidak,Domestik,146.1,152.0,5,4,13.5,5,0,0.0,40.0,6.75,Rendah (25-50%),10.8,1.4,1.74
STD-1894,Enrolled,0,14.1,Rendah,Animation & Multimedia,1st phase - general,Reguler (Siang),Perempuan,<=20,18,Single,Tidak,Lunas,Tidak,Ya,Tidak,Domestik,145.3,147.0,0,0,0.0,0,0,0.0,0.0,0.0,Kritis (<25%),12.4,0.5,1.79
STD-1895,Graduate,0,16.6,Rendah,Animation & Multimedia,3rd phase - general,Reguler (Siang),Perempuan,21-23,23,Single,Tidak,Lunas,Tidak,Ya,Tidak,Domestik,116.8,121.0,17,17,11.5,17,17,12.176470588235292,100.0,11.84,Baik (>75%),12.4,0.5,1.79
STD-1896,Enrolled,0,36.6,Sedang,Communication Design,1st phase - general,Reguler (Siang),Perempuan,<=20,19,Single,Tidak,Lunas,Tidak,Ya,Tidak,Domestik,132.1,124.0,6,2,10.5,6,3,11.0,41.7,10.75,Rendah (25-50%),7.6,2.6,0.32
STD-1897,Enrolled,0,48.4,Sedang,Veterinary Nursing,1st phase - general,Reguler (Siang),Perempuan,21-23,21,Single,Tidak,Lunas,Tidak,Tidak,Ya,Domestik,102.6,105.0,6,4,12.0,6,2,11.5,50.0,11.75,Rendah (25-50%),11.1,0.6,2.02
STD-1898,Dropout,1,54.0,Sedang,Journalism & Comm,1st phase - general,Reguler (Siang),Perempuan,<=20,18,Single,Ya,Menunggak,Tidak,Ya,Tidak,Domestik,112.3,121.0,6,5,12.2,6,4,11.5,75.0,11.85,Sedang (50-75%),11.1,0.6,2.02
STD-1899,Graduate,0,21.6,Rendah,Animation & Multimedia,1st phase - general,Reguler (Siang),Perempuan,<=20,18,Single,Tidak,Lunas,Tidak,Ya,Ya,Domestik,155.3,143.0,0,0,0.0,0,0,0.0,0.0,0.0,Kritis (<25%),11.1,0.6,2.02
STD-1900,Graduate,0,3.1,Rendah,Veterinary Nursing,Short cycle holder,Reguler (Siang),Perempuan,21-23,21,Single,Tidak,Lunas,Tidak,Ya,Tidak,Domestik,153.8,150.0,11,10,14.5,9,8,14.0,90.0,14.25,Baik (>75%),8.9,1.4,3.51
STD-1901,Graduate,0,4.1,Rendah,Journalism & Comm,Change of course,Reguler (Siang),Perempuan,<=20,20,Single,Ya,Lunas,Tidak,Tidak,Tidak,Domestik,110.0,126.0,6,6,13.333333333333334,6,6,12.666666666666666,100.0,13.0,Baik (>75%),12.4,0.5,1.79
STD-1902,Graduate,0,19.1,Rendah,Veterinary Nursing,Transfer,Reguler (Siang),Perempuan,24-27,24,Single,Tidak,Lunas,Tidak,Tidak,Tidak,Domestik,128.2,133.1,11,9,12.0,10,9,12.555555555555555,85.7,12.28,Baik (>75%),9.4,-0.8,-3.12
STD-1903,Graduate,0,10.1,Rendah,Equinculture,1st phase - general,Reguler (Siang),Perempuan,<=20,18,Single,Tidak,Lunas,Tidak,Ya,Tidak,Domestik,120.4,127.0,6,6,15.125,6,6,14.0,100.0,14.56,Baik (>75%),13.9,-0.3,0.79
STD-1904,Graduate,0,3.5,Rendah,Nursing,2nd phase - general,Reguler (Siang),Perempuan,<=20,18,Single,Tidak,Lunas,Tidak,Ya,Tidak,Domestik,153.0,160.0,7,6,13.116666666666667,7,6,13.116666666666667,85.7,13.12,Baik (>75%),7.6,2.6,0.32
STD-1905,Graduate,0,3.5,Rendah,Journalism & Comm,1st phase - general,Reguler (Siang),Perempuan,<=20,19,Single,Tidak,Lunas,Tidak,Ya,Tidak,Domestik,117.9,121.0,6,6,12.833333333333334,6,6,11.666666666666666,100.0,12.25,Baik (>75%),11.1,0.6,2.02
STD-1906,Graduate,0,4.5,Rendah,Social Service,Tech. specialization holder,Reguler (Siang),Perempuan,<=20,20,Single,Tidak,Lunas,Ya,Ya,Tidak,Domestik,145.6,150.0,6,6,13.333333333333334,6,6,14.166666666666666,100.0,13.75,Baik (>75%),13.9,-0.3,0.79
STD-1907,Graduate,0,3.9,Rendah,Nursing,1st phase - general,Reguler (Siang),Perempuan,<=20,18,Single,Tidak,Lunas,Tidak,Ya,Tidak,Domestik,119.8,117.0,7,7,13.877142857142855,8,8,15.6625,100.0,14.77,Baik (>75%),12.4,0.5,1.79
STD-1908,Graduate,0,6.0,Rendah,Nursing,1st phase - general,Reguler (Siang),Perempuan,<=20,18,Single,Tidak,Lunas,Tidak,Ya,Tidak,Domestik,126.8,141.0,8,7,12.944285714285714,8,7,12.944285714285714,87.5,12.94,Baik (>75%),10.8,1.4,1.74
STD-1909,Enrolled,0,34.9,Sedang,Basic Education,2nd phase - general,Reguler (Siang),Perempuan,<=20,19,Single,Tidak,Lunas,Tidak,Ya,Tidak,Domestik,106.1,112.0,6,5,12.333333333333334,6,5,11.0,83.3,11.67,Baik (>75%),15.5,2.8,-4.06
STD-1910,Graduate,0,2.0,Rendah,Nursing,1st phase - general,Reguler (Siang),Perempuan,<=20,19,Single,Tidak,Lunas,Tidak,Ya,Tidak,Domestik,137.3,148.0,7,6,14.266666666666666,7,6,14.266666666666666,85.7,14.27,Baik (>75%),7.6,2.6,0.32
STD-1911,Graduate,0,4.8,Rendah,Advertising & Marketing,1st phase - general,Reguler (Siang),Perempuan,<=20,18,Single,Tidak,Lunas,Tidak,Ya,Tidak,Domestik,115.5,120.0,6,5,13.0,6,5,14.0,83.3,13.5,Baik (>75%),13.9,-0.3,0.79
STD-1912,Graduate,0,2.2,Rendah,Nursing,1st phase - general,Reguler (Siang),Perempuan,<=20,20,Single,Tidak,Lunas,Tidak,Ya,Tidak,Domestik,127.5,132.0,8,8,12.48375,8,8,12.48375,100.0,12.48,Baik (>75%),9.4,-0.8,-3.12
STD-1913,Graduate,0,3.2,Rendah,Oral Hygiene,1st phase - general,Reguler (Siang),Perempuan,<=20,18,Single,Tidak,Lunas,Tidak,Ya,Tidak,Domestik,116.3,125.0,7,7,13.428571428571429,8,8,15.3125,100.0,14.37,Baik (>75%),16.2,0.3,-0.92
STD-1914,Dropout,1,95.2,Tinggi,Social Service (eve),2nd phase - general,Kelas Malam,Perempuan,<=20,18,Married,Ya,Menunggak,Tidak,Tidak,Tidak,Domestik,113.2,123.0,6,3,10.666666666666666,6,0,0.0,25.0,5.33,Kritis (<25%),7.6,2.6,0.32
STD-1915,Graduate,0,15.0,Rendah,Basic Education,1st phase - general,Reguler (Siang),Perempuan,<=20,18,Single,Tidak,Lunas,Tidak,Ya,Tidak,Domestik,132.6,142.0,6,5,15.4,6,5,12.2,83.3,13.8,Baik (>75%),7.6,2.6,0.32
STD-1916,Graduate,0,2.4,Rendah,Nursing,1st phase - general,Reguler (Siang),Perempuan,<=20,18,Single,Tidak,Lunas,Tidak,Ya,Tidak,Domestik,132.0,148.0,7,6,13.45,7,6,13.45,85.7,13.45,Baik (>75%),7.6,2.6,0.32
STD-1917,Graduate,0,4.0,Rendah,Nursing,2nd phase - general,Reguler (Siang),Perempuan,<=20,18,Single,Tidak,Lunas,Ya,Ya,Tidak,Domestik,130.3,136.0,7,6,12.6,7,6,12.6,85.7,12.6,Baik (>75%),7.6,2.6,0.32
STD-1918,Graduate,0,3.2,Rendah,Nursing,1st phase - general,Reguler (Siang),Perempuan,<=20,20,Single,Tidak,Lunas,Tidak,Ya,Tidak,Domestik,116.7,123.0,7,7,12.485714285714286,8,8,12.9375,100.0,12.71,Baik (>75%),16.2,0.3,-0.92
STD-1919,Graduate,0,5.1,Rendah,Communication Design,1st phase - general,Reguler (Siang),Perempuan,21-23,22,Single,Tidak,Lunas,Ya,Ya,Tidak,Domestik,134.0,135.0,6,5,10.8,6,5,12.8,83.3,11.8,Baik (>75%),12.7,3.7,-1.7
STD-1920,Enrolled,0,15.4,Rendah,Advertising & Marketing,Change of course,Reguler (Siang),Perempuan,<=20,20,Single,Ya,Lunas,Tidak,Tidak,Tidak,Domestik,100.0,151.0,6,5,12.2,6,5,14.6,83.3,13.4,Baik (>75%),13.9,-0.3,0.79
STD-1921,Enrolled,0,8.3,Rendah,Veterinary Nursing,Tech. specialization holder,Reguler (Siang),Perempuan,<=20,20,Single,Tidak,Lunas,Tidak,Ya,Tidak,Domestik,140.0,140.0,6,5,14.2,6,2,13.5,58.3,13.85,Sedang (50-75%),13.9,-0.3,0.79
STD-1922,Graduate,0,2.2,Rendah,Social Service,1st phase - general,Reguler (Siang),Perempuan,<=20,18,Single,Tidak,Lunas,Tidak,Ya,Tidak,Domestik,139.2,136.0,6,6,13.833333333333334,6,6,14.0,100.0,13.92,Baik (>75%),9.4,-0.8,-3.12
STD-1923,Enrolled,0,28.7,Rendah,Basic Education,1st phase - general,Reguler (Siang),Perempuan,<=20,18,Single,Tidak,Lunas,Tidak,Tidak,Tidak,Domestik,132.6,142.0,6,5,12.8,6,3,10.0,66.7,11.4,Sedang (50-75%),9.4,-0.8,-3.12
STD-1924,Graduate,0,4.3,Rendah,Management,2nd phase - general,Reguler (Siang),Perempuan,<=20,18,Single,Tidak,Lunas,Tidak,Tidak,Tidak,Domestik,129.4,142.0,5,5,13.2,5,4,12.5,90.0,12.85,Baik (>75%),9.4,-0.8,-3.12
STD-1925,Dropout,1,90.2,Tinggi,Advertising & Marketing,2nd phase - general,Reguler (Siang),Perempuan,<=20,18,Single,Ya,Lunas,Ya,Tidak,Tidak,Domestik,125.6,127.0,6,1,14.0,6,0,0.0,8.3,7.0,Kritis (<25%),15.5,2.8,-4.06
STD-1926,Graduate,0,12.0,Rendah,Social Service,2nd phase - general,Reguler (Siang),Perempuan,<=20,19,Single,Tidak,Lunas,Tidak,Tidak,Tidak,Domestik,129.3,131.0,8,8,13.875,6,5,14.0,92.9,13.94,Baik (>75%),11.1,0.6,2.02
STD-1927,Graduate,0,4.9,Rendah,Veterinary Nursing,1st phase - general,Reguler (Siang),Perempuan,<=20,19,Single,Tidak,Lunas,Ya,Ya,Tidak,Domestik,128.4,134.0,5,5,12.5,5,5,12.714285714285714,100.0,12.61,Baik (>75%),10.8,1.4,1.74
STD-1928,Graduate,0,14.7,Rendah,Journalism & Comm,2nd phase - general,Reguler (Siang),Perempuan,<=20,18,Single,Tidak,Lunas,Ya,Tidak,Tidak,Domestik,139.9,142.0,6,6,13.428571428571429,6,6,12.5,100.0,12.96,Baik (>75%),13.9,-0.3,0.79
STD-1929,Enrolled,0,39.2,Sedang,Communication Design,1st phase - general,Reguler (Siang),Perempuan,<=20,18,Single,Tidak,Menunggak,Ya,Tidak,Tidak,Domestik,124.8,123.0,6,5,11.8,6,5,13.0,83.3,12.4,Baik (>75%),8.9,1.4,3.51
STD-1930,Graduate,0,3.9,Rendah,Nursing,2nd phase - general,Reguler (Siang),Perempuan,<=20,18,Single,Tidak,Lunas,Ya,Ya,Tidak,Domestik,128.5,133.0,7,7,14.868571428571428,8,8,15.11111111111111,100.0,14.99,Baik (>75%),11.1,0.6,2.02
STD-1931,Graduate,0,3.3,Rendah,Nursing,1st phase - general,Reguler (Siang),Perempuan,<=20,18,Single,Tidak,Lunas,Tidak,Ya,Tidak,Domestik,117.8,125.0,7,7,13.03,8,8,13.21875,100.0,13.12,Baik (>75%),15.5,2.8,-4.06
STD-1932,Graduate,0,3.1,Rendah,Advertising & Marketing,2nd phase - general,Reguler (Siang),Perempuan,<=20,19,Single,Tidak,Lunas,Tidak,Ya,Tidak,Domestik,115.1,120.0,6,6,14.571428571428571,6,6,12.333333333333334,100.0,13.45,Baik (>75%),12.4,0.5,1.79
STD-1933,Graduate,0,12.2,Rendah,Social Service,2nd phase - general,Reguler (Siang),Perempuan,<=20,18,Single,Tidak,Lunas,Tidak,Ya,Tidak,Domestik,118.0,125.0,6,5,11.0,6,4,11.25,75.0,11.12,Sedang (50-75%),8.9,1.4,3.51
STD-1934,Graduate,0,2.0,Rendah,Nursing,Over 23 years old,Reguler (Siang),Perempuan,24-27,25,Single,Tidak,Lunas,Ya,Tidak,Tidak,Domestik,120.0,133.1,8,8,13.3675,8,8,13.3675,100.0,13.37,Baik (>75%),9.4,-0.8,-3.12
STD-1935,Graduate,0,2.8,Rendah,Nursing,1st phase - general,Reguler (Siang),Perempuan,<=20,19,Single,Tidak,Lunas,Ya,Ya,Tidak,Domestik,119.6,133.1,7,6,12.808333333333332,8,7,12.825714285714286,86.7,12.82,Baik (>75%),12.4,0.5,1.79
STD-1936,Graduate,0,20.5,Rendah,Nursing,2nd phase - general,Reguler (Siang),Perempuan,<=20,18,Single,Tidak,Lunas,Tidak,Ya,Tidak,Domestik,133.2,143.0,7,7,13.918571428571427,8,8,13.8875,100.0,13.9,Baik (>75%),11.1,0.6,2.02
STD-1937,Graduate,0,6.8,Rendah,Equinculture,2nd phase - general,Reguler (Siang),Perempuan,<=20,19,Single,Tidak,Lunas,Tidak,Ya,Tidak,Domestik,141.8,147.0,6,6,13.0,6,4,12.8,83.3,12.9,Baik (>75%),13.9,-0.3,0.79
STD-1938,Graduate,0,1.6,Rendah,Nursing,1st phase - general,Reguler (Siang),Perempuan,<=20,18,Married,Tidak,Lunas,Tidak,Tidak,Tidak,Domestik,130.3,142.0,7,6,13.683333333333332,7,6,13.683333333333332,85.7,13.68,Baik (>75%),7.6,2.6,0.32
STD-1939,Dropout,1,52.6,Sedang,Veterinary Nursing,Over 23 years old,Reguler (Siang),Perempuan,24-27,24,Single,Tidak,Lunas,Tidak,Tidak,Tidak,Domestik,100.0,150.0,6,5,13.0,6,1,12.0,50.0,12.5,Rendah (25-50%),13.9,-0.3,0.79
STD-1940,Graduate,0,14.1,Rendah,Journalism & Comm,1st phase - general,Reguler (Siang),Perempuan,21-23,21,Single,Tidak,Lunas,Tidak,Ya,Tidak,Domestik,114.6,124.0,6,5,12.8,6,5,11.2,83.3,12.0,Baik (>75%),11.1,0.6,2.02
STD-1941,Graduate,0,5.1,Rendah,Tourism,1st phase - general,Reguler (Siang),Perempuan,<=20,18,Single,Tidak,Lunas,Ya,Ya,Tidak,Domestik,123.4,136.0,6,6,13.571428571428571,6,6,12.166666666666666,100.0,12.87,Baik (>75%),8.9,1.4,3.51
STD-1942,Graduate,0,2.0,Rendah,Social Service,1st phase - general,Reguler (Siang),Perempuan,<=20,18,Single,Tidak,Lunas,Tidak,Ya,Tidak,Domestik,116.4,116.0,6,6,13.166666666666666,6,6,13.166666666666666,100.0,13.17,Baik (>75%),8.9,1.4,3.51
STD-1943,Graduate,0,2.7,Rendah,Communication Design,1st phase - general,Reguler (Siang),Perempuan,<=20,20,Married,Tidak,Lunas,Ya,Tidak,Tidak,Domestik,123.2,127.0,6,6,15.0,6,6,14.5,100.0,14.75,Baik (>75%),11.1,0.6,2.02
STD-1944,Graduate,0,2.7,Rendah,Communication Design,1st phase - general,Reguler (Siang),Perempuan,<=20,19,Single,Tidak,Lunas,Tidak,Ya,Tidak,Domestik,123.7,117.0,6,6,12.666666666666666,6,5,11.4,91.7,12.03,Baik (>75%),12.4,0.5,1.79
STD-1945,Dropout,1,10.3,Rendah,Journalism & Comm,1st phase - general,Reguler (Siang),Perempuan,<=20,19,Single,Tidak,Lunas,Ya,Ya,Tidak,Domestik,127.6,116.0,6,6,13.857142857142858,6,6,13.142857142857142,100.0,13.5,Baik (>75%),13.9,-0.3,0.79
STD-1946,Graduate,0,5.6,Rendah,Nursing,1st phase - general,Reguler (Siang),Perempuan,28-35,30,Single,Tidak,Lunas,Tidak,Ya,Tidak,Domestik,117.1,129.0,7,7,14.692857142857145,8,8,14.9625,100.0,14.83,Baik (>75%),12.4,0.5,1.79
STD-1947,Graduate,0,1.1,Rendah,Nursing,1st phase - general,Reguler (Siang),Perempuan,<=20,18,Single,Tidak,Lunas,Tidak,Tidak,Tidak,Domestik,149.3,157.0,8,8,14.035,8,8,14.035,100.0,14.04,Baik (>75%),9.4,-0.8,-3.12
STD-1948,Graduate,0,6.4,Rendah,Veterinary Nursing,2nd phase - general,Reguler (Siang),Perempuan,<=20,18,Single,Tidak,Lunas,Tidak,Ya,Tidak,Domestik,125.6,135.0,5,4,11.0,5,3,14.0,70.0,12.5,Sedang (50-75%),12.7,3.7,-1.7
STD-1949,Graduate,0,2.8,Rendah,Journalism & Comm,1st phase - general,Reguler (Siang),Perempuan,<=20,18,Single,Tidak,Lunas,Ya,Ya,Tidak,Domestik,145.0,139.0,6,6,13.333333333333334,6,6,13.333333333333334,100.0,13.33,Baik (>75%),9.4,-0.8,-3.12
STD-1950,Graduate,0,3.4,Rendah,Nursing,3rd phase - general,Reguler (Siang),Perempuan,<=20,20,Single,Tidak,Lunas,Tidak,Tidak,Tidak,Domestik,115.0,115.0,7,6,11.7725,8,7,12.33,86.7,12.05,Baik (>75%),15.5,2.8,-4.06
STD-1951,Dropout,1,96.1,Tinggi,Tourism,1st phase - general,Reguler (Siang),Perempuan,<=20,19,Single,Tidak,Lunas,Tidak,Tidak,Tidak,Domestik,114.3,123.0,6,0,0.0,6,0,0.0,0.0,0.0,Kritis (<25%),11.1,0.6,2.02
STD-1952,Dropout,1,90.2,Tinggi,Tourism,Change of course,Reguler (Siang),Perempuan,<=20,19,Single,Tidak,Lunas,Tidak,Ya,Tidak,Domestik,126.0,140.0,6,0,0.0,6,0,0.0,0.0,0.0,Kritis (<25%),10.8,1.4,1.74
STD-1953,Dropout,1,86.5,Tinggi,Animation & Multimedia,1st phase - general,Reguler (Siang),Perempuan,<=20,19,Single,Tidak,Menunggak,Tidak,Ya,Tidak,Domestik,124.0,138.0,0,0,0.0,0,0,0.0,0.0,0.0,Kritis (<25%),10.8,1.4,1.74
STD-1954,Graduate,0,2.4,Rendah,Tourism,1st phase - general,Reguler (Siang),Perempuan,<=20,18,Single,Tidak,Lunas,Ya,Ya,Tidak,Domestik,122.6,132.0,6,6,12.285714285714286,6,6,12.0,100.0,12.14,Baik (>75%),8.9,1.4,3.51
STD-1955,Enrolled,0,18.5,Rendah,Nursing,1st phase - general,Reguler (Siang),Perempuan,<=20,17,Single,Tidak,Lunas,Tidak,Ya,Tidak,Domestik,133.8,140.0,8,5,12.46,8,5,12.46,62.5,12.46,Sedang (50-75%),10.8,1.4,1.74
STD-1956,Graduate,0,11.9,Rendah,Basic Education,3rd phase - general,Reguler (Siang),Perempuan,<=20,19,Single,Tidak,Lunas,Tidak,Ya,Tidak,Domestik,113.5,117.0,7,6,12.166666666666666,7,6,13.166666666666666,85.7,12.67,Baik (>75%),12.4,0.5,1.79
STD-1957,Enrolled,0,24.6,Rendah,Social Service,1st phase - general,Reguler (Siang),Perempuan,<=20,18,Single,Tidak,Lunas,Tidak,Ya,Ya,Domestik,122.6,125.0,6,5,11.833333333333334,6,2,11.5,58.3,11.67,Sedang (50-75%),13.9,-0.3,0.79
STD-1958,Graduate,0,3.6,Rendah,Nursing,Holder of other higher course,Reguler (Siang),Perempuan,24-27,25,Single,Tidak,Lunas,Tidak,Tidak,Tidak,Domestik,140.0,140.0,8,7,14.805714285714286,8,7,14.805714285714286,87.5,14.81,Baik (>75%),10.8,1.4,1.74
STD-1959,Dropout,1,4.5,Rendah,Social Service,1st phase - general,Reguler (Siang),Perempuan,<=20,19,Single,Tidak,Lunas,Tidak,Ya,Tidak,Domestik,107.0,133.1,6,5,10.6,6,6,11.714285714285714,91.7,11.16,Baik (>75%),11.1,0.6,2.02
STD-1960,Enrolled,0,33.5,Sedang,Veterinary Nursing,Short cycle holder,Reguler (Siang),Perempuan,24-27,24,Single,Ya,Menunggak,Tidak,Ya,Tidak,Domestik,130.0,130.0,9,8,13.125,9,6,13.0,77.8,13.06,Baik (>75%),8.9,1.4,3.51
STD-1961,Graduate,0,2.8,Rendah,Social Service,1st phase - general,Reguler (Siang),Perempuan,<=20,19,Single,Ya,Lunas,Ya,Ya,Tidak,Domestik,124.2,134.0,6,6,12.833333333333334,6,6,12.666666666666666,100.0,12.75,Baik (>75%),9.4,-0.8,-3.12
STD-1962,Enrolled,0,64.9,Tinggi,Nursing,3rd phase - general,Reguler (Siang),Perempuan,<=20,20,Single,Tidak,Lunas,Ya,Tidak,Tidak,Domestik,125.8,128.0,8,0,0.0,8,0,0.0,0.0,0.0,Kritis (<25%),9.4,-0.8,-3.12
STD-1963,Graduate,0,4.2,Rendah,Advertising & Marketing,1st phase - general,Reguler (Siang),Perempuan,<=20,20,Single,Tidak,Lunas,Ya,Ya,Tidak,Domestik,108.0,115.0,6,5,13.0,6,5,13.8,83.3,13.4,Baik (>75%),12.4,0.5,1.79
STD-1964,Graduate,0,3.7,Rendah,Nursing,1st phase - general,Reguler (Siang),Perempuan,<=20,20,Single,Tidak,Lunas,Ya,Ya,Tidak,Domestik,115.2,119.0,7,7,12.725,8,8,13.7125,100.0,13.22,Baik (>75%),13.9,-0.3,0.79
STD-1965,Graduate,0,21.4,Rendah,Veterinary Nursing,2nd phase - general,Reguler (Siang),Perempuan,<=20,19,Single,Tidak,Lunas,Tidak,Ya,Tidak,Domestik,129.3,131.0,5,4,11.25,5,3,10.333333333333334,70.0,10.79,Sedang (50-75%),12.7,3.7,-1.7
STD-1966,Graduate,0,21.9,Rendah,Agronomy,Holder of other higher course,Reguler (Siang),Perempuan,28-35,31,Single,Tidak,Lunas,Tidak,Ya,Tidak,Domestik,120.0,120.0,12,11,13.818181818181818,12,12,13.461538461538462,95.8,13.64,Baik (>75%),15.5,2.8,-4.06
STD-1967,Graduate,0,9.9,Rendah,Veterinary Nursing,1st phase - general,Reguler (Siang),Perempuan,<=20,20,Single,Tidak,Lunas,Tidak,Tidak,Tidak,Domestik,116.7,120.0,5,3,12.333333333333334,5,3,13.0,60.0,12.67,Sedang (50-75%),9.4,-0.8,-3.12
STD-1968,Enrolled,0,5.8,Rendah,Veterinary Nursing,1st phase - general,Reguler (Siang),Perempuan,<=20,18,Single,Tidak,Lunas,Tidak,Ya,Tidak,Domestik,121.0,135.0,5,3,12.333333333333334,5,5,11.6,80.0,11.97,Baik (>75%),9.4,-0.8,-3.12
STD-1969,Enrolled,0,41.4,Sedang,Basic Education,2nd phase - general,Reguler (Siang),Perempuan,<=20,18,Single,Ya,Lunas,Tidak,Tidak,Tidak,Domestik,128.2,146.0,6,4,13.25,6,3,10.666666666666666,58.3,11.96,Sedang (50-75%),12.7,3.7,-1.7
STD-1970,Graduate,0,7.9,Rendah,Advertising & Marketing,1st phase - general,Reguler (Siang),Perempuan,<=20,18,Single,Tidak,Lunas,Tidak,Ya,Tidak,Domestik,121.1,133.0,6,6,13.666666666666666,6,5,15.4,91.7,14.53,Baik (>75%),13.9,-0.3,0.79
STD-1971,Enrolled,0,36.6,Sedang,Social Service,Change of institution/course,Reguler (Siang),Perempuan,<=20,20,Single,Ya,Lunas,Tidak,Tidak,Tidak,Domestik,112.6,122.0,11,8,12.625,10,3,11.0,52.4,11.81,Sedang (50-75%),11.1,0.6,2.02
STD-1972,Graduate,0,3.7,Rendah,Veterinary Nursing,2nd phase - general,Reguler (Siang),Perempuan,<=20,20,Single,Tidak,Lunas,Ya,Ya,Tidak,Domestik,123.3,128.0,6,6,14.833333333333334,6,6,12.142857142857142,100.0,13.49,Baik (>75%),8.9,1.4,3.51
STD-1973,Dropout,1,5.8,Rendah,Advertising & Marketing,2nd phase - general,Reguler (Siang),Perempuan,<=20,19,Single,Tidak,Lunas,Ya,Tidak,Tidak,Domestik,129.4,129.0,6,5,11.2,6,5,13.125,83.3,12.16,Baik (>75%),10.8,1.4,1.74
STD-1974,Graduate,0,2.5,Rendah,Management,2nd phase - general,Reguler (Siang),Perempuan,21-23,21,Single,Tidak,Lunas,Ya,Tidak,Tidak,Domestik,119.9,122.0,5,5,11.4,5,5,12.2,100.0,11.8,Baik (>75%),12.7,3.7,-1.7
STD-1975,Graduate,0,8.3,Rendah,Nursing,1st phase - general,Reguler (Siang),Perempuan,<=20,18,Single,Tidak,Lunas,Tidak,Ya,Tidak,Domestik,131.6,140.0,7,7,13.135,8,8,13.244444444444444,100.0,13.19,Baik (>75%),12.4,0.5,1.79
STD-1976,Dropout,1,16.7,Rendah,Communication Design,Change of institution/course,Reguler (Siang),Perempuan,21-23,21,Single,Tidak,Lunas,Tidak,Ya,Tidak,Domestik,120.0,143.0,10,10,13.0,11,10,11.4,95.2,12.2,Baik (>75%),11.1,0.6,2.02
STD-1977,Enrolled,0,3.4,Rendah,Nursing,1st phase - general,Reguler (Siang),Perempuan,<=20,19,Single,Tidak,Lunas,Tidak,Ya,Tidak,Domestik,110.0,118.0,7,4,12.85,7,7,12.62142857142857,78.6,12.74,Baik (>75%),11.1,0.6,2.02
STD-1978,Graduate,0,3.7,Rendah,Social Service,Tech. specialization holder,Reguler (Siang),Perempuan,<=20,20,Single,Tidak,Lunas,Tidak,Tidak,Tidak,Domestik,143.0,140.0,6,6,13.5,6,5,12.5,91.7,13.0,Baik (>75%),13.9,-0.3,0.79
STD-1979,Enrolled,0,9.7,Rendah,Veterinary Nursing,Tech. specialization holder,Reguler (Siang),Perempuan,<=20,20,Single,Tidak,Lunas,Tidak,Tidak,Tidak,Domestik,140.0,140.0,6,6,14.285714285714286,6,3,13.0,75.0,13.64,Sedang (50-75%),13.9,-0.3,0.79
STD-1980,Graduate,0,4.2,Rendah,Advertising & Marketing,1st phase - general,Reguler (Siang),Perempuan,<=20,18,Single,Tidak,Lunas,Ya,Ya,Tidak,Domestik,119.2,123.0,6,5,13.5,6,6,14.5,91.7,14.0,Baik (>75%),12.4,0.5,1.79
STD-1981,Graduate,0,2.5,Rendah,Management,1st phase - general,Reguler (Siang),Perempuan,<=20,18,Single,Tidak,Lunas,Ya,Ya,Tidak,Domestik,124.3,140.0,5,4,10.75,5,5,13.0,90.0,11.88,Baik (>75%),12.4,0.5,1.79
STD-1982,Graduate,0,2.4,Rendah,Social Service,2nd phase - general,Reguler (Siang),Perempuan,<=20,18,Single,Tidak,Lunas,Ya,Ya,Tidak,Domestik,111.1,116.0,6,6,11.333333333333334,6,6,11.833333333333334,100.0,11.58,Baik (>75%),8.9,1.4,3.51
STD-1983,Graduate,0,8.5,Rendah,Veterinary Nursing,Change of course,Reguler (Siang),Perempuan,21-23,21,Single,Tidak,Lunas,Ya,Ya,Tidak,Domestik,150.0,150.0,7,3,13.0,5,5,13.285714285714286,66.7,13.14,Sedang (50-75%),10.8,1.4,1.74
STD-1984,Graduate,0,1.7,Rendah,Nursing,1st phase - general,Reguler (Siang),Perempuan,<=20,18,Single,Tidak,Lunas,Tidak,Tidak,Tidak,Domestik,147.3,147.0,7,6,13.966666666666669,7,6,13.966666666666669,85.7,13.97,Baik (>75%),7.6,2.6,0.32
STD-1985,Graduate,0,1.7,Rendah,Nursing,1st phase - general,Reguler (Siang),Perempuan,<=20,18,Single,Tidak,Lunas,Ya,Ya,Tidak,Domestik,147.5,162.0,8,8,14.14125,8,8,14.14125,100.0,14.14,Baik (>75%),9.4,-0.8,-3.12
STD-1986,Graduate,0,12.3,Rendah,Tourism,2nd phase - general,Reguler (Siang),Perempuan,<=20,20,Single,Tidak,Lunas,Ya,Ya,Tidak,Domestik,108.0,108.0,6,4,11.6,6,4,11.75,66.7,11.68,Sedang (50-75%),12.7,3.7,-1.7
STD-1987,Graduate,0,1.5,Rendah,Nursing,Transfer,Reguler (Siang),Perempuan,28-35,32,Married,Tidak,Lunas,Ya,Tidak,Tidak,Domestik,130.0,130.0,8,8,14.6625,8,8,14.6625,100.0,14.66,Baik (>75%),9.4,-0.8,-3.12
STD-1988,Enrolled,0,94.9,Tinggi,Management (evening),Over 23 years old,Kelas Malam,Perempuan,28-35,34,Married,Tidak,Lunas,Tidak,Tidak,Tidak,Domestik,130.0,140.0,5,0,0.0,5,0,0.0,0.0,0.0,Kritis (<25%),9.4,-0.8,-3.12
STD-1989,Graduate,0,3.2,Rendah,Nursing,1st phase - general,Reguler (Siang),Perempuan,21-23,23,Single,Tidak,Lunas,Ya,Ya,Tidak,Domestik,109.0,116.0,7,6,12.993333333333334,8,8,12.66875,93.3,12.83,Baik (>75%),11.1,0.6,2.02
STD-1990,Enrolled,0,7.8,Rendah,Advertising & Marketing,1st phase - general,Reguler (Siang),Perempuan,<=20,18,Single,Tidak,Lunas,Tidak,Ya,Tidak,Domestik,112.0,120.0,6,4,11.25,6,5,12.2,75.0,11.72,Sedang (50-75%),8.9,1.4,3.51
STD-1991,Graduate,0,10.0,Rendah,Social Service (eve),2nd phase - general,Kelas Malam,Perempuan,<=20,18,Single,Tidak,Lunas,Tidak,Tidak,Tidak,Domestik,121.2,132.0,6,5,12.2,6,5,12.8,83.3,12.5,Baik (>75%),10.8,1.4,1.74
STD-1992,Dropout,1,61.5,Tinggi,Animation & Multimedia,Change of course,Reguler (Siang),Perempuan,28-35,34,Single,Tidak,Lunas,Tidak,Ya,Tidak,Domestik,140.0,140.0,0,0,0.0,0,0,0.0,0.0,0.0,Kritis (<25%),10.8,1.4,1.74
STD-1993,Enrolled,0,32.5,Sedang,Social Service (eve),Over 23 years old,Kelas Malam,Perempuan,24-27,25,Single,Ya,Lunas,Tidak,Tidak,Tidak,Internasional,119.5,120.0,6,6,11.333333333333334,6,4,11.75,83.3,11.54,Baik (>75%),8.9,1.4,3.51
STD-1994,Graduate,0,1.9,Rendah,Management,1st phase - general,Reguler (Siang),Perempuan,21-23,21,Single,Tidak,Lunas,Tidak,Tidak,Tidak,Domestik,125.9,136.0,5,5,12.2,5,5,11.8,100.0,12.0,Baik (>75%),11.1,0.6,2.02
STD-1995,Dropout,1,91.4,Tinggi,Tourism,1st phase - general,Reguler (Siang),Perempuan,<=20,20,Single,Tidak,Lunas,Ya,Ya,Tidak,Domestik,121.5,133.0,6,0,0.0,6,0,0.0,0.0,0.0,Kritis (<25%),7.6,2.6,0.32
STD-1996,Graduate,0,4.9,Rendah,Social Service,1st phase - general,Reguler (Siang),Perempuan,<=20,18,Single,Tidak,Lunas,Tidak,Ya,Tidak,Domestik,121.5,126.0,6,6,11.333333333333334,6,6,11.666666666666666,100.0,11.5,Baik (>75%),7.6,2.6,0.32
STD-1997,Graduate,0,4.6,Rendah,Veterinary Nursing,2nd phase - general,Reguler (Siang),Perempuan,<=20,18,Single,Tidak,Lunas,Tidak,Ya,Tidak,Domestik,132.4,142.0,6,6,13.857142857142858,6,6,13.1,100.0,13.48,Baik (>75%),12.4,0.5,1.79
STD-1998,Graduate,0,7.1,Rendah,Journalism & Comm,2nd phase - general,Reguler (Siang),Perempuan,<=20,18,Single,Tidak,Lunas,Tidak,Tidak,Tidak,Domestik,122.4,121.0,6,6,12.857142857142858,6,6,13.333333333333334,100.0,13.1,Baik (>75%),13.9,-0.3,0.79
STD-1999,Dropout,1,82.1,Tinggi,Social Service (eve),Over 23 years old,Kelas Malam,Perempuan,24-27,24,Single,Tidak,Lunas,Tidak,Ya,Tidak,Domestik,110.0,134.0,6,1,10.0,6,0,0.0,8.3,5.0,Kritis (<25%),9.4,-0.8,-3.12
STD-2000,Graduate,0,87.0,Tinggi,Management,Change of institution/course,Reguler (Siang),Perempuan,28-35,32,Single,Ya,Menunggak,Tidak,Tidak,Tidak,Domestik,120.4,140.0,15,14,10.214285714285714,13,13,11.384615384615383,96.4,10.8,Baik (>75%),16.2,0.3,-0.92
STD-2001,Dropout,1,86.1,Tinggi,Tourism,Over 23 years old,Reguler (Siang),Perempuan,24-27,24,Single,Ya,Menunggak,Tidak,Ya,Tidak,Domestik,105.0,133.1,6,6,11.285714285714286,6,3,10.333333333333334,75.0,10.81,Sedang (50-75%),8.9,1.4,3.51
STD-2002,Dropout,1,84.1,Tinggi,Social Service,1st phase - general,Reguler (Siang),Perempuan,<=20,18,Single,Tidak,Lunas,Ya,Tidak,Tidak,Domestik,137.8,157.0,6,6,13.833333333333334,6,0,0.0,50.0,6.92,Rendah (25-50%),15.5,2.8,-4.06
STD-2003,Graduate,0,4.0,Rendah,Tourism,Change of institution/course,Reguler (Siang),Perempuan,28-35,28,Single,Tidak,Lunas,Tidak,Tidak,Tidak,Domestik,118.0,120.0,6,6,12.857142857142858,6,5,12.6,91.7,12.73,Baik (>75%),8.9,1.4,3.51
STD-2004,Dropout,1,29.8,Rendah,Basic Education,2nd phase - general,Reguler (Siang),Perempuan,<=20,18,Single,Tidak,Lunas,Ya,Ya,Tidak,Domestik,122.1,134.0,6,6,11.666666666666666,6,4,12.0,83.3,11.83,Baik (>75%),10.8,1.4,1.74
STD-2005,Dropout,1,95.9,Tinggi,Basic Education,Holder of other higher course,Reguler (Siang),Perempuan,24-27,24,Single,Tidak,Menunggak,Tidak,Ya,Tidak,Domestik,140.0,140.0,6,0,0.0,5,0,0.0,0.0,0.0,Kritis (<25%),9.4,-0.8,-3.12
STD-2006,Graduate,0,2.8,Rendah,Veterinary Nursing,1st phase - general,Reguler (Siang),Perempuan,<=20,19,Single,Tidak,Lunas,Tidak,Tidak,Tidak,Domestik,143.2,133.0,5,5,14.4,5,5,13.2,100.0,13.8,Baik (>75%),7.6,2.6,0.32
STD-2007,Graduate,0,3.3,Rendah,Social Service (eve),Over 23 years old,Kelas Malam,Perempuan,>35,44,Married,Tidak,Lunas,Tidak,Tidak,Tidak,Domestik,120.5,146.0,6,6,14.833333333333334,6,6,14.166666666666666,100.0,14.5,Baik (>75%),10.8,1.4,1.74
STD-2008,Graduate,0,2.2,Rendah,Veterinary Nursing,1st phase - Madeira,Reguler (Siang),Perempuan,<=20,18,Single,Tidak,Lunas,Ya,Ya,Tidak,Domestik,119.5,130.0,6,6,14.333333333333334,6,6,12.0,100.0,13.17,Baik (>75%),15.5,2.8,-4.06
STD-2009,Graduate,0,16.7,Rendah,Animation & Multimedia,1st phase - general,Reguler (Siang),Perempuan,<=20,18,Single,Tidak,Lunas,Tidak,Ya,Tidak,Domestik,147.5,151.0,0,0,0.0,0,0,0.0,0.0,0.0,Kritis (<25%),7.6,2.6,0.32
STD-2010,Dropout,1,97.7,Tinggi,Journalism & Comm,1st phase - general,Reguler (Siang),Perempuan,21-23,22,Single,Tidak,Lunas,Tidak,Tidak,Tidak,Domestik,129.6,133.1,6,0,0.0,6,0,0.0,0.0,0.0,Kritis (<25%),7.6,2.6,0.32
STD-2011,Graduate,0,4.6,Rendah,Basic Education,3rd phase - general,Reguler (Siang),Perempuan,<=20,18,Single,Tidak,Lunas,Ya,Tidak,Tidak,Domestik,126.1,132.0,7,6,12.333333333333334,7,6,12.666666666666666,85.7,12.5,Baik (>75%),11.1,0.6,2.02
STD-2012,Graduate,0,6.5,Rendah,Management (evening),Over 23 years old,Kelas Malam,Perempuan,>35,44,Married,Tidak,Lunas,Tidak,Tidak,Tidak,Domestik,160.0,110.0,5,5,11.8,5,5,12.4,100.0,12.1,Baik (>75%),15.5,2.8,-4.06
STD-2013,Dropout,1,28.7,Rendah,Basic Education,Over 23 years old,Reguler (Siang),Perempuan,28-35,33,Facto Union,Ya,Lunas,Tidak,Tidak,Tidak,Domestik,105.5,133.1,6,5,13.2,6,5,10.6,83.3,11.9,Baik (>75%),7.6,2.6,0.32
STD-2014,Dropout,1,98.1,Tinggi,Basic Education,Over 23 years old,Reguler (Siang),Perempuan,28-35,32,Married,Ya,Menunggak,Tidak,Tidak,Tidak,Domestik,95.5,110.0,6,0,0.0,5,0,0.0,0.0,0.0,Kritis (<25%),10.8,1.4,1.74
STD-2015,Dropout,1,98.0,Tinggi,Agronomy,Over 23 years old,Reguler (Siang),Perempuan,28-35,35,Married,Tidak,Menunggak,Tidak,Tidak,Tidak,Domestik,107.5,133.1,6,0,0.0,6,0,0.0,0.0,0.0,Kritis (<25%),15.5,2.8,-4.06
STD-2016,Graduate,0,1.0,Rendah,Social Service,1st phase - general,Reguler (Siang),Perempuan,<=20,20,Single,Tidak,Lunas,Tidak,Ya,Tidak,Domestik,106.1,105.0,6,6,11.5,6,6,13.285714285714286,100.0,12.39,Baik (>75%),11.1,0.6,2.02
STD-2017,Graduate,0,5.3,Rendah,Tourism,Over 23 years old,Reguler (Siang),Perempuan,24-27,24,Single,Tidak,Lunas,Tidak,Ya,Tidak,Domestik,116.3,160.0,6,5,12.6,6,5,12.2,83.3,12.4,Baik (>75%),9.4,-0.8,-3.12
STD-2018,Graduate,0,2.4,Rendah,Nursing,1st phase - general,Reguler (Siang),Perempuan,<=20,19,Single,Tidak,Lunas,Tidak,Tidak,Tidak,Domestik,137.4,144.0,7,7,13.542857142857144,8,8,14.22222222222222,100.0,13.88,Baik (>75%),16.2,0.3,-0.92
STD-2019,Enrolled,0,1.8,Rendah,Tourism,1st phase - general,Reguler (Siang),Perempuan,21-23,21,Single,Tidak,Lunas,Tidak,Ya,Tidak,Domestik,101.8,100.0,6,5,11.6,6,5,13.0,83.3,12.3,Baik (>75%),12.4,0.5,1.79
STD-2020,Graduate,0,10.8,Rendah,Journalism & Comm,1st phase - general,Reguler (Siang),Laki-laki,<=20,19,Single,Tidak,Lunas,Ya,Ya,Tidak,Domestik,144.1,143.0,6,6,13.666666666666666,6,6,13.833333333333334,100.0,13.75,Baik (>75%),12.7,3.7,-1.7
STD-2021,Dropout,1,95.3,Tinggi,Agronomy,Transfer,Reguler (Siang),Laki-laki,24-27,27,Single,Tidak,Menunggak,Tidak,Ya,Tidak,Domestik,107.8,160.0,6,0,0.0,6,0,0.0,0.0,0.0,Kritis (<25%),15.5,2.8,-4.06
STD-2022,Dropout,1,98.4,Tinggi,Basic Education,Over 23 years old,Reguler (Siang),Perempuan,28-35,30,Single,Tidak,Menunggak,Tidak,Tidak,Tidak,Domestik,128.2,140.0,6,0,0.0,6,0,0.0,0.0,0.0,Kritis (<25%),12.7,3.7,-1.7
STD-2023,Dropout,1,66.8,Tinggi,Animation & Multimedia,2nd phase - general,Reguler (Siang),Laki-laki,21-23,21,Single,Tidak,Lunas,Tidak,Ya,Tidak,Domestik,117.0,133.1,0,0,0.0,0,0,0.0,0.0,0.0,Kritis (<25%),10.8,1.4,1.74
STD-2024,Graduate,0,1.6,Rendah,Communication Design,1st phase - general,Reguler (Siang),Laki-laki,<=20,19,Single,Tidak,Lunas,Tidak,Ya,Tidak,Domestik,110.4,116.0,6,6,11.5,6,6,12.285714285714286,100.0,11.89,Baik (>75%),8.9,1.4,3.51
STD-2025,Enrolled,0,31.9,Sedang,Management (evening),Over 23 years old,Kelas Malam,Perempuan,28-35,34,Married,Tidak,Lunas,Tidak,Tidak,Tidak,Domestik,170.0,120.0,5,2,11.5,5,4,11.75,60.0,11.62,Sedang (50-75%),9.4,-0.8,-3.12
STD-2026,Graduate,0,2.8,Rendah,Nursing,Change of course,Reguler (Siang),Laki-laki,<=20,18,Single,Tidak,Lunas,Tidak,Tidak,Tidak,Domestik,100.0,141.0,7,7,11.828571428571427,8,7,12.9125,93.3,12.37,Baik (>75%),13.9,-0.3,0.79
STD-2027,Graduate,0,54.3,Sedang,Animation & Multimedia,1st phase - general,Reguler (Siang),Laki-laki,21-23,21,Single,Tidak,Lunas,Tidak,Ya,Tidak,Domestik,117.0,110.0,0,0,0.0,0,0,0.0,0.0,0.0,Kritis (<25%),9.4,-0.8,-3.12
STD-2028,Enrolled,0,28.5,Rendah,Animation & Multimedia,1st phase - general,Reguler (Siang),Laki-laki,<=20,17,Single,Tidak,Lunas,Tidak,Ya,Tidak,Domestik,133.5,127.0,0,0,0.0,0,0,0.0,0.0,0.0,Kritis (<25%),15.5,2.8,-4.06
STD-2029,Graduate,0,2.7,Rendah,Nursing,1st phase - general,Reguler (Siang),Perempuan,<=20,19,Single,Tidak,Lunas,Ya,Ya,Tidak,Domestik,128.0,132.0,7,6,12.966666666666669,7,6,12.966666666666669,85.7,12.97,Baik (>75%),7.6,2.6,0.32
STD-2030,Graduate,0,3.8,Rendah,Journalism & Comm,1st phase - general,Reguler (Siang),Laki-laki,<=20,18,Single,Tidak,Lunas,Tidak,Ya,Tidak,Domestik,122.1,135.0,6,6,13.833333333333334,6,6,13.666666666666666,100.0,13.75,Baik (>75%),12.7,3.7,-1.7
STD-2031,Graduate,0,1.8,Rendah,Nursing,2nd phase - general,Reguler (Siang),Perempuan,<=20,19,Single,Tidak,Lunas,Tidak,Ya,Tidak,Domestik,133.4,135.0,7,7,14.125714285714285,8,8,14.36875,100.0,14.25,Baik (>75%),11.1,0.6,2.02
STD-2032,Dropout,1,92.1,Tinggi,Tourism,Over 23 years old,Reguler (Siang),Perempuan,>35,45,Divorced,Ya,Lunas,Tidak,Tidak,Tidak,Domestik,112.0,140.0,10,5,12.166666666666666,8,0,0.0,27.8,6.08,Rendah (25-50%),12.7,3.7,-1.7
STD-2033,Graduate,0,24.2,Rendah,Veterinary Nursing,Over 23 years old,Reguler (Siang),Perempuan,24-27,26,Single,Tidak,Lunas,Tidak,Ya,Tidak,Domestik,130.0,133.1,6,6,12.666666666666666,6,4,12.25,83.3,12.46,Baik (>75%),15.5,2.8,-4.06
STD-2034,Dropout,1,96.4,Tinggi,Management (evening),Over 23 years old,Kelas Malam,Laki-laki,>35,51,Married,Tidak,Lunas,Tidak,Ya,Tidak,Domestik,100.0,100.0,4,0,0.0,5,0,0.0,0.0,0.0,Kritis (<25%),12.7,3.7,-1.7
STD-2035,Graduate,0,4.1,Rendah,Journalism & Comm,Over 23 years old,Reguler (Siang),Laki-laki,>35,49,Married,Ya,Lunas,Ya,Tidak,Tidak,Domestik,162.0,133.1,6,6,12.285714285714286,6,6,14.166666666666666,100.0,13.23,Baik (>75%),10.8,1.4,1.74
STD-2036,Enrolled,0,22.0,Rendah,Nursing,Transfer,Reguler (Siang),Laki-laki,21-23,22,Single,Tidak,Lunas,Tidak,Tidak,Tidak,Domestik,153.0,100.0,6,3,14.5,7,4,14.375,53.8,14.44,Sedang (50-75%),15.5,2.8,-4.06
STD-2037,Dropout,1,77.4,Tinggi,Management,2nd phase - general,Reguler (Siang),Laki-laki,21-23,22,Single,Tidak,Lunas,Tidak,Ya,Tidak,Domestik,131.4,137.0,5,2,10.0,5,1,10.0,30.0,10.0,Rendah (25-50%),7.6,2.6,0.32
STD-2038,Dropout,1,72.2,Tinggi,Equinculture,Holder of other higher course,Reguler (Siang),Perempuan,28-35,33,Married,Tidak,Lunas,Tidak,Tidak,Tidak,Domestik,128.2,120.0,5,2,11.5,5,2,12.0,40.0,11.75,Rendah (25-50%),9.4,-0.8,-3.12
STD-2039,Graduate,0,10.7,Rendah,Advertising & Marketing,Ordinance 854-B/99,Reguler (Siang),Perempuan,<=20,20,Single,Tidak,Lunas,Tidak,Tidak,Tidak,Internasional,148.9,148.9,5,5,11.6,5,4,11.5,90.0,11.55,Baik (>75%),9.4,-0.8,-3.12
STD-2040,Graduate,0,2.0,Rendah,Social Service,1st phase - general,Reguler (Siang),Perempuan,<=20,18,Single,Tidak,Lunas,Ya,Ya,Tidak,Domestik,128.4,134.0,6,6,12.5,6,6,11.666666666666666,100.0,12.08,Baik (>75%),10.8,1.4,1.74
STD-2041,Dropout,1,94.9,Tinggi,Basic Education,1st phase - general,Reguler (Siang),Perempuan,<=20,20,Single,Ya,Menunggak,Tidak,Ya,Tidak,Domestik,120.3,128.0,6,3,11.666666666666666,6,2,11.0,41.7,11.33,Rendah (25-50%),10.8,1.4,1.74
STD-2042,Graduate,0,9.8,Rendah,Management (evening),Change of institution (Intl),Kelas Malam,Perempuan,>35,37,Married,Tidak,Lunas,Tidak,Tidak,Tidak,Internasional,100.0,133.1,10,7,13.428571428571429,10,10,11.6,85.0,12.51,Baik (>75%),8.9,1.4,3.51
STD-2043,Graduate,0,2.3,Rendah,Tourism,1st phase - general,Reguler (Siang),Laki-laki,<=20,18,Single,Tidak,Lunas,Tidak,Ya,Tidak,Internasional,126.1,131.0,6,6,13.666666666666666,6,6,13.5,100.0,13.58,Baik (>75%),7.6,2.6,0.32
STD-2044,Graduate,0,2.6,Rendah,Tourism,1st phase - general,Reguler (Siang),Perempuan,<=20,19,Single,Tidak,Lunas,Tidak,Ya,Tidak,Domestik,111.7,118.0,6,6,12.5,6,6,12.166666666666666,100.0,12.33,Baik (>75%),12.4,0.5,1.79
STD-2045,Graduate,0,6.9,Rendah,Veterinary Nursing,Tech. specialization holder,Reguler (Siang),Perempuan,21-23,21,Single,Tidak,Lunas,Tidak,Ya,Tidak,Domestik,140.0,140.0,6,6,13.0,6,4,12.8,83.3,12.9,Baik (>75%),12.4,0.5,1.79
STD-2046,Graduate,0,4.6,Rendah,Nursing,1st phase - general,Reguler (Siang),Perempuan,<=20,20,Single,Tidak,Lunas,Tidak,Tidak,Tidak,Domestik,122.2,133.0,7,6,12.783333333333331,8,7,12.842857142857143,86.7,12.81,Baik (>75%),13.9,-0.3,0.79
STD-2047,Dropout,1,95.0,Tinggi,Nursing,1st phase - general,Reguler (Siang),Perempuan,<=20,19,Single,Tidak,Lunas,Tidak,Ya,Tidak,Domestik,118.7,126.0,7,0,0.0,8,0,0.0,0.0,0.0,Kritis (<25%),13.9,-0.3,0.79
STD-2048,Dropout,1,43.5,Sedang,Oral Hygiene,2nd phase - general,Reguler (Siang),Perempuan,<=20,20,Single,Tidak,Lunas,Tidak,Ya,Tidak,Domestik,121.5,125.0,7,4,13.5,7,4,11.225,57.1,12.36,Sedang (50-75%),11.1,0.6,2.02
STD-2049,Graduate,0,19.2,Rendah,Nursing,2nd phase - general,Reguler (Siang),Perempuan,<=20,18,Single,Tidak,Lunas,Tidak,Ya,Tidak,Domestik,134.5,138.0,7,7,13.457142857142856,8,8,15.125,100.0,14.29,Baik (>75%),13.9,-0.3,0.79
STD-2050,Graduate,0,3.1,Rendah,Nursing,1st phase - general,Reguler (Siang),Perempuan,<=20,19,Single,Tidak,Lunas,Tidak,Ya,Tidak,Domestik,127.0,140.0,8,7,13.44285714285714,8,7,13.44285714285714,87.5,13.44,Baik (>75%),12.7,3.7,-1.7
STD-2051,Graduate,0,12.9,Rendah,Social Service,1st phase - general,Reguler (Siang),Perempuan,<=20,18,Single,Tidak,Lunas,Tidak,Tidak,Tidak,Domestik,114.2,124.0,6,4,11.0,6,5,10.833333333333334,75.0,10.92,Sedang (50-75%),15.5,2.8,-4.06
STD-2052,Graduate,0,3.2,Rendah,Social Service,2nd phase - general,Reguler (Siang),Perempuan,<=20,18,Single,Tidak,Lunas,Ya,Ya,Tidak,Domestik,125.3,133.0,6,6,11.333333333333334,6,6,12.285714285714286,100.0,11.81,Baik (>75%),15.5,2.8,-4.06
STD-2053,Dropout,1,90.6,Tinggi,Journalism & Comm,1st phase - general,Reguler (Siang),Perempuan,<=20,18,Single,Tidak,Lunas,Tidak,Ya,Tidak,Domestik,120.4,127.0,5,2,10.0,1,0,0.0,33.3,5.0,Rendah (25-50%),12.7,3.7,-1.7
STD-2054,Enrolled,0,6.4,Rendah,Nursing,1st phase - general,Reguler (Siang),Perempuan,<=20,19,Single,Tidak,Lunas,Tidak,Ya,Tidak,Domestik,123.0,138.0,7,5,13.44,7,6,13.066666666666668,78.6,13.25,Baik (>75%),12.4,0.5,1.79
STD-2055,Graduate,0,4.9,Rendah,Oral Hygiene,1st phase - general,Reguler (Siang),Perempuan,<=20,18,Single,Tidak,Lunas,Ya,Ya,Tidak,Domestik,130.5,142.0,7,7,12.214285714285714,8,8,14.0625,100.0,13.14,Baik (>75%),16.2,0.3,-0.92
STD-2056,Graduate,0,1.8,Rendah,Communication Design,1st phase - general,Reguler (Siang),Perempuan,<=20,19,Single,Tidak,Lunas,Ya,Ya,Tidak,Internasional,125.5,130.0,6,6,14.166666666666666,6,6,13.5,100.0,13.83,Baik (>75%),11.1,0.6,2.02
STD-2057,Graduate,0,4.2,Rendah,Agronomy,Short cycle holder,Reguler (Siang),Perempuan,24-27,24,Single,Ya,Lunas,Ya,Tidak,Tidak,Domestik,133.8,130.0,12,12,12.846153846153848,11,11,12.636363636363637,100.0,12.74,Baik (>75%),8.9,1.4,3.51
STD-2058,Enrolled,0,24.8,Rendah,Veterinary Nursing,Tech. specialization holder,Reguler (Siang),Perempuan,<=20,20,Single,Tidak,Lunas,Tidak,Tidak,Tidak,Domestik,150.0,150.0,6,6,13.0,6,2,12.0,66.7,12.5,Sedang (50-75%),12.4,0.5,1.79
STD-2059,Graduate,0,12.6,Rendah,Management,1st phase - general,Reguler (Siang),Perempuan,21-23,21,Single,Tidak,Lunas,Ya,Ya,Tidak,Domestik,130.5,127.0,5,5,12.8,5,4,11.25,90.0,12.02,Baik (>75%),9.4,-0.8,-3.12
STD-2060,Dropout,1,87.8,Tinggi,Veterinary Nursing,Tech. specialization holder,Reguler (Siang),Perempuan,<=20,20,Single,Ya,Menunggak,Tidak,Tidak,Tidak,Domestik,140.0,140.0,6,4,13.0,6,5,12.0,75.0,12.5,Sedang (50-75%),16.2,0.3,-0.92
STD-2061,Graduate,0,5.0,Rendah,Nursing,2nd phase - general,Reguler (Siang),Perempuan,<=20,19,Single,Tidak,Lunas,Ya,Ya,Tidak,Domestik,119.4,126.0,7,7,13.371428571428572,8,8,13.666666666666666,100.0,13.52,Baik (>75%),16.2,0.3,-0.92
STD-2062,Graduate,0,3.3,Rendah,Oral Hygiene,2nd phase - general,Reguler (Siang),Perempuan,<=20,19,Single,Tidak,Lunas,Ya,Ya,Tidak,Domestik,121.3,139.0,7,7,13.385714285714286,8,8,13.3875,100.0,13.39,Baik (>75%),10.8,1.4,1.74
STD-2063,Graduate,0,5.4,Rendah,Nursing,1st phase - general,Reguler (Siang),Perempuan,<=20,18,Single,Tidak,Lunas,Tidak,Ya,Tidak,Domestik,126.3,141.0,8,7,13.328571428571427,8,7,13.328571428571427,87.5,13.33,Baik (>75%),12.7,3.7,-1.7
STD-2064,Graduate,0,21.7,Rendah,Veterinary Nursing,1st phase - general,Reguler (Siang),Perempuan,<=20,19,Single,Tidak,Lunas,Tidak,Ya,Tidak,Domestik,111.6,120.0,6,5,14.0,6,5,11.0,83.3,12.5,Baik (>75%),16.2,0.3,-0.92
STD-2065,Graduate,0,3.9,Rendah,Management,2nd phase - general,Reguler (Siang),Perempuan,21-23,21,Single,Tidak,Lunas,Tidak,Ya,Tidak,Domestik,111.3,120.0,5,5,12.6,5,5,13.2,100.0,12.9,Baik (>75%),8.9,1.4,3.51
STD-2066,Graduate,0,2.8,Rendah,Basic Education,1st phase - general,Reguler (Siang),Perempuan,<=20,19,Single,Tidak,Lunas,Ya,Ya,Tidak,Domestik,122.5,134.0,6,6,14.0,6,6,15.0,100.0,14.5,Baik (>75%),15.5,2.8,-4.06
STD-2067,Graduate,0,1.2,Rendah,Tourism,1st phase - general,Reguler (Siang),Perempuan,<=20,18,Single,Tidak,Lunas,Ya,Ya,Tidak,Domestik,116.5,128.0,6,6,13.428571428571429,6,6,12.666666666666666,100.0,13.05,Baik (>75%),8.9,1.4,3.51
STD-2068,Graduate,0,4.6,Rendah,Communication Design,2nd phase - general,Reguler (Siang),Perempuan,<=20,17,Single,Tidak,Lunas,Ya,Ya,Ya,Domestik,132.0,133.0,6,6,13.0,6,6,12.5,100.0,12.75,Baik (>75%),15.5,2.8,-4.06
STD-2069,Enrolled,0,8.4,Rendah,Basic Education,3rd phase - general,Reguler (Siang),Perempuan,<=20,19,Single,Tidak,Lunas,Tidak,Ya,Tidak,Domestik,123.7,123.0,6,5,12.666666666666666,6,5,11.0,83.3,11.83,Baik (>75%),15.5,2.8,-4.06
STD-2070,Dropout,1,95.0,Tinggi,Management,2nd phase - general,Reguler (Siang),Laki-laki,21-23,23,Single,Tidak,Menunggak,Tidak,Ya,Tidak,Domestik,117.0,118.0,5,3,10.0,5,3,12.333333333333334,60.0,11.17,Sedang (50-75%),9.4,-0.8,-3.12
STD-2071,Graduate,0,3.2,Rendah,Advertising & Marketing,1st phase - general,Reguler (Siang),Perempuan,<=20,19,Single,Tidak,Lunas,Tidak,Ya,Tidak,Domestik,116.5,113.0,6,6,12.833333333333334,6,6,11.77777777777778,100.0,12.31,Baik (>75%),8.9,1.4,3.51
STD-2072,Graduate,0,2.4,Rendah,Nursing,1st phase - general,Reguler (Siang),Perempuan,<=20,18,Single,Tidak,Lunas,Tidak,Ya,Tidak,Domestik,121.5,135.0,7,6,12.916666666666666,7,6,12.916666666666666,85.7,12.92,Baik (>75%),7.6,2.6,0.32
STD-2073,Graduate,0,4.9,Rendah,Advertising & Marketing,1st phase - general,Reguler (Siang),Perempuan,<=20,20,Single,Tidak,Lunas,Tidak,Ya,Tidak,Domestik,105.0,133.1,6,6,13.285714285714286,6,5,13.8,91.7,13.54,Baik (>75%),15.5,2.8,-4.06
STD-2074,Graduate,0,5.5,Rendah,Veterinary Nursing,1st phase - general,Reguler (Siang),Perempuan,<=20,19,Single,Tidak,Lunas,Ya,Ya,Tidak,Domestik,121.3,130.0,5,5,14.6,5,5,13.8,100.0,14.2,Baik (>75%),10.8,1.4,1.74
STD-2075,Graduate,0,6.8,Rendah,Social Service,1st phase - general,Reguler (Siang),Perempuan,<=20,18,Single,Tidak,Lunas,Ya,Ya,Tidak,Domestik,136.1,135.0,6,6,14.0,6,6,13.666666666666666,100.0,13.83,Baik (>75%),12.4,0.5,1.79
STD-2076,Graduate,0,3.7,Rendah,Social Service,2nd phase - general,Reguler (Siang),Perempuan,<=20,19,Single,Tidak,Lunas,Ya,Tidak,Tidak,Domestik,123.6,133.0,6,6,14.142857142857142,6,6,15.0,100.0,14.57,Baik (>75%),13.9,-0.3,0.79
STD-2077,Graduate,0,5.4,Rendah,Social Service,1st phase - general,Reguler (Siang),Perempuan,<=20,19,Single,Tidak,Lunas,Tidak,Ya,Tidak,Domestik,129.0,123.0,6,6,11.666666666666666,6,6,12.333333333333334,100.0,12.0,Baik (>75%),10.8,1.4,1.74
STD-2078,Graduate,0,6.0,Rendah,Nursing,2nd phase - general,Reguler (Siang),Perempuan,<=20,18,Single,Tidak,Lunas,Tidak,Ya,Tidak,Domestik,136.8,145.0,8,8,14.3775,8,8,14.3775,100.0,14.38,Baik (>75%),9.4,-0.8,-3.12
STD-2079,Graduate,0,4.2,Rendah,Nursing,2nd phase - general,Reguler (Siang),Perempuan,<=20,18,Single,Tidak,Lunas,Tidak,Ya,Tidak,Domestik,133.4,146.0,7,7,12.5,8,7,13.042857142857144,93.3,12.77,Baik (>75%),13.9,-0.3,0.79
STD-2080,Graduate,0,1.5,Rendah,Nursing,1st phase - general,Reguler (Siang),Perempuan,<=20,19,Single,Tidak,Lunas,Ya,Ya,Tidak,Domestik,136.0,144.0,7,6,14.15,7,6,14.15,85.7,14.15,Baik (>75%),7.6,2.6,0.32
STD-2081,Graduate,0,1.2,Rendah,Nursing,1st phase - general,Reguler (Siang),Perempuan,<=20,19,Single,Tidak,Lunas,Ya,Tidak,Tidak,Domestik,125.8,144.0,8,7,12.471428571428572,8,7,12.471428571428572,87.5,12.47,Baik (>75%),12.7,3.7,-1.7
STD-2082,Graduate,0,1.2,Rendah,Nursing,1st phase - general,Reguler (Siang),Perempuan,<=20,19,Single,Tidak,Lunas,Tidak,Tidak,Tidak,Domestik,120.5,131.0,7,6,14.15,7,6,14.15,85.7,14.15,Baik (>75%),7.6,2.6,0.32
STD-2083,Graduate,0,3.2,Rendah,Nursing,1st phase - general,Reguler (Siang),Perempuan,21-23,21,Single,Tidak,Lunas,Tidak,Ya,Tidak,Domestik,130.2,141.0,7,7,14.072222222222225,8,8,14.0475,100.0,14.06,Baik (>75%),15.5,2.8,-4.06
STD-2084,Graduate,0,7.9,Rendah,Journalism & Comm,1st phase - general,Reguler (Siang),Perempuan,<=20,18,Single,Tidak,Lunas,Tidak,Ya,Tidak,Domestik,135.9,138.0,6,6,14.857142857142858,6,6,14.666666666666666,100.0,14.76,Baik (>75%),13.9,-0.3,0.79
STD-2085,Graduate,0,2.9,Rendah,Journalism & Comm,1st phase - general,Reguler (Siang),Perempuan,<=20,19,Single,Tidak,Lunas,Ya,Tidak,Tidak,Domestik,116.5,127.0,6,6,14.285714285714286,6,6,13.166666666666666,100.0,13.73,Baik (>75%),11.1,0.6,2.02
STD-2086,Dropout,1,95.8,Tinggi,Journalism & Comm,1st phase - general,Reguler (Siang),Perempuan,<=20,18,Single,Tidak,Menunggak,Tidak,Tidak,Tidak,Domestik,124.0,124.0,4,0,0.0,4,0,0.0,0.0,0.0,Kritis (<25%),12.7,3.7,-1.7
STD-2087,Dropout,1,94.7,Tinggi,Social Service (eve),Holder of other higher course,Kelas Malam,Perempuan,28-35,30,Single,Tidak,Lunas,Tidak,Tidak,Tidak,Domestik,140.0,140.0,6,0,0.0,6,0,0.0,0.0,0.0,Kritis (<25%),10.8,1.4,1.74
STD-2088,Dropout,1,6.8,Rendah,Equinculture,2nd phase - general,Reguler (Siang),Perempuan,<=20,18,Single,Tidak,Lunas,Tidak,Ya,Tidak,Domestik,150.9,157.0,6,6,15.0,6,5,15.166666666666666,91.7,15.08,Baik (>75%),13.9,-0.3,0.79
STD-2089,Graduate,0,2.9,Rendah,Nursing,1st phase - general,Reguler (Siang),Perempuan,<=20,20,Single,Tidak,Lunas,Ya,Ya,Tidak,Domestik,127.3,129.0,7,6,12.633333333333333,7,6,12.633333333333333,85.7,12.63,Baik (>75%),7.6,2.6,0.32
STD-2090,Dropout,1,87.9,Tinggi,Advertising & Marketing,Over 23 years old,Reguler (Siang),Perempuan,24-27,25,Single,Ya,Menunggak,Tidak,Tidak,Tidak,Domestik,100.0,133.1,5,5,11.2,5,5,12.6,100.0,11.9,Baik (>75%),9.4,-0.8,-3.12
STD-2091,Graduate,0,2.0,Rendah,Nursing,1st phase - general,Reguler (Siang),Perempuan,<=20,18,Single,Tidak,Lunas,Tidak,Ya,Tidak,Domestik,128.8,142.0,7,6,14.233333333333334,7,6,14.233333333333334,85.7,14.23,Baik (>75%),7.6,2.6,0.32
STD-2092,Enrolled,0,16.0,Rendah,Veterinary Nursing,1st phase - general,Reguler (Siang),Perempuan,21-23,21,Facto Union,Tidak,Lunas,Tidak,Ya,Tidak,Domestik,119.7,133.0,5,5,12.2,5,3,11.333333333333334,80.0,11.77,Baik (>75%),9.4,-0.8,-3.12
STD-2093,Graduate,0,2.9,Rendah,Nursing,1st phase - general,Reguler (Siang),Perempuan,<=20,18,Single,Tidak,Lunas,Tidak,Tidak,Tidak,Domestik,140.8,156.0,8,7,15.7,8,7,15.7,87.5,15.7,Baik (>75%),12.7,3.7,-1.7
STD-2094,Graduate,0,2.9,Rendah,Nursing,1st phase - general,Reguler (Siang),Perempuan,<=20,18,Single,Tidak,Lunas,Tidak,Ya,Tidak,Domestik,138.0,151.0,7,6,15.2,7,6,15.2,85.7,15.2,Baik (>75%),7.6,2.6,0.32
STD-2095,Dropout,1,68.7,Tinggi,Basic Education,2nd phase - general,Reguler (Siang),Perempuan,28-35,29,Single,Tidak,Menunggak,Tidak,Ya,Tidak,Domestik,132.9,135.0,6,6,16.333333333333332,6,5,15.6,91.7,15.97,Baik (>75%),12.7,3.7,-1.7
STD-2096,Graduate,0,8.9,Rendah,Equinculture,Change of course,Reguler (Siang),Perempuan,<=20,20,Single,Tidak,Lunas,Tidak,Tidak,Tidak,Domestik,140.0,140.0,17,14,12.5625,12,12,12.857142857142858,89.7,12.71,Baik (>75%),15.5,2.8,-4.06
STD-2097,Dropout,1,95.7,Tinggi,Nursing,Holder of other higher course,Reguler (Siang),Perempuan,24-27,26,Single,Tidak,Lunas,Tidak,Tidak,Tidak,Domestik,140.0,140.0,7,0,0.0,8,0,0.0,0.0,0.0,Kritis (<25%),13.9,-0.3,0.79
STD-2098,Graduate,0,1.5,Rendah,Social Service,1st phase - general,Reguler (Siang),Perempuan,21-23,21,Single,Tidak,Lunas,Tidak,Ya,Tidak,Domestik,99.3,100.0,6,5,12.4,6,6,12.0,91.7,12.2,Baik (>75%),12.4,0.5,1.79
STD-2099,Graduate,0,7.7,Rendah,Nursing,3rd phase - general,Reguler (Siang),Perempuan,<=20,19,Single,Tidak,Lunas,Ya,Tidak,Tidak,Domestik,119.3,126.0,8,8,13.78125,8,8,13.78125,100.0,13.78,Baik (>75%),9.4,-0.8,-3.12
STD-2100,Dropout,1,32.8,Sedang,Tourism,2nd phase - general,Reguler (Siang),Perempuan,<=20,19,Single,Ya,Lunas,Tidak,Ya,Tidak,Domestik,113.2,123.0,6,6,12.166666666666666,6,5,11.666666666666666,91.7,11.92,Baik (>75%),16.2,0.3,-0.92
STD-2101,Enrolled,0,6.7,Rendah,Journalism & Comm,2nd phase - general,Reguler (Siang),Perempuan,21-23,21,Single,Tidak,Lunas,Tidak,Tidak,Tidak,Domestik,117.0,133.1,6,5,11.8,6,5,11.833333333333334,83.3,11.82,Baik (>75%),15.5,2.8,-4.06
STD-2102,Graduate,0,53.1,Sedang,Social Service (eve),3rd phase - general,Kelas Malam,Perempuan,<=20,20,Single,Ya,Lunas,Tidak,Tidak,Tidak,Domestik,123.0,137.0,6,4,10.8,6,4,12.0,66.7,11.4,Sedang (50-75%),16.2,0.3,-0.92
STD-2103,Graduate,0,6.5,Rendah,Nursing,1st phase - general,Reguler (Siang),Perempuan,<=20,18,Single,Tidak,Lunas,Ya,Ya,Tidak,Domestik,127.2,138.0,7,7,13.26,8,8,14.28625,100.0,13.77,Baik (>75%),15.5,2.8,-4.06
STD-2104,Dropout,1,94.1,Tinggi,Journalism & Comm,1st phase - general,Reguler (Siang),Perempuan,<=20,20,Single,Tidak,Menunggak,Tidak,Ya,Tidak,Domestik,141.0,128.0,6,4,12.0,6,3,10.666666666666666,58.3,11.33,Sedang (50-75%),7.6,2.6,0.32
STD-2105,Graduate,0,1.8,Rendah,Social Service,1st phase - general,Reguler (Siang),Perempuan,<=20,20,Single,Tidak,Lunas,Ya,Tidak,Ya,Domestik,121.7,136.0,6,6,11.875,6,6,14.428571428571429,100.0,13.15,Baik (>75%),16.2,0.3,-0.92
STD-2106,Enrolled,0,28.9,Rendah,Nursing,Change of course,Reguler (Siang),Perempuan,<=20,18,Single,Tidak,Lunas,Ya,Tidak,Tidak,Domestik,121.1,127.0,7,5,12.16,7,2,13.4,50.0,12.78,Rendah (25-50%),16.2,0.3,-0.92
STD-2107,Enrolled,0,11.3,Rendah,Communication Design,1st phase - Madeira,Reguler (Siang),Perempuan,<=20,18,Single,Tidak,Lunas,Tidak,Ya,Tidak,Domestik,146.1,145.0,6,1,15.0,6,4,12.5,41.7,13.75,Rendah (25-50%),9.4,-0.8,-3.12
STD-2108,Graduate,0,6.1,Rendah,Journalism & Comm,1st phase - general,Reguler (Siang),Perempuan,<=20,18,Single,Tidak,Lunas,Tidak,Ya,Tidak,Domestik,142.5,140.0,6,6,13.333333333333334,6,5,13.2,91.7,13.27,Baik (>75%),9.4,-0.8,-3.12
STD-2109,Enrolled,0,7.5,Rendah,Veterinary Nursing,2nd phase - general,Reguler (Siang),Perempuan,<=20,18,Single,Tidak,Lunas,Tidak,Ya,Tidak,Domestik,126.8,138.0,5,2,11.5,5,3,11.8,50.0,11.65,Rendah (25-50%),10.8,1.4,1.74
STD-2110,Graduate,0,3.9,Rendah,Veterinary Nursing,Tech. specialization holder,Reguler (Siang),Perempuan,21-23,22,Single,Tidak,Lunas,Tidak,Ya,Tidak,Domestik,150.0,150.0,6,6,14.428571428571429,6,5,13.0,91.7,13.71,Baik (>75%),13.9,-0.3,0.79
STD-2111,Enrolled,0,6.1,Rendah,Veterinary Nursing,Tech. specialization holder,Reguler (Siang),Perempuan,<=20,19,Single,Tidak,Lunas,Tidak,Ya,Tidak,Domestik,150.0,150.0,5,1,13.0,5,3,15.333333333333334,40.0,14.17,Rendah (25-50%),12.7,3.7,-1.7
STD-2112,Graduate,0,2.3,Rendah,Agronomy,2nd phase - general,Reguler (Siang),Perempuan,<=20,19,Single,Tidak,Lunas,Ya,Ya,Tidak,Domestik,134.5,131.0,6,6,15.0,6,6,14.333333333333334,100.0,14.67,Baik (>75%),12.4,0.5,1.79
STD-2113,Graduate,0,1.8,Rendah,Oral Hygiene,1st phase - general,Reguler (Siang),Perempuan,<=20,18,Single,Tidak,Lunas,Tidak,Ya,Tidak,Domestik,129.5,136.0,7,7,15.155555555555557,8,8,16.8,100.0,15.98,Baik (>75%),12.7,3.7,-1.7
STD-2114,Graduate,0,1.0,Rendah,Social Service,1st phase - general,Reguler (Siang),Perempuan,<=20,20,Single,Ya,Lunas,Tidak,Ya,Tidak,Domestik,113.2,117.0,6,6,10.666666666666666,6,6,11.857142857142858,100.0,11.26,Baik (>75%),11.1,0.6,2.02
STD-2115,Dropout,1,56.8,Sedang,Basic Education,2nd phase - general,Reguler (Siang),Perempuan,<=20,18,Single,Tidak,Lunas,Tidak,Ya,Tidak,Domestik,140.2,158.0,6,5,11.0,6,4,11.25,75.0,11.12,Sedang (50-75%),10.8,1.4,1.74
STD-2116,Dropout,1,97.3,Tinggi,Advertising & Marketing,2nd phase - general,Reguler (Siang),Perempuan,21-23,21,Single,Tidak,Lunas,Tidak,Ya,Tidak,Domestik,119.2,129.0,6,0,0.0,6,0,0.0,0.0,0.0,Kritis (<25%),8.9,1.4,3.51
STD-2117,Graduate,0,2.7,Rendah,Social Service,1st phase - general,Reguler (Siang),Perempuan,<=20,19,Single,Tidak,Lunas,Tidak,Tidak,Tidak,Domestik,140.7,140.0,6,6,12.285714285714286,6,6,12.0,100.0,12.14,Baik (>75%),12.4,0.5,1.79
STD-2118,Dropout,1,3.9,Rendah,Nursing,1st phase - general,Reguler (Siang),Perempuan,<=20,18,Single,Tidak,Lunas,Tidak,Ya,Tidak,Domestik,142.3,141.0,8,8,12.82875,8,8,12.82875,100.0,12.83,Baik (>75%),9.4,-0.8,-3.12
STD-2119,Graduate,0,7.4,Rendah,Journalism & Comm,1st phase - general,Reguler (Siang),Perempuan,<=20,18,Single,Tidak,Lunas,Tidak,Ya,Tidak,Internasional,129.9,132.0,6,6,12.666666666666666,6,5,14.4,91.7,13.53,Baik (>75%),7.6,2.6,0.32
STD-2120,Enrolled,0,51.9,Sedang,Animation & Multimedia,2nd phase - general,Reguler (Siang),Perempuan,<=20,18,Single,Tidak,Lunas,Tidak,Ya,Tidak,Domestik,134.8,133.0,0,0,0.0,0,0,0.0,0.0,0.0,Kritis (<25%),12.4,0.5,1.79
STD-2121,Dropout,1,95.8,Tinggi,Veterinary Nursing,2nd phase - general,Reguler (Siang),Perempuan,21-23,21,Single,Ya,Menunggak,Ya,Ya,Tidak,Domestik,104.1,109.0,6,2,13.0,6,0,0.0,16.7,6.5,Kritis (<25%),15.5,2.8,-4.06
STD-2122,Graduate,0,8.8,Rendah,Management,1st phase - general,Reguler (Siang),Perempuan,<=20,19,Single,Ya,Lunas,Tidak,Tidak,Tidak,Domestik,122.4,135.0,5,5,10.875,5,4,12.4,90.0,11.64,Baik (>75%),13.9,-0.3,0.79
STD-2123,Graduate,0,3.3,Rendah,Management,1st phase - general,Reguler (Siang),Perempuan,<=20,19,Single,Tidak,Lunas,Ya,Ya,Tidak,Domestik,120.6,122.0,5,5,12.8,5,5,11.6,100.0,12.2,Baik (>75%),9.4,-0.8,-3.12
STD-2124,Dropout,1,87.5,Tinggi,Social Service,2nd phase - general,Reguler (Siang),Perempuan,<=20,19,Single,Tidak,Lunas,Tidak,Ya,Tidak,Domestik,112.4,118.0,6,5,11.285714285714286,6,0,0.0,41.7,5.64,Rendah (25-50%),16.2,0.3,-0.92
STD-2125,Graduate,0,36.2,Sedang,Animation & Multimedia,1st phase - general,Reguler (Siang),Perempuan,<=20,18,Single,Tidak,Lunas,Tidak,Tidak,Tidak,Domestik,157.9,174.0,0,0,0.0,0,0,0.0,0.0,0.0,Kritis (<25%),13.9,-0.3,0.79
STD-2126,Dropout,1,60.6,Tinggi,Tourism,Change of course,Reguler (Siang),Perempuan,<=20,19,Single,Tidak,Lunas,Ya,Tidak,Tidak,Domestik,125.9,142.0,6,0,0.0,6,1,10.0,8.3,5.0,Kritis (<25%),10.8,1.4,1.74
STD-2127,Dropout,1,2.4,Rendah,Nursing,2nd phase - general,Reguler (Siang),Perempuan,<=20,20,Single,Tidak,Lunas,Ya,Ya,Tidak,Domestik,118.4,131.0,7,6,13.766666666666666,8,8,13.744444444444444,93.3,13.76,Baik (>75%),16.2,0.3,-0.92
STD-2128,Dropout,1,40.9,Sedang,Nursing,1st phase - general,Reguler (Siang),Perempuan,<=20,18,Single,Tidak,Menunggak,Tidak,Ya,Tidak,Domestik,130.8,139.0,8,6,12.758333333333333,8,6,12.758333333333333,75.0,12.76,Sedang (50-75%),9.4,-0.8,-3.12
STD-2129,Dropout,1,12.4,Rendah,Animation & Multimedia,1st phase - general,Reguler (Siang),Perempuan,<=20,19,Single,Tidak,Lunas,Ya,Ya,Tidak,Domestik,176.7,170.0,0,0,0.0,0,0,0.0,0.0,0.0,Kritis (<25%),11.1,0.6,2.02
STD-2130,Graduate,0,2.7,Rendah,Communication Design,1st phase - general,Reguler (Siang),Perempuan,<=20,18,Single,Tidak,Lunas,Tidak,Ya,Tidak,Domestik,156.8,182.0,6,6,12.666666666666666,6,6,13.25,100.0,12.96,Baik (>75%),10.8,1.4,1.74
STD-2131,Enrolled,0,9.8,Rendah,Veterinary Nursing,1st phase - general,Reguler (Siang),Perempuan,<=20,18,Single,Tidak,Lunas,Tidak,Tidak,Tidak,Domestik,126.8,125.0,6,6,12.0,6,4,12.75,83.3,12.38,Baik (>75%),11.1,0.6,2.02
STD-2132,Graduate,0,1.8,Rendah,Social Service,1st phase - general,Reguler (Siang),Perempuan,<=20,19,Single,Tidak,Lunas,Ya,Tidak,Tidak,Domestik,128.0,142.0,6,6,12.25,6,6,12.0,100.0,12.12,Baik (>75%),16.2,0.3,-0.92
STD-2133,Graduate,0,1.9,Rendah,Management,1st phase - general,Reguler (Siang),Perempuan,<=20,20,Single,Tidak,Lunas,Tidak,Ya,Tidak,Domestik,113.8,119.0,5,3,11.333333333333334,5,5,12.2,80.0,11.77,Baik (>75%),7.6,2.6,0.32
STD-2134,Graduate,0,12.6,Rendah,Nursing,2nd phase - general,Reguler (Siang),Perempuan,<=20,19,Single,Tidak,Lunas,Ya,Ya,Tidak,Domestik,120.8,128.0,7,7,13.507142857142856,8,8,13.05,100.0,13.28,Baik (>75%),16.2,0.3,-0.92
STD-2135,Graduate,0,2.4,Rendah,Nursing,1st phase - general,Reguler (Siang),Perempuan,<=20,18,Single,Tidak,Lunas,Tidak,Ya,Tidak,Domestik,130.8,150.0,8,7,13.614285714285714,8,7,13.614285714285714,87.5,13.61,Baik (>75%),12.7,3.7,-1.7
STD-2136,Dropout,1,93.3,Tinggi,Tourism,Over 23 years old,Reguler (Siang),Perempuan,24-27,25,Single,Ya,Lunas,Tidak,Tidak,Tidak,Domestik,101.0,133.1,6,0,0.0,6,0,0.0,0.0,0.0,Kritis (<25%),15.5,2.8,-4.06
STD-2137,Graduate,0,87.3,Tinggi,Communication Design,2nd phase - general,Reguler (Siang),Perempuan,<=20,18,Single,Tidak,Menunggak,Tidak,Ya,Tidak,Domestik,126.1,131.0,6,4,11.5,6,6,12.166666666666666,83.3,11.83,Baik (>75%),7.6,2.6,0.32
STD-2138,Graduate,0,3.9,Rendah,Journalism & Comm,1st phase - general,Reguler (Siang),Perempuan,<=20,19,Single,Tidak,Lunas,Tidak,Ya,Tidak,Domestik,113.8,118.0,6,6,12.333333333333334,6,6,12.5,100.0,12.42,Baik (>75%),8.9,1.4,3.51
STD-2139,Graduate,0,5.2,Rendah,Oral Hygiene,2nd phase - general,Reguler (Siang),Perempuan,<=20,19,Single,Tidak,Lunas,Ya,Ya,Tidak,Domestik,118.3,122.0,7,7,11.971428571428572,8,8,14.4375,100.0,13.2,Baik (>75%),15.5,2.8,-4.06
STD-2140,Dropout,1,82.6,Tinggi,Management,1st phase - general,Reguler (Siang),Perempuan,<=20,20,Single,Ya,Menunggak,Ya,Tidak,Tidak,Domestik,127.9,116.0,5,2,13.0,5,2,11.5,40.0,12.25,Rendah (25-50%),9.4,-0.8,-3.12
STD-2141,Enrolled,0,10.4,Rendah,Nursing,2nd phase - general,Reguler (Siang),Perempuan,<=20,18,Single,Tidak,Lunas,Tidak,Ya,Tidak,Domestik,131.1,137.0,7,7,12.385714285714286,8,7,12.728571428571428,93.3,12.56,Baik (>75%),13.9,-0.3,0.79
STD-2142,Graduate,0,13.4,Rendah,Veterinary Nursing,2nd phase - general,Reguler (Siang),Perempuan,<=20,20,Single,Tidak,Lunas,Tidak,Ya,Tidak,Domestik,117.9,128.0,5,2,13.5,5,5,11.285714285714286,70.0,12.39,Sedang (50-75%),10.8,1.4,1.74
STD-2143,Graduate,0,1.5,Rendah,Social Service,2nd phase - general,Reguler (Siang),Perempuan,21-23,21,Single,Tidak,Lunas,Tidak,Ya,Tidak,Domestik,115.7,123.0,6,6,12.166666666666666,6,6,13.285714285714286,100.0,12.73,Baik (>75%),11.1,0.6,2.02
STD-2144,Graduate,0,18.3,Rendah,Animation & Multimedia,1st phase - general,Reguler (Siang),Perempuan,<=20,19,Single,Tidak,Lunas,Tidak,Ya,Tidak,Domestik,141.0,133.1,0,0,0.0,0,0,0.0,0.0,0.0,Kritis (<25%),12.7,3.7,-1.7
STD-2145,Graduate,0,5.7,Rendah,Social Service (eve),Over 23 years old,Kelas Malam,Perempuan,>35,42,Married,Tidak,Lunas,Tidak,Tidak,Tidak,Domestik,120.0,110.0,6,6,11.666666666666666,6,6,13.666666666666666,100.0,12.67,Baik (>75%),10.8,1.4,1.74
STD-2146,Enrolled,0,38.1,Sedang,Equinculture,2nd phase - general,Reguler (Siang),Perempuan,<=20,18,Single,Ya,Menunggak,Tidak,Ya,Tidak,Domestik,131.8,143.0,6,5,12.4,6,5,14.166666666666666,83.3,13.28,Baik (>75%),8.9,1.4,3.51
STD-2147,Graduate,0,2.8,Rendah,Communication Design,1st phase - general,Reguler (Siang),Perempuan,<=20,19,Single,Tidak,Lunas,Ya,Tidak,Tidak,Domestik,131.1,150.0,6,5,13.4,6,6,12.833333333333334,91.7,13.12,Baik (>75%),15.5,2.8,-4.06
STD-2148,Graduate,0,8.5,Rendah,Tourism,1st phase - general,Reguler (Siang),Perempuan,<=20,18,Single,Tidak,Lunas,Tidak,Ya,Tidak,Domestik,117.8,129.0,6,6,12.0,6,4,12.5,83.3,12.25,Baik (>75%),8.9,1.4,3.51
STD-2149,Graduate,0,2.6,Rendah,Veterinary Nursing,Ordinance 854-B/99,Reguler (Siang),Perempuan,21-23,21,Single,Tidak,Lunas,Tidak,Ya,Tidak,Domestik,140.0,140.0,5,5,14.2,5,5,14.8,100.0,14.5,Baik (>75%),10.8,1.4,1.74
STD-2150,Graduate,0,1.5,Rendah,Social Service,1st phase - general,Reguler (Siang),Perempuan,<=20,20,Single,Tidak,Lunas,Ya,Tidak,Tidak,Domestik,108.0,133.1,6,6,12.125,6,6,14.428571428571429,100.0,13.28,Baik (>75%),16.2,0.3,-0.92
STD-2151,Graduate,0,8.8,Rendah,Basic Education,1st phase - general,Reguler (Siang),Perempuan,<=20,20,Single,Tidak,Lunas,Tidak,Ya,Tidak,Domestik,122.9,132.0,7,7,13.857142857142858,7,7,13.285714285714286,100.0,13.57,Baik (>75%),11.1,0.6,2.02
STD-2152,Enrolled,0,10.3,Rendah,Veterinary Nursing,Tech. specialization holder,Reguler (Siang),Perempuan,21-23,21,Single,Tidak,Lunas,Tidak,Ya,Tidak,Domestik,130.0,130.0,6,3,11.75,6,5,12.333333333333334,66.7,12.04,Sedang (50-75%),12.4,0.5,1.79
STD-2153,Graduate,0,4.8,Rendah,Nursing,1st phase - general,Reguler (Siang),Perempuan,<=20,19,Single,Tidak,Lunas,Tidak,Ya,Tidak,Domestik,126.0,137.0,7,7,14.283333333333337,8,8,13.125555555555556,100.0,13.7,Baik (>75%),15.5,2.8,-4.06
STD-2154,Graduate,0,4.4,Rendah,Social Service,Transfer,Reguler (Siang),Perempuan,21-23,21,Single,Tidak,Lunas,Tidak,Tidak,Tidak,Domestik,134.0,133.1,13,11,13.272727272727272,11,9,13.0,83.3,13.14,Baik (>75%),7.6,2.6,0.32
STD-2155,Graduate,0,1.5,Rendah,Communication Design,1st phase - general,Reguler (Siang),Perempuan,<=20,19,Single,Tidak,Lunas,Tidak,Ya,Ya,Domestik,134.3,143.0,6,6,14.666666666666666,6,6,15.142857142857142,100.0,14.9,Baik (>75%),8.9,1.4,3.51
STD-2156,Graduate,0,2.3,Rendah,Nursing,1st phase - general,Reguler (Siang),Perempuan,<=20,19,Single,Tidak,Lunas,Ya,Tidak,Tidak,Domestik,138.7,148.0,7,7,15.114999999999998,8,8,15.092,100.0,15.1,Baik (>75%),15.5,2.8,-4.06
STD-2157,Enrolled,0,15.3,Rendah,Animation & Multimedia,2nd phase - general,Reguler (Siang),Perempuan,<=20,18,Single,Tidak,Lunas,Tidak,Ya,Tidak,Domestik,143.3,137.0,0,0,0.0,0,0,0.0,0.0,0.0,Kritis (<25%),9.4,-0.8,-3.12
STD-2158,Graduate,0,2.8,Rendah,Veterinary Nursing,Tech. specialization holder,Reguler (Siang),Perempuan,21-23,22,Single,Tidak,Lunas,Tidak,Ya,Tidak,Domestik,160.0,160.0,6,6,15.0,6,6,13.142857142857142,100.0,14.07,Baik (>75%),16.2,0.3,-0.92
STD-2159,Graduate,0,7.5,Rendah,Basic Education,1st phase - general,Reguler (Siang),Perempuan,21-23,21,Single,Tidak,Lunas,Tidak,Tidak,Tidak,Domestik,111.0,112.0,6,5,13.2,6,5,14.333333333333334,83.3,13.77,Baik (>75%),9.4,-0.8,-3.12
STD-2160,Dropout,1,44.6,Sedang,Tourism,2nd phase - general,Reguler (Siang),Perempuan,<=20,18,Single,Tidak,Lunas,Ya,Ya,Tidak,Domestik,128.5,133.0,6,2,11.0,6,3,10.333333333333334,41.7,10.67,Rendah (25-50%),7.6,2.6,0.32
STD-2161,Graduate,0,1.8,Rendah,Nursing,1st phase - general,Reguler (Siang),Perempuan,<=20,20,Single,Tidak,Lunas,Ya,Tidak,Tidak,Domestik,133.0,142.0,8,7,14.565714285714288,8,7,14.565714285714288,87.5,14.57,Baik (>75%),10.8,1.4,1.74
STD-2162,Dropout,1,94.8,Tinggi,Advertising & Marketing,2nd phase - general,Reguler (Siang),Perempuan,<=20,18,Single,Ya,Menunggak,Tidak,Ya,Tidak,Domestik,114.6,123.0,5,3,12.0,5,4,10.75,70.0,11.38,Sedang (50-75%),7.6,2.6,0.32
STD-2163,Dropout,1,86.2,Tinggi,Social Service,2nd phase - general,Reguler (Siang),Perempuan,<=20,20,Single,Tidak,Lunas,Tidak,Tidak,Tidak,Domestik,104.1,103.0,6,0,0.0,5,0,0.0,0.0,0.0,Kritis (<25%),8.9,1.4,3.51
STD-2164,Graduate,0,21.2,Rendah,Nursing,2nd phase - general,Reguler (Siang),Perempuan,21-23,23,Single,Tidak,Lunas,Tidak,Ya,Tidak,Domestik,127.6,140.0,7,6,13.796666666666669,8,7,13.775,86.7,13.79,Baik (>75%),12.4,0.5,1.79
STD-2165,Graduate,0,7.8,Rendah,Journalism & Comm,1st phase - general,Reguler (Siang),Perempuan,<=20,18,Single,Tidak,Lunas,Tidak,Ya,Tidak,Domestik,151.0,159.0,6,6,14.833333333333334,6,6,15.333333333333334,100.0,15.08,Baik (>75%),12.7,3.7,-1.7
STD-2166,Graduate,0,2.7,Rendah,Social Service,Tech. specialization holder,Reguler (Siang),Perempuan,<=20,20,Single,Tidak,Lunas,Tidak,Ya,Tidak,Domestik,135.7,140.0,6,6,12.833333333333334,6,6,13.833333333333334,100.0,13.33,Baik (>75%),12.4,0.5,1.79
STD-2167,Graduate,0,2.8,Rendah,Nursing,2nd phase - general,Reguler (Siang),Perempuan,<=20,18,Single,Tidak,Lunas,Ya,Ya,Tidak,Domestik,137.8,148.0,8,7,14.962857142857144,8,7,14.962857142857144,87.5,14.96,Baik (>75%),10.8,1.4,1.74
STD-2168,Graduate,0,4.2,Rendah,Management,1st phase - general,Reguler (Siang),Perempuan,<=20,20,Single,Tidak,Lunas,Tidak,Ya,Tidak,Domestik,117.3,112.0,5,4,12.0,5,5,11.2,90.0,11.6,Baik (>75%),11.1,0.6,2.02
STD-2169,Graduate,0,5.3,Rendah,Nursing,3rd phase - general,Reguler (Siang),Perempuan,<=20,18,Single,Tidak,Lunas,Tidak,Ya,Tidak,Domestik,121.2,131.0,7,7,12.4,8,8,12.8,100.0,12.6,Baik (>75%),16.2,0.3,-0.92
STD-2170,Graduate,0,12.0,Rendah,Advertising & Marketing,2nd phase - general,Reguler (Siang),Perempuan,<=20,20,Single,Tidak,Lunas,Tidak,Ya,Tidak,Domestik,129.3,145.0,6,6,15.571428571428571,6,6,17.166666666666668,100.0,16.37,Baik (>75%),16.2,0.3,-0.92
STD-2171,Graduate,0,5.6,Rendah,Nursing,1st phase - general,Reguler (Siang),Perempuan,<=20,19,Single,Tidak,Lunas,Tidak,Ya,Tidak,Domestik,123.0,133.1,8,7,13.714285714285714,8,7,13.714285714285714,87.5,13.71,Baik (>75%),12.7,3.7,-1.7
STD-2172,Graduate,0,5.1,Rendah,Veterinary Nursing,Tech. specialization holder,Reguler (Siang),Perempuan,21-23,21,Single,Tidak,Lunas,Tidak,Tidak,Tidak,Domestik,140.0,140.0,6,6,13.142857142857142,6,6,12.166666666666666,100.0,12.65,Baik (>75%),13.9,-0.3,0.79
STD-2173,Graduate,0,55.3,Sedang,Communication Design,Holder of other higher course,Reguler (Siang),Perempuan,28-35,33,Married,Tidak,Lunas,Tidak,Tidak,Tidak,Domestik,140.0,140.0,6,6,15.0,6,3,11.0,75.0,13.0,Sedang (50-75%),11.1,0.6,2.02
STD-2174,Dropout,1,93.4,Tinggi,Veterinary Nursing,1st phase - general,Reguler (Siang),Perempuan,24-27,24,Single,Ya,Menunggak,Tidak,Tidak,Tidak,Domestik,144.6,150.0,5,1,13.0,5,0,0.0,10.0,6.5,Kritis (<25%),7.6,2.6,0.32
STD-2175,Graduate,0,2.3,Rendah,Social Service,Change of course,Reguler (Siang),Perempuan,<=20,20,Single,Tidak,Lunas,Ya,Tidak,Tidak,Domestik,118.3,120.0,11,11,12.0,11,11,12.75,100.0,12.38,Baik (>75%),13.9,-0.3,0.79
STD-2176,Graduate,0,16.7,Rendah,Animation & Multimedia,1st phase - general,Reguler (Siang),Perempuan,<=20,18,Single,Tidak,Lunas,Tidak,Ya,Tidak,Domestik,153.6,156.0,0,0,0.0,0,0,0.0,0.0,0.0,Kritis (<25%),9.4,-0.8,-3.12
STD-2177,Graduate,0,2.0,Rendah,Communication Design,1st phase - general,Reguler (Siang),Perempuan,<=20,18,Single,Tidak,Lunas,Tidak,Ya,Tidak,Domestik,158.3,167.0,6,6,15.166666666666666,6,6,14.166666666666666,100.0,14.67,Baik (>75%),15.5,2.8,-4.06
STD-2178,Dropout,1,90.6,Tinggi,Social Service (eve),Change of course,Kelas Malam,Perempuan,28-35,29,Single,Ya,Lunas,Tidak,Tidak,Tidak,Domestik,100.0,133.1,6,4,12.0,6,2,10.5,50.0,11.25,Rendah (25-50%),7.6,2.6,0.32
STD-2179,Graduate,0,4.4,Rendah,Nursing,2nd phase - general,Reguler (Siang),Perempuan,<=20,18,Single,Tidak,Lunas,Tidak,Tidak,Ya,Domestik,134.9,147.0,7,7,13.642857142857142,8,8,14.772727272727272,100.0,14.21,Baik (>75%),16.2,0.3,-0.92
STD-2180,Graduate,0,10.4,Rendah,Journalism & Comm,1st phase - general,Reguler (Siang),Perempuan,<=20,19,Single,Tidak,Lunas,Tidak,Ya,Tidak,Domestik,142.0,129.0,6,6,12.666666666666666,6,6,12.714285714285714,100.0,12.69,Baik (>75%),9.4,-0.8,-3.12
STD-2181,Dropout,1,58.2,Sedang,Animation & Multimedia,2nd phase - general,Reguler (Siang),Perempuan,<=20,19,Single,Tidak,Lunas,Tidak,Ya,Tidak,Domestik,127.3,136.0,0,0,0.0,0,0,0.0,0.0,0.0,Kritis (<25%),15.5,2.8,-4.06
STD-2182,Graduate,0,2.8,Rendah,Social Service,2nd phase - general,Reguler (Siang),Perempuan,<=20,18,Single,Tidak,Lunas,Ya,Tidak,Tidak,Domestik,116.5,128.0,6,5,10.8,6,6,10.5,91.7,10.65,Baik (>75%),12.4,0.5,1.79
STD-2183,Graduate,0,2.3,Rendah,Nursing,Change of course,Reguler (Siang),Perempuan,<=20,19,Single,Tidak,Lunas,Ya,Tidak,Tidak,Domestik,138.6,140.0,7,6,14.25,8,8,13.063636363636364,93.3,13.66,Baik (>75%),16.2,0.3,-0.92
STD-2184,Dropout,1,10.2,Rendah,Basic Education,Transfer,Reguler (Siang),Perempuan,<=20,20,Single,Tidak,Lunas,Tidak,Tidak,Tidak,Domestik,133.0,141.0,14,12,12.153846153846152,12,10,12.9,84.6,12.53,Baik (>75%),10.8,1.4,1.74
STD-2185,Enrolled,0,67.4,Tinggi,Social Service,2nd phase - general,Reguler (Siang),Perempuan,<=20,19,Single,Tidak,Lunas,Tidak,Ya,Tidak,Domestik,136.2,133.0,6,1,11.5,6,2,10.5,25.0,11.0,Kritis (<25%),7.6,2.6,0.32
STD-2186,Graduate,0,22.4,Rendah,Tourism,2nd phase - general,Reguler (Siang),Perempuan,<=20,19,Single,Tidak,Lunas,Ya,Ya,Tidak,Domestik,118.0,125.0,6,4,12.25,6,3,12.333333333333334,58.3,12.29,Sedang (50-75%),9.4,-0.8,-3.12
STD-2187,Enrolled,0,6.4,Rendah,Communication Design,1st phase - general,Reguler (Siang),Perempuan,<=20,18,Single,Tidak,Lunas,Ya,Tidak,Tidak,Domestik,126.8,124.0,6,6,12.0,6,5,11.142857142857142,91.7,11.57,Baik (>75%),13.9,-0.3,0.79
STD-2188,Graduate,0,4.3,Rendah,Nursing,1st phase - general,Reguler (Siang),Perempuan,<=20,18,Single,Tidak,Lunas,Ya,Ya,Tidak,Domestik,128.5,140.0,8,8,13.40375,8,8,13.40375,100.0,13.4,Baik (>75%),9.4,-0.8,-3.12
STD-2189,Graduate,0,15.7,Rendah,Tourism,2nd phase - general,Reguler (Siang),Perempuan,<=20,19,Single,Tidak,Lunas,Ya,Tidak,Tidak,Domestik,129.9,140.0,6,6,11.333333333333334,6,3,12.666666666666666,75.0,12.0,Sedang (50-75%),9.4,-0.8,-3.12
STD-2190,Dropout,1,13.7,Rendah,Journalism & Comm,2nd phase - general,Reguler (Siang),Laki-laki,<=20,20,Single,Ya,Lunas,Tidak,Tidak,Tidak,Domestik,125.8,137.0,6,5,12.2,6,6,12.333333333333334,91.7,12.27,Baik (>75%),12.7,3.7,-1.7
STD-2191,Enrolled,0,28.8,Rendah,Animation & Multimedia,2nd phase - general,Reguler (Siang),Laki-laki,<=20,18,Single,Tidak,Lunas,Ya,Ya,Tidak,Domestik,129.3,144.0,0,0,0.0,0,0,0.0,0.0,0.0,Kritis (<25%),7.6,2.6,0.32
STD-2192,Dropout,1,95.0,Tinggi,Nursing,1st phase - general,Reguler (Siang),Laki-laki,<=20,18,Single,Tidak,Lunas,Tidak,Ya,Tidak,Domestik,124.7,138.0,7,0,0.0,8,0,0.0,0.0,0.0,Kritis (<25%),16.2,0.3,-0.92
STD-2193,Dropout,1,78.1,Tinggi,Agronomy,Over 23 years old,Reguler (Siang),Laki-laki,28-35,35,Single,Ya,Menunggak,Tidak,Tidak,Tidak,Domestik,154.9,130.0,6,5,16.166666666666668,6,4,16.0,75.0,16.08,Sedang (50-75%),8.9,1.4,3.51
STD-2194,Enrolled,0,35.1,Sedang,Informatics Engineering,2nd phase - general,Reguler (Siang),Laki-laki,<=20,18,Single,Tidak,Lunas,Tidak,Tidak,Tidak,Domestik,127.3,142.0,5,3,11.0,5,3,11.0,60.0,11.0,Sedang (50-75%),16.2,0.3,-0.92
STD-2195,Graduate,0,32.1,Sedang,Animation & Multimedia,1st phase - general,Reguler (Siang),Laki-laki,<=20,19,Single,Tidak,Lunas,Ya,Ya,Tidak,Domestik,129.0,136.0,0,0,0.0,0,0,0.0,0.0,0.0,Kritis (<25%),13.9,-0.3,0.79
STD-2196,Enrolled,0,7.7,Rendah,Journalism & Comm,1st phase - general,Reguler (Siang),Laki-laki,<=20,19,Single,Tidak,Lunas,Ya,Ya,Tidak,Domestik,98.0,133.1,6,4,12.0,6,6,12.285714285714286,83.3,12.14,Baik (>75%),15.5,2.8,-4.06
STD-2197,Enrolled,0,23.4,Rendah,Management,2nd phase - general,Reguler (Siang),Laki-laki,<=20,20,Single,Tidak,Lunas,Tidak,Ya,Tidak,Domestik,122.0,130.0,5,2,10.5,5,4,12.25,60.0,11.38,Sedang (50-75%),10.8,1.4,1.74
STD-2198,Enrolled,0,46.8,Sedang,Communication Design,Change of course,Reguler (Siang),Laki-laki,<=20,19,Single,Tidak,Lunas,Tidak,Ya,Tidak,Domestik,112.5,117.0,6,3,11.666666666666666,6,4,10.333333333333334,58.3,11.0,Sedang (50-75%),13.9,-0.3,0.79
STD-2199,Dropout,1,18.8,Rendah,Management,1st phase - general,Reguler (Siang),Laki-laki,<=20,19,Single,Tidak,Lunas,Tidak,Ya,Tidak,Domestik,127.3,136.0,5,3,11.0,5,2,10.0,50.0,10.5,Rendah (25-50%),12.7,3.7,-1.7
STD-2200,Dropout,1,84.2,Tinggi,Oral Hygiene,Over 23 years old,Reguler (Siang),Laki-laki,24-27,24,Single,Tidak,Lunas,Tidak,Tidak,Tidak,Domestik,100.5,133.1,7,0,0.0,7,0,0.0,0.0,0.0,Kritis (<25%),11.1,0.6,2.02
STD-2201,Dropout,1,97.4,Tinggi,Social Service (eve),Over 23 years old,Kelas Malam,Laki-laki,28-35,29,Single,Ya,Menunggak,Tidak,Ya,Tidak,Domestik,122.0,140.0,6,4,12.5,6,0,0.0,33.3,6.25,Rendah (25-50%),12.4,0.5,1.79
STD-2202,Graduate,0,43.6,Sedang,Nursing,Over 23 years old,Reguler (Siang),Laki-laki,24-27,24,Single,Tidak,Lunas,Tidak,Tidak,Tidak,Domestik,140.0,150.0,7,7,11.294444444444444,8,2,12.6,60.0,11.95,Sedang (50-75%),15.5,2.8,-4.06
STD-2203,Graduate,0,27.4,Rendah,Tourism,2nd phase - general,Reguler (Siang),Laki-laki,<=20,19,Single,Tidak,Lunas,Tidak,Ya,Tidak,Domestik,116.1,121.0,6,5,11.2,6,4,12.5,75.0,11.85,Sedang (50-75%),15.5,2.8,-4.06
STD-2204,Dropout,1,79.2,Tinggi,Animation & Multimedia,Holder of other higher course,Reguler (Siang),Laki-laki,>35,37,Married,Tidak,Lunas,Tidak,Ya,Tidak,Domestik,130.0,120.0,0,0,0.0,0,0,0.0,0.0,0.0,Kritis (<25%),7.6,2.6,0.32
STD-2205,Graduate,0,4.0,Rendah,Communication Design,1st phase - Azores,Reguler (Siang),Laki-laki,<=20,18,Single,Tidak,Lunas,Tidak,Ya,Tidak,Domestik,146.2,143.0,6,5,13.2,6,5,11.8,83.3,12.5,Baik (>75%),16.2,0.3,-0.92
STD-2206,Enrolled,0,4.9,Rendah,Informatics Engineering,Tech. specialization holder,Reguler (Siang),Laki-laki,<=20,20,Single,Tidak,Lunas,Ya,Tidak,Tidak,Domestik,180.0,180.0,7,6,14.142857142857142,6,6,14.125,92.3,14.13,Baik (>75%),12.4,0.5,1.79
STD-2207,Dropout,1,96.5,Tinggi,Management,1st phase - general,Reguler (Siang),Laki-laki,<=20,18,Single,Tidak,Menunggak,Tidak,Ya,Tidak,Domestik,127.8,132.0,5,0,0.0,5,0,0.0,0.0,0.0,Kritis (<25%),11.1,0.6,2.02
STD-2208,Enrolled,0,36.4,Sedang,Management,Change of course,Reguler (Siang),Laki-laki,21-23,22,Single,Tidak,Lunas,Tidak,Tidak,Tidak,Domestik,130.8,130.0,5,0,0.0,5,3,13.333333333333334,30.0,6.67,Rendah (25-50%),16.2,0.3,-0.92
STD-2209,Enrolled,0,50.3,Sedang,Management,2nd phase - general,Reguler (Siang),Laki-laki,21-23,22,Single,Tidak,Lunas,Ya,Ya,Tidak,Domestik,109.0,133.1,5,3,12.333333333333334,5,3,10.571428571428571,60.0,11.45,Sedang (50-75%),10.8,1.4,1.74
STD-2210,Dropout,1,98.0,Tinggi,Journalism & Comm,1st phase - general,Reguler (Siang),Laki-laki,<=20,18,Single,Ya,Menunggak,Tidak,Ya,Tidak,Domestik,132.4,131.0,6,0,0.0,6,0,0.0,0.0,0.0,Kritis (<25%),11.1,0.6,2.02
STD-2211,Graduate,0,2.8,Rendah,Nursing,1st phase - general,Reguler (Siang),Laki-laki,<=20,18,Single,Tidak,Lunas,Tidak,Ya,Tidak,Domestik,129.3,149.0,8,7,13.1,8,7,13.1,87.5,13.1,Baik (>75%),12.7,3.7,-1.7
STD-2212,Graduate,0,2.2,Rendah,Communication Design,1st phase - general,Reguler (Siang),Laki-laki,<=20,19,Single,Tidak,Lunas,Tidak,Ya,Tidak,Domestik,125.4,124.0,6,6,13.5,6,6,13.166666666666666,100.0,13.33,Baik (>75%),9.4,-0.8,-3.12
STD-2213,Enrolled,0,12.7,Rendah,Informatics Engineering,1st phase - general,Reguler (Siang),Laki-laki,<=20,19,Single,Tidak,Lunas,Tidak,Tidak,Tidak,Domestik,130.2,126.0,5,5,10.2,5,3,12.0,80.0,11.1,Baik (>75%),10.8,1.4,1.74
STD-2214,Dropout,1,17.6,Rendah,Social Service,1st phase - general,Reguler (Siang),Laki-laki,<=20,19,Single,Tidak,Lunas,Tidak,Tidak,Tidak,Domestik,132.0,140.0,6,5,11.571428571428571,6,3,13.0,66.7,12.29,Sedang (50-75%),16.2,0.3,-0.92
STD-2215,Graduate,0,7.5,Rendah,Agronomy,Tech. specialization holder,Reguler (Siang),Laki-laki,21-23,21,Single,Ya,Lunas,Tidak,Ya,Tidak,Domestik,170.0,170.0,6,6,15.285714285714286,6,6,15.166666666666666,100.0,15.23,Baik (>75%),12.4,0.5,1.79
STD-2216,Enrolled,0,30.7,Sedang,Journalism & Comm,1st phase - general,Reguler (Siang),Laki-laki,<=20,19,Single,Tidak,Lunas,Tidak,Tidak,Tidak,Domestik,130.2,133.0,6,5,12.6,10,8,11.0,81.2,11.8,Baik (>75%),8.9,1.4,3.51
STD-2217,Graduate,0,20.1,Rendah,Oral Hygiene,3rd phase - general,Reguler (Siang),Laki-laki,<=20,18,Single,Tidak,Lunas,Tidak,Tidak,Tidak,Domestik,115.5,126.0,7,6,13.433333333333332,7,4,13.6,71.4,13.52,Sedang (50-75%),8.9,1.4,3.51
STD-2218,Dropout,1,13.7,Rendah,Management,1st phase - Madeira,Reguler (Siang),Laki-laki,<=20,19,Single,Tidak,Lunas,Tidak,Ya,Tidak,Domestik,127.6,129.0,5,5,11.6,5,3,11.0,80.0,11.3,Baik (>75%),10.8,1.4,1.74
STD-2219,Graduate,0,6.4,Rendah,Journalism & Comm,Holder of other higher course,Reguler (Siang),Laki-laki,24-27,25,Single,Tidak,Lunas,Tidak,Tidak,Tidak,Domestik,140.0,140.0,6,6,14.666666666666666,6,6,13.5,100.0,14.08,Baik (>75%),11.1,0.6,2.02
STD-2220,Graduate,0,4.5,Rendah,Communication Design,1st phase - general,Reguler (Siang),Laki-laki,21-23,22,Single,Tidak,Lunas,Tidak,Ya,Tidak,Domestik,120.2,130.0,6,6,14.666666666666666,6,6,14.666666666666666,100.0,14.67,Baik (>75%),12.7,3.7,-1.7
STD-2221,Graduate,0,4.4,Rendah,Nursing,Over 23 years old,Reguler (Siang),Laki-laki,24-27,24,Single,Tidak,Lunas,Tidak,Tidak,Tidak,Domestik,150.0,130.0,8,7,12.742857142857144,8,7,12.742857142857144,87.5,12.74,Baik (>75%),12.7,3.7,-1.7
STD-2222,Graduate,0,4.6,Rendah,Nursing,1st phase - general,Reguler (Siang),Laki-laki,<=20,19,Single,Tidak,Lunas,Tidak,Ya,Tidak,Domestik,100.0,99.0,7,7,11.975,8,7,13.12857142857143,93.3,12.55,Baik (>75%),13.9,-0.3,0.79
STD-2223,Enrolled,0,39.6,Sedang,Informatics Engineering,Change of course,Reguler (Siang),Laki-laki,<=20,18,Single,Tidak,Lunas,Tidak,Tidak,Tidak,Domestik,100.0,146.0,5,4,12.25,5,3,11.666666666666666,70.0,11.96,Sedang (50-75%),13.9,-0.3,0.79
STD-2224,Dropout,1,94.9,Tinggi,Animation & Multimedia,2nd phase - general,Reguler (Siang),Laki-laki,<=20,20,Single,Tidak,Menunggak,Tidak,Tidak,Tidak,Domestik,128.0,129.0,0,0,0.0,0,0,0.0,0.0,0.0,Kritis (<25%),9.4,-0.8,-3.12
STD-2225,Graduate,0,3.0,Rendah,Nursing,1st phase - general,Reguler (Siang),Laki-laki,<=20,19,Single,Tidak,Lunas,Ya,Ya,Tidak,Domestik,128.0,132.0,8,7,14.935714285714283,8,7,14.935714285714283,87.5,14.94,Baik (>75%),10.8,1.4,1.74
STD-2226,Dropout,1,45.8,Sedang,Tourism,Change of course,Reguler (Siang),Laki-laki,<=20,19,Single,Tidak,Lunas,Tidak,Ya,Tidak,Domestik,107.2,110.0,6,2,10.5,6,4,10.0,50.0,10.25,Rendah (25-50%),7.6,2.6,0.32
STD-2227,Graduate,0,4.4,Rendah,Advertising & Marketing,1st phase - general,Reguler (Siang),Laki-laki,<=20,19,Single,Tidak,Lunas,Tidak,Ya,Tidak,Domestik,110.1,116.0,6,5,13.333333333333334,6,5,13.0,83.3,13.17,Baik (>75%),12.4,0.5,1.79
STD-2228,Dropout,1,78.5,Tinggi,Agronomy,Change of course,Reguler (Siang),Laki-laki,21-23,23,Single,Ya,Lunas,Tidak,Tidak,Tidak,Domestik,119.0,119.0,6,0,0.0,6,0,0.0,0.0,0.0,Kritis (<25%),15.5,2.8,-4.06
STD-2229,Dropout,1,8.8,Rendah,Journalism & Comm,Over 23 years old,Reguler (Siang),Laki-laki,>35,47,Married,Tidak,Lunas,Tidak,Tidak,Tidak,Domestik,155.5,120.0,6,5,13.8,6,4,14.0,75.0,13.9,Sedang (50-75%),12.7,3.7,-1.7
STD-2230,Graduate,0,8.7,Rendah,Communication Design,1st phase - general,Reguler (Siang),Laki-laki,<=20,19,Single,Tidak,Lunas,Tidak,Tidak,Tidak,Domestik,118.4,117.0,6,6,11.833333333333334,6,4,10.75,83.3,11.29,Baik (>75%),16.2,0.3,-0.92
STD-2231,Graduate,0,28.2,Rendah,Animation & Multimedia,1st phase - general,Reguler (Siang),Laki-laki,<=20,19,Single,Tidak,Lunas,Tidak,Ya,Tidak,Domestik,141.2,137.0,0,0,0.0,0,0,0.0,0.0,0.0,Kritis (<25%),11.1,0.6,2.02
STD-2232,Dropout,1,35.3,Sedang,Animation & Multimedia,1st phase - general,Reguler (Siang),Laki-laki,<=20,18,Single,Tidak,Lunas,Tidak,Ya,Tidak,Domestik,119.1,124.0,0,0,0.0,0,0,0.0,0.0,0.0,Kritis (<25%),16.2,0.3,-0.92
STD-2233,Dropout,1,90.4,Tinggi,Management,Change of course,Reguler (Siang),Laki-laki,28-35,28,Single,Tidak,Lunas,Tidak,Tidak,Tidak,Domestik,111.0,151.0,5,2,10.0,5,0,0.0,20.0,5.0,Kritis (<25%),15.5,2.8,-4.06
STD-2234,Dropout,1,78.3,Tinggi,Tourism,Change of course,Reguler (Siang),Laki-laki,<=20,20,Single,Tidak,Lunas,Tidak,Ya,Tidak,Domestik,138.6,138.6,6,4,11.5,6,3,11.666666666666666,58.3,11.58,Sedang (50-75%),7.6,2.6,0.32
STD-2235,Enrolled,0,44.1,Sedang,Tourism,2nd phase - general,Reguler (Siang),Laki-laki,<=20,18,Single,Tidak,Lunas,Ya,Tidak,Tidak,Domestik,121.2,118.0,6,3,10.666666666666666,6,4,12.0,58.3,11.33,Sedang (50-75%),15.5,2.8,-4.06
STD-2236,Graduate,0,15.9,Rendah,Animation & Multimedia,1st phase - general,Reguler (Siang),Laki-laki,21-23,21,Single,Tidak,Lunas,Ya,Ya,Tidak,Domestik,150.4,136.0,0,0,0.0,0,0,0.0,0.0,0.0,Kritis (<25%),12.4,0.5,1.79
STD-2237,Enrolled,0,60.3,Tinggi,Tourism,1st phase - general,Reguler (Siang),Laki-laki,<=20,19,Single,Tidak,Lunas,Tidak,Tidak,Tidak,Domestik,117.8,123.0,6,4,12.75,6,2,13.0,50.0,12.88,Rendah (25-50%),10.8,1.4,1.74
STD-2238,Dropout,1,98.7,Tinggi,Tourism,Over 23 years old,Reguler (Siang),Laki-laki,24-27,24,Single,Ya,Menunggak,Tidak,Tidak,Tidak,Domestik,102.5,133.1,6,0,0.0,6,0,0.0,0.0,0.0,Kritis (<25%),16.2,0.3,-0.92
STD-2239,Enrolled,0,23.9,Rendah,Equinculture,Over 23 years old,Reguler (Siang),Laki-laki,24-27,24,Single,Tidak,Lunas,Tidak,Tidak,Tidak,Domestik,110.0,130.0,6,6,11.333333333333334,6,3,11.333333333333334,75.0,11.33,Sedang (50-75%),16.2,0.3,-0.92
STD-2240,Enrolled,0,98.2,Tinggi,Veterinary Nursing,Over 23 years old,Reguler (Siang),Laki-laki,24-27,25,Single,Ya,Menunggak,Tidak,Ya,Tidak,Domestik,138.3,133.1,6,0,0.0,6,0,0.0,0.0,0.0,Kritis (<25%),8.9,1.4,3.51
STD-2241,Graduate,0,9.4,Rendah,Tourism,Over 23 years old,Reguler (Siang),Laki-laki,28-35,28,Single,Tidak,Lunas,Tidak,Tidak,Tidak,Domestik,122.3,150.0,6,6,13.0,6,5,12.2,91.7,12.6,Baik (>75%),13.9,-0.3,0.79
STD-2242,Enrolled,0,51.7,Sedang,Management (evening),Over 23 years old,Kelas Malam,Laki-laki,>35,37,Married,Tidak,Lunas,Tidak,Tidak,Tidak,Domestik,127.8,130.0,5,4,10.75,5,3,11.333333333333334,70.0,11.04,Sedang (50-75%),7.6,2.6,0.32
STD-2243,Enrolled,0,35.3,Sedang,Informatics Engineering,Change of course,Reguler (Siang),Laki-laki,<=20,19,Single,Tidak,Lunas,Tidak,Tidak,Tidak,Domestik,100.0,128.0,5,5,12.0,5,2,10.5,70.0,11.25,Sedang (50-75%),13.9,-0.3,0.79
STD-2244,Graduate,0,4.1,Rendah,Nursing,2nd phase - general,Reguler (Siang),Laki-laki,<=20,18,Single,Tidak,Lunas,Ya,Ya,Tidak,Domestik,126.4,133.0,7,7,13.462857142857144,8,8,13.90625,100.0,13.68,Baik (>75%),11.1,0.6,2.02
STD-2245,Dropout,1,95.5,Tinggi,Tourism,Over 23 years old,Reguler (Siang),Laki-laki,>35,48,Single,Tidak,Lunas,Tidak,Tidak,Tidak,Domestik,100.0,133.1,6,3,10.0,6,1,10.0,33.3,10.0,Rendah (25-50%),7.6,2.6,0.32
STD-2246,Graduate,0,2.6,Rendah,Social Service,2nd phase - general,Reguler (Siang),Laki-laki,21-23,21,Single,Tidak,Lunas,Tidak,Ya,Tidak,Domestik,117.1,129.0,6,6,12.333333333333334,6,6,13.666666666666666,100.0,13.0,Baik (>75%),8.9,1.4,3.51
STD-2247,Enrolled,0,4.7,Rendah,Nursing,2nd phase - general,Reguler (Siang),Laki-laki,<=20,19,Single,Tidak,Lunas,Ya,Tidak,Tidak,Domestik,124.7,128.0,7,6,12.528571428571428,7,6,12.416666666666666,85.7,12.47,Baik (>75%),15.5,2.8,-4.06
STD-2248,Enrolled,0,52.2,Sedang,Nursing,Change of course,Reguler (Siang),Laki-laki,21-23,21,Single,Tidak,Lunas,Ya,Tidak,Tidak,Domestik,124.1,136.0,8,0,0.0,8,0,0.0,0.0,0.0,Kritis (<25%),9.4,-0.8,-3.12
STD-2249,Dropout,1,97.3,Tinggi,Informatics Engineering,Tech. specialization holder,Reguler (Siang),Laki-laki,21-23,23,Single,Ya,Menunggak,Tidak,Ya,Tidak,Domestik,129.4,130.0,5,0,0.0,5,0,0.0,0.0,0.0,Kritis (<25%),13.9,-0.3,0.79
STD-2250,Graduate,0,11.0,Rendah,Equinculture,1st phase - general,Reguler (Siang),Laki-laki,<=20,18,Single,Tidak,Lunas,Tidak,Ya,Tidak,Domestik,138.9,141.0,5,5,13.6,5,4,13.25,90.0,13.42,Baik (>75%),10.8,1.4,1.74
STD-2251,Dropout,1,25.1,Rendah,Social Service,Tech. specialization holder,Reguler (Siang),Laki-laki,21-23,22,Single,Tidak,Lunas,Tidak,Tidak,Tidak,Domestik,138.6,140.0,6,6,12.333333333333334,6,2,14.0,66.7,13.17,Sedang (50-75%),13.9,-0.3,0.79
STD-2252,Dropout,1,21.0,Rendah,Animation & Multimedia,1st phase - Madeira,Reguler (Siang),Laki-laki,24-27,25,Single,Tidak,Lunas,Tidak,Ya,Tidak,Domestik,133.9,122.0,13,10,11.454545454545457,11,7,12.25,70.8,11.85,Sedang (50-75%),12.4,0.5,1.79
STD-2253,Dropout,1,56.4,Sedang,Veterinary Nursing,Holder of other higher course,Reguler (Siang),Laki-laki,24-27,27,Single,Ya,Lunas,Tidak,Tidak,Tidak,Domestik,140.0,140.0,13,8,13.5,11,5,14.4,54.2,13.95,Sedang (50-75%),11.1,0.6,2.02
STD-2254,Dropout,1,96.6,Tinggi,Informatics Engineering,Over 23 years old,Reguler (Siang),Laki-laki,>35,49,Single,Tidak,Menunggak,Tidak,Tidak,Tidak,Domestik,95.1,133.1,5,0,0.0,5,0,0.0,0.0,0.0,Kritis (<25%),10.8,1.4,1.74
STD-2255,Dropout,1,98.4,Tinggi,Management (evening),Over 23 years old,Kelas Malam,Laki-laki,28-35,31,Single,Tidak,Menunggak,Tidak,Tidak,Tidak,Domestik,128.2,120.0,5,2,11.0,5,0,0.0,20.0,5.5,Kritis (<25%),12.7,3.7,-1.7
STD-2256,Dropout,1,3.3,Rendah,Tourism,Over 23 years old,Reguler (Siang),Laki-laki,>35,54,Single,Tidak,Lunas,Tidak,Tidak,Tidak,Domestik,121.5,133.1,6,6,13.714285714285714,6,5,14.333333333333334,91.7,14.02,Baik (>75%),16.2,0.3,-0.92
STD-2257,Dropout,1,55.2,Sedang,Biofuel Production Tech,Holder of other higher course,Reguler (Siang),Laki-laki,24-27,25,Single,Ya,Menunggak,Tidak,Ya,Tidak,Domestik,120.0,120.0,21,21,12.363636363636363,16,12,12.25,89.2,12.31,Baik (>75%),11.1,0.6,2.02
STD-2258,Enrolled,0,56.3,Sedang,Agronomy,Tech. specialization holder,Reguler (Siang),Laki-laki,<=20,20,Single,Tidak,Lunas,Tidak,Tidak,Tidak,Domestik,130.0,130.0,7,3,10.666666666666666,6,2,11.5,38.5,11.08,Rendah (25-50%),15.5,2.8,-4.06
STD-2259,Dropout,1,38.5,Sedang,Communication Design,Holder of other higher course,Reguler (Siang),Laki-laki,28-35,28,Single,Tidak,Lunas,Tidak,Tidak,Tidak,Domestik,120.0,120.0,6,2,12.0,6,3,12.666666666666666,41.7,12.33,Rendah (25-50%),12.7,3.7,-1.7
STD-2260,Graduate,0,3.0,Rendah,Social Service (eve),Over 23 years old,Kelas Malam,Laki-laki,>35,41,Married,Tidak,Lunas,Tidak,Tidak,Tidak,Domestik,107.0,133.1,7,7,12.857142857142858,6,6,13.166666666666666,100.0,13.01,Baik (>75%),12.7,3.7,-1.7
STD-2261,Enrolled,0,3.0,Rendah,Advertising & Marketing,1st phase - general,Reguler (Siang),Laki-laki,<=20,19,Single,Tidak,Lunas,Ya,Tidak,Tidak,Domestik,116.1,122.0,6,6,13.125,6,6,12.714285714285714,100.0,12.92,Baik (>75%),11.1,0.6,2.02
STD-2262,Dropout,1,38.2,Sedang,Management,Change of course,Reguler (Siang),Laki-laki,21-23,22,Single,Tidak,Lunas,Tidak,Tidak,Tidak,Domestik,114.4,123.0,5,0,0.0,5,2,11.5,20.0,5.75,Kritis (<25%),15.5,2.8,-4.06
STD-2263,Dropout,1,96.0,Tinggi,Tourism,1st phase - general,Reguler (Siang),Laki-laki,28-35,34,Single,Tidak,Lunas,Tidak,Tidak,Tidak,Domestik,157.7,178.0,6,2,13.5,6,0,0.0,16.7,6.75,Kritis (<25%),15.5,2.8,-4.06
STD-2264,Dropout,1,28.0,Rendah,Agronomy,Over 23 years old,Reguler (Siang),Laki-laki,28-35,28,Single,Ya,Menunggak,Tidak,Tidak,Tidak,Domestik,150.0,130.0,11,11,15.090909090909092,10,10,15.0,100.0,15.05,Baik (>75%),11.1,0.6,2.02
STD-2265,Enrolled,0,42.8,Sedang,Basic Education,1st phase - general,Reguler (Siang),Laki-laki,>35,42,Single,Tidak,Lunas,Tidak,Ya,Tidak,Domestik,114.3,110.0,6,5,12.4,6,5,11.8,83.3,12.1,Baik (>75%),7.6,2.6,0.32
STD-2266,Enrolled,0,17.5,Rendah,Veterinary Nursing,3rd phase - general,Reguler (Siang),Laki-laki,21-23,21,Single,Tidak,Menunggak,Tidak,Tidak,Tidak,Domestik,104.6,106.0,6,5,14.0,6,4,14.8,75.0,14.4,Sedang (50-75%),11.1,0.6,2.02
STD-2267,Dropout,1,89.9,Tinggi,Agronomy,Holder of other higher course,Reguler (Siang),Laki-laki,>35,50,Single,Tidak,Lunas,Tidak,Tidak,Tidak,Domestik,140.0,140.0,6,2,13.5,6,1,13.0,25.0,13.25,Kritis (<25%),15.5,2.8,-4.06
STD-2268,Dropout,1,84.1,Tinggi,Management,1st phase - general,Reguler (Siang),Laki-laki,<=20,19,Single,Tidak,Lunas,Tidak,Ya,Tidak,Domestik,109.1,108.0,5,0,0.0,5,0,0.0,0.0,0.0,Kritis (<25%),12.4,0.5,1.79
STD-2269,Dropout,1,60.1,Tinggi,Nursing,Change of course,Reguler (Siang),Laki-laki,<=20,18,Single,Tidak,Lunas,Tidak,Tidak,Tidak,Domestik,120.6,120.0,7,4,12.65,7,3,10.666666666666666,50.0,11.66,Rendah (25-50%),16.2,0.3,-0.92
STD-2270,Dropout,1,95.5,Tinggi,Management (evening),Over 23 years old,Kelas Malam,Laki-laki,>35,59,Married,Tidak,Lunas,Tidak,Tidak,Tidak,Domestik,161.9,100.0,5,0,0.0,5,0,0.0,0.0,0.0,Kritis (<25%),16.2,0.3,-0.92
STD-2271,Dropout,1,97.6,Tinggi,Management (evening),Holder of other higher course,Kelas Malam,Laki-laki,28-35,33,Married,Tidak,Menunggak,Tidak,Ya,Tidak,Domestik,140.0,140.0,5,0,0.0,5,0,0.0,0.0,0.0,Kritis (<25%),7.6,2.6,0.32
STD-2272,Graduate,0,8.6,Rendah,Communication Design,2nd phase - general,Reguler (Siang),Laki-laki,21-23,23,Single,Tidak,Lunas,Ya,Ya,Tidak,Domestik,178.0,133.1,6,6,13.333333333333334,6,5,12.8,91.7,13.07,Baik (>75%),9.4,-0.8,-3.12
STD-2273,Dropout,1,26.6,Rendah,Management (evening),Over 23 years old,Kelas Malam,Laki-laki,>35,44,Married,Tidak,Lunas,Tidak,Tidak,Tidak,Domestik,138.3,133.1,5,3,11.333333333333334,5,5,11.142857142857142,80.0,11.24,Baik (>75%),13.9,-0.3,0.79
STD-2274,Dropout,1,96.6,Tinggi,Social Service (eve),1st phase - general,Kelas Malam,Laki-laki,>35,37,Married,Tidak,Lunas,Tidak,Ya,Tidak,Domestik,128.0,140.0,6,0,0.0,6,0,0.0,0.0,0.0,Kritis (<25%),9.4,-0.8,-3.12
STD-2275,Dropout,1,73.9,Tinggi,Animation & Multimedia,Over 23 years old,Reguler (Siang),Laki-laki,>35,36,Married,Tidak,Lunas,Tidak,Tidak,Tidak,Domestik,139.0,100.0,0,0,0.0,0,0,0.0,0.0,0.0,Kritis (<25%),10.8,1.4,1.74
STD-2276,Dropout,1,91.1,Tinggi,Management (evening),1st phase - general,Kelas Malam,Laki-laki,21-23,22,Single,Tidak,Menunggak,Tidak,Tidak,Tidak,Domestik,113.2,123.0,5,3,11.666666666666666,5,2,10.5,50.0,11.08,Rendah (25-50%),7.6,2.6,0.32
STD-2277,Graduate,0,5.3,Rendah,Social Service (eve),Over 23 years old,Kelas Malam,Laki-laki,>35,49,Married,Tidak,Lunas,Tidak,Tidak,Tidak,Domestik,139.0,133.1,6,6,12.166666666666666,6,6,14.428571428571429,100.0,13.3,Baik (>75%),12.4,0.5,1.79
STD-2278,Graduate,0,11.9,Rendah,Journalism & Comm,Change of institution/course,Reguler (Siang),Laki-laki,21-23,23,Single,Tidak,Lunas,Tidak,Ya,Tidak,Domestik,110.0,135.0,6,6,13.333333333333334,6,4,12.75,83.3,13.04,Baik (>75%),11.1,0.6,2.02
STD-2279,Enrolled,0,31.2,Sedang,Communication Design,1st phase - general,Reguler (Siang),Laki-laki,<=20,19,Single,Tidak,Lunas,Tidak,Ya,Tidak,Domestik,136.6,132.0,6,5,11.4,6,3,11.0,66.7,11.2,Sedang (50-75%),7.6,2.6,0.32
STD-2280,Dropout,1,92.0,Tinggi,Social Service (eve),Change of course,Kelas Malam,Laki-laki,>35,47,Married,Tidak,Lunas,Tidak,Tidak,Tidak,Domestik,161.1,120.0,6,6,12.142857142857142,6,0,0.0,50.0,6.07,Rendah (25-50%),16.2,0.3,-0.92
STD-2281,Graduate,0,15.8,Rendah,Agronomy,Change of course,Reguler (Siang),Laki-laki,28-35,28,Single,Tidak,Lunas,Tidak,Tidak,Tidak,Domestik,130.0,130.0,18,17,13.058823529411764,12,12,12.307692307692308,96.7,12.68,Baik (>75%),15.5,2.8,-4.06
STD-2282,Enrolled,0,16.4,Rendah,Agronomy,Tech. specialization holder,Reguler (Siang),Laki-laki,21-23,21,Single,Tidak,Lunas,Tidak,Tidak,Tidak,Domestik,140.0,140.0,6,4,11.75,6,4,10.5,66.7,11.12,Sedang (50-75%),15.5,2.8,-4.06
STD-2283,Dropout,1,59.6,Sedang,Tourism,1st phase - general,Reguler (Siang),Laki-laki,21-23,21,Single,Ya,Menunggak,Tidak,Tidak,Tidak,Domestik,121.0,133.1,6,5,11.833333333333334,6,5,10.0,83.3,10.92,Baik (>75%),8.9,1.4,3.51
STD-2284,Graduate,0,33.5,Sedang,Social Service,Change of course,Reguler (Siang),Laki-laki,21-23,21,Single,Tidak,Lunas,Tidak,Tidak,Tidak,Domestik,118.6,120.0,11,10,12.4,10,10,11.8,95.2,12.1,Baik (>75%),13.9,-0.3,0.79
STD-2285,Enrolled,0,30.1,Sedang,Communication Design,1st phase - general,Reguler (Siang),Laki-laki,<=20,20,Single,Tidak,Lunas,Tidak,Tidak,Tidak,Domestik,138.3,140.0,6,6,13.428571428571429,6,4,11.5,83.3,12.46,Baik (>75%),13.9,-0.3,0.79
STD-2286,Dropout,1,98.3,Tinggi,Management,Transfer,Reguler (Siang),Laki-laki,>35,49,Married,Tidak,Menunggak,Tidak,Tidak,Tidak,Domestik,115.8,133.1,5,0,0.0,5,0,0.0,0.0,0.0,Kritis (<25%),10.8,1.4,1.74
STD-2287,Graduate,0,22.8,Rendah,Management (evening),Over 23 years old,Kelas Malam,Laki-laki,>35,40,Single,Tidak,Lunas,Tidak,Tidak,Tidak,Domestik,160.0,120.0,5,5,11.0,5,5,13.4,100.0,12.2,Baik (>75%),15.5,2.8,-4.06
STD-2288,Graduate,0,2.7,Rendah,Tourism,2nd phase - general,Reguler (Siang),Laki-laki,21-23,22,Single,Tidak,Lunas,Ya,Tidak,Tidak,Domestik,114.5,125.0,6,6,13.625,6,6,14.428571428571429,100.0,14.03,Baik (>75%),11.1,0.6,2.02
STD-2289,Enrolled,0,28.6,Rendah,Informatics Engineering,Transfer,Reguler (Siang),Laki-laki,<=20,19,Single,Tidak,Lunas,Tidak,Tidak,Tidak,Domestik,117.5,136.0,5,4,11.8,5,2,11.5,60.0,11.65,Sedang (50-75%),15.5,2.8,-4.06
STD-2290,Dropout,1,94.2,Tinggi,Management (evening),Over 23 years old,Kelas Malam,Laki-laki,28-35,31,Single,Tidak,Lunas,Tidak,Tidak,Tidak,Domestik,121.7,133.1,5,0,0.0,5,0,0.0,0.0,0.0,Kritis (<25%),13.9,-0.3,0.79
STD-2291,Dropout,1,81.5,Tinggi,Informatics Engineering,Transfer,Reguler (Siang),Laki-laki,28-35,30,Single,Tidak,Lunas,Tidak,Tidak,Tidak,Domestik,115.0,120.0,6,2,15.0,6,2,13.5,33.3,14.25,Rendah (25-50%),15.5,2.8,-4.06
STD-2292,Graduate,0,5.7,Rendah,Social Service,1st phase - general,Reguler (Siang),Laki-laki,<=20,19,Single,Tidak,Lunas,Tidak,Tidak,Tidak,Domestik,125.3,127.0,6,5,10.8,6,5,11.0,83.3,10.9,Baik (>75%),7.6,2.6,0.32
STD-2293,Dropout,1,14.0,Rendah,Management,3rd phase - general,Reguler (Siang),Laki-laki,21-23,22,Single,Tidak,Lunas,Tidak,Tidak,Tidak,Domestik,131.0,131.0,5,3,13.666666666666666,5,3,11.333333333333334,60.0,12.5,Sedang (50-75%),9.4,-0.8,-3.12
STD-2294,Graduate,0,4.0,Rendah,Journalism & Comm,1st phase - general,Reguler (Siang),Laki-laki,<=20,19,Single,Tidak,Lunas,Tidak,Tidak,Tidak,Domestik,126.3,127.0,6,6,12.833333333333334,6,6,13.333333333333334,100.0,13.08,Baik (>75%),15.5,2.8,-4.06
STD-2295,Dropout,1,93.1,Tinggi,Animation & Multimedia,2nd phase - general,Reguler (Siang),Laki-laki,21-23,21,Single,Tidak,Menunggak,Tidak,Tidak,Tidak,Domestik,127.1,132.0,0,0,0.0,0,0,0.0,0.0,0.0,Kritis (<25%),7.6,2.6,0.32
STD-2296,Graduate,0,3.7,Rendah,Advertising & Marketing,2nd phase - general,Reguler (Siang),Laki-laki,<=20,19,Single,Tidak,Lunas,Tidak,Tidak,Tidak,Domestik,138.4,137.0,6,6,15.125,6,6,13.428571428571429,100.0,14.28,Baik (>75%),11.1,0.6,2.02
STD-2297,Dropout,1,82.6,Tinggi,Management,Change of course,Reguler (Siang),Laki-laki,21-23,22,Single,Tidak,Lunas,Tidak,Ya,Tidak,Domestik,100.0,126.0,5,0,0.0,5,1,10.0,10.0,5.0,Kritis (<25%),16.2,0.3,-0.92
STD-2298,Graduate,0,11.2,Rendah,Social Service,1st phase - general,Reguler (Siang),Laki-laki,21-23,22,Single,Tidak,Lunas,Tidak,Tidak,Tidak,Domestik,126.2,136.0,6,5,11.4,6,5,11.0,83.3,11.2,Baik (>75%),10.8,1.4,1.74
STD-2299,Graduate,0,14.3,Rendah,Social Service,1st phase - general,Reguler (Siang),Laki-laki,<=20,19,Single,Tidak,Lunas,Tidak,Tidak,Tidak,Domestik,118.8,124.0,6,4,12.25,6,6,11.0,83.3,11.62,Baik (>75%),9.4,-0.8,-3.12
STD-2300,Dropout,1,97.4,Tinggi,Tourism,Over 23 years old,Reguler (Siang),Laki-laki,24-27,26,Single,Tidak,Menunggak,Tidak,Tidak,Tidak,Domestik,124.5,137.0,6,0,0.0,6,0,0.0,0.0,0.0,Kritis (<25%),16.2,0.3,-0.92
STD-2301,Enrolled,0,59.1,Sedang,Informatics Engineering,Tech. specialization holder,Reguler (Siang),Laki-laki,21-23,23,Single,Tidak,Lunas,Tidak,Tidak,Tidak,Domestik,140.0,140.0,7,3,14.0,6,1,14.0,30.8,14.0,Rendah (25-50%),12.4,0.5,1.79
STD-2302,Enrolled,0,9.0,Rendah,Communication Design,2nd phase - general,Reguler (Siang),Laki-laki,<=20,18,Single,Tidak,Lunas,Tidak,Tidak,Tidak,Domestik,125.1,131.0,6,6,12.333333333333334,6,5,10.8,91.7,11.57,Baik (>75%),16.2,0.3,-0.92
STD-2303,Enrolled,0,27.4,Rendah,Management,1st phase - general,Reguler (Siang),Laki-laki,21-23,22,Single,Ya,Lunas,Ya,Tidak,Tidak,Domestik,118.8,130.0,5,5,10.666666666666666,5,2,11.0,70.0,10.83,Sedang (50-75%),15.5,2.8,-4.06
STD-2304,Enrolled,0,10.6,Rendah,Informatics Engineering,3rd phase - general,Reguler (Siang),Laki-laki,<=20,19,Single,Tidak,Lunas,Tidak,Ya,Tidak,Domestik,125.2,136.0,5,5,11.833333333333334,5,5,14.714285714285714,100.0,13.27,Baik (>75%),12.4,0.5,1.79
STD-2305,Dropout,1,92.9,Tinggi,Management,2nd phase - general,Reguler (Siang),Laki-laki,<=20,20,Single,Tidak,Lunas,Tidak,Tidak,Tidak,Domestik,95.0,133.1,5,0,0.0,5,0,0.0,0.0,0.0,Kritis (<25%),11.1,0.6,2.02
STD-2306,Enrolled,0,3.1,Rendah,Communication Design,1st phase - general,Reguler (Siang),Laki-laki,21-23,22,Single,Tidak,Lunas,Ya,Ya,Tidak,Domestik,107.6,110.0,6,6,11.666666666666666,6,6,12.166666666666666,100.0,11.92,Baik (>75%),7.6,2.6,0.32
STD-2307,Dropout,1,91.8,Tinggi,Equinculture,Holder of other higher course,Reguler (Siang),Laki-laki,<=20,18,Single,Tidak,Menunggak,Tidak,Ya,Tidak,Domestik,140.0,140.0,5,2,13.0,5,0,0.0,20.0,6.5,Kritis (<25%),12.7,3.7,-1.7
STD-2308,Dropout,1,96.7,Tinggi,Management (evening),Change of course,Kelas Malam,Laki-laki,>35,39,Divorced,Tidak,Lunas,Tidak,Tidak,Tidak,Domestik,125.4,133.1,2,0,0.0,4,0,0.0,0.0,0.0,Kritis (<25%),10.8,1.4,1.74
STD-2309,Dropout,1,83.8,Tinggi,Nursing,1st phase - general,Reguler (Siang),Laki-laki,<=20,18,Single,Tidak,Lunas,Tidak,Tidak,Tidak,Domestik,128.0,141.0,8,0,0.0,8,0,0.0,0.0,0.0,Kritis (<25%),10.8,1.4,1.74
STD-2310,Graduate,0,11.4,Rendah,Informatics Engineering,2nd phase - general,Reguler (Siang),Laki-laki,<=20,18,Single,Tidak,Lunas,Ya,Tidak,Tidak,Domestik,129.3,130.0,5,5,13.0,5,5,14.2,100.0,13.6,Baik (>75%),8.9,1.4,3.51
STD-2311,Graduate,0,2.0,Rendah,Social Service,1st phase - general,Reguler (Siang),Laki-laki,<=20,19,Single,Tidak,Lunas,Ya,Tidak,Tidak,Domestik,152.0,160.0,6,6,13.857142857142858,6,6,14.0,100.0,13.93,Baik (>75%),13.9,-0.3,0.79
STD-2312,Graduate,0,2.2,Rendah,Nursing,1st phase - general,Reguler (Siang),Laki-laki,<=20,18,Single,Tidak,Lunas,Tidak,Tidak,Tidak,Domestik,128.8,140.0,7,6,13.391666666666666,8,8,12.4875,93.3,12.94,Baik (>75%),12.4,0.5,1.79
STD-2313,Dropout,1,86.3,Tinggi,Management,1st phase - general,Reguler (Siang),Laki-laki,<=20,18,Single,Tidak,Lunas,Ya,Ya,Tidak,Domestik,152.8,150.0,5,4,12.75,5,0,0.0,40.0,6.38,Rendah (25-50%),7.6,2.6,0.32
STD-2314,Graduate,0,13.4,Rendah,Equinculture,Tech. specialization holder,Reguler (Siang),Laki-laki,21-23,22,Single,Tidak,Lunas,Tidak,Ya,Tidak,Domestik,150.0,150.0,5,4,14.5,5,5,14.6,90.0,14.55,Baik (>75%),10.8,1.4,1.74
STD-2315,Graduate,0,4.2,Rendah,Social Service,1st phase - general,Reguler (Siang),Laki-laki,<=20,19,Single,Tidak,Lunas,Tidak,Tidak,Tidak,Domestik,112.0,133.1,6,6,12.166666666666666,6,6,12.166666666666666,100.0,12.17,Baik (>75%),12.4,0.5,1.79
STD-2316,Dropout,1,9.3,Rendah,Equinculture,1st phase - general,Reguler (Siang),Laki-laki,<=20,18,Single,Tidak,Lunas,Tidak,Ya,Tidak,Domestik,135.6,152.0,5,5,15.4,5,5,15.6,100.0,15.5,Baik (>75%),12.7,3.7,-1.7
STD-2317,Dropout,1,97.2,Tinggi,Informatics Engineering,Over 23 years old,Reguler (Siang),Laki-laki,28-35,31,Single,Ya,Menunggak,Tidak,Tidak,Tidak,Domestik,134.4,133.1,5,2,13.333333333333334,5,2,16.0,40.0,14.67,Rendah (25-50%),16.2,0.3,-0.92
STD-2318,Dropout,1,91.5,Tinggi,Management (evening),Over 23 years old,Kelas Malam,Laki-laki,28-35,28,Single,Tidak,Lunas,Tidak,Tidak,Tidak,Domestik,120.5,130.0,5,0,0.0,5,0,0.0,0.0,0.0,Kritis (<25%),12.7,3.7,-1.7
STD-2319,Dropout,1,94.1,Tinggi,Communication Design,1st phase - general,Reguler (Siang),Laki-laki,<=20,19,Single,Tidak,Lunas,Tidak,Tidak,Tidak,Domestik,141.4,148.0,6,0,0.0,6,0,0.0,0.0,0.0,Kritis (<25%),15.5,2.8,-4.06
STD-2320,Graduate,0,3.4,Rendah,Tourism,2nd phase - general,Reguler (Siang),Laki-laki,<=20,20,Single,Tidak,Lunas,Tidak,Tidak,Tidak,Domestik,145.2,148.0,6,6,13.714285714285714,6,6,14.714285714285714,100.0,14.21,Baik (>75%),16.2,0.3,-0.92
STD-2321,Dropout,1,87.9,Tinggi,Social Service,Over 23 years old,Reguler (Siang),Laki-laki,>35,50,Divorced,Tidak,Lunas,Tidak,Tidak,Tidak,Domestik,140.0,130.0,6,4,12.25,6,0,0.0,33.3,6.12,Rendah (25-50%),8.9,1.4,3.51
STD-2322,Enrolled,0,31.2,Sedang,Communication Design,Change of course,Reguler (Siang),Laki-laki,>35,38,Single,Tidak,Lunas,Tidak,Tidak,Tidak,Domestik,100.0,160.0,6,5,16.0,6,4,16.5,75.0,16.25,Sedang (50-75%),13.9,-0.3,0.79
STD-2323,Dropout,1,88.4,Tinggi,Management (evening),Over 23 years old,Kelas Malam,Laki-laki,28-35,31,Married,Tidak,Lunas,Tidak,Ya,Tidak,Domestik,140.0,130.0,5,1,11.0,5,1,13.0,20.0,12.0,Kritis (<25%),9.4,-0.8,-3.12
STD-2324,Enrolled,0,2.4,Rendah,Nursing,Over 23 years old,Reguler (Siang),Laki-laki,24-27,27,Single,Tidak,Lunas,Tidak,Ya,Tidak,Domestik,126.0,110.0,7,7,14.085714285714284,7,7,14.085714285714284,100.0,14.09,Baik (>75%),7.6,2.6,0.32
STD-2325,Graduate,0,9.2,Rendah,Social Service,3rd phase - general,Reguler (Siang),Laki-laki,21-23,21,Single,Tidak,Lunas,Tidak,Ya,Tidak,Domestik,112.6,122.0,6,6,10.166666666666666,6,6,10.5,100.0,10.33,Baik (>75%),12.7,3.7,-1.7
STD-2326,Dropout,1,88.3,Tinggi,Informatics Engineering,Over 23 years old,Reguler (Siang),Laki-laki,28-35,34,Married,Tidak,Lunas,Tidak,Tidak,Tidak,Domestik,106.8,110.0,5,1,10.0,5,0,0.0,10.0,5.0,Kritis (<25%),8.9,1.4,3.51
STD-2327,Enrolled,0,80.9,Tinggi,Informatics Engineering,Change of institution/course,Reguler (Siang),Laki-laki,<=20,19,Single,Tidak,Lunas,Tidak,Ya,Tidak,Domestik,121.6,129.0,5,0,0.0,5,1,10.0,10.0,5.0,Kritis (<25%),7.6,2.6,0.32
STD-2328,Dropout,1,97.2,Tinggi,Management (evening),Over 23 years old,Kelas Malam,Laki-laki,>35,40,Married,Tidak,Menunggak,Tidak,Ya,Tidak,Domestik,120.0,110.0,5,2,10.5,5,3,10.666666666666666,50.0,10.58,Rendah (25-50%),9.4,-0.8,-3.12
STD-2329,Graduate,0,20.0,Rendah,Animation & Multimedia,1st phase - general,Reguler (Siang),Laki-laki,<=20,18,Single,Tidak,Lunas,Ya,Ya,Tidak,Domestik,160.6,170.0,0,0,0.0,0,0,0.0,0.0,0.0,Kritis (<25%),12.7,3.7,-1.7
STD-2330,Dropout,1,98.1,Tinggi,Communication Design,Over 23 years old,Reguler (Siang),Laki-laki,>35,46,Married,Ya,Menunggak,Ya,Tidak,Tidak,Domestik,130.0,110.0,6,0,0.0,6,0,0.0,0.0,0.0,Kritis (<25%),15.5,2.8,-4.06
STD-2331,Dropout,1,94.5,Tinggi,Social Service (eve),Change of course,Kelas Malam,Laki-laki,>35,37,Single,Tidak,Lunas,Tidak,Tidak,Tidak,Domestik,110.0,110.0,6,0,0.0,5,0,0.0,0.0,0.0,Kritis (<25%),7.6,2.6,0.32
STD-2332,Dropout,1,97.4,Tinggi,Agronomy,Over 23 years old,Reguler (Siang),Laki-laki,28-35,31,Single,Tidak,Lunas,Tidak,Ya,Tidak,Domestik,110.0,133.1,6,0,0.0,6,0,0.0,0.0,0.0,Kritis (<25%),16.2,0.3,-0.92
STD-2333,Graduate,0,11.2,Rendah,Agronomy,Over 23 years old,Reguler (Siang),Laki-laki,28-35,34,Single,Tidak,Lunas,Tidak,Tidak,Tidak,Domestik,145.8,133.1,6,5,13.333333333333334,6,5,12.4,83.3,12.87,Baik (>75%),12.4,0.5,1.79
STD-2334,Dropout,1,26.1,Rendah,Animation & Multimedia,1st phase - general,Reguler (Siang),Laki-laki,<=20,18,Single,Tidak,Lunas,Ya,Ya,Tidak,Domestik,130.2,126.0,0,0,0.0,0,0,0.0,0.0,0.0,Kritis (<25%),9.4,-0.8,-3.12
STD-2335,Graduate,0,2.8,Rendah,Advertising & Marketing,1st phase - general,Reguler (Siang),Laki-laki,<=20,18,Single,Tidak,Lunas,Ya,Tidak,Tidak,Domestik,122.3,137.0,6,6,13.571428571428571,6,6,14.333333333333334,100.0,13.95,Baik (>75%),12.4,0.5,1.79
STD-2336,Graduate,0,8.8,Rendah,Communication Design,2nd phase - general,Reguler (Siang),Laki-laki,<=20,19,Single,Tidak,Lunas,Ya,Ya,Tidak,Domestik,125.4,117.0,6,6,12.833333333333334,6,6,11.166666666666666,100.0,12.0,Baik (>75%),11.1,0.6,2.02
STD-2337,Dropout,1,43.2,Sedang,Management (evening),Change of course,Kelas Malam,Laki-laki,>35,40,Single,Tidak,Lunas,Tidak,Tidak,Tidak,Domestik,130.0,100.0,5,4,10.25,8,5,11.2,69.2,10.72,Sedang (50-75%),15.5,2.8,-4.06
STD-2338,Dropout,1,94.1,Tinggi,Equinculture,Over 23 years old,Reguler (Siang),Laki-laki,24-27,25,Single,Tidak,Lunas,Tidak,Tidak,Tidak,Domestik,150.0,120.0,6,0,0.0,6,0,0.0,0.0,0.0,Kritis (<25%),12.4,0.5,1.79
STD-2339,Dropout,1,28.9,Rendah,Informatics Engineering,2nd phase - general,Reguler (Siang),Laki-laki,<=20,20,Single,Ya,Lunas,Tidak,Ya,Tidak,Domestik,116.9,126.0,5,4,14.5,6,3,13.333333333333334,63.6,13.92,Sedang (50-75%),11.1,0.6,2.02
STD-2340,Enrolled,0,8.4,Rendah,Informatics Engineering,2nd phase - general,Reguler (Siang),Laki-laki,<=20,20,Single,Tidak,Lunas,Tidak,Tidak,Tidak,Domestik,114.7,122.0,5,5,15.8,5,5,13.714285714285714,100.0,14.76,Baik (>75%),11.1,0.6,2.02
STD-2341,Dropout,1,97.7,Tinggi,Agronomy,Over 23 years old,Reguler (Siang),Laki-laki,>35,43,Single,Tidak,Menunggak,Tidak,Ya,Tidak,Domestik,95.8,111.0,6,0,0.0,6,0,0.0,0.0,0.0,Kritis (<25%),15.5,2.8,-4.06
STD-2342,Enrolled,0,62.8,Tinggi,Informatics Engineering,2nd phase - general,Reguler (Siang),Laki-laki,<=20,18,Single,Tidak,Lunas,Tidak,Ya,Tidak,Domestik,133.1,139.0,5,4,12.5,5,3,14.666666666666666,70.0,13.58,Sedang (50-75%),7.6,2.6,0.32
STD-2343,Graduate,0,11.1,Rendah,Agronomy,Change of course,Reguler (Siang),Laki-laki,28-35,35,Single,Tidak,Lunas,Tidak,Tidak,Tidak,Domestik,150.0,150.0,18,18,11.666666666666666,13,12,11.5,96.8,11.58,Baik (>75%),15.5,2.8,-4.06
STD-2344,Graduate,0,13.3,Rendah,Management (evening),2nd phase - general,Kelas Malam,Laki-laki,21-23,23,Single,Tidak,Lunas,Tidak,Tidak,Tidak,Domestik,118.5,116.0,5,4,13.0,5,5,13.0,90.0,13.0,Baik (>75%),7.6,2.6,0.32
STD-2345,Graduate,0,4.9,Rendah,Nursing,2nd phase - general,Reguler (Siang),Laki-laki,<=20,19,Single,Tidak,Lunas,Tidak,Tidak,Tidak,Domestik,131.1,130.0,7,7,12.12142857142857,9,8,11.50625,93.8,11.81,Baik (>75%),12.4,0.5,1.79
STD-2346,Graduate,0,3.7,Rendah,Veterinary Nursing,Short cycle holder,Reguler (Siang),Laki-laki,21-23,21,Single,Tidak,Lunas,Ya,Ya,Tidak,Domestik,150.3,150.0,11,9,14.22222222222222,9,7,13.75,80.0,13.99,Baik (>75%),8.9,1.4,3.51
STD-2347,Enrolled,0,9.7,Rendah,Advertising & Marketing,Change of course,Reguler (Siang),Laki-laki,<=20,19,Single,Tidak,Lunas,Tidak,Tidak,Tidak,Domestik,120.5,132.0,6,4,12.5,6,4,13.25,66.7,12.88,Sedang (50-75%),13.9,-0.3,0.79
STD-2348,Graduate,0,12.2,Rendah,Informatics Engineering,3rd phase - general,Reguler (Siang),Laki-laki,<=20,20,Single,Tidak,Lunas,Tidak,Ya,Tidak,Domestik,105.6,108.0,5,5,12.166666666666666,5,5,15.285714285714286,100.0,13.73,Baik (>75%),12.4,0.5,1.79
STD-2349,Dropout,1,92.3,Tinggi,Advertising & Marketing,Over 23 years old,Reguler (Siang),Laki-laki,28-35,30,Single,Tidak,Lunas,Ya,Tidak,Ya,Domestik,125.3,133.1,6,0,0.0,6,0,0.0,0.0,0.0,Kritis (<25%),12.4,0.5,1.79
STD-2350,Graduate,0,11.9,Rendah,Tourism,Over 23 years old,Reguler (Siang),Laki-laki,>35,44,Divorced,Tidak,Lunas,Tidak,Ya,Tidak,Domestik,131.0,120.0,6,6,12.666666666666666,6,6,11.5,100.0,12.08,Baik (>75%),12.4,0.5,1.79
STD-2351,Graduate,0,2.9,Rendah,Nursing,3rd phase - general,Reguler (Siang),Laki-laki,<=20,19,Single,Tidak,Lunas,Tidak,Tidak,Tidak,Domestik,127.0,146.0,8,7,13.614285714285714,8,7,13.614285714285714,87.5,13.61,Baik (>75%),12.7,3.7,-1.7
STD-2352,Graduate,0,10.4,Rendah,Equinculture,Tech. specialization holder,Reguler (Siang),Laki-laki,21-23,22,Single,Tidak,Lunas,Tidak,Ya,Tidak,Domestik,150.0,150.0,18,12,12.857142857142858,12,10,14.3,73.3,13.58,Sedang (50-75%),16.2,0.3,-0.92
STD-2353,Graduate,0,5.6,Rendah,Equinculture,1st phase - general,Reguler (Siang),Laki-laki,<=20,18,Single,Tidak,Lunas,Tidak,Tidak,Tidak,Domestik,149.2,160.0,5,4,14.0,5,5,14.2,90.0,14.1,Baik (>75%),7.6,2.6,0.32
STD-2354,Graduate,0,11.4,Rendah,Advertising & Marketing,2nd phase - general,Reguler (Siang),Laki-laki,21-23,21,Single,Tidak,Lunas,Ya,Ya,Tidak,Domestik,121.5,125.0,6,4,14.75,6,5,11.8,75.0,13.28,Sedang (50-75%),12.7,3.7,-1.7
STD-2355,Dropout,1,89.3,Tinggi,Veterinary Nursing,1st phase - general,Reguler (Siang),Laki-laki,<=20,18,Single,Tidak,Lunas,Tidak,Tidak,Tidak,Domestik,137.3,125.0,6,0,0.0,6,0,0.0,0.0,0.0,Kritis (<25%),7.6,2.6,0.32
STD-2356,Graduate,0,4.8,Rendah,Advertising & Marketing,2nd phase - general,Reguler (Siang),Laki-laki,<=20,18,Single,Tidak,Lunas,Tidak,Ya,Tidak,Domestik,119.6,122.0,6,6,13.625,6,6,14.285714285714286,100.0,13.96,Baik (>75%),11.1,0.6,2.02
STD-2357,Graduate,0,17.7,Rendah,Animation & Multimedia,1st phase - general,Reguler (Siang),Laki-laki,<=20,19,Single,Tidak,Lunas,Tidak,Tidak,Tidak,Domestik,141.5,138.0,0,0,0.0,0,0,0.0,0.0,0.0,Kritis (<25%),7.6,2.6,0.32
STD-2358,Dropout,1,5.0,Rendah,Agronomy,Tech. specialization holder,Reguler (Siang),Laki-laki,21-23,21,Single,Tidak,Lunas,Tidak,Ya,Tidak,Domestik,150.0,150.0,6,4,11.8,6,4,11.875,66.7,11.84,Sedang (50-75%),16.2,0.3,-0.92
STD-2359,Graduate,0,14.0,Rendah,Agronomy,Over 23 years old,Reguler (Siang),Laki-laki,28-35,31,Single,Tidak,Lunas,Tidak,Tidak,Tidak,Domestik,110.0,140.0,6,6,15.125,6,6,14.6,100.0,14.86,Baik (>75%),16.2,0.3,-0.92
STD-2360,Dropout,1,76.0,Tinggi,Tourism,2nd phase - general,Reguler (Siang),Laki-laki,21-23,21,Single,Tidak,Lunas,Tidak,Ya,Tidak,Domestik,110.2,113.0,6,4,11.5,6,2,10.5,50.0,11.0,Rendah (25-50%),9.4,-0.8,-3.12
STD-2361,Enrolled,0,62.5,Tinggi,Informatics Engineering,Over 23 years old,Reguler (Siang),Laki-laki,24-27,24,Single,Ya,Lunas,Tidak,Tidak,Tidak,Domestik,110.3,139.0,5,1,10.0,5,1,11.0,20.0,10.5,Kritis (<25%),8.9,1.4,3.51
STD-2362,Dropout,1,82.7,Tinggi,Journalism & Comm,Transfer,Reguler (Siang),Laki-laki,24-27,27,Single,Tidak,Lunas,Tidak,Tidak,Tidak,Domestik,120.0,133.1,4,0,0.0,5,0,0.0,0.0,0.0,Kritis (<25%),9.4,-0.8,-3.12
STD-2363,Graduate,0,7.2,Rendah,Management,1st phase - general,Reguler (Siang),Laki-laki,<=20,20,Single,Tidak,Lunas,Tidak,Ya,Tidak,Domestik,114.2,118.0,5,3,10.333333333333334,5,5,12.8,80.0,11.57,Baik (>75%),12.4,0.5,1.79
STD-2364,Enrolled,0,45.0,Sedang,Informatics Engineering,Tech. specialization holder,Reguler (Siang),Laki-laki,21-23,22,Single,Tidak,Lunas,Tidak,Ya,Tidak,Domestik,140.0,140.0,5,0,0.0,5,2,11.666666666666666,20.0,5.83,Kritis (<25%),10.8,1.4,1.74
STD-2365,Enrolled,0,9.4,Rendah,Agronomy,1st phase - general,Reguler (Siang),Laki-laki,<=20,19,Single,Tidak,Lunas,Ya,Tidak,Tidak,Domestik,132.8,144.0,6,4,12.0,6,4,12.5,66.7,12.25,Sedang (50-75%),15.5,2.8,-4.06
STD-2366,Graduate,0,6.1,Rendah,Journalism & Comm,3rd phase - general,Reguler (Siang),Laki-laki,<=20,19,Single,Tidak,Lunas,Tidak,Ya,Tidak,Domestik,121.5,125.0,6,6,13.833333333333334,6,6,14.5,100.0,14.17,Baik (>75%),8.9,1.4,3.51
STD-2367,Enrolled,0,33.2,Sedang,Animation & Multimedia,1st phase - general,Reguler (Siang),Laki-laki,21-23,23,Single,Ya,Lunas,Tidak,Ya,Tidak,Domestik,127.2,131.0,17,13,12.153846153846152,17,11,11.909090909090908,70.6,12.03,Sedang (50-75%),11.1,0.6,2.02
STD-2368,Graduate,0,10.5,Rendah,Equinculture,2nd phase - general,Reguler (Siang),Laki-laki,<=20,18,Single,Tidak,Lunas,Tidak,Ya,Tidak,Domestik,128.2,131.0,6,6,14.0,6,6,13.666666666666666,100.0,13.83,Baik (>75%),12.4,0.5,1.79
STD-2369,Enrolled,0,52.7,Sedang,Journalism & Comm,1st phase - general,Reguler (Siang),Laki-laki,28-35,29,Single,Tidak,Menunggak,Tidak,Ya,Tidak,Domestik,133.4,140.0,6,6,16.5,6,5,13.8,91.7,15.15,Baik (>75%),11.1,0.6,2.02
STD-2370,Dropout,1,46.4,Sedang,Equinculture,Over 23 years old,Reguler (Siang),Laki-laki,28-35,29,Single,Tidak,Lunas,Tidak,Ya,Tidak,Domestik,120.0,133.1,5,1,18.0,5,3,13.333333333333334,40.0,15.67,Rendah (25-50%),10.8,1.4,1.74
STD-2371,Enrolled,0,3.7,Rendah,Agronomy,Tech. specialization holder,Reguler (Siang),Laki-laki,<=20,20,Single,Tidak,Lunas,Tidak,Tidak,Tidak,Domestik,140.0,140.0,6,6,11.285714285714286,6,5,11.77777777777778,91.7,11.53,Baik (>75%),16.2,0.3,-0.92
STD-2372,Graduate,0,24.2,Rendah,Animation & Multimedia,1st phase - general,Reguler (Siang),Laki-laki,<=20,19,Single,Tidak,Lunas,Ya,Ya,Tidak,Domestik,136.9,139.0,0,0,0.0,0,0,0.0,0.0,0.0,Kritis (<25%),9.4,-0.8,-3.12
STD-2373,Enrolled,0,58.0,Sedang,Animation & Multimedia,2nd phase - general,Reguler (Siang),Laki-laki,21-23,22,Single,Tidak,Lunas,Tidak,Ya,Ya,Domestik,117.0,125.0,0,0,0.0,0,0,0.0,0.0,0.0,Kritis (<25%),10.8,1.4,1.74
STD-2374,Enrolled,0,5.0,Rendah,Advertising & Marketing,1st phase - general,Reguler (Siang),Laki-laki,<=20,20,Single,Tidak,Lunas,Tidak,Ya,Tidak,Domestik,110.7,117.0,6,5,14.0,6,6,12.0,91.7,13.0,Baik (>75%),11.1,0.6,2.02
STD-2375,Enrolled,0,49.6,Sedang,Equinculture,Over 23 years old,Reguler (Siang),Laki-laki,24-27,24,Single,Tidak,Lunas,Tidak,Ya,Tidak,Domestik,160.0,150.0,5,4,13.75,5,3,12.0,70.0,12.88,Sedang (50-75%),9.4,-0.8,-3.12
STD-2376,Dropout,1,73.5,Tinggi,Advertising & Marketing,1st phase - general,Reguler (Siang),Laki-laki,21-23,21,Single,Tidak,Menunggak,Tidak,Tidak,Tidak,Domestik,95.0,95.0,6,4,13.25,6,5,11.0,75.0,12.12,Sedang (50-75%),12.7,3.7,-1.7
STD-2377,Graduate,0,5.1,Rendah,Management,Over 23 years old,Reguler (Siang),Laki-laki,24-27,25,Single,Tidak,Lunas,Ya,Tidak,Tidak,Domestik,148.8,150.0,5,4,14.25,5,4,14.75,80.0,14.5,Baik (>75%),12.7,3.7,-1.7
STD-2378,Dropout,1,98.6,Tinggi,Management,Over 23 years old,Reguler (Siang),Laki-laki,28-35,32,Single,Tidak,Menunggak,Tidak,Tidak,Tidak,Domestik,110.0,120.0,5,0,0.0,5,0,0.0,0.0,0.0,Kritis (<25%),9.4,-0.8,-3.12
STD-2379,Dropout,1,95.7,Tinggi,Management (evening),Change of course,Kelas Malam,Laki-laki,24-27,26,Single,Tidak,Menunggak,Tidak,Tidak,Tidak,Domestik,133.9,136.0,12,8,11.25,8,3,11.333333333333334,55.0,11.29,Sedang (50-75%),7.6,2.6,0.32
STD-2380,Graduate,0,2.4,Rendah,Equinculture,1st phase - general,Reguler (Siang),Laki-laki,<=20,18,Single,Tidak,Lunas,Ya,Ya,Tidak,Domestik,125.7,133.0,6,6,13.5,6,6,12.5,100.0,13.0,Baik (>75%),12.4,0.5,1.79
STD-2381,Graduate,0,4.3,Rendah,Tourism,2nd phase - general,Reguler (Siang),Laki-laki,<=20,19,Single,Tidak,Lunas,Ya,Tidak,Tidak,Domestik,116.6,125.0,6,5,12.666666666666666,6,6,12.857142857142858,91.7,12.76,Baik (>75%),16.2,0.3,-0.92
STD-2382,Graduate,0,8.0,Rendah,Communication Design,1st phase - general,Reguler (Siang),Laki-laki,<=20,19,Single,Tidak,Lunas,Ya,Ya,Tidak,Domestik,141.0,127.0,6,6,15.166666666666666,6,6,12.333333333333334,100.0,13.75,Baik (>75%),12.4,0.5,1.79
STD-2383,Dropout,1,21.8,Rendah,Informatics Engineering,Holder of other higher course,Reguler (Siang),Laki-laki,24-27,27,Single,Tidak,Lunas,Tidak,Tidak,Tidak,Domestik,130.0,130.0,6,6,13.166666666666666,5,5,15.142857142857142,100.0,14.15,Baik (>75%),11.1,0.6,2.02
STD-2384,Enrolled,0,14.7,Rendah,Agronomy,Short cycle holder,Reguler (Siang),Laki-laki,21-23,21,Single,Ya,Lunas,Tidak,Tidak,Tidak,Domestik,130.0,130.0,12,10,11.8,12,9,11.444444444444445,79.2,11.62,Baik (>75%),8.9,1.4,3.51
STD-2385,Enrolled,0,76.1,Tinggi,Informatics Engineering,2nd phase - general,Reguler (Siang),Laki-laki,<=20,20,Single,Tidak,Lunas,Tidak,Tidak,Tidak,Domestik,115.8,127.0,5,4,11.5,5,0,0.0,40.0,5.75,Rendah (25-50%),13.9,-0.3,0.79
STD-2386,Graduate,0,3.7,Rendah,Communication Design,Tech. specialization holder,Reguler (Siang),Laki-laki,21-23,21,Single,Tidak,Lunas,Tidak,Ya,Tidak,Domestik,140.0,140.0,6,6,14.5,6,6,11.333333333333334,100.0,12.92,Baik (>75%),12.4,0.5,1.79
STD-2387,Enrolled,0,23.8,Rendah,Journalism & Comm,1st phase - general,Reguler (Siang),Laki-laki,21-23,22,Single,Tidak,Lunas,Tidak,Ya,Tidak,Domestik,126.1,125.0,6,5,13.4,6,3,10.666666666666666,66.7,12.03,Sedang (50-75%),9.4,-0.8,-3.12
STD-2388,Graduate,0,86.0,Tinggi,Animation & Multimedia,1st phase - general,Reguler (Siang),Laki-laki,<=20,19,Single,Ya,Menunggak,Tidak,Ya,Tidak,Domestik,137.5,135.0,0,0,0.0,0,0,0.0,0.0,0.0,Kritis (<25%),12.7,3.7,-1.7
STD-2389,Dropout,1,40.0,Sedang,Management,2nd phase - general,Reguler (Siang),Laki-laki,<=20,18,Single,Tidak,Lunas,Ya,Ya,Tidak,Domestik,120.8,132.0,5,4,10.8,5,2,12.5,60.0,11.65,Sedang (50-75%),11.1,0.6,2.02
STD-2390,Dropout,1,94.3,Tinggi,Social Service,Over 23 years old,Reguler (Siang),Laki-laki,28-35,28,Single,Tidak,Lunas,Tidak,Tidak,Tidak,Domestik,136.5,110.0,5,0,0.0,5,0,0.0,0.0,0.0,Kritis (<25%),13.9,-0.3,0.79
STD-2391,Dropout,1,95.9,Tinggi,Agronomy,Over 23 years old,Reguler (Siang),Laki-laki,24-27,25,Married,Ya,Menunggak,Tidak,Tidak,Tidak,Domestik,122.0,130.0,10,6,11.428571428571429,7,4,12.0,58.8,11.71,Sedang (50-75%),15.5,2.8,-4.06
STD-2392,Dropout,1,28.8,Rendah,Agronomy,Change of course,Reguler (Siang),Laki-laki,24-27,25,Single,Tidak,Lunas,Tidak,Tidak,Tidak,Domestik,130.0,130.0,14,8,12.5,13,10,11.6,66.7,12.05,Sedang (50-75%),15.5,2.8,-4.06
STD-2393,Enrolled,0,16.4,Rendah,Management,1st phase - general,Reguler (Siang),Laki-laki,<=20,18,Single,Tidak,Lunas,Tidak,Tidak,Tidak,Domestik,126.3,135.0,5,2,13.5,5,3,12.333333333333334,50.0,12.92,Rendah (25-50%),8.9,1.4,3.51
STD-2394,Dropout,1,88.8,Tinggi,Tourism,1st phase - general,Reguler (Siang),Laki-laki,24-27,26,Single,Tidak,Lunas,Tidak,Tidak,Tidak,Domestik,98.0,133.1,6,0,0.0,6,0,0.0,0.0,0.0,Kritis (<25%),10.8,1.4,1.74
STD-2395,Graduate,0,5.7,Rendah,Management,2nd phase - general,Reguler (Siang),Laki-laki,<=20,18,Single,Tidak,Lunas,Ya,Ya,Tidak,Domestik,121.0,135.0,5,5,12.75,5,5,11.5,100.0,12.12,Baik (>75%),13.9,-0.3,0.79
STD-2396,Enrolled,0,41.7,Sedang,Journalism & Comm,Change of course,Reguler (Siang),Laki-laki,21-23,22,Single,Tidak,Lunas,Tidak,Ya,Tidak,Domestik,124.2,128.0,6,3,11.333333333333334,6,3,12.333333333333334,50.0,11.83,Rendah (25-50%),15.5,2.8,-4.06
STD-2397,Dropout,1,87.5,Tinggi,Agronomy,Over 23 years old,Reguler (Siang),Laki-laki,24-27,25,Single,Tidak,Lunas,Tidak,Tidak,Tidak,Domestik,130.0,140.0,6,0,0.0,6,0,0.0,0.0,0.0,Kritis (<25%),16.2,0.3,-0.92
STD-2398,Enrolled,0,21.3,Rendah,Journalism & Comm,1st phase - general,Reguler (Siang),Laki-laki,<=20,19,Single,Tidak,Lunas,Tidak,Ya,Tidak,Domestik,136.1,135.0,6,5,11.4,6,5,12.4,83.3,11.9,Baik (>75%),8.9,1.4,3.51
STD-2399,Graduate,0,4.0,Rendah,Journalism & Comm,2nd phase - general,Reguler (Siang),Laki-laki,<=20,19,Single,Tidak,Lunas,Tidak,Ya,Tidak,Domestik,132.8,131.0,6,6,14.428571428571429,6,6,14.571428571428571,100.0,14.5,Baik (>75%),13.9,-0.3,0.79
STD-2400,Graduate,0,5.7,Rendah,Nursing,2nd phase - general,Reguler (Siang),Laki-laki,<=20,19,Single,Tidak,Lunas,Tidak,Tidak,Tidak,Domestik,126.3,131.0,7,7,12.492857142857144,8,8,11.7125,100.0,12.1,Baik (>75%),16.2,0.3,-0.92
STD-2401,Dropout,1,69.0,Tinggi,Social Service (eve),Over 23 years old,Kelas Malam,Laki-laki,>35,45,Divorced,Tidak,Lunas,Tidak,Tidak,Tidak,Domestik,111.5,100.0,8,4,11.5,8,4,11.0,50.0,11.25,Rendah (25-50%),10.8,1.4,1.74
STD-2402,Graduate,0,12.2,Rendah,Management (evening),Over 23 years old,Kelas Malam,Laki-laki,>35,52,Married,Tidak,Lunas,Tidak,Tidak,Tidak,Domestik,118.2,140.0,5,5,11.2,5,5,12.8,100.0,12.0,Baik (>75%),7.6,2.6,0.32
STD-2403,Dropout,1,90.9,Tinggi,Management,1st phase - general,Reguler (Siang),Laki-laki,<=20,20,Single,Tidak,Menunggak,Tidak,Ya,Tidak,Domestik,115.6,124.0,5,3,12.0,5,3,11.0,60.0,11.5,Sedang (50-75%),9.4,-0.8,-3.12
STD-2404,Graduate,0,2.7,Rendah,Nursing,1st phase - general,Reguler (Siang),Laki-laki,<=20,19,Single,Tidak,Lunas,Tidak,Ya,Tidak,Domestik,117.8,130.0,8,7,15.885714285714286,8,7,15.885714285714286,87.5,15.89,Baik (>75%),10.8,1.4,1.74
STD-2405,Dropout,1,71.3,Tinggi,Nursing,1st phase - general,Reguler (Siang),Laki-laki,21-23,21,Single,Ya,Menunggak,Tidak,Tidak,Tidak,Domestik,127.0,142.0,7,4,12.94,7,4,11.58,57.1,12.26,Sedang (50-75%),12.4,0.5,1.79
STD-2406,Graduate,0,28.1,Rendah,Social Service (eve),Over 23 years old,Kelas Malam,Laki-laki,28-35,35,Married,Tidak,Menunggak,Tidak,Tidak,Tidak,Domestik,140.0,150.0,6,6,14.0,6,6,14.166666666666666,100.0,14.08,Baik (>75%),9.4,-0.8,-3.12
STD-2407,Graduate,0,89.1,Tinggi,Animation & Multimedia,Over 23 years old,Reguler (Siang),Laki-laki,>35,36,Married,Tidak,Lunas,Tidak,Ya,Tidak,Domestik,106.0,110.0,0,0,0.0,0,0,0.0,0.0,0.0,Kritis (<25%),7.6,2.6,0.32
STD-2408,Dropout,1,98.5,Tinggi,Nursing,Over 23 years old,Reguler (Siang),Laki-laki,>35,47,Divorced,Ya,Menunggak,Tidak,Tidak,Tidak,Domestik,151.0,110.0,7,0,0.0,8,0,0.0,0.0,0.0,Kritis (<25%),15.5,2.8,-4.06
STD-2409,Dropout,1,91.3,Tinggi,Management (evening),3rd phase - general,Kelas Malam,Laki-laki,21-23,22,Single,Tidak,Lunas,Tidak,Tidak,Tidak,Domestik,106.4,112.0,5,0,0.0,5,0,0.0,0.0,0.0,Kritis (<25%),8.9,1.4,3.51
STD-2410,Dropout,1,32.6,Sedang,Management (evening),Over 23 years old,Kelas Malam,Laki-laki,>35,41,Married,Tidak,Lunas,Tidak,Ya,Tidak,Domestik,125.3,100.0,5,4,11.25,5,3,11.0,70.0,11.12,Sedang (50-75%),7.6,2.6,0.32
STD-2411,Dropout,1,90.7,Tinggi,Informatics Engineering,Holder of other higher course,Reguler (Siang),Laki-laki,24-27,26,Single,Tidak,Lunas,Tidak,Tidak,Tidak,Domestik,130.0,130.0,5,0,0.0,5,0,0.0,0.0,0.0,Kritis (<25%),10.8,1.4,1.74
STD-2412,Dropout,1,98.3,Tinggi,Social Service (eve),Over 23 years old,Kelas Malam,Perempuan,>35,51,Married,Tidak,Menunggak,Tidak,Tidak,Tidak,Domestik,116.0,133.1,6,4,11.25,6,0,0.0,33.3,5.62,Rendah (25-50%),10.8,1.4,1.74
STD-2413,Enrolled,0,15.4,Rendah,Management (evening),Over 23 years old,Kelas Malam,Perempuan,>35,43,Married,Tidak,Lunas,Tidak,Tidak,Tidak,Domestik,120.0,150.0,5,3,10.666666666666666,5,4,12.5,70.0,11.58,Sedang (50-75%),9.4,-0.8,-3.12
STD-2414,Graduate,0,57.4,Sedang,Social Service (eve),Over 23 years old,Kelas Malam,Perempuan,>35,41,Married,Tidak,Lunas,Tidak,Ya,Tidak,Domestik,100.0,100.0,6,5,11.8,6,3,10.666666666666666,66.7,11.23,Sedang (50-75%),7.6,2.6,0.32
STD-2415,Graduate,0,37.5,Sedang,Management,Change of course,Reguler (Siang),Laki-laki,21-23,23,Single,Tidak,Lunas,Tidak,Ya,Tidak,Domestik,118.5,130.0,10,8,11.625,10,10,11.181818181818182,90.0,11.4,Baik (>75%),7.6,2.6,0.32
STD-2416,Dropout,1,69.0,Tinggi,Social Service,Change of course,Reguler (Siang),Laki-laki,21-23,22,Single,Tidak,Lunas,Tidak,Ya,Tidak,Domestik,118.9,129.0,6,0,0.0,5,0,0.0,0.0,0.0,Kritis (<25%),9.4,-0.8,-3.12
STD-2417,Dropout,1,7.5,Rendah,Communication Design,2nd phase - general,Reguler (Siang),Laki-laki,24-27,25,Single,Tidak,Lunas,Ya,Ya,Ya,Domestik,119.3,127.0,6,4,10.25,6,4,11.25,66.7,10.75,Sedang (50-75%),12.7,3.7,-1.7
STD-2418,Graduate,0,30.6,Sedang,Management (evening),Change of course,Kelas Malam,Laki-laki,24-27,25,Single,Tidak,Lunas,Tidak,Ya,Tidak,Domestik,135.8,140.0,15,15,10.8,14,14,11.357142857142858,100.0,11.08,Baik (>75%),9.4,-0.8,-3.12
STD-2419,Graduate,0,32.1,Sedang,Animation & Multimedia,Short cycle holder,Reguler (Siang),Laki-laki,21-23,22,Single,Tidak,Menunggak,Ya,Ya,Tidak,Domestik,130.0,130.0,12,11,12.545454545454543,11,11,12.666666666666666,95.7,12.61,Baik (>75%),8.9,1.4,3.51
STD-2420,Enrolled,0,7.7,Rendah,Agronomy,Over 23 years old,Reguler (Siang),Laki-laki,24-27,24,Single,Tidak,Lunas,Tidak,Tidak,Tidak,Internasional,129.8,133.1,7,7,13.571428571428571,6,5,13.4,92.3,13.49,Baik (>75%),8.9,1.4,3.51
STD-2421,Dropout,1,96.9,Tinggi,Veterinary Nursing,Over 23 years old,Reguler (Siang),Laki-laki,>35,47,Single,Tidak,Lunas,Tidak,Tidak,Tidak,Domestik,150.0,140.0,6,0,0.0,6,0,0.0,0.0,0.0,Kritis (<25%),16.2,0.3,-0.92
STD-2422,Dropout,1,96.0,Tinggi,Management (evening),Over 23 years old,Kelas Malam,Laki-laki,>35,41,Married,Tidak,Lunas,Tidak,Ya,Tidak,Domestik,111.9,133.1,5,0,0.0,5,0,0.0,0.0,0.0,Kritis (<25%),7.6,2.6,0.32
STD-2423,Graduate,0,12.6,Rendah,Agronomy,Over 23 years old,Reguler (Siang),Laki-laki,>35,43,Single,Tidak,Lunas,Tidak,Ya,Tidak,Domestik,150.1,120.0,6,6,14.77777777777778,6,5,12.2,91.7,13.49,Baik (>75%),13.9,-0.3,0.79
STD-2424,Dropout,1,93.5,Tinggi,Agronomy,Over 23 years old,Reguler (Siang),Laki-laki,28-35,29,Single,Tidak,Lunas,Tidak,Tidak,Tidak,Domestik,130.0,133.1,3,0,0.0,4,0,0.0,0.0,0.0,Kritis (<25%),16.2,0.3,-0.92
STD-2425,Dropout,1,86.4,Tinggi,Informatics Engineering,Over 23 years old,Reguler (Siang),Laki-laki,28-35,30,Single,Tidak,Lunas,Tidak,Tidak,Tidak,Domestik,128.0,120.0,2,0,0.0,2,0,0.0,0.0,0.0,Kritis (<25%),7.6,2.6,0.32
STD-2426,Dropout,1,96.9,Tinggi,Management,Over 23 years old,Reguler (Siang),Laki-laki,24-27,26,Single,Tidak,Menunggak,Tidak,Tidak,Tidak,Domestik,102.5,133.1,4,0,0.0,5,0,0.0,0.0,0.0,Kritis (<25%),12.7,3.7,-1.7
STD-2427,Dropout,1,98.0,Tinggi,Management (evening),Over 23 years old,Kelas Malam,Laki-laki,24-27,27,Single,Tidak,Menunggak,Tidak,Tidak,Tidak,Domestik,102.5,133.1,5,0,0.0,5,0,0.0,0.0,0.0,Kritis (<25%),15.5,2.8,-4.06
STD-2428,Graduate,0,11.5,Rendah,Advertising & Marketing,Over 23 years old,Reguler (Siang),Laki-laki,>35,36,Married,Tidak,Lunas,Ya,Tidak,Tidak,Domestik,110.0,100.0,5,5,11.4,5,5,11.6,100.0,11.5,Baik (>75%),9.4,-0.8,-3.12
STD-2429,Dropout,1,11.9,Rendah,Agronomy,Over 23 years old,Reguler (Siang),Laki-laki,28-35,29,Single,Tidak,Lunas,Tidak,Tidak,Tidak,Domestik,114.0,133.1,9,6,11.666666666666666,7,6,10.857142857142858,75.0,11.26,Sedang (50-75%),15.5,2.8,-4.06
STD-2430,Dropout,1,81.7,Tinggi,Informatics Engineering,Transfer,Reguler (Siang),Laki-laki,28-35,35,Single,Tidak,Lunas,Tidak,Ya,Tidak,Domestik,128.2,120.0,10,7,11.285714285714286,8,5,13.0,66.7,12.14,Sedang (50-75%),9.4,-0.8,-3.12
STD-2431,Graduate,0,7.0,Rendah,Journalism & Comm,1st phase - general,Reguler (Siang),Laki-laki,<=20,18,Single,Tidak,Lunas,Ya,Tidak,Tidak,Domestik,116.5,128.0,6,4,11.5,6,5,12.6,75.0,12.05,Sedang (50-75%),10.8,1.4,1.74
STD-2432,Graduate,0,9.4,Rendah,Management (evening),1st phase - general,Kelas Malam,Laki-laki,24-27,24,Single,Tidak,Lunas,Ya,Tidak,Tidak,Domestik,149.3,172.0,5,5,16.0,5,5,16.0,100.0,16.0,Baik (>75%),8.9,1.4,3.51
STD-2433,Dropout,1,8.4,Rendah,Journalism & Comm,1st phase - general,Reguler (Siang),Laki-laki,<=20,18,Single,Tidak,Lunas,Ya,Ya,Tidak,Domestik,134.1,146.0,6,6,12.5,6,6,12.666666666666666,100.0,12.58,Baik (>75%),10.8,1.4,1.74
STD-2434,Enrolled,0,49.0,Sedang,Informatics Engineering,2nd phase - general,Reguler (Siang),Laki-laki,<=20,18,Single,Tidak,Lunas,Tidak,Ya,Tidak,Domestik,126.6,135.0,5,4,12.0,5,3,13.0,70.0,12.5,Sedang (50-75%),7.6,2.6,0.32
STD-2435,Enrolled,0,28.9,Rendah,Veterinary Nursing,Change of course,Reguler (Siang),Laki-laki,21-23,21,Married,Tidak,Lunas,Tidak,Tidak,Tidak,Domestik,120.0,160.0,5,0,0.0,5,3,11.666666666666666,30.0,5.83,Rendah (25-50%),9.4,-0.8,-3.12
STD-2436,Graduate,0,5.6,Rendah,Informatics Engineering,Transfer,Reguler (Siang),Laki-laki,21-23,21,Single,Tidak,Lunas,Tidak,Ya,Tidak,Domestik,133.5,150.0,5,5,13.0,5,5,12.6,100.0,12.8,Baik (>75%),9.4,-0.8,-3.12
STD-2437,Graduate,0,13.8,Rendah,Agronomy,Over 23 years old,Reguler (Siang),Laki-laki,28-35,32,Single,Tidak,Lunas,Tidak,Tidak,Tidak,Domestik,110.0,130.0,18,13,13.714285714285714,12,12,12.083333333333334,83.3,12.9,Baik (>75%),15.5,2.8,-4.06
STD-2438,Dropout,1,39.3,Sedang,Informatics Engineering,1st phase - general,Reguler (Siang),Laki-laki,21-23,22,Single,Tidak,Lunas,Ya,Ya,Tidak,Domestik,107.5,111.0,5,3,12.333333333333334,6,3,12.5,54.5,12.42,Sedang (50-75%),11.1,0.6,2.02
STD-2439,Dropout,1,88.2,Tinggi,Agronomy,Holder of other higher course,Reguler (Siang),Laki-laki,28-35,32,Single,Tidak,Menunggak,Tidak,Ya,Tidak,Domestik,130.0,130.0,17,11,12.727272727272728,12,10,12.7,72.4,12.71,Sedang (50-75%),15.5,2.8,-4.06
STD-2440,Dropout,1,95.3,Tinggi,Advertising & Marketing,Change of course,Reguler (Siang),Laki-laki,28-35,35,Single,Tidak,Lunas,Tidak,Tidak,Tidak,Domestik,111.6,170.0,5,1,14.0,5,0,0.0,10.0,7.0,Kritis (<25%),9.4,-0.8,-3.12
STD-2441,Dropout,1,94.9,Tinggi,Management,3rd phase - general,Reguler (Siang),Laki-laki,21-23,23,Single,Tidak,Menunggak,Tidak,Ya,Tidak,Domestik,101.0,133.1,5,0,0.0,5,0,0.0,0.0,0.0,Kritis (<25%),8.9,1.4,3.51
STD-2442,Enrolled,0,47.5,Sedang,Social Service (eve),Over 23 years old,Kelas Malam,Laki-laki,>35,39,Single,Tidak,Lunas,Tidak,Tidak,Tidak,Domestik,108.3,100.0,6,5,11.4,6,3,11.0,66.7,11.2,Sedang (50-75%),7.6,2.6,0.32
STD-2443,Dropout,1,95.5,Tinggi,Advertising & Marketing,Change of course,Reguler (Siang),Laki-laki,28-35,35,Married,Tidak,Lunas,Tidak,Tidak,Tidak,Domestik,128.2,120.0,5,0,0.0,5,1,10.0,10.0,5.0,Kritis (<25%),9.4,-0.8,-3.12
STD-2444,Graduate,0,5.8,Rendah,Agronomy,Over 23 years old,Reguler (Siang),Laki-laki,28-35,32,Married,Tidak,Lunas,Tidak,Tidak,Tidak,Domestik,150.0,110.0,6,6,18.875,12,12,17.692307692307693,100.0,18.28,Baik (>75%),16.2,0.3,-0.92
STD-2445,Dropout,1,87.1,Tinggi,Basic Education,1st phase - general,Reguler (Siang),Laki-laki,<=20,20,Single,Tidak,Lunas,Tidak,Tidak,Tidak,Domestik,142.8,133.1,6,0,0.0,6,0,0.0,0.0,0.0,Kritis (<25%),7.6,2.6,0.32
STD-2446,Enrolled,0,51.2,Sedang,Nursing,Over 23 years old,Reguler (Siang),Laki-laki,28-35,34,Single,Tidak,Lunas,Tidak,Tidak,Tidak,Domestik,100.0,120.0,7,6,11.333333333333334,7,4,12.6,71.4,11.97,Sedang (50-75%),16.2,0.3,-0.92
STD-2447,Dropout,1,21.7,Rendah,Management (evening),Holder of other higher course,Kelas Malam,Laki-laki,>35,44,Single,Tidak,Lunas,Tidak,Ya,Tidak,Domestik,150.0,150.0,7,7,13.5,5,5,16.2,100.0,14.85,Baik (>75%),8.9,1.4,3.51
STD-2448,Graduate,0,91.4,Tinggi,Tourism,Over 23 years old,Reguler (Siang),Laki-laki,>35,53,Married,Tidak,Lunas,Tidak,Tidak,Tidak,Domestik,156.5,133.1,11,2,15.0,9,3,10.0,25.0,12.5,Kritis (<25%),16.2,0.3,-0.92
STD-2449,Dropout,1,97.8,Tinggi,Informatics Engineering,Over 23 years old,Reguler (Siang),Laki-laki,28-35,28,Single,Ya,Menunggak,Tidak,Tidak,Tidak,Domestik,98.6,120.0,5,0,0.0,5,0,0.0,0.0,0.0,Kritis (<25%),12.4,0.5,1.79
STD-2450,Dropout,1,40.4,Sedang,Management (evening),Holder of other higher course,Kelas Malam,Laki-laki,28-35,31,Single,Tidak,Lunas,Tidak,Tidak,Tidak,Domestik,130.0,130.0,9,9,14.22222222222222,5,5,12.8,100.0,13.51,Baik (>75%),12.7,3.7,-1.7
STD-2451,Enrolled,0,96.1,Tinggi,Animation & Multimedia,1st phase - general,Reguler (Siang),Laki-laki,<=20,18,Single,Ya,Menunggak,Tidak,Tidak,Tidak,Domestik,118.1,130.0,0,0,0.0,0,0,0.0,0.0,0.0,Kritis (<25%),9.4,-0.8,-3.12
STD-2452,Dropout,1,96.5,Tinggi,Agronomy,Over 23 years old,Reguler (Siang),Laki-laki,>35,44,Single,Ya,Menunggak,Tidak,Tidak,Tidak,Domestik,120.0,100.0,7,4,12.0,6,0,0.0,30.8,6.0,Rendah (25-50%),15.5,2.8,-4.06
STD-2453,Graduate,0,7.7,Rendah,Veterinary Nursing,1st phase - general,Reguler (Siang),Laki-laki,<=20,19,Single,Tidak,Lunas,Tidak,Ya,Tidak,Domestik,127.7,142.0,5,5,12.6,5,4,12.0,90.0,12.3,Baik (>75%),12.7,3.7,-1.7
STD-2454,Enrolled,0,2.4,Rendah,Animation & Multimedia,International student,Reguler (Siang),Laki-laki,21-23,21,Single,Tidak,Lunas,Tidak,Tidak,Tidak,Internasional,130.0,130.0,12,12,15.083333333333334,11,11,13.083333333333334,100.0,14.08,Baik (>75%),8.9,1.4,3.51
STD-2455,Dropout,1,48.7,Sedang,Informatics Engineering,3rd phase - general,Reguler (Siang),Laki-laki,<=20,18,Single,Tidak,Lunas,Ya,Tidak,Tidak,Domestik,147.7,148.0,5,0,0.0,5,0,0.0,0.0,0.0,Kritis (<25%),9.4,-0.8,-3.12
STD-2456,Graduate,0,4.5,Rendah,Agronomy,Tech. specialization holder,Reguler (Siang),Laki-laki,<=20,20,Single,Tidak,Lunas,Tidak,Ya,Tidak,Domestik,170.0,170.0,6,6,14.5,6,6,15.3,100.0,14.9,Baik (>75%),16.2,0.3,-0.92
STD-2457,Graduate,0,5.0,Rendah,Communication Design,Over 23 years old,Reguler (Siang),Laki-laki,>35,55,Single,Tidak,Lunas,Tidak,Tidak,Tidak,Domestik,110.2,110.0,6,6,14.5,6,6,13.5,100.0,14.0,Baik (>75%),11.1,0.6,2.02
STD-2458,Enrolled,0,84.5,Tinggi,Management,1st phase - general,Reguler (Siang),Laki-laki,24-27,27,Single,Tidak,Lunas,Tidak,Tidak,Tidak,Domestik,146.4,166.0,5,3,10.0,5,1,13.0,40.0,11.5,Rendah (25-50%),7.6,2.6,0.32
STD-2459,Dropout,1,91.2,Tinggi,Informatics Engineering,2nd phase - general,Reguler (Siang),Laki-laki,<=20,19,Single,Tidak,Lunas,Tidak,Tidak,Tidak,Domestik,121.0,135.0,5,0,0.0,5,0,0.0,0.0,0.0,Kritis (<25%),12.4,0.5,1.79
STD-2460,Graduate,0,3.8,Rendah,Management,1st phase - general,Reguler (Siang),Laki-laki,<=20,18,Single,Tidak,Lunas,Tidak,Tidak,Tidak,Domestik,129.9,133.0,5,5,11.6,5,5,13.2,100.0,12.4,Baik (>75%),12.4,0.5,1.79
STD-2461,Dropout,1,94.0,Tinggi,Journalism & Comm,Over 23 years old,Reguler (Siang),Laki-laki,>35,43,Married,Tidak,Lunas,Tidak,Tidak,Tidak,Domestik,132.0,133.1,6,4,11.75,6,0,0.0,33.3,5.88,Rendah (25-50%),15.5,2.8,-4.06
STD-2462,Dropout,1,93.0,Tinggi,Tourism,3rd phase - general,Reguler (Siang),Laki-laki,<=20,18,Single,Tidak,Lunas,Tidak,Ya,Tidak,Domestik,125.9,121.0,6,0,0.0,6,0,0.0,0.0,0.0,Kritis (<25%),13.9,-0.3,0.79
STD-2463,Dropout,1,19.4,Rendah,Animation & Multimedia,1st phase - general,Reguler (Siang),Laki-laki,<=20,18,Single,Tidak,Lunas,Tidak,Ya,Tidak,Domestik,165.7,159.0,0,0,0.0,0,0,0.0,0.0,0.0,Kritis (<25%),9.4,-0.8,-3.12
STD-2464,Dropout,1,86.1,Tinggi,Tourism,2nd phase - general,Reguler (Siang),Laki-laki,<=20,20,Single,Ya,Lunas,Ya,Ya,Tidak,Domestik,122.7,130.0,6,0,0.0,6,0,0.0,0.0,0.0,Kritis (<25%),8.9,1.4,3.51
STD-2465,Dropout,1,95.5,Tinggi,Management (evening),Over 23 years old,Kelas Malam,Laki-laki,28-35,29,Married,Ya,Menunggak,Tidak,Tidak,Tidak,Domestik,141.4,121.0,5,4,11.25,5,4,11.8,80.0,11.52,Baik (>75%),10.8,1.4,1.74
STD-2466,Dropout,1,93.9,Tinggi,Equinculture,Over 23 years old,Reguler (Siang),Laki-laki,>35,44,Single,Ya,Lunas,Tidak,Ya,Tidak,Domestik,156.4,133.1,6,5,11.571428571428571,6,0,0.0,41.7,5.79,Rendah (25-50%),13.9,-0.3,0.79
STD-2467,Enrolled,0,65.2,Tinggi,Informatics Engineering,1st phase - general,Reguler (Siang),Laki-laki,<=20,18,Single,Tidak,Lunas,Tidak,Ya,Tidak,Domestik,148.5,146.0,5,4,10.0,5,1,16.0,50.0,13.0,Rendah (25-50%),10.8,1.4,1.74
STD-2468,Enrolled,0,4.4,Rendah,Agronomy,Tech. specialization holder,Reguler (Siang),Laki-laki,<=20,20,Single,Tidak,Lunas,Ya,Tidak,Tidak,Domestik,140.0,140.0,6,5,13.833333333333334,6,6,12.3,91.7,13.07,Baik (>75%),15.5,2.8,-4.06
STD-2469,Dropout,1,51.2,Sedang,Communication Design,Change of course,Reguler (Siang),Laki-laki,<=20,20,Single,Tidak,Lunas,Tidak,Ya,Tidak,Domestik,131.7,125.0,6,4,12.75,9,3,12.666666666666666,46.7,12.71,Rendah (25-50%),12.4,0.5,1.79
STD-2470,Dropout,1,93.4,Tinggi,Management,Over 23 years old,Reguler (Siang),Laki-laki,>35,36,Married,Tidak,Lunas,Tidak,Ya,Tidak,Domestik,104.7,120.0,4,0,0.0,5,0,0.0,0.0,0.0,Kritis (<25%),10.8,1.4,1.74
STD-2471,Enrolled,0,39.6,Sedang,Equinculture,Tech. specialization holder,Reguler (Siang),Laki-laki,<=20,19,Single,Tidak,Lunas,Tidak,Ya,Tidak,Domestik,150.0,150.0,6,5,11.6,6,2,11.0,58.3,11.3,Sedang (50-75%),13.9,-0.3,0.79
STD-2472,Dropout,1,98.7,Tinggi,Veterinary Nursing,Over 23 years old,Reguler (Siang),Laki-laki,28-35,29,Married,Tidak,Menunggak,Tidak,Tidak,Tidak,Domestik,110.0,110.0,5,0,0.0,5,0,0.0,0.0,0.0,Kritis (<25%),12.7,3.7,-1.7
STD-2473,Dropout,1,30.2,Sedang,Advertising & Marketing,1st phase - general,Reguler (Siang),Laki-laki,<=20,18,Single,Tidak,Lunas,Tidak,Ya,Tidak,Domestik,129.1,120.0,6,4,11.25,6,3,10.333333333333334,58.3,10.79,Sedang (50-75%),10.8,1.4,1.74
STD-2474,Dropout,1,96.7,Tinggi,Agronomy,Over 23 years old,Reguler (Siang),Laki-laki,24-27,24,Single,Tidak,Menunggak,Tidak,Tidak,Tidak,Domestik,120.0,133.1,6,0,0.0,6,0,0.0,0.0,0.0,Kritis (<25%),13.9,-0.3,0.79
STD-2475,Graduate,0,2.0,Rendah,Journalism & Comm,1st phase - general,Reguler (Siang),Laki-laki,<=20,20,Single,Tidak,Lunas,Tidak,Tidak,Tidak,Domestik,127.0,133.1,6,6,14.333333333333334,6,6,15.0,100.0,14.67,Baik (>75%),15.5,2.8,-4.06
STD-2476,Dropout,1,97.6,Tinggi,Social Service (eve),Over 23 years old,Kelas Malam,Laki-laki,>35,45,Married,Ya,Menunggak,Tidak,Tidak,Tidak,Domestik,151.5,133.1,6,0,0.0,5,0,0.0,0.0,0.0,Kritis (<25%),16.2,0.3,-0.92
STD-2477,Graduate,0,8.2,Rendah,Nursing,Change of course,Reguler (Siang),Laki-laki,28-35,28,Single,Tidak,Lunas,Ya,Ya,Tidak,Domestik,126.8,130.0,23,20,13.5,23,20,13.5,87.0,13.5,Baik (>75%),7.6,2.6,0.32
STD-2478,Enrolled,0,5.8,Rendah,Tourism,1st phase - general,Reguler (Siang),Laki-laki,21-23,23,Single,Tidak,Lunas,Tidak,Ya,Tidak,Domestik,140.8,160.0,6,6,12.666666666666666,6,5,12.2,91.7,12.43,Baik (>75%),7.6,2.6,0.32
STD-2479,Graduate,0,7.0,Rendah,Nursing,1st phase - general,Reguler (Siang),Laki-laki,<=20,18,Single,Tidak,Lunas,Tidak,Ya,Tidak,Domestik,125.6,128.0,7,7,12.444285714285714,8,7,11.347142857142858,93.3,11.9,Baik (>75%),12.4,0.5,1.79
STD-2480,Dropout,1,30.4,Sedang,Management,1st phase - general,Reguler (Siang),Laki-laki,21-23,23,Single,Tidak,Lunas,Tidak,Ya,Tidak,Domestik,127.8,140.0,5,3,10.666666666666666,5,3,11.333333333333334,60.0,11.0,Sedang (50-75%),9.4,-0.8,-3.12
STD-2481,Enrolled,0,44.2,Sedang,Animation & Multimedia,Change of course,Reguler (Siang),Laki-laki,21-23,22,Single,Tidak,Lunas,Tidak,Ya,Tidak,Domestik,120.0,120.0,0,0,0.0,0,0,0.0,0.0,0.0,Kritis (<25%),7.6,2.6,0.32
STD-2482,Graduate,0,2.8,Rendah,Communication Design,1st phase - general,Reguler (Siang),Laki-laki,21-23,22,Single,Tidak,Lunas,Ya,Tidak,Tidak,Domestik,131.3,140.0,6,6,12.666666666666666,6,5,12.4,91.7,12.53,Baik (>75%),12.4,0.5,1.79
STD-2483,Graduate,0,5.9,Rendah,Management (evening),Over 23 years old,Kelas Malam,Laki-laki,28-35,33,Single,Tidak,Lunas,Tidak,Tidak,Tidak,Domestik,155.7,120.0,5,5,13.2,5,5,14.833333333333334,100.0,14.02,Baik (>75%),10.8,1.4,1.74
STD-2484,Graduate,0,12.0,Rendah,Agronomy,Short cycle holder,Reguler (Siang),Laki-laki,21-23,21,Single,Tidak,Lunas,Tidak,Tidak,Tidak,Domestik,128.5,130.0,12,10,12.7,12,11,12.181818181818182,87.5,12.44,Baik (>75%),8.9,1.4,3.51
STD-2485,Graduate,0,5.9,Rendah,Management,Over 23 years old,Reguler (Siang),Laki-laki,>35,45,Married,Tidak,Lunas,Tidak,Tidak,Tidak,Domestik,170.0,100.0,5,5,14.833333333333334,5,5,14.8,100.0,14.82,Baik (>75%),15.5,2.8,-4.06
STD-2486,Dropout,1,96.7,Tinggi,Agronomy,Over 23 years old,Reguler (Siang),Laki-laki,>35,44,Married,Tidak,Menunggak,Tidak,Tidak,Tidak,Domestik,100.0,133.1,10,4,11.5,7,1,12.0,29.4,11.75,Rendah (25-50%),15.5,2.8,-4.06
STD-2487,Dropout,1,96.0,Tinggi,Advertising & Marketing,Over 23 years old,Reguler (Siang),Laki-laki,>35,42,Divorced,Tidak,Lunas,Tidak,Tidak,Tidak,Domestik,107.2,110.0,6,0,0.0,6,0,0.0,0.0,0.0,Kritis (<25%),12.7,3.7,-1.7
STD-2488,Dropout,1,90.6,Tinggi,Management,3rd phase - general,Reguler (Siang),Laki-laki,<=20,20,Single,Tidak,Lunas,Tidak,Ya,Tidak,Domestik,139.3,147.0,5,0,0.0,5,0,0.0,0.0,0.0,Kritis (<25%),12.4,0.5,1.79
STD-2489,Enrolled,0,30.2,Sedang,Management,2nd phase - general,Reguler (Siang),Laki-laki,<=20,20,Single,Tidak,Lunas,Tidak,Ya,Tidak,Domestik,123.2,133.0,5,3,12.666666666666666,5,2,12.5,50.0,12.58,Rendah (25-50%),9.4,-0.8,-3.12
STD-2490,Graduate,0,3.6,Rendah,Tourism,1st phase - general,Reguler (Siang),Laki-laki,<=20,20,Single,Tidak,Lunas,Ya,Ya,Tidak,Domestik,122.3,137.0,6,6,14.714285714285714,6,6,12.5,100.0,13.61,Baik (>75%),8.9,1.4,3.51
STD-2491,Enrolled,0,33.5,Sedang,Journalism & Comm,2nd phase - general,Reguler (Siang),Laki-laki,<=20,20,Single,Tidak,Lunas,Tidak,Ya,Tidak,Domestik,127.9,124.0,6,3,13.666666666666666,6,4,10.25,58.3,11.96,Sedang (50-75%),9.4,-0.8,-3.12
STD-2492,Enrolled,0,11.1,Rendah,Management,1st phase - general,Reguler (Siang),Laki-laki,<=20,19,Single,Tidak,Lunas,Tidak,Tidak,Tidak,Domestik,120.3,128.0,5,5,10.8,5,2,13.5,70.0,12.15,Sedang (50-75%),8.9,1.4,3.51
STD-2493,Dropout,1,95.5,Tinggi,Social Service (eve),Change of institution/course,Kelas Malam,Laki-laki,24-27,26,Single,Ya,Menunggak,Tidak,Tidak,Tidak,Domestik,128.5,120.0,8,4,10.5,10,7,10.428571428571429,61.1,10.46,Sedang (50-75%),12.4,0.5,1.79
STD-2494,Graduate,0,11.1,Rendah,Agronomy,Over 23 years old,Reguler (Siang),Laki-laki,28-35,31,Married,Tidak,Lunas,Tidak,Tidak,Tidak,Domestik,150.0,133.1,6,6,15.0,6,5,12.5,91.7,13.75,Baik (>75%),13.9,-0.3,0.79
STD-2495,Graduate,0,3.5,Rendah,Journalism & Comm,1st phase - general,Reguler (Siang),Laki-laki,<=20,19,Single,Ya,Lunas,Ya,Tidak,Tidak,Domestik,136.1,142.0,6,6,12.666666666666666,6,6,14.0,100.0,13.33,Baik (>75%),16.2,0.3,-0.92
STD-2496,Graduate,0,4.4,Rendah,Journalism & Comm,Over 23 years old,Reguler (Siang),Laki-laki,28-35,28,Single,Tidak,Lunas,Tidak,Ya,Tidak,Domestik,128.0,100.0,6,6,13.166666666666666,6,6,13.666666666666666,100.0,13.42,Baik (>75%),7.6,2.6,0.32
STD-2497,Graduate,0,23.3,Rendah,Animation & Multimedia,1st phase - general,Reguler (Siang),Laki-laki,<=20,20,Single,Tidak,Lunas,Ya,Ya,Tidak,Domestik,158.1,149.0,0,0,0.0,0,0,0.0,0.0,0.0,Kritis (<25%),10.8,1.4,1.74
STD-2498,Graduate,0,2.1,Rendah,Social Service (eve),1st phase - general,Kelas Malam,Perempuan,>35,43,Married,Tidak,Lunas,Tidak,Ya,Tidak,Domestik,108.7,110.0,6,6,13.0,6,6,12.5,100.0,12.75,Baik (>75%),9.4,-0.8,-3.12
STD-2499,Dropout,1,66.7,Tinggi,Animation & Multimedia,Over 23 years old,Reguler (Siang),Laki-laki,24-27,25,Single,Tidak,Lunas,Ya,Tidak,Tidak,Internasional,110.0,133.1,0,0,0.0,0,0,0.0,0.0,0.0,Kritis (<25%),15.5,2.8,-4.06
STD-2500,Dropout,1,93.9,Tinggi,Social Service,Over 23 years old,Reguler (Siang),Perempuan,>35,40,Single,Ya,Lunas,Tidak,Tidak,Ya,Domestik,120.0,133.1,6,2,10.0,6,1,15.0,25.0,12.5,Kritis (<25%),16.2,0.3,-0.92
STD-2501,Graduate,0,9.6,Rendah,Veterinary Nursing,Tech. specialization holder,Reguler (Siang),Perempuan,<=20,20,Single,Tidak,Lunas,Tidak,Tidak,Tidak,Internasional,150.0,150.0,6,6,13.333333333333334,6,5,13.375,91.7,13.35,Baik (>75%),12.4,0.5,1.79
STD-2502,Graduate,0,8.5,Rendah,Social Service (eve),Over 23 years old,Kelas Malam,Perempuan,>35,46,Married,Tidak,Lunas,Tidak,Tidak,Tidak,Domestik,113.0,133.1,6,3,12.333333333333334,6,6,13.333333333333334,75.0,12.83,Sedang (50-75%),11.1,0.6,2.02
STD-2503,Graduate,0,12.6,Rendah,Biofuel Production Tech,Change of institution/course,Reguler (Siang),Perempuan,24-27,26,Single,Tidak,Lunas,Tidak,Tidak,Tidak,Domestik,118.6,121.0,21,20,13.181818181818182,14,14,11.642857142857142,97.1,12.41,Baik (>75%),8.9,1.4,3.51
STD-2504,Graduate,0,3.9,Rendah,Nursing,Over 23 years old,Reguler (Siang),Perempuan,28-35,34,Married,Tidak,Lunas,Ya,Tidak,Tidak,Domestik,148.8,133.1,7,6,12.513333333333334,8,7,13.071428571428571,86.7,12.79,Baik (>75%),12.4,0.5,1.79
STD-2505,Dropout,1,93.8,Tinggi,Basic Education,3rd phase - general,Reguler (Siang),Perempuan,<=20,19,Single,Tidak,Lunas,Tidak,Ya,Tidak,Domestik,120.3,122.0,6,0,0.0,6,0,0.0,0.0,0.0,Kritis (<25%),10.8,1.4,1.74
STD-2506,Graduate,0,2.7,Rendah,Nursing,1st phase - general,Reguler (Siang),Perempuan,<=20,18,Single,Tidak,Lunas,Ya,Ya,Tidak,Domestik,127.0,143.0,8,7,13.585714285714284,8,7,13.585714285714284,87.5,13.59,Baik (>75%),12.7,3.7,-1.7
STD-2507,Graduate,0,7.7,Rendah,Oral Hygiene,1st phase - general,Reguler (Siang),Perempuan,<=20,18,Single,Tidak,Lunas,Tidak,Ya,Tidak,Domestik,113.8,123.0,7,7,11.155555555555557,8,8,11.425,100.0,11.29,Baik (>75%),12.7,3.7,-1.7
STD-2508,Graduate,0,6.6,Rendah,Social Service (eve),Over 23 years old,Kelas Malam,Laki-laki,>35,37,Single,Tidak,Lunas,Ya,Tidak,Tidak,Domestik,108.0,120.0,7,6,11.857142857142858,6,5,12.0,84.6,11.93,Baik (>75%),13.9,-0.3,0.79
STD-2509,Graduate,0,52.7,Sedang,Animation & Multimedia,2nd phase - general,Reguler (Siang),Laki-laki,21-23,23,Single,Tidak,Lunas,Ya,Tidak,Tidak,Domestik,129.1,114.0,0,0,0.0,0,0,0.0,0.0,0.0,Kritis (<25%),9.4,-0.8,-3.12
STD-2510,Graduate,0,11.6,Rendah,Communication Design,Change of course,Reguler (Siang),Laki-laki,24-27,26,Single,Tidak,Lunas,Tidak,Tidak,Tidak,Domestik,135.9,114.0,14,14,14.0,13,13,13.615384615384617,100.0,13.81,Baik (>75%),15.5,2.8,-4.06
STD-2511,Dropout,1,82.9,Tinggi,Journalism & Comm,Ordinance 854-B/99,Reguler (Siang),Perempuan,<=20,18,Single,Tidak,Menunggak,Tidak,Ya,Tidak,Internasional,154.4,154.4,6,5,12.0,6,0,0.0,41.7,6.0,Rendah (25-50%),10.8,1.4,1.74
STD-2512,Enrolled,0,23.3,Rendah,Nursing,International student,Reguler (Siang),Perempuan,<=20,18,Single,Tidak,Lunas,Tidak,Ya,Tidak,Internasional,190.0,190.0,7,4,11.575,7,5,12.419999999999998,64.3,12.0,Sedang (50-75%),12.4,0.5,1.79
STD-2513,Graduate,0,6.6,Rendah,Nursing,2nd phase - general,Reguler (Siang),Perempuan,<=20,19,Single,Tidak,Lunas,Tidak,Ya,Tidak,Domestik,132.5,136.0,7,7,13.198571428571428,8,8,13.0625,100.0,13.13,Baik (>75%),11.1,0.6,2.02
STD-2514,Graduate,0,3.0,Rendah,Veterinary Nursing,Ordinance 854-B/99,Reguler (Siang),Perempuan,<=20,18,Single,Tidak,Lunas,Tidak,Tidak,Tidak,Internasional,163.3,163.3,6,6,13.5,6,6,12.0,100.0,12.75,Baik (>75%),12.4,0.5,1.79
STD-2515,Dropout,1,5.6,Rendah,Advertising & Marketing,1st phase - general,Reguler (Siang),Perempuan,<=20,19,Single,Tidak,Lunas,Tidak,Ya,Tidak,Domestik,122.5,126.0,6,6,13.333333333333334,6,5,12.8,91.7,13.07,Baik (>75%),8.9,1.4,3.51
STD-2516,Enrolled,0,35.1,Sedang,Informatics Engineering,2nd phase - general,Reguler (Siang),Laki-laki,<=20,20,Single,Tidak,Lunas,Tidak,Ya,Tidak,Internasional,121.0,122.0,5,4,14.25,5,1,10.0,50.0,12.12,Rendah (25-50%),8.9,1.4,3.51
STD-2517,Graduate,0,6.9,Rendah,Communication Design,2nd phase - general,Reguler (Siang),Perempuan,21-23,22,Single,Tidak,Lunas,Ya,Tidak,Tidak,Domestik,131.8,137.0,6,6,12.166666666666666,6,4,12.0,83.3,12.08,Baik (>75%),9.4,-0.8,-3.12
STD-2518,Graduate,0,3.6,Rendah,Nursing,1st phase - general,Reguler (Siang),Perempuan,<=20,18,Single,Tidak,Lunas,Ya,Ya,Tidak,Domestik,135.0,139.0,8,7,12.214285714285714,8,7,12.214285714285714,87.5,12.21,Baik (>75%),12.7,3.7,-1.7
STD-2519,Graduate,0,4.3,Rendah,Tourism,2nd phase - general,Reguler (Siang),Perempuan,<=20,18,Single,Tidak,Lunas,Ya,Tidak,Tidak,Domestik,141.7,142.0,6,6,12.666666666666666,6,6,13.0,100.0,12.83,Baik (>75%),13.9,-0.3,0.79
STD-2520,Graduate,0,2.7,Rendah,Journalism & Comm,1st phase - general,Reguler (Siang),Perempuan,<=20,18,Single,Tidak,Lunas,Ya,Ya,Tidak,Domestik,131.3,133.1,6,6,12.285714285714286,6,6,13.5,100.0,12.89,Baik (>75%),8.9,1.4,3.51
STD-2521,Graduate,0,9.2,Rendah,Tourism,1st phase - general,Reguler (Siang),Perempuan,<=20,18,Single,Tidak,Lunas,Ya,Ya,Tidak,Domestik,123.9,126.0,6,6,13.0,6,6,13.0,100.0,13.0,Baik (>75%),12.4,0.5,1.79
STD-2522,Graduate,0,8.8,Rendah,Tourism,1st phase - general,Reguler (Siang),Perempuan,<=20,18,Single,Tidak,Lunas,Tidak,Ya,Tidak,Domestik,126.1,131.0,6,6,12.142857142857142,6,6,11.166666666666666,100.0,11.65,Baik (>75%),8.9,1.4,3.51
STD-2523,Graduate,0,6.0,Rendah,Nursing,2nd phase - general,Reguler (Siang),Perempuan,<=20,19,Single,Tidak,Lunas,Ya,Ya,Tidak,Domestik,126.5,131.0,7,7,13.875714285714285,8,7,13.085714285714284,93.3,13.48,Baik (>75%),11.1,0.6,2.02
STD-2524,Dropout,1,94.2,Tinggi,Basic Education,2nd phase - general,Reguler (Siang),Perempuan,<=20,20,Single,Tidak,Lunas,Tidak,Tidak,Tidak,Domestik,107.3,108.0,6,0,0.0,6,0,0.0,0.0,0.0,Kritis (<25%),15.5,2.8,-4.06
STD-2525,Dropout,1,88.0,Tinggi,Social Service,2nd phase - general,Reguler (Siang),Perempuan,<=20,19,Single,Tidak,Lunas,Ya,Ya,Tidak,Domestik,95.0,133.1,6,6,11.666666666666666,6,0,0.0,50.0,5.83,Rendah (25-50%),15.5,2.8,-4.06
STD-2526,Graduate,0,10.8,Rendah,Veterinary Nursing,1st phase - general,Reguler (Siang),Perempuan,<=20,18,Single,Tidak,Lunas,Tidak,Ya,Tidak,Domestik,116.1,122.0,6,6,13.153846153846152,6,3,11.0,75.0,12.08,Sedang (50-75%),15.5,2.8,-4.06
STD-2527,Dropout,1,4.5,Rendah,Communication Design,1st phase - general,Reguler (Siang),Perempuan,<=20,18,Single,Tidak,Lunas,Ya,Ya,Tidak,Domestik,134.6,143.0,6,6,14.5,6,6,12.833333333333334,100.0,13.67,Baik (>75%),12.4,0.5,1.79
STD-2528,Graduate,0,4.3,Rendah,Nursing,2nd phase - general,Reguler (Siang),Perempuan,<=20,18,Single,Tidak,Lunas,Ya,Ya,Tidak,Domestik,128.0,135.0,7,7,14.44142857142857,8,8,13.65625,100.0,14.05,Baik (>75%),11.1,0.6,2.02
STD-2529,Graduate,0,12.2,Rendah,Journalism & Comm,2nd phase - general,Reguler (Siang),Perempuan,<=20,18,Single,Tidak,Lunas,Tidak,Ya,Tidak,Domestik,144.2,148.0,6,6,15.166666666666666,6,6,14.285714285714286,100.0,14.73,Baik (>75%),12.4,0.5,1.79
STD-2530,Graduate,0,8.8,Rendah,Management,2nd phase - general,Reguler (Siang),Perempuan,<=20,18,Single,Tidak,Lunas,Ya,Tidak,Tidak,Domestik,129.5,134.0,5,5,11.6,5,4,12.625,90.0,12.11,Baik (>75%),10.8,1.4,1.74
STD-2531,Graduate,0,17.2,Rendah,Journalism & Comm,2nd phase - general,Reguler (Siang),Perempuan,<=20,18,Single,Ya,Lunas,Tidak,Ya,Tidak,Domestik,116.8,122.0,6,6,11.666666666666666,6,6,12.333333333333334,100.0,12.0,Baik (>75%),16.2,0.3,-0.92
STD-2532,Graduate,0,1.9,Rendah,Agronomy,Tech. specialization holder,Reguler (Siang),Perempuan,<=20,20,Single,Tidak,Lunas,Ya,Tidak,Tidak,Domestik,160.0,160.0,6,6,12.625,6,6,13.2,100.0,12.91,Baik (>75%),16.2,0.3,-0.92
STD-2533,Graduate,0,5.9,Rendah,Social Service,1st phase - Madeira,Reguler (Siang),Perempuan,<=20,19,Single,Tidak,Lunas,Ya,Ya,Tidak,Domestik,127.1,126.0,6,3,12.666666666666666,6,6,11.0,75.0,11.83,Sedang (50-75%),9.4,-0.8,-3.12
STD-2534,Enrolled,0,4.4,Rendah,Equinculture,2nd phase - general,Reguler (Siang),Perempuan,<=20,18,Single,Tidak,Lunas,Ya,Ya,Tidak,Domestik,126.3,138.0,6,6,12.833333333333334,6,6,13.0,100.0,12.92,Baik (>75%),8.9,1.4,3.51
STD-2535,Graduate,0,1.5,Rendah,Social Service,1st phase - general,Reguler (Siang),Perempuan,<=20,19,Single,Tidak,Lunas,Ya,Ya,Tidak,Domestik,112.9,115.0,6,6,11.857142857142858,6,6,13.142857142857142,100.0,12.5,Baik (>75%),12.4,0.5,1.79
STD-2536,Enrolled,0,54.2,Sedang,Basic Education,2nd phase - general,Reguler (Siang),Perempuan,<=20,19,Single,Tidak,Lunas,Tidak,Ya,Tidak,Domestik,130.2,141.0,6,5,11.4,6,4,10.75,75.0,11.08,Sedang (50-75%),12.7,3.7,-1.7
STD-2537,Enrolled,0,12.1,Rendah,Equinculture,Change of course,Reguler (Siang),Perempuan,<=20,19,Single,Tidak,Lunas,Tidak,Tidak,Tidak,Internasional,100.0,100.0,5,5,14.857142857142858,5,5,15.142857142857142,100.0,15.0,Baik (>75%),9.4,-0.8,-3.12
STD-2538,Graduate,0,4.7,Rendah,Advertising & Marketing,1st phase - general,Reguler (Siang),Perempuan,<=20,19,Single,Tidak,Lunas,Tidak,Tidak,Tidak,Domestik,121.6,130.0,6,6,14.714285714285714,6,6,15.833333333333334,100.0,15.27,Baik (>75%),12.4,0.5,1.79
STD-2539,Graduate,0,11.1,Rendah,Advertising & Marketing,International student,Reguler (Siang),Perempuan,<=20,20,Single,Ya,Lunas,Tidak,Tidak,Ya,Internasional,130.0,130.0,6,6,13.5,6,5,13.0,91.7,13.25,Baik (>75%),8.9,1.4,3.51
STD-2540,Graduate,0,3.8,Rendah,Equinculture,3rd phase - general,Reguler (Siang),Perempuan,<=20,18,Single,Tidak,Lunas,Ya,Ya,Tidak,Domestik,121.7,135.0,5,4,11.5,5,5,12.4,90.0,11.95,Baik (>75%),10.8,1.4,1.74
STD-2541,Dropout,1,94.5,Tinggi,Management,Holder of other higher course,Reguler (Siang),Perempuan,28-35,33,Single,Tidak,Lunas,Tidak,Tidak,Tidak,Domestik,120.0,120.0,5,2,14.0,5,0,0.0,20.0,7.0,Kritis (<25%),12.4,0.5,1.79
STD-2542,Dropout,1,86.3,Tinggi,Basic Education,1st phase - general,Reguler (Siang),Perempuan,<=20,19,Single,Tidak,Lunas,Ya,Tidak,Tidak,Domestik,143.5,148.0,7,6,12.833333333333334,6,0,0.0,46.2,6.42,Rendah (25-50%),13.9,-0.3,0.79
STD-2543,Graduate,0,2.6,Rendah,Oral Hygiene,2nd phase - general,Reguler (Siang),Perempuan,<=20,18,Single,Tidak,Lunas,Ya,Tidak,Tidak,Domestik,128.3,136.0,7,7,13.428571428571429,8,8,14.75,100.0,14.09,Baik (>75%),15.5,2.8,-4.06
STD-2544,Dropout,1,91.4,Tinggi,Communication Design,2nd phase - general,Reguler (Siang),Perempuan,<=20,19,Single,Tidak,Lunas,Tidak,Tidak,Tidak,Domestik,111.9,108.0,6,0,0.0,6,0,0.0,0.0,0.0,Kritis (<25%),8.9,1.4,3.51
STD-2545,Enrolled,0,20.2,Rendah,Agronomy,Tech. specialization holder,Reguler (Siang),Perempuan,<=20,19,Single,Tidak,Lunas,Tidak,Tidak,Tidak,Domestik,140.0,140.0,6,3,11.666666666666666,6,4,11.5,58.3,11.58,Sedang (50-75%),15.5,2.8,-4.06
STD-2546,Graduate,0,24.8,Rendah,Journalism & Comm,1st phase - general,Reguler (Siang),Perempuan,<=20,18,Single,Tidak,Lunas,Tidak,Ya,Tidak,Domestik,137.6,153.0,6,6,16.0,6,6,14.333333333333334,100.0,15.17,Baik (>75%),12.4,0.5,1.79
STD-2547,Graduate,0,1.3,Rendah,Social Service,1st phase - general,Reguler (Siang),Perempuan,<=20,20,Single,Tidak,Lunas,Tidak,Ya,Tidak,Domestik,135.0,135.0,6,6,13.833333333333334,6,6,11.833333333333334,100.0,12.83,Baik (>75%),10.8,1.4,1.74
STD-2548,Graduate,0,6.3,Rendah,Nursing,1st phase - general,Reguler (Siang),Perempuan,<=20,19,Single,Tidak,Lunas,Tidak,Ya,Tidak,Domestik,133.8,146.0,8,8,13.2325,8,8,13.2325,100.0,13.23,Baik (>75%),9.4,-0.8,-3.12
STD-2549,Graduate,0,5.7,Rendah,Journalism & Comm,1st phase - general,Reguler (Siang),Laki-laki,<=20,18,Single,Tidak,Lunas,Ya,Ya,Tidak,Domestik,126.9,130.0,6,6,14.0,6,6,14.166666666666666,100.0,14.08,Baik (>75%),9.4,-0.8,-3.12
STD-2550,Dropout,1,90.5,Tinggi,Tourism,2nd phase - general,Reguler (Siang),Laki-laki,<=20,19,Single,Ya,Lunas,Ya,Ya,Tidak,Domestik,106.7,113.0,6,2,10.0,6,0,0.0,16.7,5.0,Kritis (<25%),13.9,-0.3,0.79
STD-2551,Graduate,0,3.6,Rendah,Social Service (eve),Change of course,Kelas Malam,Perempuan,24-27,25,Single,Tidak,Lunas,Tidak,Ya,Tidak,Internasional,145.7,145.7,16,15,13.333333333333334,13,11,12.272727272727272,89.7,12.8,Baik (>75%),13.9,-0.3,0.79
STD-2552,Enrolled,0,3.1,Rendah,Communication Design,2nd phase - general,Reguler (Siang),Perempuan,<=20,20,Single,Tidak,Lunas,Ya,Ya,Tidak,Domestik,153.1,145.0,6,6,12.5,6,6,14.333333333333334,100.0,13.42,Baik (>75%),12.7,3.7,-1.7
STD-2553,Graduate,0,1.3,Rendah,Social Service (eve),1st phase - general,Kelas Malam,Perempuan,<=20,19,Single,Tidak,Lunas,Tidak,Tidak,Tidak,Domestik,118.7,126.0,6,6,12.5,6,6,11.5,100.0,12.0,Baik (>75%),12.7,3.7,-1.7
STD-2554,Dropout,1,95.6,Tinggi,Management (evening),2nd phase - general,Kelas Malam,Laki-laki,28-35,33,Single,Ya,Lunas,Tidak,Ya,Tidak,Domestik,161.8,160.0,5,2,10.5,5,0,0.0,20.0,5.25,Kritis (<25%),7.6,2.6,0.32
STD-2555,Enrolled,0,17.9,Rendah,Informatics Engineering,3rd phase - general,Reguler (Siang),Laki-laki,<=20,18,Single,Ya,Lunas,Tidak,Ya,Tidak,Domestik,124.9,134.0,5,3,10.666666666666666,5,3,11.333333333333334,60.0,11.0,Sedang (50-75%),8.9,1.4,3.51
STD-2556,Enrolled,0,45.1,Sedang,Informatics Engineering,1st phase - general,Reguler (Siang),Laki-laki,<=20,18,Single,Tidak,Lunas,Tidak,Ya,Tidak,Domestik,150.8,163.0,5,4,10.5,5,2,10.5,60.0,10.5,Sedang (50-75%),7.6,2.6,0.32
STD-2557,Graduate,0,2.6,Rendah,Management,International student,Reguler (Siang),Perempuan,<=20,19,Single,Tidak,Lunas,Tidak,Tidak,Tidak,Internasional,130.0,130.0,5,4,12.0,5,5,11.4,90.0,11.7,Baik (>75%),11.1,0.6,2.02
STD-2558,Enrolled,0,32.9,Sedang,Animation & Multimedia,1st phase - general,Reguler (Siang),Perempuan,<=20,18,Single,Tidak,Lunas,Tidak,Ya,Tidak,Domestik,163.6,165.0,0,0,0.0,0,0,0.0,0.0,0.0,Kritis (<25%),12.4,0.5,1.79
STD-2559,Enrolled,0,3.7,Rendah,Management,Change of course,Reguler (Siang),Perempuan,<=20,19,Single,Tidak,Lunas,Tidak,Tidak,Tidak,Domestik,115.0,142.0,5,5,11.5,5,2,10.666666666666666,70.0,11.08,Sedang (50-75%),13.9,-0.3,0.79
STD-2560,Dropout,1,2.3,Rendah,Journalism & Comm,1st phase - general,Reguler (Siang),Perempuan,<=20,18,Single,Tidak,Lunas,Tidak,Ya,Tidak,Domestik,136.8,156.0,6,6,14.0,6,6,13.5,100.0,13.75,Baik (>75%),11.1,0.6,2.02
STD-2561,Graduate,0,27.0,Rendah,Basic Education,2nd phase - general,Reguler (Siang),Perempuan,<=20,18,Single,Tidak,Lunas,Tidak,Ya,Tidak,Domestik,130.9,141.0,6,6,13.5,6,5,12.6,91.7,13.05,Baik (>75%),7.6,2.6,0.32
STD-2562,Graduate,0,2.8,Rendah,Nursing,1st phase - general,Reguler (Siang),Perempuan,<=20,18,Single,Tidak,Lunas,Tidak,Ya,Tidak,Domestik,127.0,143.0,8,8,13.07375,8,8,13.07375,100.0,13.07,Baik (>75%),9.4,-0.8,-3.12
STD-2563,Dropout,1,95.2,Tinggi,Nursing,Over 23 years old,Reguler (Siang),Perempuan,>35,37,Married,Tidak,Lunas,Tidak,Tidak,Tidak,Domestik,120.0,133.1,7,2,10.75,7,0,0.0,14.3,5.38,Kritis (<25%),16.2,0.3,-0.92
STD-2564,Enrolled,0,71.4,Tinggi,Social Service,1st phase - general,Reguler (Siang),Perempuan,<=20,20,Single,Tidak,Lunas,Tidak,Tidak,Tidak,Domestik,126.0,133.0,6,1,12.0,5,0,0.0,9.1,6.0,Kritis (<25%),9.4,-0.8,-3.12
STD-2565,Graduate,0,1.9,Rendah,Tourism,1st phase - general,Reguler (Siang),Perempuan,<=20,20,Single,Tidak,Lunas,Ya,Ya,Tidak,Internasional,153.8,172.0,6,6,14.0,6,6,13.333333333333334,100.0,13.67,Baik (>75%),10.8,1.4,1.74
STD-2566,Graduate,0,1.3,Rendah,Social Service,International student,Reguler (Siang),Laki-laki,21-23,21,Single,Tidak,Lunas,Tidak,Tidak,Tidak,Internasional,140.0,140.0,6,6,12.333333333333334,6,6,13.428571428571429,100.0,12.88,Baik (>75%),11.1,0.6,2.02
STD-2567,Graduate,0,2.3,Rendah,Nursing,2nd phase - general,Reguler (Siang),Perempuan,<=20,18,Single,Tidak,Lunas,Ya,Tidak,Tidak,Domestik,136.6,142.0,7,7,13.464285714285714,8,8,14.788888888888888,100.0,14.13,Baik (>75%),12.4,0.5,1.79
STD-2568,Enrolled,0,29.2,Rendah,Social Service (eve),Over 23 years old,Kelas Malam,Perempuan,24-27,26,Single,Tidak,Lunas,Tidak,Tidak,Tidak,Domestik,105.0,140.0,6,3,10.666666666666666,6,5,11.2,66.7,10.93,Sedang (50-75%),15.5,2.8,-4.06
STD-2569,Enrolled,0,26.9,Rendah,Management,Over 23 years old,Reguler (Siang),Perempuan,>35,41,Single,Ya,Lunas,Tidak,Tidak,Tidak,Domestik,139.4,133.1,5,5,11.6,5,5,12.2,100.0,11.9,Baik (>75%),7.6,2.6,0.32
STD-2570,Graduate,0,4.9,Rendah,Journalism & Comm,1st phase - general,Reguler (Siang),Perempuan,<=20,18,Single,Tidak,Lunas,Ya,Ya,Tidak,Domestik,140.0,148.0,6,6,13.666666666666666,6,6,14.666666666666666,100.0,14.17,Baik (>75%),16.2,0.3,-0.92
STD-2571,Graduate,0,3.5,Rendah,Nursing,1st phase - general,Reguler (Siang),Perempuan,<=20,18,Single,Ya,Lunas,Tidak,Tidak,Tidak,Domestik,130.8,137.0,8,8,14.4025,8,8,14.4025,100.0,14.4,Baik (>75%),9.4,-0.8,-3.12
STD-2572,Graduate,0,7.4,Rendah,Nursing,1st phase - general,Reguler (Siang),Perempuan,28-35,31,Single,Tidak,Lunas,Tidak,Ya,Tidak,Domestik,138.8,143.0,7,7,15.46875,8,8,16.3875,100.0,15.93,Baik (>75%),11.1,0.6,2.02
STD-2573,Graduate,0,8.1,Rendah,Social Service,1st phase - general,Reguler (Siang),Perempuan,21-23,23,Single,Ya,Lunas,Tidak,Tidak,Tidak,Domestik,110.0,133.1,6,6,12.625,6,6,14.166666666666666,100.0,13.4,Baik (>75%),12.7,3.7,-1.7
STD-2574,Graduate,0,2.3,Rendah,Nursing,1st phase - general,Reguler (Siang),Perempuan,<=20,19,Single,Tidak,Lunas,Tidak,Ya,Tidak,Domestik,127.8,138.0,7,6,14.983333333333334,7,6,14.983333333333334,85.7,14.98,Baik (>75%),7.6,2.6,0.32
STD-2575,Graduate,0,19.5,Rendah,Journalism & Comm,1st phase - Madeira,Reguler (Siang),Perempuan,<=20,20,Single,Tidak,Lunas,Ya,Ya,Tidak,Domestik,134.2,138.0,6,6,15.0,6,6,13.0,100.0,14.0,Baik (>75%),11.1,0.6,2.02
STD-2576,Graduate,0,3.6,Rendah,Social Service (eve),Over 23 years old,Kelas Malam,Perempuan,>35,40,Married,Tidak,Lunas,Tidak,Tidak,Tidak,Domestik,143.0,150.0,9,9,15.88888888888889,7,7,14.142857142857142,100.0,15.02,Baik (>75%),12.7,3.7,-1.7
STD-2577,Dropout,1,79.5,Tinggi,Veterinary Nursing,Tech. specialization holder,Reguler (Siang),Perempuan,28-35,32,Single,Ya,Lunas,Tidak,Ya,Tidak,Domestik,120.0,120.0,6,4,11.5,6,3,11.0,58.3,11.25,Sedang (50-75%),16.2,0.3,-0.92
STD-2578,Dropout,1,71.9,Tinggi,Tourism,1st phase - general,Reguler (Siang),Perempuan,24-27,24,Single,Tidak,Lunas,Tidak,Ya,Tidak,Domestik,113.2,110.0,6,2,10.5,6,1,10.0,25.0,10.25,Kritis (<25%),10.8,1.4,1.74
STD-2579,Graduate,0,2.6,Rendah,Nursing,2nd phase - general,Reguler (Siang),Perempuan,<=20,18,Single,Tidak,Lunas,Tidak,Ya,Tidak,Domestik,135.8,146.0,7,6,13.983333333333334,7,6,13.983333333333334,85.7,13.98,Baik (>75%),7.6,2.6,0.32
STD-2580,Graduate,0,2.5,Rendah,Social Service,1st phase - general,Reguler (Siang),Perempuan,<=20,18,Single,Tidak,Lunas,Tidak,Tidak,Tidak,Domestik,143.5,148.0,6,6,13.0,6,6,12.833333333333334,100.0,12.92,Baik (>75%),10.8,1.4,1.74
STD-2581,Graduate,0,2.1,Rendah,Social Service,1st phase - general,Reguler (Siang),Perempuan,<=20,18,Single,Tidak,Lunas,Ya,Ya,Tidak,Domestik,148.9,145.0,6,6,13.666666666666666,6,6,13.0,100.0,13.33,Baik (>75%),10.8,1.4,1.74
STD-2582,Dropout,1,98.4,Tinggi,Agronomy,Over 23 years old,Reguler (Siang),Perempuan,24-27,27,Single,Tidak,Menunggak,Tidak,Ya,Tidak,Domestik,115.6,133.1,6,0,0.0,6,0,0.0,0.0,0.0,Kritis (<25%),15.5,2.8,-4.06
STD-2583,Graduate,0,3.5,Rendah,Management,1st phase - general,Reguler (Siang),Perempuan,<=20,18,Single,Tidak,Lunas,Tidak,Tidak,Tidak,Domestik,159.3,160.0,5,5,14.4,5,5,15.4,100.0,14.9,Baik (>75%),7.6,2.6,0.32
STD-2584,Enrolled,0,11.0,Rendah,Management (evening),Over 23 years old,Kelas Malam,Perempuan,24-27,26,Single,Tidak,Lunas,Tidak,Tidak,Tidak,Domestik,138.5,150.0,5,4,12.0,5,4,11.25,80.0,11.62,Baik (>75%),12.7,3.7,-1.7
STD-2585,Graduate,0,4.4,Rendah,Basic Education,1st phase - general,Reguler (Siang),Perempuan,<=20,19,Single,Tidak,Lunas,Tidak,Ya,Tidak,Domestik,133.2,130.0,6,6,14.166666666666666,6,6,13.666666666666666,100.0,13.92,Baik (>75%),7.6,2.6,0.32
STD-2586,Graduate,0,4.2,Rendah,Social Service (eve),2nd phase - general,Kelas Malam,Perempuan,<=20,19,Single,Tidak,Lunas,Tidak,Ya,Tidak,Domestik,117.6,120.0,6,5,12.2,6,6,12.0,91.7,12.1,Baik (>75%),7.6,2.6,0.32
STD-2587,Enrolled,0,20.7,Rendah,Management,3rd phase - general,Reguler (Siang),Perempuan,21-23,21,Single,Tidak,Lunas,Tidak,Ya,Tidak,Domestik,108.7,115.0,5,3,12.0,5,3,12.666666666666666,60.0,12.33,Sedang (50-75%),9.4,-0.8,-3.12
STD-2588,Enrolled,0,56.8,Sedang,Management,1st phase - general,Reguler (Siang),Perempuan,24-27,24,Single,Tidak,Lunas,Tidak,Ya,Tidak,Domestik,106.0,133.1,5,2,10.5,5,1,11.0,30.0,10.75,Rendah (25-50%),12.7,3.7,-1.7
STD-2589,Dropout,1,64.3,Tinggi,Basic Education,2nd phase - general,Reguler (Siang),Perempuan,<=20,20,Single,Tidak,Lunas,Tidak,Tidak,Tidak,Domestik,122.6,120.0,6,3,12.333333333333334,6,2,10.5,41.7,11.42,Rendah (25-50%),12.7,3.7,-1.7
STD-2590,Enrolled,0,41.9,Sedang,Basic Education,1st phase - general,Reguler (Siang),Perempuan,<=20,18,Single,Tidak,Lunas,Tidak,Ya,Tidak,Domestik,127.4,134.0,6,5,12.2,6,5,12.2,83.3,12.2,Baik (>75%),10.8,1.4,1.74
STD-2591,Dropout,1,95.5,Tinggi,Agronomy,Over 23 years old,Reguler (Siang),Perempuan,28-35,30,Single,Tidak,Lunas,Tidak,Tidak,Tidak,Domestik,100.0,133.1,6,0,0.0,6,0,0.0,0.0,0.0,Kritis (<25%),11.1,0.6,2.02
STD-2592,Enrolled,0,50.8,Sedang,Basic Education,1st phase - general,Reguler (Siang),Perempuan,21-23,22,Single,Ya,Menunggak,Tidak,Ya,Tidak,Domestik,95.0,133.1,7,6,11.5,7,6,13.166666666666666,85.7,12.33,Baik (>75%),11.1,0.6,2.02
STD-2593,Graduate,0,6.8,Rendah,Management,Holder of other higher course,Reguler (Siang),Perempuan,21-23,21,Single,Tidak,Lunas,Tidak,Tidak,Tidak,Domestik,130.0,130.0,9,9,10.88888888888889,10,10,11.615384615384617,100.0,11.25,Baik (>75%),10.8,1.4,1.74
STD-2594,Dropout,1,2.8,Rendah,Oral Hygiene,Over 23 years old,Reguler (Siang),Perempuan,24-27,26,Single,Tidak,Lunas,Tidak,Tidak,Tidak,Domestik,122.8,120.0,7,6,12.166666666666666,8,8,11.675,93.3,11.92,Baik (>75%),13.9,-0.3,0.79
STD-2595,Enrolled,0,72.1,Tinggi,Management,2nd phase - general,Reguler (Siang),Perempuan,21-23,23,Single,Tidak,Lunas,Tidak,Ya,Tidak,Domestik,115.0,115.0,5,2,10.0,5,1,12.0,30.0,11.0,Rendah (25-50%),9.4,-0.8,-3.12
STD-2596,Graduate,0,4.1,Rendah,Communication Design,2nd phase - general,Reguler (Siang),Perempuan,<=20,18,Single,Tidak,Lunas,Ya,Tidak,Tidak,Domestik,145.9,135.0,6,6,12.666666666666666,6,6,12.166666666666666,100.0,12.42,Baik (>75%),16.2,0.3,-0.92
STD-2597,Dropout,1,43.5,Sedang,Communication Design,1st phase - general,Reguler (Siang),Perempuan,21-23,21,Single,Ya,Lunas,Tidak,Ya,Tidak,Domestik,143.0,133.1,6,5,11.4,6,5,12.2,83.3,11.8,Baik (>75%),12.7,3.7,-1.7
STD-2598,Dropout,1,45.2,Sedang,Animation & Multimedia,Change of course,Reguler (Siang),Perempuan,<=20,18,Single,Tidak,Lunas,Ya,Tidak,Tidak,Domestik,100.0,145.0,0,0,0.0,0,0,0.0,0.0,0.0,Kritis (<25%),13.9,-0.3,0.79
STD-2599,Enrolled,0,6.3,Rendah,Veterinary Nursing,2nd phase - general,Reguler (Siang),Perempuan,21-23,21,Single,Tidak,Lunas,Tidak,Ya,Tidak,Domestik,121.3,130.0,5,2,13.0,5,4,12.0,60.0,12.5,Sedang (50-75%),9.4,-0.8,-3.12
STD-2600,Enrolled,0,23.0,Rendah,Basic Education,2nd phase - general,Reguler (Siang),Perempuan,<=20,18,Single,Tidak,Lunas,Tidak,Ya,Tidak,Domestik,121.2,118.0,6,5,13.4,6,5,12.0,83.3,12.7,Baik (>75%),7.6,2.6,0.32
STD-2601,Dropout,1,31.0,Sedang,Basic Education,2nd phase - general,Reguler (Siang),Perempuan,<=20,19,Single,Tidak,Lunas,Ya,Ya,Ya,Domestik,125.1,138.0,6,6,13.5,6,5,12.8,91.7,13.15,Baik (>75%),12.7,3.7,-1.7
STD-2602,Enrolled,0,36.4,Sedang,Tourism,2nd phase - general,Reguler (Siang),Perempuan,21-23,22,Single,Tidak,Lunas,Tidak,Ya,Tidak,Domestik,112.9,122.0,6,4,12.25,6,3,11.333333333333334,58.3,11.79,Sedang (50-75%),7.6,2.6,0.32
STD-2603,Graduate,0,1.4,Rendah,Social Service,1st phase - general,Reguler (Siang),Perempuan,<=20,19,Single,Tidak,Lunas,Tidak,Ya,Tidak,Domestik,120.8,126.0,6,6,12.285714285714286,6,6,12.833333333333334,100.0,12.56,Baik (>75%),12.4,0.5,1.79
STD-2604,Dropout,1,97.1,Tinggi,Veterinary Nursing,1st phase - general,Reguler (Siang),Perempuan,<=20,19,Single,Tidak,Menunggak,Tidak,Ya,Tidak,Domestik,114.0,121.0,5,0,0.0,5,0,0.0,0.0,0.0,Kritis (<25%),9.4,-0.8,-3.12
STD-2605,Dropout,1,44.9,Sedang,Social Service,2nd phase - general,Reguler (Siang),Perempuan,<=20,19,Single,Tidak,Lunas,Tidak,Ya,Tidak,Domestik,132.1,152.0,6,2,10.5,6,1,13.0,25.0,11.75,Kritis (<25%),9.4,-0.8,-3.12
STD-2606,Graduate,0,9.8,Rendah,Veterinary Nursing,Tech. specialization holder,Reguler (Siang),Perempuan,24-27,27,Married,Tidak,Lunas,Tidak,Tidak,Tidak,Domestik,160.0,160.0,5,3,14.0,5,5,12.0,80.0,13.0,Baik (>75%),9.4,-0.8,-3.12
STD-2607,Graduate,0,3.4,Rendah,Veterinary Nursing,Ordinance 854-B/99,Reguler (Siang),Perempuan,21-23,22,Single,Tidak,Lunas,Tidak,Ya,Tidak,Domestik,134.0,134.0,5,5,14.2,5,5,12.2,100.0,13.2,Baik (>75%),12.7,3.7,-1.7
STD-2608,Dropout,1,5.4,Rendah,Journalism & Comm,1st phase - general,Reguler (Siang),Perempuan,<=20,18,Single,Tidak,Lunas,Tidak,Ya,Tidak,Domestik,124.2,128.0,6,5,13.0,6,6,13.142857142857142,91.7,13.07,Baik (>75%),15.5,2.8,-4.06
STD-2609,Graduate,0,8.0,Rendah,Tourism,2nd phase - general,Reguler (Siang),Perempuan,<=20,20,Single,Tidak,Lunas,Tidak,Ya,Tidak,Domestik,115.6,125.0,6,6,11.0,6,4,12.75,83.3,11.88,Baik (>75%),9.4,-0.8,-3.12
STD-2610,Dropout,1,75.7,Tinggi,Management (evening),Change of course,Kelas Malam,Perempuan,28-35,34,Married,Tidak,Lunas,Tidak,Tidak,Tidak,Domestik,128.2,130.0,8,3,11.0,7,2,10.0,33.3,10.5,Rendah (25-50%),9.4,-0.8,-3.12
STD-2611,Graduate,0,9.4,Rendah,Nursing,2nd phase - general,Reguler (Siang),Perempuan,<=20,18,Single,Tidak,Lunas,Tidak,Ya,Tidak,Domestik,132.8,138.0,7,6,12.385714285714286,8,8,13.755555555555556,93.3,13.07,Baik (>75%),13.9,-0.3,0.79
STD-2612,Graduate,0,14.7,Rendah,Journalism & Comm,2nd phase - general,Reguler (Siang),Laki-laki,<=20,20,Single,Tidak,Lunas,Tidak,Ya,Tidak,Domestik,123.1,121.0,6,4,14.75,6,4,12.25,66.7,13.5,Sedang (50-75%),9.4,-0.8,-3.12
STD-2613,Graduate,0,9.4,Rendah,Equinculture,1st phase - general,Reguler (Siang),Perempuan,<=20,20,Single,Tidak,Lunas,Tidak,Ya,Tidak,Internasional,125.6,134.0,5,5,16.166666666666668,5,5,15.833333333333334,100.0,16.0,Baik (>75%),12.7,3.7,-1.7
STD-2614,Dropout,1,89.2,Tinggi,Management (evening),Over 23 years old,Kelas Malam,Laki-laki,24-27,25,Single,Tidak,Lunas,Tidak,Tidak,Tidak,Domestik,115.0,130.0,5,0,0.0,5,0,0.0,0.0,0.0,Kritis (<25%),16.2,0.3,-0.92
STD-2615,Dropout,1,25.1,Rendah,Informatics Engineering,1st phase - general,Reguler (Siang),Laki-laki,<=20,18,Single,Tidak,Lunas,Tidak,Ya,Tidak,Domestik,123.6,126.0,5,5,12.4,5,3,13.0,80.0,12.7,Baik (>75%),8.9,1.4,3.51
STD-2616,Dropout,1,24.3,Rendah,Equinculture,1st phase - general,Reguler (Siang),Laki-laki,<=20,18,Single,Tidak,Menunggak,Tidak,Tidak,Tidak,Domestik,141.7,148.0,6,5,11.6,6,4,13.0,75.0,12.3,Sedang (50-75%),8.9,1.4,3.51
STD-2617,Dropout,1,71.0,Tinggi,Basic Education,2nd phase - general,Reguler (Siang),Perempuan,<=20,18,Single,Tidak,Lunas,Ya,Ya,Tidak,Domestik,139.0,160.0,6,5,12.2,6,0,0.0,41.7,6.1,Rendah (25-50%),9.4,-0.8,-3.12
STD-2618,Graduate,0,4.4,Rendah,Tourism,2nd phase - general,Reguler (Siang),Perempuan,<=20,19,Single,Tidak,Lunas,Ya,Tidak,Tidak,Domestik,118.0,118.0,6,5,11.0,6,5,12.8,83.3,11.9,Baik (>75%),12.4,0.5,1.79
STD-2619,Dropout,1,15.2,Rendah,Basic Education,2nd phase - general,Reguler (Siang),Perempuan,<=20,19,Single,Tidak,Lunas,Ya,Ya,Tidak,Domestik,142.0,150.0,6,6,12.333333333333334,6,5,12.4,91.7,12.37,Baik (>75%),10.8,1.4,1.74
STD-2620,Graduate,0,2.6,Rendah,Social Service,Tech. specialization holder,Reguler (Siang),Perempuan,21-23,21,Single,Tidak,Lunas,Ya,Tidak,Tidak,Domestik,143.4,140.0,6,6,14.833333333333334,6,6,12.571428571428571,100.0,13.7,Baik (>75%),13.9,-0.3,0.79
STD-2621,Enrolled,0,11.5,Rendah,Communication Design,Transfer,Reguler (Siang),Perempuan,28-35,29,Single,Tidak,Lunas,Tidak,Tidak,Tidak,Domestik,115.9,100.0,10,9,11.555555555555555,11,10,11.9,90.5,11.73,Baik (>75%),9.4,-0.8,-3.12
STD-2622,Graduate,0,1.7,Rendah,Communication Design,1st phase - general,Reguler (Siang),Perempuan,<=20,20,Single,Tidak,Lunas,Ya,Ya,Tidak,Domestik,105.1,110.0,6,6,12.0,6,6,11.833333333333334,100.0,11.92,Baik (>75%),12.4,0.5,1.79
STD-2623,Graduate,0,7.4,Rendah,Social Service (eve),Change of institution/course,Kelas Malam,Perempuan,21-23,21,Single,Ya,Lunas,Ya,Ya,Tidak,Domestik,138.0,140.0,13,11,12.727272727272728,11,10,12.6,87.5,12.66,Baik (>75%),8.9,1.4,3.51
STD-2624,Dropout,1,91.0,Tinggi,Management (evening),Change of course,Kelas Malam,Perempuan,28-35,34,Single,Tidak,Lunas,Tidak,Tidak,Tidak,Internasional,114.7,133.1,2,2,10.5,1,1,11.0,100.0,10.75,Baik (>75%),10.8,1.4,1.74
STD-2625,Graduate,0,5.6,Rendah,Journalism & Comm,1st phase - general,Reguler (Siang),Perempuan,<=20,20,Single,Tidak,Lunas,Tidak,Ya,Tidak,Internasional,130.5,140.0,6,6,12.333333333333334,6,6,12.0,100.0,12.17,Baik (>75%),12.7,3.7,-1.7
STD-2626,Dropout,1,67.8,Tinggi,Management (evening),Over 23 years old,Kelas Malam,Laki-laki,24-27,24,Single,Tidak,Lunas,Tidak,Tidak,Tidak,Domestik,134.3,110.0,5,0,0.0,5,1,12.0,10.0,6.0,Kritis (<25%),10.8,1.4,1.74
STD-2627,Graduate,0,3.1,Rendah,Nursing,1st phase - general,Reguler (Siang),Laki-laki,<=20,18,Single,Tidak,Lunas,Tidak,Tidak,Tidak,Domestik,137.5,148.0,7,7,14.842857142857143,8,8,14.38888888888889,100.0,14.62,Baik (>75%),16.2,0.3,-0.92
STD-2628,Enrolled,0,2.3,Rendah,Nursing,1st phase - general,Reguler (Siang),Laki-laki,<=20,19,Single,Tidak,Lunas,Tidak,Tidak,Tidak,Domestik,125.3,137.0,7,7,12.2,7,7,12.2,100.0,12.2,Baik (>75%),7.6,2.6,0.32
STD-2629,Enrolled,0,10.9,Rendah,Management,1st phase - general,Reguler (Siang),Laki-laki,<=20,18,Single,Tidak,Lunas,Ya,Tidak,Tidak,Domestik,111.3,120.0,5,4,10.8,5,4,11.75,80.0,11.28,Baik (>75%),15.5,2.8,-4.06
STD-2630,Enrolled,0,12.2,Rendah,Management (evening),Over 23 years old,Kelas Malam,Laki-laki,28-35,28,Single,Tidak,Lunas,Tidak,Tidak,Tidak,Domestik,144.8,120.0,5,4,12.75,5,5,14.333333333333334,90.0,13.54,Baik (>75%),10.8,1.4,1.74
STD-2631,Dropout,1,89.2,Tinggi,Management (evening),Over 23 years old,Kelas Malam,Laki-laki,28-35,28,Single,Tidak,Lunas,Tidak,Tidak,Tidak,Domestik,152.1,130.0,5,2,11.0,5,1,12.0,30.0,11.5,Rendah (25-50%),11.1,0.6,2.02
STD-2632,Dropout,1,92.1,Tinggi,Tourism,2nd phase - general,Reguler (Siang),Laki-laki,<=20,20,Single,Tidak,Lunas,Tidak,Tidak,Tidak,Domestik,126.1,132.0,6,4,10.75,6,0,0.0,33.3,5.38,Rendah (25-50%),7.6,2.6,0.32
STD-2633,Graduate,0,13.0,Rendah,Nursing,Change of course,Reguler (Siang),Laki-laki,21-23,22,Single,Tidak,Lunas,Tidak,Ya,Tidak,Domestik,136.0,130.0,8,8,12.55375,8,8,12.55375,100.0,12.55,Baik (>75%),9.4,-0.8,-3.12
STD-2634,Graduate,0,5.1,Rendah,Nursing,1st phase - general,Reguler (Siang),Laki-laki,<=20,19,Single,Tidak,Lunas,Tidak,Ya,Tidak,Domestik,124.3,128.0,8,7,12.665714285714284,8,7,12.665714285714284,87.5,12.67,Baik (>75%),10.8,1.4,1.74
STD-2635,Enrolled,0,8.0,Rendah,Advertising & Marketing,1st phase - general,Reguler (Siang),Laki-laki,<=20,20,Single,Tidak,Lunas,Tidak,Ya,Tidak,Domestik,129.9,132.0,6,6,12.714285714285714,6,4,13.0,83.3,12.86,Baik (>75%),12.4,0.5,1.79
STD-2636,Dropout,1,93.7,Tinggi,Oral Hygiene,Over 23 years old,Reguler (Siang),Laki-laki,24-27,26,Single,Tidak,Lunas,Tidak,Tidak,Tidak,Domestik,136.1,133.1,7,2,11.75,5,0,0.0,16.7,5.88,Kritis (<25%),12.4,0.5,1.79
STD-2637,Dropout,1,95.9,Tinggi,Tourism,1st phase - general,Reguler (Siang),Laki-laki,21-23,21,Single,Tidak,Menunggak,Tidak,Ya,Tidak,Domestik,115.1,120.0,6,3,11.0,6,0,0.0,25.0,5.5,Kritis (<25%),9.4,-0.8,-3.12
STD-2638,Graduate,0,13.5,Rendah,Animation & Multimedia,1st phase - Madeira,Reguler (Siang),Laki-laki,<=20,18,Single,Tidak,Lunas,Tidak,Ya,Tidak,Domestik,143.6,145.0,0,0,0.0,0,0,0.0,0.0,0.0,Kritis (<25%),12.4,0.5,1.79
STD-2639,Graduate,0,3.7,Rendah,Management,2nd phase - general,Reguler (Siang),Laki-laki,<=20,18,Single,Tidak,Lunas,Tidak,Ya,Tidak,Domestik,115.8,127.0,5,5,13.4,5,5,12.2,100.0,12.8,Baik (>75%),11.1,0.6,2.02
STD-2640,Graduate,0,6.2,Rendah,Animation & Multimedia,1st phase - general,Reguler (Siang),Laki-laki,21-23,22,Single,Tidak,Lunas,Tidak,Ya,Tidak,Domestik,149.0,135.0,17,17,12.578947368421051,17,17,12.117647058823527,100.0,12.35,Baik (>75%),11.1,0.6,2.02
STD-2641,Dropout,1,97.6,Tinggi,Informatics Engineering,Over 23 years old,Reguler (Siang),Laki-laki,>35,36,Married,Tidak,Lunas,Tidak,Tidak,Tidak,Domestik,100.0,133.1,5,0,0.0,5,0,0.0,0.0,0.0,Kritis (<25%),16.2,0.3,-0.92
STD-2642,Graduate,0,11.4,Rendah,Journalism & Comm,1st phase - general,Reguler (Siang),Laki-laki,<=20,20,Single,Tidak,Lunas,Ya,Ya,Tidak,Domestik,133.4,125.0,6,6,12.0,6,6,11.5,100.0,11.75,Baik (>75%),13.9,-0.3,0.79
STD-2643,Dropout,1,94.2,Tinggi,Advertising & Marketing,2nd phase - general,Reguler (Siang),Laki-laki,<=20,20,Single,Tidak,Lunas,Tidak,Tidak,Tidak,Domestik,122.8,127.0,6,3,12.333333333333334,6,0,0.0,25.0,6.17,Kritis (<25%),10.8,1.4,1.74
STD-2644,Dropout,1,42.1,Sedang,Management (evening),Over 23 years old,Kelas Malam,Laki-laki,24-27,25,Single,Tidak,Lunas,Tidak,Tidak,Tidak,Domestik,151.2,133.1,5,4,11.5,5,3,13.5,70.0,12.5,Sedang (50-75%),12.4,0.5,1.79
STD-2645,Graduate,0,16.0,Rendah,Agronomy,Over 23 years old,Reguler (Siang),Laki-laki,28-35,35,Single,Tidak,Lunas,Tidak,Tidak,Tidak,Domestik,137.0,150.0,6,5,12.8,6,5,13.833333333333334,83.3,13.32,Baik (>75%),15.5,2.8,-4.06
STD-2646,Dropout,1,65.1,Tinggi,Animation & Multimedia,1st phase - general,Reguler (Siang),Laki-laki,21-23,22,Single,Tidak,Lunas,Tidak,Tidak,Tidak,Domestik,118.0,133.1,0,0,0.0,0,0,0.0,0.0,0.0,Kritis (<25%),11.1,0.6,2.02
STD-2647,Enrolled,0,30.2,Sedang,Communication Design,Change of course,Reguler (Siang),Laki-laki,24-27,26,Single,Tidak,Lunas,Tidak,Tidak,Tidak,Domestik,126.4,150.0,7,7,13.285714285714286,8,7,12.142857142857142,93.3,12.71,Baik (>75%),12.4,0.5,1.79
STD-2648,Dropout,1,89.6,Tinggi,Agronomy,Tech. specialization holder,Reguler (Siang),Laki-laki,<=20,20,Single,Ya,Menunggak,Tidak,Tidak,Tidak,Domestik,130.0,130.0,6,4,11.8,6,2,12.0,50.0,11.9,Rendah (25-50%),16.2,0.3,-0.92
STD-2649,Dropout,1,94.0,Tinggi,Social Service (eve),Change of course,Kelas Malam,Laki-laki,>35,50,Single,Tidak,Lunas,Tidak,Tidak,Tidak,Domestik,112.5,133.1,13,6,11.333333333333334,11,2,13.5,33.3,12.42,Rendah (25-50%),16.2,0.3,-0.92
STD-2650,Dropout,1,12.4,Rendah,Nursing,1st phase - general,Reguler (Siang),Laki-laki,<=20,20,Single,Tidak,Lunas,Tidak,Tidak,Tidak,Domestik,118.3,125.0,8,5,12.002,8,5,12.002,62.5,12.0,Sedang (50-75%),10.8,1.4,1.74
STD-2651,Enrolled,0,6.1,Rendah,Nursing,1st phase - general,Reguler (Siang),Laki-laki,<=20,20,Single,Tidak,Lunas,Tidak,Tidak,Tidak,Domestik,121.4,127.0,7,5,13.976666666666668,8,8,13.22222222222222,86.7,13.6,Baik (>75%),12.4,0.5,1.79
STD-2652,Dropout,1,97.3,Tinggi,Agronomy,Holder of other higher course,Reguler (Siang),Laki-laki,28-35,35,Single,Tidak,Menunggak,Tidak,Tidak,Tidak,Domestik,140.0,140.0,6,5,15.2,6,1,11.0,50.0,13.1,Rendah (25-50%),15.5,2.8,-4.06
STD-2653,Graduate,0,2.2,Rendah,Advertising & Marketing,1st phase - general,Reguler (Siang),Laki-laki,<=20,19,Single,Tidak,Lunas,Ya,Tidak,Tidak,Domestik,109.0,110.0,6,6,13.142857142857142,6,6,14.166666666666666,100.0,13.65,Baik (>75%),15.5,2.8,-4.06
STD-2654,Dropout,1,86.4,Tinggi,Management,Over 23 years old,Reguler (Siang),Laki-laki,>35,43,Married,Tidak,Lunas,Tidak,Tidak,Tidak,Domestik,110.0,133.1,5,0,0.0,5,0,0.0,0.0,0.0,Kritis (<25%),9.4,-0.8,-3.12
STD-2655,Graduate,0,4.6,Rendah,Nursing,2nd phase - general,Reguler (Siang),Laki-laki,<=20,19,Single,Tidak,Lunas,Tidak,Tidak,Tidak,Domestik,119.8,124.0,8,7,13.867142857142856,8,7,13.867142857142856,87.5,13.87,Baik (>75%),10.8,1.4,1.74
STD-2656,Graduate,0,23.1,Rendah,Nursing,Over 23 years old,Reguler (Siang),Laki-laki,24-27,25,Single,Tidak,Lunas,Tidak,Tidak,Tidak,Domestik,130.0,114.0,8,6,12.675,8,6,12.675,75.0,12.68,Sedang (50-75%),12.7,3.7,-1.7
STD-2657,Graduate,0,29.3,Rendah,Animation & Multimedia,1st phase - Madeira,Reguler (Siang),Laki-laki,<=20,19,Single,Tidak,Lunas,Tidak,Ya,Tidak,Domestik,167.3,155.0,0,0,0.0,0,0,0.0,0.0,0.0,Kritis (<25%),13.9,-0.3,0.79
STD-2658,Enrolled,0,2.8,Rendah,Basic Education,2nd phase - general,Reguler (Siang),Laki-laki,<=20,20,Single,Tidak,Lunas,Ya,Ya,Tidak,Domestik,111.9,114.0,6,6,12.0,6,6,12.5,100.0,12.25,Baik (>75%),7.6,2.6,0.32
STD-2659,Dropout,1,34.7,Sedang,Animation & Multimedia,1st phase - general,Reguler (Siang),Laki-laki,21-23,22,Single,Tidak,Lunas,Tidak,Ya,Tidak,Domestik,136.0,133.1,0,0,0.0,0,0,0.0,0.0,0.0,Kritis (<25%),12.7,3.7,-1.7
STD-2660,Dropout,1,3.8,Rendah,Tourism,1st phase - general,Reguler (Siang),Laki-laki,<=20,19,Single,Tidak,Lunas,Ya,Tidak,Tidak,Domestik,124.0,125.0,6,6,11.0,6,5,12.2,91.7,11.6,Baik (>75%),11.1,0.6,2.02
STD-2661,Dropout,1,58.2,Sedang,Management (evening),Over 23 years old,Kelas Malam,Laki-laki,28-35,32,Married,Tidak,Lunas,Tidak,Tidak,Tidak,Domestik,132.9,120.0,5,4,10.75,5,4,11.333333333333334,80.0,11.04,Baik (>75%),13.9,-0.3,0.79
STD-2662,Graduate,0,5.0,Rendah,Journalism & Comm,Over 23 years old,Reguler (Siang),Laki-laki,>35,57,Married,Tidak,Lunas,Tidak,Ya,Tidak,Domestik,154.0,100.0,6,5,14.2,6,6,14.166666666666666,91.7,14.18,Baik (>75%),9.4,-0.8,-3.12
STD-2663,Dropout,1,84.3,Tinggi,Nursing,1st phase - general,Reguler (Siang),Laki-laki,<=20,20,Single,Tidak,Menunggak,Tidak,Tidak,Tidak,Domestik,115.0,133.1,7,4,12.6,7,4,11.575,57.1,12.09,Sedang (50-75%),16.2,0.3,-0.92
STD-2664,Dropout,1,97.1,Tinggi,Management (evening),Over 23 years old,Kelas Malam,Laki-laki,>35,38,Single,Tidak,Menunggak,Tidak,Ya,Tidak,Domestik,96.0,120.0,5,0,0.0,5,0,0.0,0.0,0.0,Kritis (<25%),8.9,1.4,3.51
STD-2665,Graduate,0,5.0,Rendah,Management (evening),Over 23 years old,Kelas Malam,Laki-laki,>35,45,Married,Tidak,Lunas,Tidak,Tidak,Tidak,Domestik,168.2,120.0,5,5,14.0,5,5,14.166666666666666,100.0,14.08,Baik (>75%),12.4,0.5,1.79
STD-2666,Dropout,1,96.5,Tinggi,Journalism & Comm,Over 23 years old,Reguler (Siang),Laki-laki,>35,43,Married,Ya,Menunggak,Tidak,Tidak,Tidak,Domestik,140.0,110.0,6,2,10.0,6,4,12.25,50.0,11.12,Rendah (25-50%),10.8,1.4,1.74
STD-2667,Graduate,0,5.1,Rendah,Communication Design,2nd phase - general,Reguler (Siang),Laki-laki,<=20,19,Single,Tidak,Lunas,Tidak,Ya,Tidak,Domestik,137.4,144.0,6,6,13.833333333333334,6,6,13.125,100.0,13.48,Baik (>75%),10.8,1.4,1.74
STD-2668,Dropout,1,98.6,Tinggi,Management (evening),Over 23 years old,Kelas Malam,Laki-laki,>35,49,Married,Tidak,Menunggak,Tidak,Tidak,Tidak,Domestik,150.0,133.1,5,2,11.0,5,1,11.0,30.0,11.0,Rendah (25-50%),15.5,2.8,-4.06
STD-2669,Enrolled,0,4.3,Rendah,Nursing,Over 23 years old,Reguler (Siang),Laki-laki,>35,43,Married,Tidak,Lunas,Tidak,Ya,Tidak,Domestik,100.5,133.1,8,7,11.635714285714286,8,7,11.635714285714286,87.5,11.64,Baik (>75%),10.8,1.4,1.74
STD-2670,Dropout,1,95.3,Tinggi,Social Service (eve),Over 23 years old,Kelas Malam,Laki-laki,28-35,34,Single,Tidak,Lunas,Tidak,Tidak,Tidak,Domestik,148.5,133.1,6,4,12.25,5,0,0.0,36.4,6.12,Rendah (25-50%),11.1,0.6,2.02
STD-2671,Enrolled,0,39.6,Sedang,Informatics Engineering,2nd phase - general,Reguler (Siang),Laki-laki,<=20,18,Single,Ya,Lunas,Tidak,Ya,Tidak,Domestik,123.3,138.0,5,4,12.5,5,5,11.285714285714286,90.0,11.89,Baik (>75%),12.4,0.5,1.79
STD-2672,Graduate,0,15.4,Rendah,Management (evening),Over 23 years old,Kelas Malam,Laki-laki,>35,43,Married,Tidak,Lunas,Tidak,Tidak,Tidak,Domestik,138.7,120.0,5,5,13.8,5,5,13.666666666666666,100.0,13.73,Baik (>75%),10.8,1.4,1.74
STD-2673,Dropout,1,74.8,Tinggi,Tourism,1st phase - general,Reguler (Siang),Laki-laki,21-23,21,Single,Tidak,Lunas,Tidak,Tidak,Tidak,Domestik,117.2,120.0,6,3,12.0,6,1,11.0,33.3,11.5,Rendah (25-50%),15.5,2.8,-4.06
STD-2674,Enrolled,0,19.5,Rendah,Management (evening),Over 23 years old,Kelas Malam,Laki-laki,>35,40,Married,Tidak,Lunas,Tidak,Tidak,Tidak,Domestik,114.3,160.0,5,3,11.0,5,4,12.5,70.0,11.75,Sedang (50-75%),7.6,2.6,0.32
STD-2675,Graduate,0,9.1,Rendah,Advertising & Marketing,2nd phase - general,Reguler (Siang),Laki-laki,<=20,19,Single,Tidak,Lunas,Ya,Ya,Tidak,Domestik,125.3,134.0,6,4,13.75,6,6,11.555555555555555,83.3,12.65,Baik (>75%),10.8,1.4,1.74
STD-2676,Enrolled,0,24.0,Rendah,Tourism,1st phase - general,Reguler (Siang),Laki-laki,24-27,27,Single,Tidak,Lunas,Tidak,Tidak,Tidak,Domestik,97.0,133.1,6,6,10.666666666666666,6,4,11.25,83.3,10.96,Baik (>75%),10.8,1.4,1.74
STD-2677,Dropout,1,85.7,Tinggi,Oral Hygiene,Transfer,Reguler (Siang),Laki-laki,>35,43,Married,Tidak,Lunas,Tidak,Tidak,Tidak,Domestik,140.0,110.0,7,0,0.0,8,2,13.15,13.3,6.58,Kritis (<25%),16.2,0.3,-0.92
STD-2678,Graduate,0,21.2,Rendah,Management (evening),Change of course,Kelas Malam,Laki-laki,28-35,31,Single,Tidak,Lunas,Tidak,Tidak,Tidak,Domestik,124.0,130.0,5,5,13.833333333333334,5,5,15.4,100.0,14.62,Baik (>75%),9.4,-0.8,-3.12
STD-2679,Enrolled,0,87.8,Tinggi,Agronomy,Tech. specialization holder,Reguler (Siang),Laki-laki,24-27,26,Single,Ya,Lunas,Tidak,Ya,Tidak,Domestik,140.0,140.0,6,0,0.0,6,0,0.0,0.0,0.0,Kritis (<25%),8.9,1.4,3.51
STD-2680,Graduate,0,4.0,Rendah,Management (evening),Over 23 years old,Kelas Malam,Laki-laki,28-35,34,Single,Tidak,Lunas,Tidak,Tidak,Tidak,Domestik,127.0,150.0,5,5,15.8,5,5,16.8,100.0,16.3,Baik (>75%),8.9,1.4,3.51
STD-2681,Graduate,0,31.6,Sedang,Nursing,Change of course,Reguler (Siang),Laki-laki,28-35,30,Divorced,Tidak,Lunas,Tidak,Tidak,Tidak,Domestik,110.0,100.0,14,12,12.52608695652174,14,12,12.52608695652174,85.7,12.53,Baik (>75%),7.6,2.6,0.32
STD-2682,Dropout,1,94.6,Tinggi,Nursing,Over 23 years old,Reguler (Siang),Laki-laki,>35,36,Married,Tidak,Lunas,Tidak,Tidak,Tidak,Domestik,170.0,133.1,7,6,12.783333333333331,8,0,0.0,40.0,6.39,Rendah (25-50%),16.2,0.3,-0.92
STD-2683,Dropout,1,96.7,Tinggi,Management (evening),Holder of other higher course,Kelas Malam,Laki-laki,>35,46,Single,Ya,Menunggak,Tidak,Tidak,Tidak,Domestik,120.0,120.0,5,0,0.0,5,1,10.0,10.0,5.0,Kritis (<25%),11.1,0.6,2.02
STD-2684,Graduate,0,42.1,Sedang,Veterinary Nursing,2nd phase - general,Reguler (Siang),Laki-laki,21-23,22,Single,Tidak,Lunas,Tidak,Tidak,Tidak,Domestik,130.0,133.1,5,3,13.0,5,3,10.666666666666666,60.0,11.83,Sedang (50-75%),7.6,2.6,0.32
STD-2685,Dropout,1,94.7,Tinggi,Agronomy,Holder of other higher course,Reguler (Siang),Laki-laki,24-27,27,Single,Tidak,Lunas,Tidak,Tidak,Tidak,Domestik,130.0,130.0,6,0,0.0,6,0,0.0,0.0,0.0,Kritis (<25%),16.2,0.3,-0.92
STD-2686,Enrolled,0,13.1,Rendah,Informatics Engineering,1st phase - general,Reguler (Siang),Laki-laki,<=20,20,Single,Tidak,Lunas,Tidak,Ya,Tidak,Domestik,122.5,126.0,5,5,10.8,5,3,12.0,80.0,11.4,Baik (>75%),8.9,1.4,3.51
STD-2687,Enrolled,0,16.0,Rendah,Management,Change of institution/course,Reguler (Siang),Laki-laki,<=20,20,Single,Tidak,Lunas,Tidak,Tidak,Tidak,Domestik,115.7,130.0,5,5,11.0,5,3,10.0,80.0,10.5,Baik (>75%),8.9,1.4,3.51
STD-2688,Dropout,1,98.1,Tinggi,Informatics Engineering,Transfer,Reguler (Siang),Laki-laki,28-35,31,Single,Ya,Menunggak,Tidak,Tidak,Tidak,Domestik,120.0,140.0,4,0,0.0,5,0,0.0,0.0,0.0,Kritis (<25%),12.7,3.7,-1.7
STD-2689,Enrolled,0,77.3,Tinggi,Informatics Engineering,1st phase - general,Reguler (Siang),Laki-laki,<=20,20,Single,Ya,Lunas,Tidak,Ya,Tidak,Domestik,166.0,140.0,5,0,0.0,5,0,0.0,0.0,0.0,Kritis (<25%),9.4,-0.8,-3.12
STD-2690,Dropout,1,94.5,Tinggi,Journalism & Comm,2nd phase - general,Reguler (Siang),Laki-laki,21-23,21,Single,Tidak,Menunggak,Tidak,Ya,Tidak,Domestik,132.8,145.0,6,2,12.0,6,0,0.0,16.7,6.0,Kritis (<25%),10.8,1.4,1.74
STD-2691,Dropout,1,53.1,Sedang,Management,2nd phase - general,Reguler (Siang),Laki-laki,21-23,21,Single,Tidak,Lunas,Tidak,Tidak,Tidak,Domestik,100.0,133.1,5,4,10.75,5,2,11.0,60.0,10.88,Sedang (50-75%),16.2,0.3,-0.92
STD-2692,Graduate,0,8.8,Rendah,Management,1st phase - general,Reguler (Siang),Laki-laki,<=20,19,Single,Tidak,Lunas,Tidak,Tidak,Tidak,Domestik,121.8,127.0,5,5,11.6,5,4,13.5,90.0,12.55,Baik (>75%),16.2,0.3,-0.92
STD-2693,Graduate,0,12.7,Rendah,Management,2nd phase - general,Reguler (Siang),Laki-laki,<=20,20,Single,Tidak,Lunas,Ya,Ya,Tidak,Domestik,109.5,114.0,5,5,11.8,5,4,11.6,90.0,11.7,Baik (>75%),8.9,1.4,3.51
STD-2694,Graduate,0,4.7,Rendah,Agronomy,1st phase - general,Reguler (Siang),Laki-laki,<=20,18,Single,Tidak,Lunas,Tidak,Tidak,Tidak,Domestik,138.3,140.0,6,6,16.0,6,6,15.166666666666666,100.0,15.58,Baik (>75%),12.4,0.5,1.79
STD-2695,Graduate,0,15.2,Rendah,Journalism & Comm,1st phase - general,Reguler (Siang),Laki-laki,<=20,18,Single,Tidak,Lunas,Ya,Tidak,Tidak,Domestik,131.6,140.0,6,6,12.666666666666666,6,6,11.5,100.0,12.08,Baik (>75%),16.2,0.3,-0.92
STD-2696,Enrolled,0,9.0,Rendah,Nursing,Over 23 years old,Reguler (Siang),Laki-laki,28-35,30,Single,Ya,Lunas,Tidak,Tidak,Tidak,Domestik,125.3,120.0,7,4,14.4,7,6,13.5,71.4,13.95,Sedang (50-75%),12.4,0.5,1.79
STD-2697,Dropout,1,98.1,Tinggi,Tourism,Over 23 years old,Reguler (Siang),Laki-laki,28-35,34,Single,Ya,Menunggak,Tidak,Tidak,Tidak,Domestik,101.5,133.1,6,0,0.0,6,0,0.0,0.0,0.0,Kritis (<25%),15.5,2.8,-4.06
STD-2698,Enrolled,0,41.7,Sedang,Advertising & Marketing,2nd phase - general,Reguler (Siang),Laki-laki,21-23,21,Single,Ya,Menunggak,Tidak,Tidak,Tidak,Domestik,109.1,115.0,6,4,12.25,6,4,13.4,66.7,12.82,Sedang (50-75%),11.1,0.6,2.02
STD-2699,Dropout,1,23.0,Rendah,Communication Design,Tech. specialization holder,Reguler (Siang),Laki-laki,<=20,20,Single,Tidak,Lunas,Tidak,Tidak,Tidak,Domestik,123.9,123.9,7,5,12.6,9,8,12.75,81.2,12.68,Baik (>75%),16.2,0.3,-0.92
STD-2700,Graduate,0,2.8,Rendah,Nursing,1st phase - general,Reguler (Siang),Laki-laki,<=20,18,Single,Tidak,Lunas,Tidak,Tidak,Tidak,Domestik,143.0,157.0,8,7,13.4,8,7,13.4,87.5,13.4,Baik (>75%),12.7,3.7,-1.7
STD-2701,Dropout,1,56.8,Sedang,Animation & Multimedia,1st phase - general,Reguler (Siang),Laki-laki,21-23,21,Single,Ya,Lunas,Tidak,Ya,Tidak,Domestik,126.3,127.0,0,0,0.0,0,0,0.0,0.0,0.0,Kritis (<25%),16.2,0.3,-0.92
STD-2702,Dropout,1,93.9,Tinggi,Agronomy,Transfer,Reguler (Siang),Laki-laki,24-27,26,Married,Tidak,Lunas,Tidak,Tidak,Tidak,Domestik,113.3,120.0,6,1,10.0,6,0,0.0,8.3,5.0,Kritis (<25%),12.4,0.5,1.79
STD-2703,Dropout,1,82.0,Tinggi,Informatics Engineering,2nd phase - general,Reguler (Siang),Laki-laki,<=20,20,Single,Ya,Lunas,Tidak,Ya,Tidak,Domestik,119.9,130.0,5,0,0.0,5,0,0.0,0.0,0.0,Kritis (<25%),9.4,-0.8,-3.12
STD-2704,Dropout,1,34.5,Sedang,Agronomy,Tech. specialization holder,Reguler (Siang),Laki-laki,24-27,25,Single,Tidak,Lunas,Tidak,Tidak,Tidak,Domestik,140.0,140.0,6,3,11.25,6,4,11.2,58.3,11.22,Sedang (50-75%),15.5,2.8,-4.06
STD-2705,Enrolled,0,88.6,Tinggi,Advertising & Marketing,2nd phase - general,Reguler (Siang),Laki-laki,<=20,19,Single,Tidak,Lunas,Tidak,Tidak,Tidak,Domestik,108.0,109.0,5,0,0.0,5,0,0.0,0.0,0.0,Kritis (<25%),7.6,2.6,0.32
STD-2706,Dropout,1,80.4,Tinggi,Management,Over 23 years old,Reguler (Siang),Laki-laki,24-27,24,Single,Tidak,Lunas,Tidak,Ya,Tidak,Domestik,100.0,143.0,5,3,10.666666666666666,5,1,14.0,40.0,12.33,Rendah (25-50%),9.4,-0.8,-3.12
STD-2707,Graduate,0,7.4,Rendah,Equinculture,1st phase - general,Reguler (Siang),Laki-laki,<=20,20,Single,Tidak,Lunas,Tidak,Tidak,Tidak,Domestik,132.4,125.0,5,4,11.75,5,5,13.4,90.0,12.58,Baik (>75%),7.6,2.6,0.32
STD-2708,Dropout,1,72.8,Tinggi,Management,1st phase - general,Reguler (Siang),Laki-laki,<=20,20,Single,Tidak,Lunas,Tidak,Tidak,Tidak,Domestik,137.1,136.0,5,0,0.0,5,0,0.0,0.0,0.0,Kritis (<25%),12.7,3.7,-1.7
STD-2709,Graduate,0,6.9,Rendah,Communication Design,1st phase - Azores,Reguler (Siang),Perempuan,<=20,18,Single,Tidak,Lunas,Tidak,Ya,Tidak,Domestik,138.1,157.0,6,6,12.666666666666666,6,6,14.125,100.0,13.4,Baik (>75%),10.8,1.4,1.74
STD-2710,Enrolled,0,4.9,Rendah,Oral Hygiene,Over 23 years old,Reguler (Siang),Perempuan,24-27,25,Divorced,Tidak,Lunas,Tidak,Tidak,Tidak,Domestik,130.0,160.0,7,7,11.95,8,7,12.042857142857144,93.3,12.0,Baik (>75%),12.7,3.7,-1.7
STD-2711,Graduate,0,3.8,Rendah,Tourism,2nd phase - general,Reguler (Siang),Perempuan,21-23,22,Single,Tidak,Lunas,Tidak,Ya,Tidak,Domestik,109.7,116.0,6,5,14.0,6,6,15.666666666666666,91.7,14.83,Baik (>75%),11.1,0.6,2.02
STD-2712,Dropout,1,95.1,Tinggi,Social Service (eve),Change of course,Kelas Malam,Perempuan,>35,41,Single,Tidak,Menunggak,Tidak,Tidak,Tidak,Domestik,128.2,113.0,6,0,0.0,6,0,0.0,0.0,0.0,Kritis (<25%),9.4,-0.8,-3.12
STD-2713,Dropout,1,66.3,Tinggi,Management,1st phase - general,Reguler (Siang),Perempuan,<=20,19,Single,Ya,Lunas,Ya,Tidak,Tidak,Domestik,117.8,130.0,5,2,11.5,5,0,0.0,20.0,5.75,Kritis (<25%),12.7,3.7,-1.7
STD-2714,Graduate,0,17.6,Rendah,Equinculture,Change of course,Reguler (Siang),Perempuan,21-23,21,Single,Tidak,Lunas,Tidak,Ya,Tidak,Domestik,150.0,150.0,6,6,12.0,6,5,12.8,91.7,12.4,Baik (>75%),13.9,-0.3,0.79
STD-2715,Dropout,1,10.7,Rendah,Veterinary Nursing,Over 23 years old,Reguler (Siang),Perempuan,28-35,30,Single,Ya,Lunas,Tidak,Ya,Tidak,Domestik,160.0,110.0,6,6,16.428571428571427,6,6,16.666666666666668,100.0,16.55,Baik (>75%),13.9,-0.3,0.79
STD-2716,Graduate,0,2.0,Rendah,Nursing,1st phase - general,Reguler (Siang),Perempuan,21-23,21,Single,Tidak,Lunas,Ya,Ya,Tidak,Domestik,104.5,101.0,7,5,13.336000000000002,8,7,13.207142857142856,80.0,13.27,Baik (>75%),11.1,0.6,2.02
STD-2717,Enrolled,0,92.8,Tinggi,Oral Hygiene,Over 23 years old,Reguler (Siang),Perempuan,24-27,26,Married,Tidak,Lunas,Ya,Tidak,Tidak,Domestik,112.8,110.0,7,0,0.0,8,0,0.0,0.0,0.0,Kritis (<25%),10.8,1.4,1.74
STD-2718,Graduate,0,2.0,Rendah,Advertising & Marketing,International student,Reguler (Siang),Perempuan,21-23,21,Single,Tidak,Lunas,Tidak,Tidak,Tidak,Internasional,100.0,133.1,7,7,14.666666666666666,6,6,14.0,100.0,14.33,Baik (>75%),11.1,0.6,2.02
STD-2719,Graduate,0,2.3,Rendah,Nursing,1st phase - general,Reguler (Siang),Perempuan,<=20,18,Single,Tidak,Lunas,Tidak,Ya,Tidak,Domestik,132.5,138.0,8,7,14.115714285714288,8,7,14.115714285714288,87.5,14.12,Baik (>75%),10.8,1.4,1.74
STD-2720,Graduate,0,8.1,Rendah,Veterinary Nursing,1st phase - general,Reguler (Siang),Perempuan,<=20,19,Single,Tidak,Lunas,Ya,Ya,Tidak,Domestik,123.3,138.0,6,6,14.857142857142858,6,6,13.11111111111111,100.0,13.98,Baik (>75%),12.4,0.5,1.79
STD-2721,Graduate,0,6.2,Rendah,Veterinary Nursing,1st phase - general,Reguler (Siang),Perempuan,<=20,18,Single,Tidak,Lunas,Ya,Ya,Tidak,Domestik,128.9,141.0,6,6,13.833333333333334,6,6,13.714285714285714,100.0,13.77,Baik (>75%),8.9,1.4,3.51
STD-2722,Enrolled,0,9.5,Rendah,Management,2nd phase - general,Reguler (Siang),Perempuan,<=20,19,Single,Tidak,Lunas,Tidak,Ya,Tidak,Domestik,128.3,129.0,5,3,11.0,5,4,11.75,70.0,11.38,Sedang (50-75%),12.7,3.7,-1.7
STD-2723,Enrolled,0,39.8,Sedang,Veterinary Nursing,Change of course,Reguler (Siang),Perempuan,21-23,21,Single,Tidak,Lunas,Tidak,Tidak,Tidak,Domestik,100.0,127.0,6,4,11.75,6,3,13.666666666666666,58.3,12.71,Sedang (50-75%),13.9,-0.3,0.79
STD-2724,Dropout,1,24.7,Rendah,Management,2nd phase - general,Reguler (Siang),Perempuan,<=20,18,Single,Tidak,Lunas,Ya,Ya,Tidak,Domestik,120.1,133.0,5,2,10.0,5,2,12.0,40.0,11.0,Rendah (25-50%),13.9,-0.3,0.79
STD-2725,Graduate,0,6.4,Rendah,Nursing,Over 23 years old,Reguler (Siang),Perempuan,24-27,24,Single,Tidak,Lunas,Ya,Ya,Tidak,Domestik,160.0,100.0,8,6,12.415,8,6,12.415,75.0,12.42,Sedang (50-75%),10.8,1.4,1.74
STD-2726,Enrolled,0,28.1,Rendah,Equinculture,1st phase - general,Reguler (Siang),Perempuan,21-23,21,Single,Tidak,Lunas,Tidak,Ya,Tidak,Domestik,123.0,138.0,5,1,11.0,5,2,10.5,30.0,10.75,Rendah (25-50%),12.7,3.7,-1.7
STD-2727,Graduate,0,4.0,Rendah,Veterinary Nursing,Tech. specialization holder,Reguler (Siang),Perempuan,21-23,23,Single,Tidak,Lunas,Tidak,Ya,Tidak,Domestik,150.0,150.0,6,5,14.428571428571429,6,6,13.428571428571429,91.7,13.93,Baik (>75%),16.2,0.3,-0.92
STD-2728,Graduate,0,3.1,Rendah,Nursing,2nd phase - general,Reguler (Siang),Perempuan,<=20,18,Single,Tidak,Lunas,Ya,Ya,Tidak,Domestik,124.0,129.0,8,7,14.312857142857142,8,7,14.312857142857142,87.5,14.31,Baik (>75%),10.8,1.4,1.74
STD-2729,Enrolled,0,37.4,Sedang,Veterinary Nursing,Over 23 years old,Reguler (Siang),Perempuan,24-27,26,Single,Tidak,Menunggak,Tidak,Tidak,Tidak,Domestik,120.0,130.0,6,6,15.428571428571429,6,5,14.5,91.7,14.96,Baik (>75%),11.1,0.6,2.02
STD-2730,Graduate,0,6.8,Rendah,Equinculture,1st phase - general,Reguler (Siang),Perempuan,<=20,20,Single,Tidak,Lunas,Tidak,Ya,Tidak,Domestik,120.4,133.0,5,4,12.0,5,5,13.4,90.0,12.7,Baik (>75%),9.4,-0.8,-3.12
STD-2731,Graduate,0,2.2,Rendah,Social Service,1st phase - general,Reguler (Siang),Perempuan,<=20,18,Single,Tidak,Lunas,Tidak,Tidak,Tidak,Domestik,131.6,133.0,6,6,13.833333333333334,6,6,13.714285714285714,100.0,13.77,Baik (>75%),11.1,0.6,2.02
STD-2732,Graduate,0,2.3,Rendah,Social Service,1st phase - general,Reguler (Siang),Perempuan,<=20,20,Single,Tidak,Lunas,Tidak,Ya,Tidak,Domestik,104.2,107.0,6,6,12.166666666666666,6,6,12.142857142857142,100.0,12.15,Baik (>75%),11.1,0.6,2.02
STD-2733,Enrolled,0,1.2,Rendah,Nursing,1st phase - general,Reguler (Siang),Perempuan,<=20,20,Single,Tidak,Lunas,Tidak,Ya,Tidak,Domestik,122.0,131.0,8,7,14.014285714285714,8,7,14.014285714285714,87.5,14.01,Baik (>75%),12.7,3.7,-1.7
STD-2734,Enrolled,0,43.0,Sedang,Social Service,2nd phase - general,Reguler (Siang),Perempuan,<=20,18,Single,Tidak,Lunas,Tidak,Ya,Ya,Domestik,110.7,118.0,6,2,10.333333333333334,6,3,13.333333333333334,41.7,11.83,Rendah (25-50%),12.7,3.7,-1.7
STD-2735,Graduate,0,5.7,Rendah,Journalism & Comm,1st phase - general,Reguler (Siang),Perempuan,21-23,22,Single,Tidak,Lunas,Ya,Ya,Tidak,Domestik,121.7,136.0,6,5,13.2,6,5,13.6,83.3,13.4,Baik (>75%),12.4,0.5,1.79
STD-2736,Graduate,0,3.9,Rendah,Nursing,1st phase - general,Reguler (Siang),Perempuan,<=20,20,Single,Ya,Lunas,Tidak,Ya,Tidak,Domestik,126.0,125.0,7,6,15.4,7,6,15.4,85.7,15.4,Baik (>75%),7.6,2.6,0.32
STD-2737,Graduate,0,11.7,Rendah,Nursing,2nd phase - general,Reguler (Siang),Perempuan,<=20,19,Single,Tidak,Lunas,Ya,Ya,Tidak,Domestik,128.4,137.0,7,7,13.385714285714286,8,8,15.925,100.0,14.66,Baik (>75%),13.9,-0.3,0.79
STD-2738,Dropout,1,38.0,Sedang,Equinculture,1st phase - general,Reguler (Siang),Perempuan,<=20,18,Single,Ya,Lunas,Tidak,Ya,Tidak,Domestik,134.9,144.0,6,6,10.857142857142858,6,4,11.0,83.3,10.93,Baik (>75%),15.5,2.8,-4.06
STD-2739,Graduate,0,1.9,Rendah,Management,2nd phase - general,Reguler (Siang),Perempuan,<=20,18,Single,Tidak,Lunas,Tidak,Tidak,Tidak,Domestik,143.9,146.0,5,5,11.333333333333334,5,5,12.0,100.0,11.67,Baik (>75%),13.9,-0.3,0.79
STD-2740,Graduate,0,7.0,Rendah,Veterinary Nursing,1st phase - general,Reguler (Siang),Perempuan,<=20,19,Single,Tidak,Lunas,Ya,Ya,Tidak,Domestik,145.0,145.0,5,4,14.5,5,5,13.6,90.0,14.05,Baik (>75%),10.8,1.4,1.74
STD-2741,Graduate,0,5.5,Rendah,Communication Design,1st phase - general,Reguler (Siang),Perempuan,<=20,19,Single,Tidak,Lunas,Ya,Ya,Tidak,Domestik,132.0,126.0,6,6,14.166666666666666,6,6,12.375,100.0,13.27,Baik (>75%),10.8,1.4,1.74
STD-2742,Graduate,0,13.1,Rendah,Social Service (eve),2nd phase - general,Kelas Malam,Perempuan,24-27,24,Single,Tidak,Lunas,Tidak,Tidak,Tidak,Domestik,136.1,141.0,6,6,12.833333333333334,6,6,12.0,100.0,12.42,Baik (>75%),7.6,2.6,0.32
STD-2743,Graduate,0,1.7,Rendah,Social Service,1st phase - general,Reguler (Siang),Perempuan,21-23,21,Single,Tidak,Lunas,Tidak,Tidak,Tidak,Domestik,138.9,141.0,6,6,13.333333333333334,6,6,14.5,100.0,13.92,Baik (>75%),10.8,1.4,1.74
STD-2744,Graduate,0,1.2,Rendah,Social Service,1st phase - general,Reguler (Siang),Perempuan,<=20,20,Single,Tidak,Lunas,Ya,Ya,Tidak,Domestik,102.0,133.1,6,6,13.666666666666666,6,6,14.571428571428571,100.0,14.12,Baik (>75%),11.1,0.6,2.02
STD-2745,Dropout,1,86.9,Tinggi,Tourism,Over 23 years old,Reguler (Siang),Perempuan,28-35,28,Single,Ya,Menunggak,Ya,Tidak,Tidak,Domestik,123.0,133.1,6,6,10.833333333333334,6,5,11.0,91.7,10.92,Baik (>75%),13.9,-0.3,0.79
STD-2746,Graduate,0,4.6,Rendah,Basic Education,1st phase - general,Reguler (Siang),Perempuan,21-23,21,Single,Tidak,Lunas,Tidak,Ya,Tidak,Domestik,137.5,127.0,6,6,13.428571428571429,6,6,13.142857142857142,100.0,13.29,Baik (>75%),7.6,2.6,0.32
STD-2747,Enrolled,0,2.9,Rendah,Nursing,1st phase - general,Reguler (Siang),Laki-laki,<=20,20,Single,Ya,Lunas,Tidak,Ya,Tidak,Domestik,102.2,106.0,7,7,12.401428571428571,8,6,11.808333333333332,86.7,12.1,Baik (>75%),11.1,0.6,2.02
STD-2748,Dropout,1,97.1,Tinggi,Agronomy,Transfer,Reguler (Siang),Laki-laki,>35,36,Single,Tidak,Menunggak,Tidak,Tidak,Tidak,Domestik,105.3,130.0,6,0,0.0,6,0,0.0,0.0,0.0,Kritis (<25%),16.2,0.3,-0.92
STD-2749,Dropout,1,97.5,Tinggi,Management (evening),Over 23 years old,Kelas Malam,Laki-laki,>35,42,Married,Tidak,Menunggak,Tidak,Tidak,Tidak,Domestik,130.0,110.0,4,0,0.0,5,0,0.0,0.0,0.0,Kritis (<25%),12.7,3.7,-1.7
STD-2750,Dropout,1,7.6,Rendah,Management (evening),Over 23 years old,Kelas Malam,Laki-laki,>35,47,Married,Tidak,Lunas,Tidak,Tidak,Tidak,Domestik,122.5,150.0,5,4,11.5,5,5,11.6,90.0,11.55,Baik (>75%),7.6,2.6,0.32
STD-2751,Dropout,1,97.4,Tinggi,Informatics Engineering,Over 23 years old,Reguler (Siang),Laki-laki,24-27,25,Single,Tidak,Menunggak,Tidak,Tidak,Tidak,Domestik,112.0,160.0,5,0,0.0,5,0,0.0,0.0,0.0,Kritis (<25%),9.4,-0.8,-3.12
STD-2752,Graduate,0,2.0,Rendah,Advertising & Marketing,Over 23 years old,Reguler (Siang),Laki-laki,24-27,25,Single,Tidak,Lunas,Ya,Tidak,Tidak,Domestik,110.0,170.0,6,6,14.142857142857142,6,6,13.5,100.0,13.82,Baik (>75%),15.5,2.8,-4.06
STD-2753,Dropout,1,94.1,Tinggi,Social Service (eve),Over 23 years old,Kelas Malam,Laki-laki,>35,48,Married,Tidak,Lunas,Tidak,Tidak,Tidak,Domestik,149.5,133.1,6,0,0.0,5,0,0.0,0.0,0.0,Kritis (<25%),12.4,0.5,1.79
STD-2754,Graduate,0,6.7,Rendah,Management (evening),Change of course,Kelas Malam,Laki-laki,28-35,32,Single,Tidak,Lunas,Ya,Tidak,Tidak,Domestik,141.0,120.0,10,10,13.8,10,10,12.8,100.0,13.3,Baik (>75%),10.8,1.4,1.74
STD-2755,Dropout,1,59.5,Sedang,Management (evening),Holder of other higher course,Kelas Malam,Laki-laki,>35,38,Single,Tidak,Lunas,Tidak,Tidak,Tidak,Domestik,130.0,130.0,10,10,13.6,10,5,13.6,75.0,13.6,Sedang (50-75%),8.9,1.4,3.51
STD-2756,Graduate,0,15.0,Rendah,Social Service,Holder of other higher course,Reguler (Siang),Laki-laki,>35,37,Single,Tidak,Lunas,Tidak,Tidak,Tidak,Domestik,130.0,130.0,16,15,11.733333333333333,11,9,11.88888888888889,88.9,11.81,Baik (>75%),15.5,2.8,-4.06
STD-2757,Dropout,1,96.9,Tinggi,Management,Over 23 years old,Reguler (Siang),Laki-laki,24-27,26,Single,Tidak,Menunggak,Tidak,Tidak,Tidak,Domestik,104.0,120.0,5,1,10.0,5,1,10.0,20.0,10.0,Kritis (<25%),10.8,1.4,1.74
STD-2758,Dropout,1,92.1,Tinggi,Veterinary Nursing,Tech. specialization holder,Reguler (Siang),Laki-laki,21-23,23,Single,Tidak,Lunas,Tidak,Tidak,Tidak,Domestik,110.0,110.0,6,0,0.0,6,0,0.0,0.0,0.0,Kritis (<25%),13.9,-0.3,0.79
STD-2759,Enrolled,0,88.9,Tinggi,Agronomy,Tech. specialization holder,Reguler (Siang),Laki-laki,21-23,23,Single,Tidak,Lunas,Tidak,Tidak,Tidak,Domestik,120.0,120.0,6,0,0.0,6,0,0.0,0.0,0.0,Kritis (<25%),15.5,2.8,-4.06
STD-2760,Enrolled,0,29.9,Rendah,Agronomy,Tech. specialization holder,Reguler (Siang),Laki-laki,<=20,20,Single,Tidak,Lunas,Tidak,Tidak,Tidak,Domestik,130.0,130.0,6,4,10.8,6,4,12.0,66.7,11.4,Sedang (50-75%),12.4,0.5,1.79
STD-2761,Dropout,1,15.0,Rendah,Nursing,Over 23 years old,Reguler (Siang),Laki-laki,24-27,26,Single,Tidak,Lunas,Tidak,Ya,Tidak,Domestik,127.0,150.0,7,6,13.046666666666669,8,7,13.30625,86.7,13.18,Baik (>75%),11.1,0.6,2.02
STD-2762,Enrolled,0,22.9,Rendah,Social Service (eve),Change of course,Kelas Malam,Perempuan,>35,45,Single,Tidak,Lunas,Tidak,Tidak,Tidak,Domestik,100.0,120.0,9,8,11.0,7,6,10.833333333333334,87.5,10.92,Baik (>75%),12.7,3.7,-1.7
STD-2763,Enrolled,0,42.8,Sedang,Social Service (eve),Over 23 years old,Kelas Malam,Perempuan,24-27,26,Single,Tidak,Lunas,Ya,Ya,Tidak,Domestik,111.0,100.0,6,3,12.333333333333334,6,3,11.666666666666666,50.0,12.0,Rendah (25-50%),7.6,2.6,0.32
STD-2764,Graduate,0,14.4,Rendah,Social Service (eve),Change of course,Kelas Malam,Perempuan,24-27,26,Single,Tidak,Lunas,Tidak,Tidak,Tidak,Domestik,130.0,133.1,11,10,11.8,7,7,13.285714285714286,94.4,12.54,Baik (>75%),7.6,2.6,0.32
STD-2765,Enrolled,0,28.5,Rendah,Management (evening),Over 23 years old,Kelas Malam,Perempuan,24-27,25,Single,Tidak,Lunas,Tidak,Tidak,Tidak,Domestik,130.1,130.0,5,3,11.0,5,3,11.25,60.0,11.12,Sedang (50-75%),10.8,1.4,1.74
STD-2766,Graduate,0,4.0,Rendah,Nursing,1st phase - Madeira,Reguler (Siang),Perempuan,<=20,18,Single,Tidak,Lunas,Tidak,Ya,Tidak,Domestik,127.5,145.0,8,8,13.11,8,8,13.11,100.0,13.11,Baik (>75%),9.4,-0.8,-3.12
STD-2767,Graduate,0,9.0,Rendah,Nursing,Holder of other higher course,Reguler (Siang),Perempuan,24-27,27,Single,Tidak,Lunas,Tidak,Ya,Tidak,Domestik,130.0,130.0,8,7,14.414285714285716,8,7,14.414285714285716,87.5,14.41,Baik (>75%),12.7,3.7,-1.7
STD-2768,Dropout,1,97.5,Tinggi,Social Service (eve),2nd phase - general,Kelas Malam,Perempuan,24-27,24,Legally Separated,Tidak,Menunggak,Tidak,Tidak,Tidak,Domestik,115.0,115.0,5,0,0.0,5,0,0.0,0.0,0.0,Kritis (<25%),10.8,1.4,1.74
STD-2769,Graduate,0,3.4,Rendah,Management,2nd phase - general,Reguler (Siang),Perempuan,<=20,20,Single,Tidak,Lunas,Tidak,Ya,Tidak,Domestik,126.8,124.0,5,5,12.333333333333334,5,5,12.2,100.0,12.27,Baik (>75%),15.5,2.8,-4.06
STD-2770,Dropout,1,59.5,Sedang,Nursing,1st phase - general,Reguler (Siang),Perempuan,<=20,18,Single,Tidak,Lunas,Ya,Ya,Tidak,Domestik,116.7,124.0,7,0,0.0,7,1,10.0,7.1,5.0,Kritis (<25%),15.5,2.8,-4.06
STD-2771,Graduate,0,3.0,Rendah,Oral Hygiene,2nd phase - general,Reguler (Siang),Perempuan,<=20,18,Single,Tidak,Lunas,Ya,Ya,Tidak,Domestik,128.5,134.0,7,7,14.1,8,8,13.3125,100.0,13.71,Baik (>75%),12.7,3.7,-1.7
STD-2772,Graduate,0,4.4,Rendah,Nursing,1st phase - general,Reguler (Siang),Perempuan,<=20,18,Single,Tidak,Lunas,Tidak,Ya,Tidak,Domestik,127.5,137.0,8,8,13.045,8,8,13.045,100.0,13.04,Baik (>75%),9.4,-0.8,-3.12
STD-2773,Enrolled,0,8.3,Rendah,Nursing,1st phase - general,Reguler (Siang),Laki-laki,<=20,19,Single,Tidak,Lunas,Tidak,Ya,Tidak,Domestik,117.5,124.0,8,5,12.858,8,5,12.858,62.5,12.86,Sedang (50-75%),9.4,-0.8,-3.12
STD-2774,Graduate,0,2.4,Rendah,Nursing,Transfer,Reguler (Siang),Perempuan,<=20,19,Single,Tidak,Lunas,Ya,Ya,Tidak,Domestik,148.8,136.0,8,8,14.2525,8,8,14.2525,100.0,14.25,Baik (>75%),9.4,-0.8,-3.12
STD-2775,Enrolled,0,8.1,Rendah,Nursing,1st phase - general,Reguler (Siang),Perempuan,<=20,19,Single,Tidak,Lunas,Ya,Tidak,Tidak,Domestik,120.2,126.0,7,5,14.06,7,7,11.242857142857142,85.7,12.65,Baik (>75%),12.4,0.5,1.79
STD-2776,Graduate,0,4.6,Rendah,Nursing,1st phase - general,Reguler (Siang),Perempuan,<=20,18,Single,Tidak,Lunas,Tidak,Ya,Tidak,Domestik,127.3,142.0,8,7,15.075714285714286,8,7,15.075714285714286,87.5,15.08,Baik (>75%),10.8,1.4,1.74
STD-2777,Enrolled,0,35.5,Sedang,Animation & Multimedia,2nd phase - general,Reguler (Siang),Perempuan,<=20,18,Single,Tidak,Lunas,Ya,Ya,Tidak,Domestik,136.1,141.0,0,0,0.0,0,0,0.0,0.0,0.0,Kritis (<25%),12.7,3.7,-1.7
STD-2778,Enrolled,0,7.4,Rendah,Advertising & Marketing,Change of course,Reguler (Siang),Perempuan,<=20,19,Single,Tidak,Lunas,Tidak,Ya,Tidak,Domestik,122.4,129.0,5,4,13.75,6,5,12.6,81.8,13.18,Baik (>75%),12.7,3.7,-1.7
STD-2779,Graduate,0,12.0,Rendah,Agronomy,Holder of other higher course,Reguler (Siang),Perempuan,21-23,23,Single,Tidak,Lunas,Tidak,Ya,Tidak,Domestik,130.0,130.0,17,17,13.15,12,12,13.214285714285714,100.0,13.18,Baik (>75%),15.5,2.8,-4.06
STD-2780,Graduate,0,3.2,Rendah,Social Service,1st phase - general,Reguler (Siang),Perempuan,21-23,21,Single,Tidak,Lunas,Ya,Ya,Tidak,Domestik,121.7,136.0,6,5,12.333333333333334,6,5,11.8,83.3,12.07,Baik (>75%),13.9,-0.3,0.79
STD-2781,Graduate,0,5.4,Rendah,Nursing,1st phase - general,Reguler (Siang),Perempuan,<=20,18,Single,Tidak,Lunas,Ya,Ya,Tidak,Domestik,122.7,137.0,7,7,13.778571428571428,8,8,13.122222222222222,100.0,13.45,Baik (>75%),16.2,0.3,-0.92
STD-2782,Dropout,1,90.4,Tinggi,Basic Education,1st phase - general,Reguler (Siang),Perempuan,<=20,20,Single,Ya,Menunggak,Tidak,Ya,Tidak,Domestik,129.2,125.0,6,3,10.333333333333334,6,1,11.0,33.3,10.67,Rendah (25-50%),10.8,1.4,1.74
STD-2783,Enrolled,0,82.6,Tinggi,Journalism & Comm,Change of course,Reguler (Siang),Perempuan,21-23,23,Single,Tidak,Lunas,Tidak,Ya,Tidak,Domestik,105.0,119.0,6,3,11.333333333333334,6,2,11.0,41.7,11.17,Rendah (25-50%),16.2,0.3,-0.92
STD-2784,Enrolled,0,2.9,Rendah,Social Service,1st phase - general,Reguler (Siang),Perempuan,<=20,20,Single,Tidak,Lunas,Tidak,Ya,Tidak,Domestik,129.9,132.0,6,5,13.2,6,6,12.666666666666666,91.7,12.93,Baik (>75%),10.8,1.4,1.74
STD-2785,Graduate,0,2.9,Rendah,Communication Design,1st phase - general,Reguler (Siang),Perempuan,<=20,18,Single,Tidak,Lunas,Ya,Tidak,Tidak,Domestik,136.3,152.0,6,6,13.571428571428571,6,6,12.375,100.0,12.97,Baik (>75%),13.9,-0.3,0.79
STD-2786,Graduate,0,11.6,Rendah,Social Service (eve),1st phase - general,Kelas Malam,Perempuan,28-35,29,Single,Tidak,Lunas,Tidak,Tidak,Tidak,Domestik,114.9,125.0,11,11,12.75,7,7,13.428571428571429,100.0,13.09,Baik (>75%),9.4,-0.8,-3.12
STD-2787,Dropout,1,84.7,Tinggi,Journalism & Comm,Over 23 years old,Reguler (Siang),Laki-laki,28-35,28,Single,Tidak,Lunas,Tidak,Ya,Tidak,Domestik,102.0,133.1,6,3,13.0,6,1,12.0,33.3,12.5,Rendah (25-50%),7.6,2.6,0.32
STD-2788,Enrolled,0,16.1,Rendah,Advertising & Marketing,1st phase - general,Reguler (Siang),Laki-laki,<=20,19,Single,Tidak,Lunas,Tidak,Ya,Tidak,Domestik,111.3,120.0,5,3,11.333333333333334,5,4,11.0,70.0,11.17,Sedang (50-75%),9.4,-0.8,-3.12
STD-2789,Dropout,1,97.4,Tinggi,Advertising & Marketing,Over 23 years old,Reguler (Siang),Laki-laki,24-27,24,Single,Ya,Menunggak,Tidak,Tidak,Tidak,Domestik,130.9,148.0,6,0,0.0,6,0,0.0,0.0,0.0,Kritis (<25%),10.8,1.4,1.74
STD-2790,Dropout,1,59.1,Sedang,Animation & Multimedia,Over 23 years old,Reguler (Siang),Laki-laki,28-35,33,Single,Ya,Lunas,Ya,Tidak,Tidak,Domestik,100.0,133.1,0,0,0.0,0,0,0.0,0.0,0.0,Kritis (<25%),15.5,2.8,-4.06
STD-2791,Dropout,1,92.1,Tinggi,Management,2nd phase - general,Reguler (Siang),Laki-laki,<=20,19,Single,Tidak,Menunggak,Tidak,Ya,Tidak,Domestik,112.9,115.0,5,2,12.5,5,1,11.0,30.0,11.75,Rendah (25-50%),9.4,-0.8,-3.12
STD-2792,Graduate,0,1.9,Rendah,Veterinary Nursing,1st phase - general,Reguler (Siang),Laki-laki,<=20,19,Single,Tidak,Lunas,Tidak,Tidak,Tidak,Domestik,112.7,120.0,6,6,14.857142857142858,6,6,14.142857142857142,100.0,14.5,Baik (>75%),11.1,0.6,2.02
STD-2793,Graduate,0,8.8,Rendah,Social Service (eve),Over 23 years old,Kelas Malam,Laki-laki,>35,37,Divorced,Tidak,Lunas,Tidak,Tidak,Tidak,Domestik,143.0,133.1,9,8,12.0,7,7,11.571428571428571,93.8,11.79,Baik (>75%),12.7,3.7,-1.7
STD-2794,Graduate,0,74.0,Tinggi,Animation & Multimedia,1st phase - general,Reguler (Siang),Laki-laki,<=20,18,Single,Ya,Menunggak,Ya,Ya,Tidak,Domestik,155.1,168.0,0,0,0.0,0,0,0.0,0.0,0.0,Kritis (<25%),12.7,3.7,-1.7
STD-2795,Enrolled,0,96.0,Tinggi,Management (evening),Over 23 years old,Kelas Malam,Laki-laki,28-35,29,Divorced,Tidak,Lunas,Tidak,Tidak,Tidak,Domestik,127.6,130.0,5,0,0.0,5,0,0.0,0.0,0.0,Kritis (<25%),7.6,2.6,0.32
STD-2796,Graduate,0,4.0,Rendah,Nursing,Over 23 years old,Reguler (Siang),Laki-laki,>35,37,Married,Tidak,Lunas,Tidak,Tidak,Tidak,Domestik,146.6,133.1,7,7,12.828571428571427,8,8,12.6875,100.0,12.76,Baik (>75%),13.9,-0.3,0.79
STD-2797,Dropout,1,95.9,Tinggi,Nursing,Over 23 years old,Reguler (Siang),Laki-laki,>35,36,Single,Tidak,Lunas,Tidak,Tidak,Tidak,Domestik,141.0,137.0,7,0,0.0,8,0,0.0,0.0,0.0,Kritis (<25%),12.4,0.5,1.79
STD-2798,Graduate,0,4.5,Rendah,Advertising & Marketing,1st phase - general,Reguler (Siang),Laki-laki,<=20,19,Single,Tidak,Lunas,Tidak,Ya,Tidak,Domestik,120.6,123.0,6,6,13.333333333333334,6,5,14.0,91.7,13.67,Baik (>75%),8.9,1.4,3.51
STD-2799,Graduate,0,5.7,Rendah,Nursing,Transfer,Reguler (Siang),Laki-laki,28-35,33,Single,Tidak,Lunas,Ya,Ya,Tidak,Domestik,110.0,150.0,14,14,13.072857142857144,14,14,13.072857142857144,100.0,13.07,Baik (>75%),9.4,-0.8,-3.12
STD-2800,Dropout,1,95.0,Tinggi,Informatics Engineering,Transfer,Reguler (Siang),Laki-laki,28-35,34,Single,Tidak,Menunggak,Tidak,Tidak,Tidak,Domestik,108.6,120.0,7,5,12.0,7,3,11.0,57.1,11.5,Sedang (50-75%),15.5,2.8,-4.06
STD-2801,Graduate,0,5.0,Rendah,Tourism,1st phase - general,Reguler (Siang),Perempuan,<=20,18,Single,Tidak,Lunas,Tidak,Ya,Tidak,Domestik,134.9,145.0,6,6,15.5,6,6,16.0,100.0,15.75,Baik (>75%),12.4,0.5,1.79
STD-2802,Dropout,1,94.1,Tinggi,Equinculture,Tech. specialization holder,Reguler (Siang),Perempuan,<=20,20,Single,Tidak,Lunas,Tidak,Ya,Tidak,Domestik,120.0,120.0,6,0,0.0,6,0,0.0,0.0,0.0,Kritis (<25%),12.4,0.5,1.79
STD-2803,Graduate,0,2.1,Rendah,Journalism & Comm,1st phase - general,Reguler (Siang),Perempuan,<=20,19,Single,Tidak,Lunas,Ya,Tidak,Tidak,Domestik,141.3,142.0,6,6,14.714285714285714,6,6,15.166666666666666,100.0,14.94,Baik (>75%),13.9,-0.3,0.79
STD-2804,Graduate,0,7.5,Rendah,Veterinary Nursing,1st phase - general,Reguler (Siang),Perempuan,<=20,20,Single,Tidak,Lunas,Tidak,Ya,Tidak,Domestik,135.6,147.0,6,6,16.714285714285715,6,6,15.333333333333334,100.0,16.02,Baik (>75%),13.9,-0.3,0.79
STD-2805,Graduate,0,1.9,Rendah,Social Service,1st phase - general,Reguler (Siang),Perempuan,<=20,19,Single,Tidak,Lunas,Ya,Ya,Tidak,Domestik,121.5,125.0,6,6,10.857142857142858,6,6,11.666666666666666,100.0,11.26,Baik (>75%),12.4,0.5,1.79
STD-2806,Graduate,0,13.1,Rendah,Nursing,1st phase - general,Reguler (Siang),Perempuan,<=20,19,Single,Tidak,Lunas,Tidak,Ya,Tidak,Domestik,125.0,126.0,7,6,11.658333333333331,8,6,12.416666666666666,80.0,12.04,Baik (>75%),12.4,0.5,1.79
STD-2807,Graduate,0,4.6,Rendah,Journalism & Comm,3rd phase - general,Reguler (Siang),Perempuan,21-23,22,Single,Tidak,Lunas,Ya,Ya,Tidak,Internasional,119.1,132.0,6,5,11.6,6,6,12.0,91.7,11.8,Baik (>75%),9.4,-0.8,-3.12
STD-2808,Enrolled,0,11.8,Rendah,Advertising & Marketing,1st phase - general,Reguler (Siang),Perempuan,<=20,18,Single,Tidak,Lunas,Tidak,Ya,Tidak,Domestik,126.6,122.0,6,6,14.625,6,6,14.142857142857142,100.0,14.38,Baik (>75%),11.1,0.6,2.02
STD-2809,Graduate,0,3.7,Rendah,Journalism & Comm,1st phase - general,Reguler (Siang),Perempuan,<=20,18,Single,Tidak,Lunas,Ya,Tidak,Tidak,Domestik,116.7,123.0,6,6,12.166666666666666,6,6,12.666666666666666,100.0,12.42,Baik (>75%),12.4,0.5,1.79
STD-2810,Enrolled,0,3.2,Rendah,Nursing,1st phase - general,Reguler (Siang),Perempuan,<=20,19,Single,Tidak,Lunas,Tidak,Ya,Tidak,Domestik,120.1,126.0,7,4,13.375,7,6,12.116666666666667,71.4,12.75,Sedang (50-75%),12.4,0.5,1.79
STD-2811,Graduate,0,3.9,Rendah,Basic Education,1st phase - general,Reguler (Siang),Perempuan,<=20,19,Single,Tidak,Lunas,Ya,Tidak,Tidak,Domestik,124.9,128.0,6,6,12.5,6,6,12.833333333333334,100.0,12.67,Baik (>75%),12.7,3.7,-1.7
STD-2812,Dropout,1,85.5,Tinggi,Nursing,Over 23 years old,Reguler (Siang),Perempuan,28-35,31,Single,Ya,Menunggak,Tidak,Ya,Tidak,Domestik,114.0,100.0,7,5,12.56,7,5,12.56,71.4,12.56,Sedang (50-75%),7.6,2.6,0.32
STD-2813,Graduate,0,9.3,Rendah,Nursing,2nd phase - general,Reguler (Siang),Perempuan,<=20,18,Single,Tidak,Lunas,Tidak,Ya,Tidak,Domestik,131.1,140.0,7,7,13.19,8,8,14.23125,100.0,13.71,Baik (>75%),11.1,0.6,2.02
STD-2814,Graduate,0,9.4,Rendah,Social Service,1st phase - general,Reguler (Siang),Perempuan,<=20,19,Single,Ya,Lunas,Ya,Tidak,Tidak,Domestik,129.3,145.0,6,3,11.0,6,4,11.25,58.3,11.12,Sedang (50-75%),10.8,1.4,1.74
STD-2815,Graduate,0,42.8,Sedang,Animation & Multimedia,1st phase - general,Reguler (Siang),Perempuan,<=20,18,Single,Tidak,Lunas,Tidak,Ya,Tidak,Domestik,129.7,143.0,0,0,0.0,0,0,0.0,0.0,0.0,Kritis (<25%),13.9,-0.3,0.79
STD-2816,Graduate,0,4.1,Rendah,Social Service,2nd phase - general,Reguler (Siang),Perempuan,<=20,19,Single,Tidak,Lunas,Ya,Tidak,Tidak,Domestik,120.8,132.0,6,5,11.6,6,6,11.714285714285714,91.7,11.66,Baik (>75%),15.5,2.8,-4.06
STD-2817,Graduate,0,1.5,Rendah,Nursing,1st phase - general,Reguler (Siang),Perempuan,<=20,19,Single,Tidak,Lunas,Tidak,Tidak,Tidak,Domestik,135.0,130.0,7,6,14.266666666666666,7,6,14.266666666666666,85.7,14.27,Baik (>75%),7.6,2.6,0.32
STD-2818,Enrolled,0,3.1,Rendah,Management,1st phase - general,Reguler (Siang),Perempuan,<=20,19,Single,Tidak,Lunas,Ya,Tidak,Tidak,Domestik,117.8,129.0,5,4,11.0,5,4,13.857142857142858,80.0,12.43,Baik (>75%),10.8,1.4,1.74
STD-2819,Graduate,0,30.4,Sedang,Social Service (eve),Holder of other higher course,Kelas Malam,Perempuan,28-35,30,Married,Tidak,Lunas,Tidak,Tidak,Tidak,Domestik,130.0,124.4,10,9,12.666666666666666,7,7,12.428571428571429,94.1,12.55,Baik (>75%),7.6,2.6,0.32
STD-2820,Enrolled,0,34.3,Sedang,Journalism & Comm,Change of course,Reguler (Siang),Perempuan,<=20,18,Single,Tidak,Lunas,Tidak,Ya,Tidak,Domestik,117.6,127.0,6,0,0.0,6,3,11.0,25.0,5.5,Kritis (<25%),16.2,0.3,-0.92
STD-2821,Graduate,0,6.2,Rendah,Nursing,3rd phase - general,Reguler (Siang),Perempuan,<=20,18,Single,Tidak,Lunas,Tidak,Ya,Tidak,Domestik,130.8,144.0,8,7,12.771428571428572,8,7,12.771428571428572,87.5,12.77,Baik (>75%),12.7,3.7,-1.7
STD-2822,Dropout,1,91.1,Tinggi,Veterinary Nursing,3rd phase - general,Reguler (Siang),Perempuan,21-23,21,Single,Tidak,Lunas,Tidak,Ya,Tidak,Domestik,111.9,121.0,5,0,0.0,5,0,0.0,0.0,0.0,Kritis (<25%),12.7,3.7,-1.7
STD-2823,Graduate,0,3.9,Rendah,Social Service,Tech. specialization holder,Reguler (Siang),Perempuan,<=20,19,Single,Tidak,Lunas,Ya,Tidak,Tidak,Domestik,145.9,150.0,6,6,15.5,6,6,13.571428571428571,100.0,14.54,Baik (>75%),13.9,-0.3,0.79
STD-2824,Enrolled,0,5.5,Rendah,Advertising & Marketing,2nd phase - general,Reguler (Siang),Perempuan,<=20,19,Single,Tidak,Lunas,Ya,Ya,Tidak,Domestik,109.1,115.0,6,6,13.285714285714286,6,5,14.6,91.7,13.94,Baik (>75%),12.4,0.5,1.79
STD-2825,Enrolled,0,12.1,Rendah,Nursing,1st phase - general,Reguler (Siang),Perempuan,<=20,19,Single,Tidak,Lunas,Tidak,Ya,Tidak,Domestik,120.3,125.0,7,5,11.716666666666669,7,5,13.7,71.4,12.71,Sedang (50-75%),13.9,-0.3,0.79
STD-2826,Dropout,1,14.8,Rendah,Equinculture,2nd phase - general,Reguler (Siang),Perempuan,<=20,19,Single,Tidak,Lunas,Tidak,Ya,Tidak,Domestik,113.5,117.0,6,6,11.333333333333334,6,4,13.75,83.3,12.54,Baik (>75%),8.9,1.4,3.51
STD-2827,Graduate,0,7.7,Rendah,Advertising & Marketing,1st phase - general,Reguler (Siang),Perempuan,<=20,19,Single,Tidak,Lunas,Ya,Ya,Tidak,Domestik,135.4,121.0,6,6,13.333333333333334,6,5,13.4,91.7,13.37,Baik (>75%),8.9,1.4,3.51
STD-2828,Graduate,0,78.8,Tinggi,Management (evening),Over 23 years old,Kelas Malam,Perempuan,>35,39,Married,Tidak,Lunas,Ya,Tidak,Tidak,Domestik,130.2,140.0,5,4,12.333333333333334,5,2,10.0,60.0,11.17,Sedang (50-75%),16.2,0.3,-0.92
STD-2829,Enrolled,0,4.4,Rendah,Communication Design,1st phase - general,Reguler (Siang),Perempuan,<=20,18,Single,Tidak,Lunas,Tidak,Ya,Tidak,Domestik,136.4,129.0,6,6,12.333333333333334,6,6,12.833333333333334,100.0,12.58,Baik (>75%),7.6,2.6,0.32
STD-2830,Dropout,1,51.7,Sedang,Animation & Multimedia,2nd phase - general,Reguler (Siang),Perempuan,<=20,20,Single,Tidak,Lunas,Tidak,Ya,Tidak,Domestik,126.9,130.0,0,0,0.0,0,0,0.0,0.0,0.0,Kritis (<25%),12.7,3.7,-1.7
STD-2831,Graduate,0,5.5,Rendah,Management,2nd phase - general,Reguler (Siang),Perempuan,<=20,19,Single,Tidak,Lunas,Tidak,Ya,Tidak,Domestik,119.8,131.0,5,5,12.6,5,4,11.6,90.0,12.1,Baik (>75%),8.9,1.4,3.51
STD-2832,Enrolled,0,4.9,Rendah,Management,2nd phase - general,Reguler (Siang),Perempuan,<=20,18,Single,Tidak,Lunas,Tidak,Ya,Tidak,Domestik,124.4,137.0,5,5,12.6,5,4,11.0,90.0,11.8,Baik (>75%),11.1,0.6,2.02
STD-2833,Enrolled,0,60.3,Tinggi,Agronomy,Over 23 years old,Reguler (Siang),Perempuan,28-35,34,Married,Ya,Menunggak,Tidak,Tidak,Tidak,Domestik,120.0,150.0,6,6,14.333333333333334,6,6,12.833333333333334,100.0,13.58,Baik (>75%),11.1,0.6,2.02
STD-2834,Enrolled,0,43.4,Sedang,Advertising & Marketing,1st phase - general,Reguler (Siang),Perempuan,21-23,22,Single,Tidak,Lunas,Tidak,Tidak,Tidak,Domestik,111.8,117.0,5,3,12.0,5,2,11.0,50.0,11.5,Rendah (25-50%),7.6,2.6,0.32
STD-2835,Graduate,0,8.5,Rendah,Veterinary Nursing,Over 23 years old,Reguler (Siang),Perempuan,24-27,24,Single,Tidak,Lunas,Tidak,Ya,Tidak,Domestik,130.0,133.1,6,6,14.857142857142858,6,5,13.6,91.7,14.23,Baik (>75%),13.9,-0.3,0.79
STD-2836,Graduate,0,9.7,Rendah,Management,Change of course,Reguler (Siang),Perempuan,28-35,34,Married,Tidak,Lunas,Tidak,Tidak,Tidak,Domestik,138.0,130.0,15,12,11.916666666666666,13,11,13.181818181818182,82.1,12.55,Baik (>75%),7.6,2.6,0.32
STD-2837,Dropout,1,95.9,Tinggi,Management (evening),Over 23 years old,Kelas Malam,Perempuan,>35,46,Married,Tidak,Lunas,Tidak,Ya,Tidak,Domestik,114.6,110.0,5,0,0.0,5,0,0.0,0.0,0.0,Kritis (<25%),7.6,2.6,0.32
STD-2838,Enrolled,0,7.1,Rendah,Management,Over 23 years old,Reguler (Siang),Perempuan,>35,50,Married,Tidak,Lunas,Tidak,Tidak,Tidak,Domestik,108.0,140.0,5,3,13.333333333333334,5,5,12.2,80.0,12.77,Baik (>75%),9.4,-0.8,-3.12
STD-2839,Dropout,1,98.2,Tinggi,Management (evening),Over 23 years old,Kelas Malam,Perempuan,>35,37,Single,Tidak,Menunggak,Tidak,Tidak,Tidak,Domestik,140.0,140.0,5,0,0.0,5,0,0.0,0.0,0.0,Kritis (<25%),15.5,2.8,-4.06
STD-2840,Graduate,0,5.7,Rendah,Veterinary Nursing,1st phase - general,Reguler (Siang),Perempuan,<=20,18,Single,Tidak,Lunas,Tidak,Ya,Tidak,Domestik,134.7,148.0,6,6,17.0,6,6,15.5,100.0,16.25,Baik (>75%),8.9,1.4,3.51
STD-2841,Enrolled,0,71.6,Tinggi,Veterinary Nursing,Over 23 years old,Reguler (Siang),Perempuan,24-27,25,Single,Tidak,Lunas,Ya,Tidak,Tidak,Domestik,110.0,130.0,6,3,11.666666666666666,6,2,11.333333333333334,41.7,11.5,Rendah (25-50%),11.1,0.6,2.02
STD-2842,Graduate,0,4.6,Rendah,Agronomy,Over 23 years old,Reguler (Siang),Perempuan,>35,46,Married,Tidak,Lunas,Tidak,Tidak,Tidak,Domestik,104.8,140.0,19,19,12.210526315789474,13,13,11.384615384615383,100.0,11.8,Baik (>75%),15.5,2.8,-4.06
STD-2843,Graduate,0,8.3,Rendah,Communication Design,Over 23 years old,Reguler (Siang),Perempuan,28-35,30,Married,Tidak,Lunas,Ya,Tidak,Tidak,Domestik,126.5,160.0,6,6,13.0,6,5,12.857142857142858,91.7,12.93,Baik (>75%),13.9,-0.3,0.79
STD-2844,Dropout,1,98.5,Tinggi,Management (evening),1st phase - general,Kelas Malam,Perempuan,>35,37,Divorced,Ya,Menunggak,Tidak,Tidak,Tidak,Domestik,118.1,130.0,5,0,0.0,5,0,0.0,0.0,0.0,Kritis (<25%),12.7,3.7,-1.7
STD-2845,Enrolled,0,38.4,Sedang,Management (evening),Over 23 years old,Kelas Malam,Perempuan,>35,50,Married,Tidak,Lunas,Tidak,Tidak,Tidak,Domestik,119.9,120.0,5,2,10.5,5,3,11.0,50.0,10.75,Rendah (25-50%),12.7,3.7,-1.7
STD-2846,Graduate,0,2.3,Rendah,Agronomy,Tech. specialization holder,Reguler (Siang),Perempuan,<=20,20,Single,Tidak,Lunas,Tidak,Ya,Tidak,Domestik,160.0,160.0,6,6,13.571428571428571,6,6,12.714285714285714,100.0,13.14,Baik (>75%),12.4,0.5,1.79
STD-2847,Dropout,1,96.2,Tinggi,Oral Hygiene,Over 23 years old,Reguler (Siang),Perempuan,>35,39,Married,Tidak,Lunas,Tidak,Tidak,Tidak,Domestik,100.5,133.1,3,1,14.0,2,0,0.0,20.0,7.0,Kritis (<25%),11.1,0.6,2.02
STD-2848,Dropout,1,98.1,Tinggi,Journalism & Comm,Over 23 years old,Reguler (Siang),Perempuan,>35,53,Married,Tidak,Menunggak,Tidak,Tidak,Tidak,Domestik,110.0,133.1,5,0,0.0,4,0,0.0,0.0,0.0,Kritis (<25%),15.5,2.8,-4.06
STD-2849,Dropout,1,17.2,Rendah,Management,Transfer,Reguler (Siang),Perempuan,>35,54,Married,Tidak,Lunas,Tidak,Ya,Tidak,Domestik,100.0,100.0,15,13,12.461538461538462,13,10,11.1,82.1,11.78,Baik (>75%),15.5,2.8,-4.06
STD-2850,Graduate,0,13.5,Rendah,Veterinary Nursing,Tech. specialization holder,Reguler (Siang),Perempuan,<=20,19,Single,Tidak,Lunas,Tidak,Ya,Tidak,Domestik,140.0,140.0,6,4,14.4,6,5,13.0,75.0,13.7,Sedang (50-75%),13.9,-0.3,0.79
STD-2851,Dropout,1,94.4,Tinggi,Journalism & Comm,3rd phase - general,Reguler (Siang),Perempuan,<=20,20,Single,Tidak,Menunggak,Tidak,Ya,Tidak,Domestik,109.0,109.0,6,0,0.0,6,0,0.0,0.0,0.0,Kritis (<25%),8.9,1.4,3.51
STD-2852,Graduate,0,2.6,Rendah,Journalism & Comm,1st phase - general,Reguler (Siang),Perempuan,<=20,18,Single,Ya,Lunas,Tidak,Ya,Tidak,Domestik,120.9,130.0,6,6,14.333333333333334,6,6,14.166666666666666,100.0,14.25,Baik (>75%),8.9,1.4,3.51
STD-2853,Graduate,0,7.9,Rendah,Agronomy,Short cycle holder,Reguler (Siang),Perempuan,21-23,21,Single,Ya,Lunas,Tidak,Tidak,Tidak,Domestik,125.8,130.0,13,11,11.909090909090908,11,11,10.727272727272728,91.7,11.32,Baik (>75%),8.9,1.4,3.51
STD-2854,Graduate,0,27.5,Rendah,Communication Design,3rd phase - general,Reguler (Siang),Perempuan,<=20,18,Single,Tidak,Lunas,Tidak,Ya,Tidak,Domestik,161.2,164.0,6,6,13.714285714285714,6,6,14.375,100.0,14.04,Baik (>75%),13.9,-0.3,0.79
STD-2855,Dropout,1,95.2,Tinggi,Nursing,1st phase - general,Reguler (Siang),Perempuan,<=20,19,Single,Ya,Lunas,Tidak,Ya,Tidak,Domestik,122.0,125.0,7,0,0.0,8,0,0.0,0.0,0.0,Kritis (<25%),11.1,0.6,2.02
STD-2856,Dropout,1,3.7,Rendah,Nursing,2nd phase - general,Reguler (Siang),Perempuan,<=20,18,Single,Tidak,Lunas,Ya,Ya,Tidak,Domestik,127.9,137.0,7,5,13.46,7,7,12.2375,85.7,12.85,Baik (>75%),11.1,0.6,2.02
STD-2857,Graduate,0,2.8,Rendah,Journalism & Comm,1st phase - general,Reguler (Siang),Perempuan,<=20,19,Single,Tidak,Lunas,Tidak,Ya,Tidak,Domestik,135.8,133.0,6,6,15.0,6,6,13.333333333333334,100.0,14.17,Baik (>75%),11.1,0.6,2.02
STD-2858,Dropout,1,20.6,Rendah,Animation & Multimedia,1st phase - general,Reguler (Siang),Perempuan,<=20,18,Single,Tidak,Lunas,Ya,Ya,Tidak,Domestik,149.7,163.0,0,0,0.0,0,0,0.0,0.0,0.0,Kritis (<25%),13.9,-0.3,0.79
STD-2859,Graduate,0,7.2,Rendah,Advertising & Marketing,1st phase - general,Reguler (Siang),Perempuan,<=20,19,Single,Tidak,Lunas,Tidak,Ya,Tidak,Domestik,137.3,160.0,6,5,13.4,6,5,12.8,83.3,13.1,Baik (>75%),12.7,3.7,-1.7
STD-2860,Enrolled,0,45.5,Sedang,Social Service (eve),Change of course,Kelas Malam,Perempuan,>35,48,Divorced,Tidak,Lunas,Tidak,Ya,Tidak,Domestik,106.0,133.1,6,5,13.0,6,4,12.5,75.0,12.75,Sedang (50-75%),7.6,2.6,0.32
STD-2861,Graduate,0,40.7,Sedang,Social Service,Change of course,Reguler (Siang),Perempuan,28-35,34,Divorced,Ya,Lunas,Tidak,Tidak,Tidak,Domestik,110.0,120.0,6,4,11.25,6,4,13.75,66.7,12.5,Sedang (50-75%),13.9,-0.3,0.79
STD-2862,Graduate,0,3.2,Rendah,Veterinary Nursing,1st phase - general,Reguler (Siang),Perempuan,<=20,18,Single,Tidak,Lunas,Tidak,Tidak,Tidak,Domestik,146.4,140.0,5,5,12.6,5,5,11.6,100.0,12.1,Baik (>75%),7.6,2.6,0.32
STD-2863,Graduate,0,4.3,Rendah,Social Service (eve),Over 23 years old,Kelas Malam,Perempuan,>35,50,Married,Tidak,Lunas,Tidak,Tidak,Tidak,Domestik,121.0,140.0,6,6,12.666666666666666,6,6,11.833333333333334,100.0,12.25,Baik (>75%),10.8,1.4,1.74
STD-2864,Graduate,0,12.5,Rendah,Basic Education,Change of course,Reguler (Siang),Perempuan,>35,41,Single,Ya,Lunas,Tidak,Tidak,Tidak,Domestik,125.2,140.0,21,21,12.333333333333334,19,19,12.105263157894736,100.0,12.22,Baik (>75%),12.4,0.5,1.79
STD-2865,Dropout,1,18.0,Rendah,Journalism & Comm,2nd phase - general,Reguler (Siang),Perempuan,21-23,22,Single,Tidak,Lunas,Ya,Ya,Tidak,Domestik,119.6,115.0,6,5,12.0,6,5,11.0,83.3,11.5,Baik (>75%),7.6,2.6,0.32
STD-2866,Graduate,0,5.6,Rendah,Management,Over 23 years old,Reguler (Siang),Perempuan,>35,43,Divorced,Tidak,Lunas,Tidak,Tidak,Tidak,Domestik,142.8,140.0,5,5,16.4,5,5,16.6,100.0,16.5,Baik (>75%),7.6,2.6,0.32
STD-2867,Dropout,1,97.6,Tinggi,Social Service (eve),Over 23 years old,Kelas Malam,Perempuan,>35,50,Married,Tidak,Lunas,Tidak,Tidak,Tidak,Domestik,123.5,133.1,1,0,0.0,6,0,0.0,0.0,0.0,Kritis (<25%),10.8,1.4,1.74
STD-2868,Graduate,0,22.7,Rendah,Agronomy,Over 23 years old,Reguler (Siang),Perempuan,>35,60,Single,Tidak,Lunas,Tidak,Tidak,Tidak,Domestik,100.0,133.1,6,6,12.75,6,4,14.75,83.3,13.75,Baik (>75%),13.9,-0.3,0.79
STD-2869,Enrolled,0,25.4,Rendah,Management,Over 23 years old,Reguler (Siang),Perempuan,>35,41,Married,Tidak,Lunas,Tidak,Tidak,Tidak,Domestik,140.0,110.0,5,4,14.5,5,5,13.0,90.0,13.75,Baik (>75%),9.4,-0.8,-3.12
STD-2870,Graduate,0,5.8,Rendah,Management (evening),Over 23 years old,Kelas Malam,Perempuan,>35,47,Married,Tidak,Lunas,Tidak,Tidak,Tidak,Domestik,150.3,133.1,5,5,14.8,5,5,14.4,100.0,14.6,Baik (>75%),7.6,2.6,0.32
STD-2871,Graduate,0,17.3,Rendah,Animation & Multimedia,1st phase - general,Reguler (Siang),Perempuan,21-23,22,Single,Tidak,Lunas,Tidak,Tidak,Tidak,Domestik,128.2,116.0,17,17,10.36842105263158,17,17,11.5,100.0,10.93,Baik (>75%),11.1,0.6,2.02
STD-2872,Dropout,1,94.6,Tinggi,Nursing,Over 23 years old,Reguler (Siang),Perempuan,>35,41,Married,Tidak,Lunas,Tidak,Tidak,Tidak,Domestik,114.3,110.0,7,0,0.0,8,0,0.0,0.0,0.0,Kritis (<25%),10.8,1.4,1.74
STD-2873,Enrolled,0,8.9,Rendah,Management (evening),Change of course,Kelas Malam,Perempuan,28-35,28,Married,Tidak,Lunas,Tidak,Tidak,Tidak,Domestik,117.3,140.0,10,6,10.666666666666666,10,9,11.333333333333334,75.0,11.0,Sedang (50-75%),7.6,2.6,0.32
STD-2874,Graduate,0,14.7,Rendah,Tourism,Transfer,Reguler (Siang),Perempuan,28-35,32,Facto Union,Tidak,Lunas,Tidak,Tidak,Tidak,Domestik,120.0,120.0,15,13,12.692307692307692,15,13,12.384615384615383,86.7,12.54,Baik (>75%),10.8,1.4,1.74
STD-2875,Dropout,1,96.0,Tinggi,Management (evening),Over 23 years old,Kelas Malam,Perempuan,>35,50,Married,Tidak,Lunas,Tidak,Ya,Tidak,Domestik,110.7,133.1,5,0,0.0,5,0,0.0,0.0,0.0,Kritis (<25%),7.6,2.6,0.32
STD-2876,Enrolled,0,13.7,Rendah,Management,Change of institution/course,Reguler (Siang),Perempuan,>35,53,Single,Tidak,Lunas,Tidak,Tidak,Tidak,Domestik,118.0,160.0,15,15,11.8,13,12,11.666666666666666,96.4,11.73,Baik (>75%),8.9,1.4,3.51
STD-2877,Dropout,1,98.2,Tinggi,Oral Hygiene,Over 23 years old,Reguler (Siang),Perempuan,>35,54,Single,Ya,Menunggak,Tidak,Tidak,Tidak,Internasional,169.2,133.1,7,0,0.0,5,0,0.0,0.0,0.0,Kritis (<25%),12.4,0.5,1.79
STD-2878,Enrolled,0,30.4,Sedang,Social Service (eve),Over 23 years old,Kelas Malam,Perempuan,>35,49,Single,Tidak,Lunas,Tidak,Tidak,Tidak,Domestik,106.8,120.0,6,5,12.333333333333334,6,4,11.5,75.0,11.92,Sedang (50-75%),13.9,-0.3,0.79
STD-2879,Dropout,1,9.1,Rendah,Basic Education,Transfer,Reguler (Siang),Perempuan,28-35,34,Married,Tidak,Lunas,Tidak,Tidak,Tidak,Domestik,100.0,133.1,12,11,13.0,13,8,11.875,76.0,12.44,Baik (>75%),12.7,3.7,-1.7
STD-2880,Dropout,1,48.7,Sedang,Social Service (eve),Over 23 years old,Kelas Malam,Perempuan,>35,45,Divorced,Tidak,Lunas,Tidak,Tidak,Tidak,Domestik,144.5,133.1,6,4,12.5,6,3,11.666666666666666,58.3,12.08,Sedang (50-75%),16.2,0.3,-0.92
STD-2881,Graduate,0,20.6,Rendah,Social Service (eve),Over 23 years old,Kelas Malam,Perempuan,>35,47,Divorced,Tidak,Lunas,Ya,Tidak,Tidak,Domestik,134.5,133.1,6,5,12.2,6,4,11.25,75.0,11.72,Sedang (50-75%),12.4,0.5,1.79
STD-2882,Enrolled,0,8.8,Rendah,Social Service,Change of course,Reguler (Siang),Perempuan,21-23,22,Single,Tidak,Lunas,Tidak,Ya,Tidak,Domestik,114.3,122.0,10,8,11.0,7,5,11.2,76.5,11.1,Baik (>75%),9.4,-0.8,-3.12
STD-2883,Dropout,1,80.9,Tinggi,Management (evening),Over 23 years old,Kelas Malam,Perempuan,28-35,33,Married,Tidak,Lunas,Tidak,Tidak,Tidak,Domestik,113.4,133.1,5,1,10.0,5,2,12.0,30.0,11.0,Rendah (25-50%),12.4,0.5,1.79
STD-2884,Graduate,0,2.5,Rendah,Social Service (eve),Over 23 years old,Kelas Malam,Perempuan,>35,43,Married,Tidak,Lunas,Ya,Tidak,Tidak,Domestik,128.0,140.0,6,6,12.333333333333334,6,6,11.5,100.0,11.92,Baik (>75%),8.9,1.4,3.51
STD-2885,Graduate,0,4.1,Rendah,Agronomy,Holder of other higher course,Reguler (Siang),Perempuan,>35,54,Single,Tidak,Lunas,Tidak,Tidak,Tidak,Domestik,120.0,120.0,13,13,14.307692307692308,12,12,15.23076923076923,100.0,14.77,Baik (>75%),15.5,2.8,-4.06
STD-2886,Graduate,0,3.5,Rendah,Social Service (eve),Over 23 years old,Kelas Malam,Perempuan,>35,39,Single,Tidak,Lunas,Tidak,Tidak,Tidak,Domestik,147.5,130.0,11,11,14.454545454545457,8,8,13.5,100.0,13.98,Baik (>75%),12.7,3.7,-1.7
STD-2887,Graduate,0,5.0,Rendah,Management (evening),Over 23 years old,Kelas Malam,Perempuan,>35,39,Married,Tidak,Lunas,Tidak,Tidak,Tidak,Domestik,120.7,120.0,5,5,11.0,5,5,13.2,100.0,12.1,Baik (>75%),7.6,2.6,0.32
STD-2888,Graduate,0,2.5,Rendah,Basic Education,1st phase - general,Reguler (Siang),Perempuan,<=20,18,Single,Tidak,Lunas,Ya,Tidak,Tidak,Domestik,153.7,153.0,6,6,13.142857142857142,6,6,12.833333333333334,100.0,12.99,Baik (>75%),15.5,2.8,-4.06
STD-2889,Graduate,0,1.9,Rendah,Social Service,2nd phase - general,Reguler (Siang),Perempuan,<=20,19,Single,Tidak,Lunas,Ya,Tidak,Tidak,Domestik,121.9,131.0,6,6,13.75,6,6,11.857142857142858,100.0,12.8,Baik (>75%),16.2,0.3,-0.92
STD-2890,Graduate,0,3.9,Rendah,Advertising & Marketing,2nd phase - general,Reguler (Siang),Perempuan,<=20,18,Single,Tidak,Lunas,Ya,Ya,Tidak,Domestik,119.4,126.0,6,6,14.0,6,5,13.8,91.7,13.9,Baik (>75%),8.9,1.4,3.51
STD-2891,Graduate,0,26.2,Rendah,Social Service (eve),Over 23 years old,Kelas Malam,Perempuan,>35,44,Married,Tidak,Lunas,Tidak,Tidak,Tidak,Domestik,157.8,110.0,8,8,13.75,6,6,12.5,100.0,13.12,Baik (>75%),7.6,2.6,0.32
STD-2892,Dropout,1,90.5,Tinggi,Management (evening),Over 23 years old,Kelas Malam,Perempuan,24-27,27,Single,Tidak,Lunas,Tidak,Tidak,Tidak,Domestik,154.0,150.0,5,0,0.0,5,0,0.0,0.0,0.0,Kritis (<25%),12.4,0.5,1.79
STD-2893,Graduate,0,5.5,Rendah,Advertising & Marketing,1st phase - general,Reguler (Siang),Perempuan,<=20,18,Single,Tidak,Lunas,Ya,Ya,Tidak,Domestik,135.9,131.0,6,6,13.166666666666666,6,6,12.428571428571429,100.0,12.8,Baik (>75%),8.9,1.4,3.51
STD-2894,Dropout,1,39.5,Sedang,Social Service (eve),Change of course,Kelas Malam,Perempuan,>35,45,Married,Tidak,Lunas,Tidak,Tidak,Tidak,Domestik,130.0,130.0,12,9,12.444444444444445,7,6,12.0,78.9,12.22,Baik (>75%),9.4,-0.8,-3.12
STD-2895,Graduate,0,19.0,Rendah,Basic Education,2nd phase - general,Reguler (Siang),Perempuan,<=20,20,Single,Tidak,Lunas,Tidak,Ya,Tidak,Domestik,118.9,122.0,6,6,12.666666666666666,6,5,13.0,91.7,12.83,Baik (>75%),7.6,2.6,0.32
STD-2896,Graduate,0,6.9,Rendah,Social Service (eve),1st phase - general,Kelas Malam,Perempuan,>35,40,Married,Tidak,Lunas,Tidak,Tidak,Tidak,Domestik,152.4,151.0,6,6,11.333333333333334,6,6,10.5,100.0,10.92,Baik (>75%),10.8,1.4,1.74
STD-2897,Enrolled,0,13.0,Rendah,Management (evening),Over 23 years old,Kelas Malam,Perempuan,>35,40,Single,Tidak,Lunas,Tidak,Tidak,Tidak,Domestik,147.8,120.0,5,4,11.25,5,5,12.0,90.0,11.62,Baik (>75%),13.9,-0.3,0.79
STD-2898,Graduate,0,3.7,Rendah,Nursing,Change of course,Reguler (Siang),Perempuan,<=20,18,Single,Tidak,Lunas,Tidak,Tidak,Tidak,Domestik,100.0,136.0,7,7,13.6125,8,8,14.575,100.0,14.09,Baik (>75%),13.9,-0.3,0.79
STD-2899,Graduate,0,7.4,Rendah,Nursing,3rd phase - general,Reguler (Siang),Perempuan,21-23,21,Single,Tidak,Lunas,Tidak,Ya,Tidak,Domestik,129.0,140.0,8,7,12.414285714285716,8,7,12.414285714285716,87.5,12.41,Baik (>75%),12.7,3.7,-1.7
STD-2900,Graduate,0,10.8,Rendah,Animation & Multimedia,2nd phase - general,Reguler (Siang),Perempuan,<=20,20,Single,Tidak,Lunas,Tidak,Ya,Tidak,Domestik,148.9,131.0,0,0,0.0,0,0,0.0,0.0,0.0,Kritis (<25%),9.4,-0.8,-3.12
STD-2901,Enrolled,0,34.9,Sedang,Management (evening),Change of course,Kelas Malam,Perempuan,>35,36,Married,Tidak,Lunas,Tidak,Tidak,Tidak,Domestik,120.0,120.0,12,11,11.5,12,12,11.4375,95.8,11.47,Baik (>75%),9.4,-0.8,-3.12
STD-2902,Dropout,1,94.2,Tinggi,Social Service (eve),Holder of other higher course,Kelas Malam,Perempuan,24-27,27,Married,Tidak,Lunas,Tidak,Tidak,Tidak,Domestik,170.0,170.0,5,0,0.0,6,0,0.0,0.0,0.0,Kritis (<25%),9.4,-0.8,-3.12
STD-2903,Graduate,0,6.3,Rendah,Oral Hygiene,Over 23 years old,Reguler (Siang),Perempuan,28-35,32,Married,Tidak,Lunas,Tidak,Tidak,Tidak,Internasional,130.0,100.0,7,7,11.0,8,8,13.125,100.0,12.06,Baik (>75%),12.7,3.7,-1.7
STD-2904,Graduate,0,1.5,Rendah,Social Service,2nd phase - general,Reguler (Siang),Perempuan,<=20,18,Single,Tidak,Lunas,Ya,Ya,Tidak,Domestik,119.2,116.0,6,6,14.0,6,6,13.5,100.0,13.75,Baik (>75%),8.9,1.4,3.51
STD-2905,Dropout,1,70.1,Tinggi,Social Service (eve),Over 23 years old,Kelas Malam,Perempuan,>35,37,Single,Tidak,Lunas,Tidak,Tidak,Tidak,Domestik,129.0,133.1,6,4,12.0,6,3,12.0,58.3,12.0,Sedang (50-75%),16.2,0.3,-0.92
STD-2906,Graduate,0,7.8,Rendah,Journalism & Comm,2nd phase - general,Reguler (Siang),Perempuan,<=20,19,Single,Tidak,Lunas,Tidak,Ya,Tidak,Domestik,132.5,136.0,6,6,12.5,6,6,12.5,100.0,12.5,Baik (>75%),10.8,1.4,1.74
STD-2907,Graduate,0,2.4,Rendah,Social Service (eve),Over 23 years old,Kelas Malam,Perempuan,>35,41,Divorced,Tidak,Lunas,Ya,Tidak,Tidak,Domestik,115.0,160.0,6,6,11.333333333333334,6,6,11.333333333333334,100.0,11.33,Baik (>75%),10.8,1.4,1.74
STD-2908,Graduate,0,1.7,Rendah,Nursing,1st phase - general,Reguler (Siang),Perempuan,<=20,18,Married,Tidak,Lunas,Ya,Tidak,Tidak,Domestik,128.0,140.0,7,6,14.066666666666668,7,6,14.066666666666668,85.7,14.07,Baik (>75%),7.6,2.6,0.32
STD-2909,Graduate,0,9.5,Rendah,Veterinary Nursing,Change of course,Reguler (Siang),Perempuan,21-23,21,Single,Tidak,Lunas,Tidak,Tidak,Tidak,Domestik,125.1,130.0,9,8,13.555555555555555,7,7,13.571428571428571,93.8,13.56,Baik (>75%),7.6,2.6,0.32
STD-2910,Dropout,1,76.1,Tinggi,Agronomy,Tech. specialization holder,Reguler (Siang),Perempuan,21-23,23,Single,Ya,Menunggak,Tidak,Ya,Tidak,Domestik,140.0,140.0,6,5,11.6,6,4,12.25,75.0,11.92,Sedang (50-75%),12.4,0.5,1.79
STD-2911,Dropout,1,94.0,Tinggi,Journalism & Comm,2nd phase - general,Reguler (Siang),Perempuan,<=20,18,Single,Tidak,Lunas,Tidak,Ya,Tidak,Domestik,120.9,123.0,6,0,0.0,6,0,0.0,0.0,0.0,Kritis (<25%),13.9,-0.3,0.79
STD-2912,Graduate,0,3.9,Rendah,Nursing,1st phase - general,Reguler (Siang),Perempuan,<=20,18,Single,Tidak,Lunas,Tidak,Ya,Tidak,Domestik,135.3,143.0,8,8,13.27625,8,8,13.27625,100.0,13.28,Baik (>75%),9.4,-0.8,-3.12
STD-2913,Dropout,1,97.8,Tinggi,Veterinary Nursing,Change of course,Reguler (Siang),Perempuan,21-23,21,Single,Tidak,Lunas,Tidak,Tidak,Tidak,Domestik,125.2,133.1,6,0,0.0,6,0,0.0,0.0,0.0,Kritis (<25%),7.6,2.6,0.32
STD-2914,Graduate,0,4.5,Rendah,Social Service,1st phase - general,Reguler (Siang),Perempuan,<=20,19,Single,Tidak,Lunas,Tidak,Ya,Tidak,Domestik,135.7,136.0,6,6,14.375,6,6,14.75,100.0,14.56,Baik (>75%),7.6,2.6,0.32
STD-2915,Dropout,1,94.7,Tinggi,Management,Over 23 years old,Reguler (Siang),Perempuan,>35,47,Legally Separated,Tidak,Lunas,Tidak,Tidak,Tidak,Domestik,110.0,133.1,5,0,0.0,5,0,0.0,0.0,0.0,Kritis (<25%),9.4,-0.8,-3.12
STD-2916,Enrolled,0,6.1,Rendah,Social Service (eve),Over 23 years old,Kelas Malam,Perempuan,>35,48,Legally Separated,Tidak,Lunas,Ya,Tidak,Tidak,Domestik,119.0,133.1,6,6,10.666666666666666,6,5,11.8,91.7,11.23,Baik (>75%),10.8,1.4,1.74
STD-2917,Graduate,0,5.1,Rendah,Social Service (eve),Holder of other higher course,Kelas Malam,Perempuan,>35,39,Married,Tidak,Lunas,Tidak,Tidak,Tidak,Domestik,110.0,110.0,13,12,13.416666666666666,10,10,14.5,95.7,13.96,Baik (>75%),16.2,0.3,-0.92
STD-2918,Graduate,0,2.2,Rendah,Nursing,1st phase - general,Reguler (Siang),Perempuan,<=20,19,Single,Tidak,Lunas,Tidak,Ya,Tidak,Domestik,115.2,118.0,7,6,12.97166666666667,8,7,12.321428571428571,86.7,12.65,Baik (>75%),11.1,0.6,2.02
STD-2919,Dropout,1,13.7,Rendah,Management (evening),Change of course,Kelas Malam,Perempuan,>35,38,Single,Tidak,Lunas,Tidak,Tidak,Tidak,Domestik,112.9,110.0,15,14,10.928571428571429,14,12,11.833333333333334,89.7,11.38,Baik (>75%),9.4,-0.8,-3.12
STD-2920,Dropout,1,97.2,Tinggi,Agronomy,Over 23 years old,Reguler (Siang),Perempuan,24-27,27,Facto Union,Ya,Menunggak,Tidak,Tidak,Tidak,Domestik,119.4,133.1,6,0,0.0,6,0,0.0,0.0,0.0,Kritis (<25%),8.9,1.4,3.51
STD-2921,Graduate,0,18.9,Rendah,Animation & Multimedia,1st phase - general,Reguler (Siang),Perempuan,<=20,18,Single,Tidak,Lunas,Ya,Ya,Tidak,Domestik,152.9,162.0,0,0,0.0,0,0,0.0,0.0,0.0,Kritis (<25%),12.4,0.5,1.79
STD-2922,Enrolled,0,95.9,Tinggi,Social Service (eve),Over 23 years old,Kelas Malam,Perempuan,28-35,34,Single,Tidak,Lunas,Tidak,Tidak,Tidak,Domestik,117.5,155.0,6,4,13.25,6,0,0.0,33.3,6.62,Rendah (25-50%),12.7,3.7,-1.7
STD-2923,Dropout,1,10.7,Rendah,Social Service,Over 23 years old,Reguler (Siang),Perempuan,>35,48,Married,Tidak,Lunas,Tidak,Tidak,Tidak,Domestik,98.5,133.1,6,6,11.333333333333334,6,5,12.4,91.7,11.87,Baik (>75%),15.5,2.8,-4.06
STD-2924,Dropout,1,94.4,Tinggi,Advertising & Marketing,Over 23 years old,Reguler (Siang),Perempuan,24-27,25,Single,Tidak,Lunas,Tidak,Tidak,Tidak,Domestik,108.0,150.0,5,1,11.0,5,0,0.0,10.0,5.5,Kritis (<25%),7.6,2.6,0.32
STD-2925,Graduate,0,1.7,Rendah,Nursing,Over 23 years old,Reguler (Siang),Perempuan,28-35,32,Married,Tidak,Lunas,Ya,Tidak,Tidak,Domestik,120.0,133.1,8,7,12.757142857142856,8,7,12.757142857142856,87.5,12.76,Baik (>75%),12.7,3.7,-1.7
STD-2926,Graduate,0,2.1,Rendah,Journalism & Comm,1st phase - general,Reguler (Siang),Perempuan,<=20,18,Single,Tidak,Lunas,Ya,Tidak,Tidak,Domestik,150.2,154.0,6,6,14.5,6,6,14.666666666666666,100.0,14.58,Baik (>75%),16.2,0.3,-0.92
STD-2927,Graduate,0,3.1,Rendah,Social Service (eve),Tech. specialization holder,Kelas Malam,Perempuan,<=20,20,Single,Ya,Lunas,Tidak,Tidak,Tidak,Domestik,139.2,140.0,6,6,13.833333333333334,6,6,14.571428571428571,100.0,14.2,Baik (>75%),12.4,0.5,1.79
STD-2928,Graduate,0,4.7,Rendah,Management,1st phase - general,Reguler (Siang),Perempuan,<=20,20,Single,Tidak,Lunas,Tidak,Ya,Tidak,Domestik,130.0,158.0,5,4,11.25,5,5,10.4,90.0,10.82,Baik (>75%),7.6,2.6,0.32
STD-2929,Dropout,1,40.4,Sedang,Animation & Multimedia,1st phase - general,Reguler (Siang),Perempuan,<=20,20,Single,Tidak,Lunas,Tidak,Ya,Tidak,Domestik,115.7,122.0,0,0,0.0,0,0,0.0,0.0,0.0,Kritis (<25%),9.4,-0.8,-3.12
STD-2930,Enrolled,0,49.8,Sedang,Nursing,1st phase - general,Reguler (Siang),Perempuan,<=20,19,Single,Tidak,Lunas,Tidak,Ya,Tidak,Domestik,127.0,136.0,8,1,13.67,8,1,13.67,12.5,13.67,Kritis (<25%),9.4,-0.8,-3.12
STD-2931,Dropout,1,89.2,Tinggi,Management (evening),Over 23 years old,Kelas Malam,Perempuan,>35,39,Single,Tidak,Lunas,Tidak,Ya,Tidak,Domestik,118.1,133.1,5,0,0.0,5,2,12.5,20.0,6.25,Kritis (<25%),7.6,2.6,0.32
STD-2932,Dropout,1,94.1,Tinggi,Equinculture,1st phase - general,Reguler (Siang),Perempuan,28-35,29,Single,Ya,Lunas,Tidak,Ya,Tidak,Domestik,119.1,132.0,5,1,13.0,5,0,0.0,10.0,6.5,Kritis (<25%),10.8,1.4,1.74
STD-2933,Dropout,1,92.1,Tinggi,Management (evening),Over 23 years old,Kelas Malam,Perempuan,>35,36,Single,Ya,Lunas,Tidak,Tidak,Tidak,Domestik,111.9,130.0,5,0,0.0,5,0,0.0,0.0,0.0,Kritis (<25%),12.7,3.7,-1.7
STD-2934,Graduate,0,7.6,Rendah,Nursing,1st phase - general,Reguler (Siang),Perempuan,<=20,18,Single,Tidak,Lunas,Tidak,Ya,Tidak,Domestik,130.5,144.0,8,7,11.971428571428572,8,7,11.971428571428572,87.5,11.97,Baik (>75%),12.7,3.7,-1.7
STD-2935,Dropout,1,97.1,Tinggi,Social Service (eve),Over 23 years old,Kelas Malam,Perempuan,>35,51,Married,Tidak,Lunas,Tidak,Tidak,Tidak,Domestik,135.0,133.1,6,0,0.0,6,0,0.0,0.0,0.0,Kritis (<25%),7.6,2.6,0.32
STD-2936,Dropout,1,42.1,Sedang,Journalism & Comm,Change of course,Reguler (Siang),Perempuan,21-23,23,Single,Ya,Lunas,Tidak,Tidak,Tidak,Internasional,130.0,133.1,6,1,16.0,6,4,12.25,41.7,14.12,Rendah (25-50%),7.6,2.6,0.32
STD-2937,Dropout,1,90.1,Tinggi,Veterinary Nursing,Tech. specialization holder,Reguler (Siang),Perempuan,21-23,21,Single,Tidak,Lunas,Tidak,Ya,Tidak,Domestik,150.0,150.0,6,0,0.0,6,0,0.0,0.0,0.0,Kritis (<25%),10.8,1.4,1.74
STD-2938,Dropout,1,94.1,Tinggi,Basic Education,Change of course,Reguler (Siang),Perempuan,28-35,28,Single,Tidak,Menunggak,Tidak,Ya,Tidak,Domestik,150.2,150.0,6,4,12.75,5,0,0.0,36.4,6.38,Rendah (25-50%),9.4,-0.8,-3.12
STD-2939,Enrolled,0,17.5,Rendah,Management (evening),Over 23 years old,Kelas Malam,Perempuan,28-35,34,Married,Tidak,Lunas,Tidak,Tidak,Tidak,Domestik,127.1,110.0,5,4,11.0,5,4,10.75,80.0,10.88,Baik (>75%),7.6,2.6,0.32
STD-2940,Dropout,1,87.4,Tinggi,Social Service (eve),Over 23 years old,Kelas Malam,Perempuan,>35,41,Single,Tidak,Lunas,Tidak,Tidak,Tidak,Domestik,107.5,100.0,2,0,0.0,6,0,0.0,0.0,0.0,Kritis (<25%),12.7,3.7,-1.7
STD-2941,Graduate,0,3.2,Rendah,Social Service (eve),Over 23 years old,Kelas Malam,Perempuan,>35,43,Divorced,Tidak,Lunas,Ya,Tidak,Tidak,Domestik,130.0,100.0,6,5,12.2,6,6,12.333333333333334,91.7,12.27,Baik (>75%),9.4,-0.8,-3.12
STD-2942,Enrolled,0,6.9,Rendah,Oral Hygiene,Over 23 years old,Reguler (Siang),Perempuan,28-35,28,Married,Tidak,Lunas,Tidak,Ya,Tidak,Internasional,152.8,133.1,7,7,12.428571428571429,8,8,12.3,100.0,12.36,Baik (>75%),12.4,0.5,1.79
STD-2943,Graduate,0,2.7,Rendah,Animation & Multimedia,1st phase - general,Reguler (Siang),Perempuan,<=20,19,Single,Tidak,Lunas,Ya,Tidak,Tidak,Domestik,160.1,145.0,12,12,14.5,11,11,13.583333333333334,100.0,14.04,Baik (>75%),8.9,1.4,3.51
STD-2944,Graduate,0,10.2,Rendah,Agronomy,Over 23 years old,Reguler (Siang),Perempuan,24-27,26,Single,Tidak,Lunas,Tidak,Tidak,Tidak,Domestik,140.0,130.0,12,6,13.0,12,11,13.833333333333334,70.8,13.42,Sedang (50-75%),15.5,2.8,-4.06
STD-2945,Graduate,0,4.3,Rendah,Nursing,1st phase - general,Reguler (Siang),Perempuan,<=20,18,Single,Tidak,Lunas,Tidak,Ya,Tidak,Domestik,110.7,118.0,7,7,11.714285714285714,8,8,12.75,100.0,12.23,Baik (>75%),12.4,0.5,1.79
STD-2946,Dropout,1,85.3,Tinggi,Basic Education,Over 23 years old,Reguler (Siang),Perempuan,>35,45,Married,Tidak,Lunas,Tidak,Tidak,Tidak,Domestik,138.3,133.1,7,4,10.25,7,3,13.0,50.0,11.62,Rendah (25-50%),11.1,0.6,2.02
STD-2947,Dropout,1,97.8,Tinggi,Basic Education,Tech. specialization holder,Reguler (Siang),Perempuan,<=20,19,Single,Tidak,Lunas,Tidak,Tidak,Tidak,Domestik,150.0,150.0,6,0,0.0,6,0,0.0,0.0,0.0,Kritis (<25%),12.4,0.5,1.79
STD-2948,Graduate,0,3.3,Rendah,Advertising & Marketing,2nd phase - general,Reguler (Siang),Perempuan,<=20,20,Single,Tidak,Lunas,Tidak,Tidak,Tidak,Domestik,112.3,113.0,6,6,12.375,6,6,13.142857142857142,100.0,12.76,Baik (>75%),11.1,0.6,2.02
STD-2949,Graduate,0,3.7,Rendah,Basic Education,1st phase - general,Reguler (Siang),Perempuan,<=20,18,Single,Tidak,Lunas,Tidak,Tidak,Tidak,Domestik,122.0,136.0,6,6,12.666666666666666,6,6,12.0,100.0,12.33,Baik (>75%),7.6,2.6,0.32
STD-2950,Dropout,1,70.9,Tinggi,Veterinary Nursing,Over 23 years old,Reguler (Siang),Perempuan,24-27,27,Single,Tidak,Lunas,Tidak,Ya,Tidak,Domestik,141.7,140.0,6,3,10.5,6,1,12.0,33.3,11.25,Rendah (25-50%),12.4,0.5,1.79
STD-2951,Graduate,0,2.1,Rendah,Agronomy,1st phase - general,Reguler (Siang),Perempuan,<=20,20,Married,Tidak,Lunas,Tidak,Tidak,Tidak,Domestik,118.4,131.0,6,6,14.125,6,5,12.6,91.7,13.36,Baik (>75%),13.9,-0.3,0.79
STD-2952,Graduate,0,3.9,Rendah,Veterinary Nursing,1st phase - general,Reguler (Siang),Perempuan,<=20,18,Single,Tidak,Lunas,Tidak,Ya,Tidak,Domestik,128.7,138.0,6,6,14.666666666666666,6,6,13.833333333333334,100.0,14.25,Baik (>75%),8.9,1.4,3.51
STD-2953,Enrolled,0,38.9,Sedang,Advertising & Marketing,Over 23 years old,Reguler (Siang),Perempuan,28-35,35,Married,Tidak,Lunas,Tidak,Tidak,Tidak,Domestik,100.0,100.0,5,5,11.4,5,3,12.333333333333334,80.0,11.87,Baik (>75%),9.4,-0.8,-3.12
STD-2954,Dropout,1,84.9,Tinggi,Animation & Multimedia,Over 23 years old,Reguler (Siang),Perempuan,24-27,26,Single,Tidak,Lunas,Tidak,Tidak,Ya,Domestik,100.8,140.0,0,0,0.0,0,0,0.0,0.0,0.0,Kritis (<25%),16.2,0.3,-0.92
STD-2955,Graduate,0,3.7,Rendah,Social Service,Over 23 years old,Reguler (Siang),Perempuan,>35,39,Divorced,Tidak,Lunas,Ya,Ya,Tidak,Domestik,125.5,120.0,6,6,14.0,6,5,14.8,91.7,14.4,Baik (>75%),12.7,3.7,-1.7
STD-2956,Graduate,0,17.8,Rendah,Animation & Multimedia,1st phase - general,Reguler (Siang),Perempuan,<=20,18,Single,Tidak,Lunas,Tidak,Ya,Tidak,Domestik,124.0,139.0,0,0,0.0,0,0,0.0,0.0,0.0,Kritis (<25%),7.6,2.6,0.32
STD-2957,Dropout,1,97.5,Tinggi,Nursing,Holder of other higher course,Reguler (Siang),Perempuan,>35,36,Single,Tidak,Lunas,Tidak,Tidak,Tidak,Domestik,130.0,130.0,7,0,0.0,7,0,0.0,0.0,0.0,Kritis (<25%),16.2,0.3,-0.92
STD-2958,Graduate,0,12.9,Rendah,Social Service (eve),Over 23 years old,Kelas Malam,Perempuan,>35,38,Married,Tidak,Lunas,Tidak,Tidak,Tidak,Domestik,160.5,110.0,11,11,12.636363636363637,8,8,11.0,100.0,11.82,Baik (>75%),13.9,-0.3,0.79
STD-2959,Dropout,1,91.8,Tinggi,Basic Education,Over 23 years old,Reguler (Siang),Perempuan,>35,45,Married,Tidak,Lunas,Tidak,Tidak,Tidak,Domestik,100.0,133.1,6,3,12.333333333333334,6,2,11.0,41.7,11.67,Rendah (25-50%),7.6,2.6,0.32
STD-2960,Graduate,0,10.5,Rendah,Tourism,Over 23 years old,Reguler (Siang),Perempuan,>35,62,Facto Union,Tidak,Lunas,Tidak,Tidak,Tidak,Domestik,103.0,133.1,6,6,15.0,6,6,12.833333333333334,100.0,13.92,Baik (>75%),10.8,1.4,1.74
STD-2961,Graduate,0,11.8,Rendah,Advertising & Marketing,1st phase - general,Reguler (Siang),Perempuan,<=20,20,Single,Tidak,Lunas,Ya,Ya,Tidak,Domestik,103.0,133.1,6,4,11.75,6,6,12.666666666666666,83.3,12.21,Baik (>75%),10.8,1.4,1.74
STD-2962,Graduate,0,2.2,Rendah,Nursing,1st phase - general,Reguler (Siang),Perempuan,<=20,18,Single,Tidak,Lunas,Tidak,Ya,Tidak,Domestik,131.5,139.0,8,7,14.13714285714286,8,7,14.13714285714286,87.5,14.14,Baik (>75%),10.8,1.4,1.74
STD-2963,Dropout,1,53.0,Sedang,Communication Design,3rd phase - general,Reguler (Siang),Perempuan,<=20,18,Single,Tidak,Lunas,Tidak,Tidak,Tidak,Domestik,121.4,134.0,6,2,12.0,6,1,11.0,25.0,11.5,Kritis (<25%),9.4,-0.8,-3.12
STD-2964,Graduate,0,5.3,Rendah,Management (evening),1st phase - general,Kelas Malam,Perempuan,21-23,23,Married,Tidak,Lunas,Tidak,Tidak,Tidak,Domestik,137.3,160.0,5,5,10.8,5,4,11.5,90.0,11.15,Baik (>75%),9.4,-0.8,-3.12
STD-2965,Dropout,1,8.7,Rendah,Communication Design,1st phase - general,Reguler (Siang),Perempuan,<=20,19,Single,Ya,Lunas,Ya,Ya,Tidak,Domestik,138.4,124.0,6,6,13.285714285714286,6,6,12.5,100.0,12.89,Baik (>75%),13.9,-0.3,0.79
STD-2966,Graduate,0,20.1,Rendah,Management,2nd phase - general,Reguler (Siang),Perempuan,<=20,19,Single,Ya,Lunas,Ya,Ya,Tidak,Domestik,131.1,137.0,5,5,13.6,5,5,12.6,100.0,13.1,Baik (>75%),8.9,1.4,3.51
STD-2967,Graduate,0,2.9,Rendah,Nursing,Transfer,Reguler (Siang),Perempuan,<=20,18,Single,Tidak,Lunas,Tidak,Tidak,Tidak,Domestik,100.0,157.0,7,7,13.55,8,8,14.1875,100.0,13.87,Baik (>75%),13.9,-0.3,0.79
STD-2968,Enrolled,0,63.9,Tinggi,Nursing,2nd phase - general,Reguler (Siang),Perempuan,<=20,18,Single,Tidak,Lunas,Tidak,Ya,Tidak,Domestik,133.0,138.0,8,0,0.0,8,0,0.0,0.0,0.0,Kritis (<25%),9.4,-0.8,-3.12
STD-2969,Graduate,0,2.4,Rendah,Social Service (eve),Over 23 years old,Kelas Malam,Perempuan,>35,41,Single,Tidak,Lunas,Tidak,Tidak,Tidak,Domestik,100.0,100.0,6,4,13.5,6,6,11.166666666666666,83.3,12.33,Baik (>75%),7.6,2.6,0.32
STD-2970,Graduate,0,6.5,Rendah,Advertising & Marketing,Over 23 years old,Reguler (Siang),Perempuan,>35,51,Single,Tidak,Lunas,Ya,Tidak,Tidak,Domestik,159.0,130.0,6,5,11.6,6,5,14.2,83.3,12.9,Baik (>75%),12.4,0.5,1.79
STD-2971,Graduate,0,27.1,Rendah,Social Service,Change of course,Reguler (Siang),Perempuan,24-27,24,Single,Tidak,Lunas,Tidak,Ya,Tidak,Domestik,120.6,133.1,10,10,12.5,7,4,12.6,82.4,12.55,Baik (>75%),16.2,0.3,-0.92
STD-2972,Dropout,1,66.0,Tinggi,Management (evening),Over 23 years old,Kelas Malam,Perempuan,24-27,25,Single,Tidak,Lunas,Tidak,Tidak,Tidak,Domestik,134.0,120.0,5,1,11.0,5,2,12.666666666666666,30.0,11.83,Rendah (25-50%),16.2,0.3,-0.92
STD-2973,Enrolled,0,7.3,Rendah,Veterinary Nursing,1st phase - Azores,Reguler (Siang),Perempuan,<=20,18,Single,Tidak,Lunas,Tidak,Tidak,Tidak,Domestik,139.4,150.0,5,3,12.0,5,4,13.0,70.0,12.5,Sedang (50-75%),7.6,2.6,0.32
STD-2974,Graduate,0,17.0,Rendah,Management,1st phase - Madeira,Reguler (Siang),Perempuan,<=20,20,Single,Tidak,Lunas,Tidak,Ya,Tidak,Domestik,116.5,128.0,5,4,11.6,5,3,12.333333333333334,70.0,11.97,Sedang (50-75%),7.6,2.6,0.32
STD-2975,Dropout,1,25.6,Rendah,Animation & Multimedia,1st phase - general,Reguler (Siang),Perempuan,<=20,19,Single,Tidak,Lunas,Tidak,Ya,Ya,Domestik,113.9,124.0,0,0,0.0,0,0,0.0,0.0,0.0,Kritis (<25%),13.9,-0.3,0.79
STD-2976,Graduate,0,9.1,Rendah,Management (evening),Change of course,Kelas Malam,Perempuan,>35,41,Facto Union,Tidak,Lunas,Tidak,Tidak,Tidak,Domestik,130.0,130.0,10,10,14.636363636363637,10,10,14.6,100.0,14.62,Baik (>75%),16.2,0.3,-0.92
STD-2977,Graduate,0,3.2,Rendah,Tourism,1st phase - general,Reguler (Siang),Perempuan,<=20,19,Single,Tidak,Lunas,Ya,Ya,Tidak,Domestik,129.9,132.0,6,6,13.0,6,6,12.166666666666666,100.0,12.58,Baik (>75%),8.9,1.4,3.51
STD-2978,Dropout,1,14.5,Rendah,Basic Education,Transfer,Reguler (Siang),Perempuan,28-35,28,Single,Tidak,Lunas,Tidak,Tidak,Tidak,Domestik,133.7,133.1,18,14,12.785714285714286,17,16,13.875,85.7,13.33,Baik (>75%),16.2,0.3,-0.92
STD-2979,Graduate,0,4.1,Rendah,Communication Design,1st phase - general,Reguler (Siang),Perempuan,21-23,21,Single,Tidak,Lunas,Tidak,Ya,Tidak,Domestik,124.8,129.0,6,6,14.5,6,5,12.0,91.7,13.25,Baik (>75%),12.4,0.5,1.79
STD-2980,Dropout,1,80.3,Tinggi,Veterinary Nursing,1st phase - general,Reguler (Siang),Perempuan,21-23,22,Single,Tidak,Menunggak,Tidak,Ya,Tidak,Domestik,133.6,135.0,5,4,14.6,5,4,12.75,80.0,13.68,Baik (>75%),9.4,-0.8,-3.12
STD-2981,Graduate,0,59.5,Sedang,Journalism & Comm,2nd phase - general,Reguler (Siang),Perempuan,<=20,18,Single,Tidak,Menunggak,Tidak,Ya,Tidak,Domestik,133.5,138.0,6,6,12.5,6,6,12.166666666666666,100.0,12.33,Baik (>75%),10.8,1.4,1.74
STD-2982,Graduate,0,1.5,Rendah,Communication Design,1st phase - general,Reguler (Siang),Perempuan,<=20,19,Single,Tidak,Lunas,Ya,Ya,Tidak,Domestik,128.0,135.0,6,6,14.0,6,6,13.125,100.0,13.56,Baik (>75%),10.8,1.4,1.74
STD-2983,Graduate,0,4.6,Rendah,Nursing,2nd phase - general,Reguler (Siang),Perempuan,<=20,19,Single,Tidak,Lunas,Ya,Ya,Tidak,Domestik,127.2,131.0,7,7,13.801428571428572,8,8,14.575,100.0,14.19,Baik (>75%),11.1,0.6,2.02
STD-2984,Graduate,0,42.2,Sedang,Basic Education,Holder of other higher course,Reguler (Siang),Perempuan,24-27,25,Single,Ya,Menunggak,Tidak,Tidak,Tidak,Domestik,150.0,150.0,6,6,14.428571428571429,6,6,13.666666666666666,100.0,14.05,Baik (>75%),10.8,1.4,1.74
STD-2985,Graduate,0,2.6,Rendah,Nursing,Transfer,Reguler (Siang),Perempuan,<=20,18,Single,Tidak,Lunas,Ya,Ya,Tidak,Domestik,127.8,133.0,7,6,14.35,7,6,14.35,85.7,14.35,Baik (>75%),7.6,2.6,0.32
STD-2986,Graduate,0,2.0,Rendah,Communication Design,2nd phase - general,Reguler (Siang),Perempuan,<=20,19,Single,Tidak,Lunas,Tidak,Ya,Tidak,Domestik,125.2,135.0,6,6,14.333333333333334,6,6,13.5,100.0,13.92,Baik (>75%),12.7,3.7,-1.7
STD-2987,Enrolled,0,57.0,Sedang,Basic Education,Change of course,Reguler (Siang),Perempuan,<=20,20,Single,Tidak,Lunas,Tidak,Ya,Tidak,Domestik,110.0,118.0,6,4,12.25,6,4,11.5,66.7,11.88,Sedang (50-75%),10.8,1.4,1.74
STD-2988,Graduate,0,10.6,Rendah,Social Service (eve),Over 23 years old,Kelas Malam,Perempuan,>35,46,Married,Tidak,Lunas,Tidak,Tidak,Tidak,Domestik,100.0,100.0,6,6,13.333333333333334,6,6,11.833333333333334,100.0,12.58,Baik (>75%),7.6,2.6,0.32
STD-2989,Graduate,0,11.0,Rendah,Animation & Multimedia,2nd phase - general,Reguler (Siang),Perempuan,<=20,19,Single,Tidak,Menunggak,Tidak,Ya,Tidak,Domestik,151.4,158.0,12,12,13.0,11,11,13.25,100.0,13.12,Baik (>75%),8.9,1.4,3.51
STD-2990,Enrolled,0,10.6,Rendah,Tourism,1st phase - general,Reguler (Siang),Perempuan,<=20,18,Single,Tidak,Lunas,Tidak,Ya,Tidak,Domestik,125.1,137.0,6,4,11.75,6,5,11.2,75.0,11.48,Sedang (50-75%),7.6,2.6,0.32
STD-2991,Graduate,0,19.3,Rendah,Equinculture,1st phase - general,Reguler (Siang),Perempuan,<=20,18,Single,Tidak,Lunas,Ya,Ya,Tidak,Domestik,163.3,172.0,6,6,14.5,6,4,13.0,83.3,13.75,Baik (>75%),13.9,-0.3,0.79
STD-2992,Graduate,0,2.1,Rendah,Nursing,3rd phase - general,Reguler (Siang),Perempuan,<=20,19,Single,Tidak,Lunas,Ya,Ya,Tidak,Domestik,118.0,123.0,8,7,11.82,8,7,11.82,87.5,11.82,Baik (>75%),10.8,1.4,1.74
STD-2993,Dropout,1,95.4,Tinggi,Journalism & Comm,1st phase - general,Reguler (Siang),Perempuan,<=20,20,Single,Tidak,Lunas,Tidak,Ya,Tidak,Domestik,140.2,144.0,6,0,0.0,6,0,0.0,0.0,0.0,Kritis (<25%),16.2,0.3,-0.92
STD-2994,Graduate,0,1.5,Rendah,Social Service (eve),Over 23 years old,Kelas Malam,Perempuan,>35,38,Married,Tidak,Lunas,Ya,Tidak,Tidak,Domestik,128.5,140.0,6,5,12.4,6,6,12.666666666666666,91.7,12.53,Baik (>75%),9.4,-0.8,-3.12
STD-2995,Graduate,0,6.7,Rendah,Journalism & Comm,2nd phase - general,Reguler (Siang),Perempuan,<=20,18,Single,Tidak,Lunas,Tidak,Ya,Tidak,Domestik,131.5,136.0,6,6,12.571428571428571,6,6,11.857142857142858,100.0,12.21,Baik (>75%),13.9,-0.3,0.79
STD-2996,Graduate,0,13.5,Rendah,Nursing,2nd phase - general,Reguler (Siang),Perempuan,<=20,18,Single,Tidak,Lunas,Ya,Ya,Tidak,Domestik,132.6,137.0,7,7,13.857142857142858,8,8,14.9,100.0,14.38,Baik (>75%),13.9,-0.3,0.79
STD-2997,Graduate,0,7.0,Rendah,Social Service,2nd phase - general,Reguler (Siang),Perempuan,<=20,18,Single,Tidak,Lunas,Tidak,Ya,Tidak,Domestik,122.1,128.0,6,5,11.833333333333334,6,5,13.8,83.3,12.82,Baik (>75%),13.9,-0.3,0.79
STD-2998,Enrolled,0,2.7,Rendah,Management,2nd phase - general,Reguler (Siang),Perempuan,<=20,20,Single,Tidak,Lunas,Tidak,Tidak,Tidak,Domestik,112.0,120.0,5,4,11.0,5,4,11.5,80.0,11.25,Baik (>75%),15.5,2.8,-4.06
STD-2999,Graduate,0,2.3,Rendah,Equinculture,1st phase - general,Reguler (Siang),Perempuan,<=20,19,Single,Tidak,Lunas,Tidak,Ya,Tidak,Domestik,133.0,130.0,6,6,14.666666666666666,6,6,13.666666666666666,100.0,14.17,Baik (>75%),12.4,0.5,1.79
STD-3000,Dropout,1,97.7,Tinggi,Social Service (eve),Over 23 years old,Kelas Malam,Perempuan,>35,37,Divorced,Tidak,Menunggak,Tidak,Tidak,Tidak,Domestik,127.0,138.0,4,0,0.0,5,0,0.0,0.0,0.0,Kritis (<25%),10.8,1.4,1.74
STD-3001,Enrolled,0,4.0,Rendah,Nursing,Over 23 years old,Reguler (Siang),Perempuan,24-27,24,Single,Tidak,Lunas,Tidak,Tidak,Tidak,Domestik,130.0,148.0,8,7,12.714285714285714,8,7,12.714285714285714,87.5,12.71,Baik (>75%),12.7,3.7,-1.7
STD-3002,Graduate,0,4.3,Rendah,Nursing,1st phase - general,Reguler (Siang),Perempuan,<=20,19,Single,Tidak,Lunas,Tidak,Ya,Tidak,Domestik,136.4,139.0,7,7,13.422222222222224,8,7,12.18888888888889,93.3,12.81,Baik (>75%),15.5,2.8,-4.06
STD-3003,Dropout,1,5.5,Rendah,Journalism & Comm,1st phase - general,Reguler (Siang),Perempuan,<=20,19,Single,Tidak,Lunas,Ya,Ya,Tidak,Domestik,129.0,136.0,6,6,14.0,6,5,12.2,91.7,13.1,Baik (>75%),13.9,-0.3,0.79
STD-3004,Dropout,1,2.0,Rendah,Oral Hygiene,2nd phase - general,Reguler (Siang),Perempuan,<=20,19,Single,Tidak,Lunas,Ya,Ya,Tidak,Domestik,119.0,126.0,7,7,12.142857142857142,8,8,13.375,100.0,12.76,Baik (>75%),16.2,0.3,-0.92
STD-3005,Graduate,0,12.5,Rendah,Management,2nd phase - general,Reguler (Siang),Perempuan,<=20,18,Single,Ya,Lunas,Ya,Ya,Tidak,Domestik,128.0,135.0,5,5,12.8,5,5,13.0,100.0,12.9,Baik (>75%),11.1,0.6,2.02
STD-3006,Graduate,0,2.4,Rendah,Nursing,1st phase - general,Reguler (Siang),Perempuan,<=20,18,Single,Tidak,Lunas,Ya,Ya,Tidak,Domestik,117.1,122.0,7,7,14.572857142857142,8,8,14.955555555555556,100.0,14.76,Baik (>75%),12.4,0.5,1.79
STD-3007,Graduate,0,8.1,Rendah,Management,1st phase - general,Reguler (Siang),Perempuan,<=20,18,Single,Tidak,Lunas,Tidak,Tidak,Tidak,Domestik,136.3,137.0,5,4,11.25,5,4,11.0,80.0,11.12,Baik (>75%),8.9,1.4,3.51
STD-3008,Enrolled,0,7.9,Rendah,Management,2nd phase - general,Reguler (Siang),Perempuan,<=20,19,Single,Tidak,Lunas,Ya,Ya,Tidak,Domestik,124.6,127.0,5,2,10.0,5,4,11.75,60.0,10.88,Sedang (50-75%),11.1,0.6,2.02
STD-3009,Dropout,1,21.1,Rendah,Equinculture,1st phase - general,Reguler (Siang),Perempuan,<=20,18,Single,Tidak,Lunas,Tidak,Ya,Tidak,Domestik,130.7,137.0,6,5,14.4,6,4,14.6,75.0,14.5,Sedang (50-75%),8.9,1.4,3.51
STD-3010,Graduate,0,2.2,Rendah,Nursing,1st phase - general,Reguler (Siang),Perempuan,<=20,20,Single,Tidak,Lunas,Tidak,Ya,Tidak,Domestik,115.2,125.0,7,7,12.982857142857142,8,8,14.4625,100.0,13.72,Baik (>75%),12.4,0.5,1.79
STD-3011,Graduate,0,3.3,Rendah,Veterinary Nursing,2nd phase - general,Reguler (Siang),Perempuan,<=20,20,Single,Tidak,Lunas,Tidak,Ya,Tidak,Domestik,130.2,141.0,6,6,15.75,6,6,13.0,100.0,14.38,Baik (>75%),15.5,2.8,-4.06
STD-3012,Dropout,1,5.9,Rendah,Veterinary Nursing,1st phase - general,Reguler (Siang),Perempuan,<=20,18,Single,Tidak,Lunas,Tidak,Tidak,Tidak,Domestik,128.5,132.0,6,5,12.285714285714286,6,3,14.0,66.7,13.14,Sedang (50-75%),12.4,0.5,1.79
STD-3013,Graduate,0,2.2,Rendah,Nursing,1st phase - Madeira,Reguler (Siang),Perempuan,<=20,20,Single,Tidak,Lunas,Tidak,Ya,Tidak,Domestik,95.0,133.1,7,6,13.755,8,7,13.571428571428571,86.7,13.66,Baik (>75%),12.4,0.5,1.79
STD-3014,Graduate,0,3.1,Rendah,Advertising & Marketing,2nd phase - general,Reguler (Siang),Perempuan,<=20,18,Single,Tidak,Lunas,Ya,Ya,Tidak,Domestik,119.4,132.0,6,6,13.833333333333334,6,6,13.5,100.0,13.67,Baik (>75%),8.9,1.4,3.51
STD-3015,Dropout,1,95.8,Tinggi,Nursing,1st phase - general,Reguler (Siang),Perempuan,<=20,19,Single,Tidak,Lunas,Tidak,Ya,Tidak,Domestik,123.5,142.0,7,0,0.0,8,0,0.0,0.0,0.0,Kritis (<25%),12.7,3.7,-1.7
STD-3016,Graduate,0,2.7,Rendah,Nursing,1st phase - general,Reguler (Siang),Perempuan,<=20,18,Single,Tidak,Lunas,Tidak,Ya,Tidak,Domestik,133.9,136.0,7,7,14.711111111111112,8,8,14.627777777777778,100.0,14.67,Baik (>75%),15.5,2.8,-4.06
STD-3017,Graduate,0,4.2,Rendah,Veterinary Nursing,Short cycle holder,Reguler (Siang),Perempuan,<=20,20,Single,Tidak,Lunas,Tidak,Ya,Tidak,Domestik,145.2,150.0,11,11,14.615384615384617,9,9,13.7,100.0,14.16,Baik (>75%),8.9,1.4,3.51
STD-3018,Graduate,0,3.8,Rendah,Nursing,1st phase - general,Reguler (Siang),Perempuan,<=20,18,Single,Tidak,Lunas,Tidak,Tidak,Tidak,Domestik,118.8,130.0,7,7,13.677142857142858,8,8,14.533333333333331,100.0,14.11,Baik (>75%),11.1,0.6,2.02
STD-3019,Graduate,0,4.5,Rendah,Veterinary Nursing,1st phase - Madeira,Reguler (Siang),Perempuan,<=20,19,Single,Tidak,Lunas,Ya,Ya,Tidak,Domestik,123.4,136.0,5,5,13.166666666666666,5,5,12.8,100.0,12.98,Baik (>75%),9.4,-0.8,-3.12
STD-3020,Graduate,0,9.4,Rendah,Social Service,2nd phase - general,Reguler (Siang),Perempuan,<=20,19,Single,Tidak,Lunas,Tidak,Ya,Tidak,Domestik,123.0,138.0,6,5,10.8,6,5,11.333333333333334,83.3,11.07,Baik (>75%),15.5,2.8,-4.06
STD-3021,Graduate,0,8.2,Rendah,Equinculture,2nd phase - general,Reguler (Siang),Perempuan,<=20,19,Single,Tidak,Lunas,Tidak,Tidak,Tidak,Domestik,118.4,131.0,5,3,12.0,5,5,12.833333333333334,80.0,12.42,Baik (>75%),7.6,2.6,0.32
STD-3022,Graduate,0,3.4,Rendah,Nursing,1st phase - general,Reguler (Siang),Perempuan,<=20,18,Single,Tidak,Lunas,Tidak,Tidak,Tidak,Domestik,131.6,147.0,7,6,13.958333333333334,8,8,14.71875,93.3,14.34,Baik (>75%),11.1,0.6,2.02
STD-3023,Dropout,1,31.5,Sedang,Basic Education,2nd phase - general,Reguler (Siang),Perempuan,<=20,19,Single,Tidak,Lunas,Tidak,Ya,Tidak,Domestik,122.3,140.0,6,4,13.0,6,4,12.25,66.7,12.62,Sedang (50-75%),12.7,3.7,-1.7
STD-3024,Graduate,0,31.1,Sedang,Animation & Multimedia,1st phase - general,Reguler (Siang),Perempuan,24-27,24,Single,Tidak,Lunas,Ya,Ya,Tidak,Domestik,151.7,152.0,0,0,0.0,0,0,0.0,0.0,0.0,Kritis (<25%),11.1,0.6,2.02
STD-3025,Graduate,0,12.8,Rendah,Animation & Multimedia,1st phase - general,Reguler (Siang),Perempuan,<=20,18,Single,Tidak,Lunas,Ya,Ya,Tidak,Domestik,176.0,169.0,0,0,0.0,0,0,0.0,0.0,0.0,Kritis (<25%),12.4,0.5,1.79
STD-3026,Graduate,0,2.1,Rendah,Nursing,1st phase - general,Reguler (Siang),Perempuan,<=20,18,Single,Tidak,Lunas,Ya,Ya,Tidak,Domestik,133.0,149.0,8,7,14.0,8,7,14.0,87.5,14.0,Baik (>75%),12.7,3.7,-1.7
STD-3027,Enrolled,0,9.7,Rendah,Journalism & Comm,1st phase - general,Reguler (Siang),Perempuan,<=20,18,Single,Tidak,Lunas,Tidak,Ya,Ya,Domestik,139.8,137.0,6,6,12.571428571428571,6,6,12.571428571428571,100.0,12.57,Baik (>75%),10.8,1.4,1.74
STD-3028,Dropout,1,29.4,Rendah,Journalism & Comm,1st phase - general,Reguler (Siang),Perempuan,<=20,19,Single,Tidak,Lunas,Tidak,Ya,Tidak,Domestik,119.6,122.0,6,4,12.0,6,3,11.333333333333334,58.3,11.67,Sedang (50-75%),11.1,0.6,2.02
STD-3029,Graduate,0,2.5,Rendah,Social Service (eve),Over 23 years old,Kelas Malam,Perempuan,28-35,35,Single,Tidak,Lunas,Ya,Tidak,Tidak,Domestik,134.0,130.0,8,8,13.625,7,7,14.0,100.0,13.81,Baik (>75%),8.9,1.4,3.51
STD-3030,Graduate,0,18.3,Rendah,Management,2nd phase - general,Reguler (Siang),Perempuan,<=20,19,Single,Tidak,Lunas,Tidak,Ya,Tidak,Domestik,132.0,145.0,5,4,12.5,5,4,10.0,80.0,11.25,Baik (>75%),7.6,2.6,0.32
STD-3031,Dropout,1,29.3,Rendah,Basic Education,Holder of other higher course,Reguler (Siang),Perempuan,28-35,28,Single,Tidak,Lunas,Tidak,Tidak,Tidak,Domestik,130.0,130.0,15,14,12.428571428571429,14,11,11.909090909090908,86.2,12.17,Baik (>75%),7.6,2.6,0.32
STD-3032,Graduate,0,2.6,Rendah,Nursing,Change of course,Reguler (Siang),Perempuan,21-23,21,Single,Tidak,Lunas,Tidak,Tidak,Tidak,Domestik,141.4,157.0,7,7,13.3875,8,8,15.9,100.0,14.64,Baik (>75%),13.9,-0.3,0.79
STD-3033,Graduate,0,5.2,Rendah,Nursing,3rd phase - general,Reguler (Siang),Perempuan,<=20,19,Single,Tidak,Lunas,Ya,Ya,Tidak,Domestik,128.9,135.0,7,6,12.648333333333332,8,8,12.205555555555556,93.3,12.43,Baik (>75%),11.1,0.6,2.02
STD-3034,Graduate,0,1.9,Rendah,Social Service,1st phase - Azores,Reguler (Siang),Perempuan,<=20,19,Single,Tidak,Lunas,Tidak,Ya,Tidak,Domestik,118.1,123.0,6,6,14.0,6,6,13.333333333333334,100.0,13.67,Baik (>75%),8.9,1.4,3.51
STD-3035,Graduate,0,4.4,Rendah,Veterinary Nursing,1st phase - general,Reguler (Siang),Perempuan,<=20,18,Single,Tidak,Lunas,Tidak,Tidak,Tidak,Domestik,130.6,139.0,5,5,12.8,5,5,11.857142857142858,100.0,12.33,Baik (>75%),9.4,-0.8,-3.12
STD-3036,Graduate,0,17.8,Rendah,Tourism,1st phase - general,Reguler (Siang),Perempuan,<=20,18,Single,Tidak,Lunas,Tidak,Ya,Tidak,Domestik,122.0,136.0,6,6,11.333333333333334,6,6,10.833333333333334,100.0,11.08,Baik (>75%),7.6,2.6,0.32
STD-3037,Dropout,1,97.8,Tinggi,Nursing,1st phase - general,Reguler (Siang),Perempuan,<=20,19,Single,Tidak,Menunggak,Tidak,Ya,Tidak,Domestik,123.0,135.0,7,0,0.0,8,0,0.0,0.0,0.0,Kritis (<25%),12.7,3.7,-1.7
STD-3038,Graduate,0,2.8,Rendah,Advertising & Marketing,1st phase - general,Reguler (Siang),Perempuan,<=20,20,Single,Tidak,Lunas,Ya,Ya,Tidak,Domestik,126.7,126.0,6,6,14.166666666666666,6,6,13.0,100.0,13.58,Baik (>75%),8.9,1.4,3.51
STD-3039,Graduate,0,11.8,Rendah,Journalism & Comm,1st phase - general,Reguler (Siang),Perempuan,<=20,18,Single,Tidak,Lunas,Tidak,Ya,Tidak,Domestik,126.6,122.0,6,6,12.833333333333334,6,6,13.833333333333334,100.0,13.33,Baik (>75%),8.9,1.4,3.51
STD-3040,Dropout,1,87.9,Tinggi,Basic Education,1st phase - general,Reguler (Siang),Perempuan,<=20,19,Single,Ya,Menunggak,Tidak,Tidak,Tidak,Domestik,125.4,125.0,7,4,12.0,7,6,11.833333333333334,71.4,11.92,Sedang (50-75%),16.2,0.3,-0.92
STD-3041,Dropout,1,8.6,Rendah,Journalism & Comm,1st phase - general,Reguler (Siang),Perempuan,<=20,20,Single,Tidak,Lunas,Ya,Ya,Tidak,Domestik,136.1,134.0,6,6,13.0,6,6,13.142857142857142,100.0,13.07,Baik (>75%),12.4,0.5,1.79
STD-3042,Enrolled,0,8.7,Rendah,Nursing,2nd phase - general,Reguler (Siang),Perempuan,<=20,18,Single,Tidak,Lunas,Tidak,Ya,Tidak,Domestik,128.8,130.0,7,6,13.39,8,7,12.757142857142856,86.7,13.07,Baik (>75%),11.1,0.6,2.02
STD-3043,Graduate,0,23.2,Rendah,Advertising & Marketing,2nd phase - general,Reguler (Siang),Perempuan,<=20,18,Single,Tidak,Menunggak,Tidak,Ya,Tidak,Domestik,111.1,110.0,6,6,12.333333333333334,6,5,13.6,91.7,12.97,Baik (>75%),8.9,1.4,3.51
STD-3044,Graduate,0,3.8,Rendah,Communication Design,1st phase - general,Reguler (Siang),Perempuan,21-23,21,Single,Tidak,Lunas,Ya,Tidak,Tidak,Domestik,135.9,131.0,6,6,12.571428571428571,6,6,11.625,100.0,12.1,Baik (>75%),13.9,-0.3,0.79
STD-3045,Graduate,0,3.2,Rendah,Tourism,1st phase - Azores,Reguler (Siang),Perempuan,<=20,19,Single,Tidak,Lunas,Ya,Ya,Tidak,Domestik,119.6,122.0,6,6,12.333333333333334,6,6,12.833333333333334,100.0,12.58,Baik (>75%),12.4,0.5,1.79
STD-3046,Graduate,0,5.1,Rendah,Basic Education,2nd phase - general,Reguler (Siang),Perempuan,<=20,19,Single,Tidak,Lunas,Tidak,Ya,Tidak,Domestik,116.7,123.0,6,5,13.0,6,4,10.75,75.0,11.88,Sedang (50-75%),9.4,-0.8,-3.12
STD-3047,Enrolled,0,6.6,Rendah,Veterinary Nursing,1st phase - general,Reguler (Siang),Perempuan,<=20,19,Single,Tidak,Lunas,Tidak,Tidak,Tidak,Domestik,126.0,146.0,5,3,12.333333333333334,5,4,10.25,70.0,11.29,Sedang (50-75%),7.6,2.6,0.32
STD-3048,Dropout,1,8.3,Rendah,Journalism & Comm,1st phase - general,Reguler (Siang),Perempuan,<=20,18,Single,Tidak,Lunas,Tidak,Ya,Tidak,Domestik,134.2,137.0,6,6,13.166666666666666,6,5,14.2,91.7,13.68,Baik (>75%),10.8,1.4,1.74
STD-3049,Graduate,0,2.1,Rendah,Management,1st phase - general,Reguler (Siang),Perempuan,<=20,18,Single,Tidak,Lunas,Ya,Tidak,Tidak,Domestik,123.0,130.0,5,5,13.333333333333334,5,5,13.6,100.0,13.47,Baik (>75%),12.7,3.7,-1.7
STD-3050,Graduate,0,4.7,Rendah,Veterinary Nursing,1st phase - general,Reguler (Siang),Perempuan,<=20,18,Single,Tidak,Lunas,Tidak,Ya,Tidak,Domestik,123.9,127.0,5,4,13.0,5,5,13.142857142857142,90.0,13.07,Baik (>75%),10.8,1.4,1.74
STD-3051,Dropout,1,45.4,Sedang,Oral Hygiene,Over 23 years old,Reguler (Siang),Perempuan,28-35,31,Married,Tidak,Lunas,Tidak,Tidak,Tidak,Domestik,120.0,160.0,7,5,10.9,8,3,11.7,53.3,11.3,Sedang (50-75%),12.7,3.7,-1.7
STD-3052,Enrolled,0,12.4,Rendah,Management,Transfer,Reguler (Siang),Perempuan,<=20,19,Single,Tidak,Lunas,Tidak,Ya,Tidak,Domestik,112.3,139.0,5,2,11.5,5,3,10.857142857142858,50.0,11.18,Rendah (25-50%),10.8,1.4,1.74
STD-3053,Graduate,0,2.4,Rendah,Veterinary Nursing,1st phase - Madeira,Reguler (Siang),Perempuan,<=20,20,Single,Tidak,Lunas,Ya,Ya,Tidak,Domestik,123.0,138.0,6,6,15.857142857142858,6,6,16.0,100.0,15.93,Baik (>75%),13.9,-0.3,0.79
STD-3054,Dropout,1,13.2,Rendah,Veterinary Nursing,2nd phase - general,Reguler (Siang),Perempuan,<=20,19,Single,Tidak,Lunas,Ya,Tidak,Tidak,Domestik,122.3,137.0,5,5,12.6,5,3,13.0,80.0,12.8,Baik (>75%),7.6,2.6,0.32
STD-3055,Graduate,0,1.9,Rendah,Social Service,2nd phase - general,Reguler (Siang),Perempuan,<=20,19,Single,Tidak,Lunas,Ya,Tidak,Tidak,Domestik,122.8,127.0,6,6,14.0,6,6,14.571428571428571,100.0,14.29,Baik (>75%),16.2,0.3,-0.92
STD-3056,Dropout,1,86.9,Tinggi,Equinculture,Holder of other higher course,Reguler (Siang),Perempuan,24-27,27,Facto Union,Tidak,Menunggak,Tidak,Tidak,Tidak,Domestik,160.0,160.0,5,3,14.666666666666666,5,2,13.0,50.0,13.83,Rendah (25-50%),10.8,1.4,1.74
STD-3057,Graduate,0,2.5,Rendah,Journalism & Comm,2nd phase - general,Reguler (Siang),Perempuan,<=20,18,Single,Tidak,Lunas,Ya,Ya,Tidak,Domestik,120.1,132.0,6,6,13.666666666666666,6,6,14.0,100.0,13.83,Baik (>75%),8.9,1.4,3.51
STD-3058,Dropout,1,98.1,Tinggi,Social Service (eve),1st phase - general,Kelas Malam,Perempuan,28-35,32,Single,Tidak,Lunas,Tidak,Tidak,Tidak,Domestik,142.4,126.0,6,0,0.0,6,0,0.0,0.0,0.0,Kritis (<25%),7.6,2.6,0.32
STD-3059,Graduate,0,2.8,Rendah,Nursing,1st phase - general,Reguler (Siang),Perempuan,<=20,18,Single,Tidak,Lunas,Tidak,Ya,Tidak,Domestik,127.3,133.0,8,7,12.628571428571428,8,7,12.628571428571428,87.5,12.63,Baik (>75%),12.7,3.7,-1.7
STD-3060,Graduate,0,2.0,Rendah,Nursing,1st phase - general,Reguler (Siang),Perempuan,<=20,19,Single,Tidak,Lunas,Ya,Ya,Tidak,Domestik,125.5,140.0,8,7,14.232857142857142,8,7,14.232857142857142,87.5,14.23,Baik (>75%),10.8,1.4,1.74
STD-3061,Enrolled,0,2.2,Rendah,Journalism & Comm,1st phase - general,Reguler (Siang),Perempuan,<=20,19,Single,Tidak,Lunas,Tidak,Tidak,Tidak,Domestik,137.4,130.0,6,6,15.0,6,6,14.0,100.0,14.5,Baik (>75%),15.5,2.8,-4.06
STD-3062,Dropout,1,96.2,Tinggi,Tourism,2nd phase - general,Reguler (Siang),Perempuan,<=20,18,Single,Tidak,Lunas,Tidak,Ya,Tidak,Domestik,122.0,129.0,6,2,10.0,6,0,0.0,16.7,5.0,Kritis (<25%),10.8,1.4,1.74
STD-3063,Dropout,1,22.9,Rendah,Advertising & Marketing,2nd phase - general,Reguler (Siang),Perempuan,<=20,18,Single,Tidak,Lunas,Ya,Ya,Tidak,Domestik,107.5,110.0,6,4,12.25,6,4,11.0,66.7,11.62,Sedang (50-75%),12.7,3.7,-1.7
STD-3064,Graduate,0,9.6,Rendah,Journalism & Comm,Over 23 years old,Reguler (Siang),Perempuan,24-27,24,Single,Ya,Menunggak,Ya,Tidak,Tidak,Domestik,104.0,133.1,6,6,13.5,6,6,13.0,100.0,13.25,Baik (>75%),11.1,0.6,2.02
STD-3065,Graduate,0,2.2,Rendah,Social Service,2nd phase - general,Reguler (Siang),Perempuan,<=20,19,Single,Tidak,Lunas,Ya,Ya,Tidak,Domestik,133.1,132.0,6,5,12.2,6,6,11.5,91.7,11.85,Baik (>75%),9.4,-0.8,-3.12
STD-3066,Dropout,1,96.4,Tinggi,Tourism,2nd phase - general,Reguler (Siang),Perempuan,21-23,21,Single,Ya,Lunas,Tidak,Ya,Tidak,Domestik,113.3,115.0,6,0,0.0,6,0,0.0,0.0,0.0,Kritis (<25%),11.1,0.6,2.02
STD-3067,Graduate,0,7.0,Rendah,Communication Design,Tech. specialization holder,Reguler (Siang),Perempuan,<=20,19,Single,Tidak,Lunas,Tidak,Ya,Tidak,Domestik,130.0,130.0,7,6,12.0,9,8,12.75,87.5,12.38,Baik (>75%),16.2,0.3,-0.92
STD-3068,Enrolled,0,10.9,Rendah,Nursing,1st phase - general,Reguler (Siang),Perempuan,<=20,19,Single,Tidak,Lunas,Tidak,Ya,Tidak,Internasional,124.3,140.0,7,5,12.32,7,5,11.9,71.4,12.11,Sedang (50-75%),12.4,0.5,1.79
STD-3069,Graduate,0,9.1,Rendah,Oral Hygiene,Over 23 years old,Reguler (Siang),Perempuan,>35,36,Single,Tidak,Lunas,Ya,Ya,Tidak,Domestik,105.0,140.0,7,6,12.35,7,5,12.5,78.6,12.42,Baik (>75%),8.9,1.4,3.51
STD-3070,Dropout,1,97.5,Tinggi,Veterinary Nursing,Over 23 years old,Reguler (Siang),Laki-laki,>35,51,Single,Tidak,Lunas,Tidak,Tidak,Tidak,Domestik,144.0,133.1,6,0,0.0,6,0,0.0,0.0,0.0,Kritis (<25%),12.4,0.5,1.79
STD-3071,Enrolled,0,9.3,Rendah,Advertising & Marketing,1st phase - general,Reguler (Siang),Laki-laki,<=20,20,Single,Tidak,Lunas,Ya,Ya,Tidak,Domestik,111.9,121.0,6,6,11.333333333333334,6,4,10.571428571428571,83.3,10.95,Baik (>75%),10.8,1.4,1.74
STD-3072,Dropout,1,98.4,Tinggi,Social Service (eve),Over 23 years old,Kelas Malam,Laki-laki,28-35,29,Single,Ya,Menunggak,Tidak,Tidak,Tidak,Domestik,107.5,133.1,6,0,0.0,5,0,0.0,0.0,0.0,Kritis (<25%),8.9,1.4,3.51
STD-3073,Dropout,1,92.2,Tinggi,Social Service,Tech. specialization holder,Reguler (Siang),Laki-laki,24-27,27,Single,Ya,Menunggak,Tidak,Tidak,Tidak,Domestik,127.4,130.0,6,5,11.6,6,5,12.0,83.3,11.8,Baik (>75%),13.9,-0.3,0.79
STD-3074,Enrolled,0,44.3,Sedang,Informatics Engineering,Over 23 years old,Reguler (Siang),Laki-laki,28-35,33,Single,Tidak,Lunas,Tidak,Ya,Tidak,Domestik,149.0,130.0,5,4,12.0,5,3,13.666666666666666,70.0,12.83,Sedang (50-75%),7.6,2.6,0.32
STD-3075,Dropout,1,89.1,Tinggi,Management,Ordinance 612/93,Reguler (Siang),Laki-laki,>35,57,Married,Tidak,Menunggak,Tidak,Tidak,Tidak,Domestik,120.0,120.0,15,12,11.75,14,9,12.22222222222222,72.4,11.99,Sedang (50-75%),9.4,-0.8,-3.12
STD-3076,Enrolled,0,2.1,Rendah,Advertising & Marketing,1st phase - general,Reguler (Siang),Laki-laki,<=20,20,Single,Tidak,Lunas,Tidak,Ya,Tidak,Domestik,143.6,132.0,6,5,12.8,6,5,11.6,83.3,12.2,Baik (>75%),13.9,-0.3,0.79
STD-3077,Dropout,1,36.8,Sedang,Advertising & Marketing,Over 23 years old,Reguler (Siang),Laki-laki,24-27,26,Single,Tidak,Lunas,Tidak,Tidak,Tidak,Domestik,120.0,100.0,5,3,11.333333333333334,5,3,13.666666666666666,60.0,12.5,Sedang (50-75%),9.4,-0.8,-3.12
STD-3078,Enrolled,0,98.3,Tinggi,Informatics Engineering,Change of course,Reguler (Siang),Laki-laki,24-27,27,Single,Ya,Menunggak,Tidak,Tidak,Tidak,Domestik,128.0,130.0,5,0,0.0,5,0,0.0,0.0,0.0,Kritis (<25%),13.9,-0.3,0.79
STD-3079,Graduate,0,10.4,Rendah,Advertising & Marketing,1st phase - general,Reguler (Siang),Laki-laki,<=20,19,Single,Tidak,Lunas,Tidak,Tidak,Tidak,Domestik,118.2,129.0,5,5,10.8,5,4,12.25,90.0,11.52,Baik (>75%),9.4,-0.8,-3.12
STD-3080,Dropout,1,32.3,Sedang,Veterinary Nursing,Tech. specialization holder,Reguler (Siang),Laki-laki,21-23,23,Single,Tidak,Lunas,Tidak,Ya,Tidak,Domestik,160.0,160.0,6,5,12.5,6,2,13.5,58.3,13.0,Sedang (50-75%),12.4,0.5,1.79
STD-3081,Graduate,0,6.0,Rendah,Management (evening),Over 23 years old,Kelas Malam,Laki-laki,24-27,27,Single,Tidak,Lunas,Tidak,Tidak,Tidak,Domestik,152.4,120.0,5,5,15.2,5,5,14.166666666666666,100.0,14.68,Baik (>75%),10.8,1.4,1.74
STD-3082,Graduate,0,5.1,Rendah,Nursing,1st phase - general,Reguler (Siang),Laki-laki,<=20,20,Single,Ya,Lunas,Ya,Ya,Tidak,Domestik,116.6,122.0,7,7,13.314285714285717,8,8,12.575,100.0,12.94,Baik (>75%),12.4,0.5,1.79
STD-3083,Graduate,0,3.8,Rendah,Communication Design,3rd phase - general,Reguler (Siang),Perempuan,<=20,19,Single,Tidak,Lunas,Ya,Tidak,Tidak,Domestik,141.6,143.0,12,11,13.090909090909092,11,11,12.083333333333334,95.7,12.59,Baik (>75%),10.8,1.4,1.74
STD-3084,Dropout,1,97.5,Tinggi,Equinculture,1st phase - general,Reguler (Siang),Perempuan,<=20,19,Single,Ya,Menunggak,Tidak,Ya,Tidak,Domestik,105.5,110.0,6,0,0.0,6,0,0.0,0.0,0.0,Kritis (<25%),11.1,0.6,2.02
STD-3085,Graduate,0,5.0,Rendah,Communication Design,1st phase - general,Reguler (Siang),Perempuan,<=20,20,Single,Tidak,Lunas,Tidak,Ya,Tidak,Domestik,116.3,124.0,6,5,12.2,6,6,11.5,91.7,11.85,Baik (>75%),16.2,0.3,-0.92
STD-3086,Enrolled,0,10.8,Rendah,Management,Holder of other higher course,Reguler (Siang),Perempuan,28-35,33,Married,Tidak,Lunas,Tidak,Tidak,Tidak,Domestik,110.0,110.0,8,6,12.833333333333334,5,4,12.0,76.9,12.42,Baik (>75%),11.1,0.6,2.02
STD-3087,Graduate,0,13.9,Rendah,Management (evening),Change of course,Kelas Malam,Perempuan,21-23,22,Single,Tidak,Lunas,Tidak,Ya,Tidak,Domestik,119.5,130.0,15,15,11.2,14,14,12.428571428571429,100.0,11.81,Baik (>75%),7.6,2.6,0.32
STD-3088,Graduate,0,14.5,Rendah,Management,1st phase - general,Reguler (Siang),Perempuan,<=20,18,Single,Tidak,Lunas,Tidak,Ya,Tidak,Domestik,125.0,139.0,5,3,12.333333333333334,5,4,12.0,70.0,12.17,Sedang (50-75%),7.6,2.6,0.32
STD-3089,Graduate,0,4.0,Rendah,Nursing,Over 23 years old,Reguler (Siang),Perempuan,24-27,27,Facto Union,Tidak,Lunas,Tidak,Tidak,Tidak,Domestik,160.0,140.0,8,7,15.94285714285714,8,7,15.94285714285714,87.5,15.94,Baik (>75%),12.7,3.7,-1.7
STD-3090,Dropout,1,97.6,Tinggi,Management (evening),Over 23 years old,Kelas Malam,Perempuan,24-27,27,Single,Tidak,Lunas,Tidak,Tidak,Tidak,Domestik,150.0,150.0,5,0,0.0,5,0,0.0,0.0,0.0,Kritis (<25%),15.5,2.8,-4.06
STD-3091,Graduate,0,5.4,Rendah,Social Service,1st phase - general,Reguler (Siang),Perempuan,<=20,19,Single,Tidak,Lunas,Tidak,Ya,Tidak,Domestik,115.0,123.0,6,4,10.25,6,6,10.714285714285714,83.3,10.48,Baik (>75%),11.1,0.6,2.02
STD-3092,Enrolled,0,21.9,Rendah,Basic Education,2nd phase - general,Reguler (Siang),Perempuan,<=20,20,Single,Tidak,Lunas,Ya,Ya,Tidak,Domestik,128.4,128.0,6,5,13.2,6,5,12.833333333333334,83.3,13.02,Baik (>75%),9.4,-0.8,-3.12
STD-3093,Graduate,0,1.7,Rendah,Social Service (eve),1st phase - general,Kelas Malam,Perempuan,21-23,23,Single,Tidak,Lunas,Ya,Tidak,Tidak,Domestik,112.8,100.0,6,6,14.166666666666666,6,6,12.5,100.0,13.33,Baik (>75%),12.7,3.7,-1.7
STD-3094,Graduate,0,3.1,Rendah,Nursing,Change of course,Reguler (Siang),Perempuan,21-23,22,Single,Tidak,Lunas,Ya,Ya,Tidak,Domestik,131.0,148.0,23,20,14.575,23,20,14.575,87.0,14.58,Baik (>75%),7.6,2.6,0.32
STD-3095,Dropout,1,90.7,Tinggi,Tourism,2nd phase - general,Reguler (Siang),Perempuan,<=20,18,Single,Tidak,Lunas,Ya,Ya,Tidak,Domestik,121.6,130.0,6,1,10.0,6,0,0.0,8.3,5.0,Kritis (<25%),12.7,3.7,-1.7
STD-3096,Graduate,0,0.9,Rendah,Social Service,1st phase - general,Reguler (Siang),Perempuan,<=20,18,Single,Tidak,Lunas,Ya,Tidak,Tidak,Domestik,110.0,118.0,6,6,12.285714285714286,6,6,11.428571428571429,100.0,11.86,Baik (>75%),12.4,0.5,1.79
STD-3097,Graduate,0,2.4,Rendah,Social Service (eve),Over 23 years old,Kelas Malam,Perempuan,28-35,31,Single,Tidak,Lunas,Ya,Tidak,Tidak,Domestik,148.5,120.0,6,6,14.0,6,6,12.333333333333334,100.0,13.17,Baik (>75%),10.8,1.4,1.74
STD-3098,Dropout,1,94.3,Tinggi,Journalism & Comm,2nd phase - general,Reguler (Siang),Perempuan,<=20,19,Single,Tidak,Lunas,Tidak,Tidak,Tidak,Domestik,118.3,119.0,6,4,11.25,6,0,0.0,33.3,5.62,Rendah (25-50%),15.5,2.8,-4.06
STD-3099,Enrolled,0,4.4,Rendah,Social Service,1st phase - general,Reguler (Siang),Perempuan,<=20,19,Single,Tidak,Lunas,Tidak,Ya,Tidak,Domestik,135.9,138.0,6,5,11.6,6,6,11.666666666666666,91.7,11.63,Baik (>75%),7.6,2.6,0.32
STD-3100,Dropout,1,93.7,Tinggi,Social Service (eve),2nd phase - general,Kelas Malam,Perempuan,24-27,24,Single,Tidak,Lunas,Tidak,Tidak,Tidak,Domestik,115.8,127.0,6,1,12.0,6,0,0.0,8.3,6.0,Kritis (<25%),10.8,1.4,1.74
STD-3101,Graduate,0,1.9,Rendah,Nursing,1st phase - general,Reguler (Siang),Perempuan,<=20,19,Single,Tidak,Lunas,Tidak,Tidak,Tidak,Domestik,121.2,134.0,7,7,13.47,8,8,13.32625,100.0,13.4,Baik (>75%),15.5,2.8,-4.06
STD-3102,Graduate,0,4.5,Rendah,Management,2nd phase - general,Reguler (Siang),Perempuan,<=20,19,Single,Tidak,Lunas,Tidak,Ya,Tidak,Domestik,136.2,133.0,5,5,12.4,5,5,12.8,100.0,12.6,Baik (>75%),7.6,2.6,0.32
STD-3103,Dropout,1,92.4,Tinggi,Advertising & Marketing,Over 23 years old,Reguler (Siang),Perempuan,24-27,26,Single,Tidak,Menunggak,Tidak,Ya,Tidak,Domestik,100.2,133.1,6,3,11.75,6,4,11.5,58.3,11.62,Sedang (50-75%),16.2,0.3,-0.92
STD-3104,Dropout,1,81.7,Tinggi,Animation & Multimedia,1st phase - general,Reguler (Siang),Laki-laki,24-27,27,Single,Ya,Menunggak,Tidak,Ya,Tidak,Internasional,152.7,180.0,0,0,0.0,0,0,0.0,0.0,0.0,Kritis (<25%),7.6,2.6,0.32
STD-3105,Graduate,0,6.6,Rendah,Social Service,2nd phase - general,Reguler (Siang),Perempuan,<=20,19,Single,Tidak,Lunas,Tidak,Ya,Tidak,Domestik,123.1,129.0,6,6,12.0,6,6,12.428571428571429,100.0,12.21,Baik (>75%),11.1,0.6,2.02
STD-3106,Dropout,1,29.5,Rendah,Veterinary Nursing,Over 23 years old,Reguler (Siang),Perempuan,28-35,29,Married,Tidak,Lunas,Tidak,Tidak,Tidak,Domestik,130.0,120.0,5,5,15.333333333333334,5,5,15.4,100.0,15.37,Baik (>75%),9.4,-0.8,-3.12
STD-3107,Graduate,0,3.3,Rendah,Nursing,1st phase - general,Reguler (Siang),Perempuan,<=20,18,Single,Tidak,Lunas,Ya,Ya,Tidak,Domestik,125.0,141.0,8,8,12.32,8,8,12.32,100.0,12.32,Baik (>75%),9.4,-0.8,-3.12
STD-3108,Graduate,0,1.3,Rendah,Nursing,1st phase - general,Reguler (Siang),Perempuan,<=20,19,Single,Tidak,Lunas,Tidak,Ya,Tidak,Domestik,113.1,118.0,7,7,13.79857142857143,8,8,14.75625,100.0,14.28,Baik (>75%),11.1,0.6,2.02
STD-3109,Enrolled,0,12.3,Rendah,Journalism & Comm,1st phase - general,Reguler (Siang),Perempuan,<=20,18,Single,Tidak,Lunas,Tidak,Ya,Tidak,Domestik,121.1,127.0,6,6,13.166666666666666,6,6,12.5,100.0,12.83,Baik (>75%),15.5,2.8,-4.06
STD-3110,Graduate,0,3.6,Rendah,Management,1st phase - general,Reguler (Siang),Perempuan,<=20,18,Single,Tidak,Lunas,Ya,Tidak,Tidak,Domestik,162.3,177.0,5,5,16.333333333333332,5,5,15.4,100.0,15.87,Baik (>75%),15.5,2.8,-4.06
STD-3111,Dropout,1,57.7,Sedang,Animation & Multimedia,Transfer,Reguler (Siang),Perempuan,<=20,19,Single,Tidak,Lunas,Tidak,Ya,Tidak,Domestik,132.0,132.0,0,0,0.0,0,0,0.0,0.0,0.0,Kritis (<25%),12.7,3.7,-1.7
STD-3112,Graduate,0,2.7,Rendah,Nursing,2nd phase - general,Reguler (Siang),Perempuan,<=20,19,Single,Tidak,Lunas,Tidak,Ya,Tidak,Domestik,130.7,133.0,7,7,14.757142857142856,8,8,15.366666666666667,100.0,15.06,Baik (>75%),12.4,0.5,1.79
STD-3113,Dropout,1,2.4,Rendah,Tourism,2nd phase - general,Reguler (Siang),Perempuan,<=20,19,Single,Tidak,Lunas,Tidak,Ya,Tidak,Domestik,122.3,124.0,6,6,11.666666666666666,6,6,12.333333333333334,100.0,12.0,Baik (>75%),13.9,-0.3,0.79
STD-3114,Enrolled,0,7.7,Rendah,Advertising & Marketing,1st phase - general,Reguler (Siang),Perempuan,<=20,19,Single,Tidak,Lunas,Tidak,Ya,Tidak,Domestik,144.1,143.0,6,5,12.6,6,5,12.375,83.3,12.49,Baik (>75%),10.8,1.4,1.74
STD-3115,Graduate,0,4.0,Rendah,Journalism & Comm,1st phase - general,Reguler (Siang),Perempuan,<=20,19,Single,Tidak,Lunas,Tidak,Tidak,Tidak,Domestik,118.2,128.0,6,6,11.666666666666666,6,6,11.5,100.0,11.58,Baik (>75%),12.7,3.7,-1.7
STD-3116,Graduate,0,2.5,Rendah,Social Service,1st phase - general,Reguler (Siang),Perempuan,<=20,19,Single,Tidak,Lunas,Ya,Tidak,Tidak,Domestik,133.5,138.0,6,6,15.0,6,6,13.333333333333334,100.0,14.17,Baik (>75%),8.9,1.4,3.51
STD-3117,Dropout,1,95.8,Tinggi,Nursing,1st phase - general,Reguler (Siang),Perempuan,<=20,18,Single,Ya,Menunggak,Tidak,Ya,Tidak,Domestik,126.8,144.0,7,0,0.0,8,0,0.0,0.0,0.0,Kritis (<25%),9.4,-0.8,-3.12
STD-3118,Graduate,0,3.7,Rendah,Journalism & Comm,1st phase - general,Reguler (Siang),Perempuan,<=20,20,Single,Tidak,Lunas,Tidak,Ya,Tidak,Domestik,121.0,122.0,6,6,13.571428571428571,6,6,13.333333333333334,100.0,13.45,Baik (>75%),13.9,-0.3,0.79
STD-3119,Graduate,0,7.8,Rendah,Tourism,2nd phase - general,Reguler (Siang),Perempuan,<=20,20,Single,Tidak,Lunas,Tidak,Tidak,Tidak,Domestik,117.7,111.0,6,5,10.8,6,4,11.5,75.0,11.15,Sedang (50-75%),9.4,-0.8,-3.12
STD-3120,Enrolled,0,14.0,Rendah,Veterinary Nursing,1st phase - general,Reguler (Siang),Perempuan,21-23,21,Single,Tidak,Lunas,Tidak,Ya,Tidak,Domestik,115.0,133.1,5,3,11.333333333333334,5,3,13.333333333333334,60.0,12.33,Sedang (50-75%),12.7,3.7,-1.7
STD-3121,Dropout,1,41.9,Sedang,Management (evening),1st phase - general,Kelas Malam,Perempuan,28-35,31,Married,Tidak,Lunas,Tidak,Tidak,Tidak,Domestik,129.2,120.0,10,5,11.4,10,6,12.833333333333334,55.0,12.12,Sedang (50-75%),9.4,-0.8,-3.12
STD-3122,Graduate,0,4.0,Rendah,Oral Hygiene,1st phase - general,Reguler (Siang),Perempuan,<=20,20,Single,Tidak,Lunas,Ya,Tidak,Tidak,Domestik,125.8,135.0,7,7,10.642857142857142,8,8,11.55,100.0,11.1,Baik (>75%),12.7,3.7,-1.7
STD-3123,Enrolled,0,11.3,Rendah,Advertising & Marketing,2nd phase - general,Reguler (Siang),Perempuan,<=20,19,Single,Tidak,Lunas,Ya,Ya,Tidak,Domestik,118.4,125.0,5,3,10.5,5,4,11.75,70.0,11.12,Sedang (50-75%),7.6,2.6,0.32
STD-3124,Graduate,0,2.2,Rendah,Nursing,1st phase - general,Reguler (Siang),Perempuan,<=20,18,Single,Tidak,Lunas,Tidak,Ya,Tidak,Domestik,142.0,147.0,7,6,14.65,7,6,14.65,85.7,14.65,Baik (>75%),7.6,2.6,0.32
STD-3125,Graduate,0,12.6,Rendah,Nursing,2nd phase - general,Reguler (Siang),Perempuan,<=20,19,Single,Tidak,Lunas,Ya,Ya,Tidak,Domestik,126.7,137.0,7,7,13.714285714285714,8,8,14.863636363636363,100.0,14.29,Baik (>75%),16.2,0.3,-0.92
STD-3126,Graduate,0,22.0,Rendah,Social Service,Change of course,Reguler (Siang),Perempuan,28-35,30,Single,Tidak,Lunas,Tidak,Tidak,Tidak,Domestik,109.3,117.0,16,15,12.266666666666667,13,13,12.071428571428571,96.6,12.17,Baik (>75%),9.4,-0.8,-3.12
STD-3127,Enrolled,0,13.5,Rendah,Social Service,2nd phase - general,Reguler (Siang),Perempuan,21-23,21,Single,Tidak,Lunas,Tidak,Ya,Tidak,Domestik,116.9,126.0,6,6,10.375,6,3,11.666666666666666,75.0,11.02,Sedang (50-75%),12.7,3.7,-1.7
STD-3128,Graduate,0,3.6,Rendah,Management,3rd phase - general,Reguler (Siang),Perempuan,<=20,19,Single,Tidak,Lunas,Tidak,Ya,Tidak,Domestik,121.7,128.0,5,5,11.0,5,5,15.4,100.0,13.2,Baik (>75%),12.4,0.5,1.79
STD-3129,Graduate,0,11.8,Rendah,Management,1st phase - general,Reguler (Siang),Perempuan,21-23,22,Single,Ya,Lunas,Tidak,Ya,Tidak,Domestik,117.1,115.0,5,5,13.8,5,5,13.0,100.0,13.4,Baik (>75%),7.6,2.6,0.32
STD-3130,Graduate,0,4.0,Rendah,Journalism & Comm,1st phase - general,Reguler (Siang),Perempuan,<=20,18,Single,Tidak,Lunas,Ya,Tidak,Tidak,Domestik,114.4,121.0,6,6,12.666666666666666,6,6,12.833333333333334,100.0,12.75,Baik (>75%),11.1,0.6,2.02
STD-3131,Graduate,0,6.7,Rendah,Social Service,2nd phase - general,Reguler (Siang),Perempuan,<=20,18,Single,Tidak,Lunas,Tidak,Ya,Tidak,Domestik,133.0,134.0,6,6,11.75,6,5,12.0,91.7,11.88,Baik (>75%),12.7,3.7,-1.7
STD-3132,Graduate,0,1.3,Rendah,Nursing,1st phase - general,Reguler (Siang),Perempuan,<=20,19,Single,Tidak,Lunas,Ya,Ya,Tidak,Domestik,118.8,126.0,8,7,12.785714285714286,8,7,12.785714285714286,87.5,12.79,Baik (>75%),12.7,3.7,-1.7
STD-3133,Graduate,0,7.2,Rendah,Equinculture,1st phase - general,Reguler (Siang),Perempuan,<=20,18,Single,Tidak,Lunas,Tidak,Ya,Tidak,Domestik,151.0,151.0,6,6,14.444444444444445,6,6,13.333333333333334,100.0,13.89,Baik (>75%),16.2,0.3,-0.92
STD-3134,Enrolled,0,16.8,Rendah,Nursing,1st phase - general,Reguler (Siang),Perempuan,21-23,21,Single,Tidak,Lunas,Tidak,Ya,Tidak,Domestik,119.6,122.0,7,6,13.25,8,8,13.8375,93.3,13.54,Baik (>75%),13.9,-0.3,0.79
STD-3135,Enrolled,0,6.4,Rendah,Nursing,2nd phase - general,Reguler (Siang),Perempuan,<=20,18,Single,Tidak,Lunas,Tidak,Ya,Tidak,Domestik,135.4,141.0,7,7,12.50625,8,5,13.2,80.0,12.85,Baik (>75%),13.9,-0.3,0.79
STD-3136,Graduate,0,27.1,Rendah,Animation & Multimedia,1st phase - general,Reguler (Siang),Perempuan,<=20,20,Single,Tidak,Lunas,Tidak,Ya,Tidak,Domestik,149.9,138.0,0,0,0.0,0,0,0.0,0.0,0.0,Kritis (<25%),11.1,0.6,2.02
STD-3137,Graduate,0,4.2,Rendah,Veterinary Nursing,1st phase - general,Reguler (Siang),Perempuan,<=20,18,Single,Tidak,Lunas,Tidak,Ya,Tidak,Domestik,120.1,133.0,5,4,12.75,5,4,11.75,80.0,12.25,Baik (>75%),12.7,3.7,-1.7
STD-3138,Graduate,0,18.9,Rendah,Veterinary Nursing,Over 23 years old,Reguler (Siang),Perempuan,24-27,25,Single,Tidak,Lunas,Tidak,Ya,Tidak,Domestik,173.3,150.0,6,6,16.857142857142858,6,6,16.5,100.0,16.68,Baik (>75%),13.9,-0.3,0.79
STD-3139,Graduate,0,3.2,Rendah,Journalism & Comm,1st phase - general,Reguler (Siang),Perempuan,<=20,19,Single,Tidak,Lunas,Tidak,Tidak,Tidak,Domestik,126.2,136.0,6,6,13.166666666666666,6,6,15.0,100.0,14.08,Baik (>75%),16.2,0.3,-0.92
STD-3140,Enrolled,0,37.7,Sedang,Basic Education,1st phase - general,Reguler (Siang),Perempuan,<=20,19,Single,Tidak,Lunas,Ya,Ya,Tidak,Domestik,126.9,129.0,6,5,12.2,6,4,11.5,75.0,11.85,Sedang (50-75%),7.6,2.6,0.32
STD-3141,Graduate,0,3.6,Rendah,Veterinary Nursing,Over 23 years old,Reguler (Siang),Perempuan,24-27,26,Single,Tidak,Lunas,Tidak,Ya,Tidak,Domestik,157.4,128.0,6,6,16.5,6,6,14.285714285714286,100.0,15.39,Baik (>75%),8.9,1.4,3.51
STD-3142,Graduate,0,2.4,Rendah,Management,2nd phase - general,Reguler (Siang),Perempuan,21-23,21,Single,Tidak,Lunas,Tidak,Ya,Tidak,Domestik,120.2,131.0,5,4,11.75,5,5,11.6,90.0,11.68,Baik (>75%),12.4,0.5,1.79
STD-3143,Dropout,1,82.9,Tinggi,Management,1st phase - general,Reguler (Siang),Perempuan,<=20,19,Single,Tidak,Lunas,Tidak,Tidak,Tidak,Domestik,124.8,130.0,5,1,11.0,5,0,0.0,10.0,5.5,Kritis (<25%),13.9,-0.3,0.79
STD-3144,Graduate,0,1.2,Rendah,Nursing,2nd phase - general,Reguler (Siang),Perempuan,<=20,19,Single,Tidak,Lunas,Ya,Tidak,Tidak,Domestik,130.3,150.0,8,7,15.114285714285714,8,7,15.114285714285714,87.5,15.11,Baik (>75%),12.7,3.7,-1.7
STD-3145,Graduate,0,4.3,Rendah,Social Service,1st phase - general,Reguler (Siang),Perempuan,<=20,18,Single,Tidak,Lunas,Ya,Ya,Tidak,Domestik,152.4,165.0,6,6,15.5,6,6,14.285714285714286,100.0,14.89,Baik (>75%),16.2,0.3,-0.92
STD-3146,Graduate,0,3.4,Rendah,Management (evening),Change of course,Kelas Malam,Perempuan,28-35,32,Married,Tidak,Lunas,Ya,Tidak,Tidak,Domestik,113.5,133.1,10,7,11.142857142857142,10,8,12.0,75.0,11.57,Sedang (50-75%),10.8,1.4,1.74
STD-3147,Graduate,0,3.5,Rendah,Social Service,1st phase - general,Reguler (Siang),Perempuan,<=20,18,Single,Tidak,Lunas,Ya,Tidak,Tidak,Domestik,125.7,126.0,6,6,11.333333333333334,6,6,11.333333333333334,100.0,11.33,Baik (>75%),15.5,2.8,-4.06
STD-3148,Enrolled,0,3.8,Rendah,Nursing,1st phase - general,Reguler (Siang),Perempuan,<=20,20,Single,Tidak,Lunas,Tidak,Tidak,Tidak,Domestik,102.4,101.0,7,5,12.04,7,6,11.77142857142857,78.6,11.91,Baik (>75%),12.4,0.5,1.79
STD-3149,Enrolled,0,12.7,Rendah,Management,2nd phase - general,Reguler (Siang),Perempuan,<=20,20,Single,Tidak,Lunas,Tidak,Tidak,Tidak,Domestik,125.7,125.0,5,5,11.166666666666666,5,4,10.75,90.0,10.96,Baik (>75%),15.5,2.8,-4.06
STD-3150,Graduate,0,23.0,Rendah,Advertising & Marketing,Over 23 years old,Reguler (Siang),Perempuan,>35,39,Divorced,Ya,Lunas,Ya,Tidak,Tidak,Domestik,120.0,100.0,5,5,10.6,5,4,10.75,90.0,10.68,Baik (>75%),9.4,-0.8,-3.12
STD-3151,Enrolled,0,28.2,Rendah,Equinculture,1st phase - general,Reguler (Siang),Perempuan,<=20,20,Single,Tidak,Lunas,Tidak,Ya,Tidak,Domestik,109.3,117.0,5,4,12.5,5,2,13.0,60.0,12.75,Sedang (50-75%),12.7,3.7,-1.7
STD-3152,Dropout,1,79.1,Tinggi,Animation & Multimedia,1st phase - general,Reguler (Siang),Perempuan,<=20,18,Single,Ya,Menunggak,Tidak,Ya,Tidak,Domestik,162.2,159.0,0,0,0.0,0,0,0.0,0.0,0.0,Kritis (<25%),12.4,0.5,1.79
STD-3153,Graduate,0,4.3,Rendah,Journalism & Comm,2nd phase - general,Reguler (Siang),Perempuan,<=20,18,Single,Ya,Lunas,Ya,Tidak,Tidak,Domestik,155.7,177.0,6,6,15.666666666666666,6,6,13.833333333333334,100.0,14.75,Baik (>75%),8.9,1.4,3.51
STD-3154,Graduate,0,19.7,Rendah,Animation & Multimedia,1st phase - general,Reguler (Siang),Perempuan,21-23,21,Single,Tidak,Lunas,Tidak,Ya,Tidak,Domestik,147.7,156.0,12,12,15.333333333333334,11,11,15.0,100.0,15.17,Baik (>75%),8.9,1.4,3.51
STD-3155,Enrolled,0,5.1,Rendah,Nursing,1st phase - general,Reguler (Siang),Perempuan,<=20,18,Single,Tidak,Lunas,Tidak,Ya,Tidak,Domestik,115.6,125.0,7,6,12.183333333333332,7,6,11.783333333333331,85.7,11.98,Baik (>75%),16.2,0.3,-0.92
STD-3156,Enrolled,0,11.9,Rendah,Management,1st phase - general,Reguler (Siang),Perempuan,<=20,18,Single,Tidak,Lunas,Tidak,Tidak,Tidak,Domestik,117.8,130.0,5,2,10.0,5,3,11.333333333333334,50.0,10.67,Rendah (25-50%),7.6,2.6,0.32
STD-3157,Graduate,0,17.5,Rendah,Agronomy,Change of course,Reguler (Siang),Perempuan,21-23,21,Single,Tidak,Lunas,Tidak,Ya,Tidak,Domestik,125.0,125.0,14,9,12.0,12,8,11.25,65.4,11.62,Sedang (50-75%),15.5,2.8,-4.06
STD-3158,Dropout,1,36.9,Sedang,Management,1st phase - general,Reguler (Siang),Perempuan,21-23,22,Single,Tidak,Lunas,Tidak,Ya,Tidak,Domestik,129.8,127.0,5,3,10.333333333333334,5,2,10.0,50.0,10.17,Rendah (25-50%),7.6,2.6,0.32
STD-3159,Enrolled,0,29.1,Rendah,Tourism,2nd phase - general,Reguler (Siang),Laki-laki,21-23,21,Single,Tidak,Lunas,Tidak,Ya,Tidak,Domestik,123.1,121.0,6,6,11.166666666666666,6,3,14.666666666666666,75.0,12.92,Sedang (50-75%),7.6,2.6,0.32
STD-3160,Enrolled,0,64.4,Tinggi,Communication Design,Change of course,Reguler (Siang),Laki-laki,<=20,20,Single,Tidak,Lunas,Ya,Ya,Tidak,Domestik,122.8,135.0,6,3,11.0,6,2,11.333333333333334,41.7,11.17,Rendah (25-50%),10.8,1.4,1.74
STD-3161,Graduate,0,50.6,Sedang,Animation & Multimedia,1st phase - general,Reguler (Siang),Laki-laki,21-23,21,Single,Tidak,Lunas,Ya,Ya,Tidak,Domestik,117.3,125.0,0,0,0.0,0,0,0.0,0.0,0.0,Kritis (<25%),10.8,1.4,1.74
STD-3162,Graduate,0,5.4,Rendah,Tourism,1st phase - general,Reguler (Siang),Perempuan,<=20,20,Single,Tidak,Lunas,Ya,Ya,Tidak,Internasional,126.5,138.0,6,6,12.857142857142858,6,5,11.8,91.7,12.33,Baik (>75%),8.9,1.4,3.51
STD-3163,Graduate,0,3.4,Rendah,Nursing,1st phase - general,Reguler (Siang),Perempuan,<=20,19,Single,Tidak,Lunas,Tidak,Ya,Tidak,Domestik,123.0,136.0,8,7,14.328571428571427,8,7,14.328571428571427,87.5,14.33,Baik (>75%),10.8,1.4,1.74
STD-3164,Graduate,0,2.3,Rendah,Social Service,1st phase - general,Reguler (Siang),Perempuan,<=20,20,Single,Tidak,Lunas,Ya,Tidak,Tidak,Domestik,127.7,142.0,6,6,15.0,6,6,16.333333333333332,100.0,15.67,Baik (>75%),13.9,-0.3,0.79
STD-3165,Graduate,0,3.3,Rendah,Veterinary Nursing,1st phase - general,Reguler (Siang),Perempuan,<=20,19,Single,Tidak,Lunas,Tidak,Ya,Tidak,Domestik,117.5,129.0,5,5,13.6,5,5,12.4,100.0,13.0,Baik (>75%),12.7,3.7,-1.7
STD-3166,Graduate,0,7.4,Rendah,Veterinary Nursing,1st phase - general,Reguler (Siang),Perempuan,<=20,18,Single,Tidak,Lunas,Ya,Ya,Tidak,Domestik,128.4,134.0,5,5,12.857142857142858,5,4,13.25,90.0,13.05,Baik (>75%),9.4,-0.8,-3.12
STD-3167,Dropout,1,89.5,Tinggi,Basic Education,2nd phase - general,Reguler (Siang),Perempuan,<=20,18,Single,Tidak,Lunas,Tidak,Ya,Tidak,Domestik,124.1,123.0,6,2,14.5,6,1,10.0,25.0,12.25,Kritis (<25%),15.5,2.8,-4.06
STD-3168,Dropout,1,8.1,Rendah,Management (evening),Over 23 years old,Kelas Malam,Perempuan,24-27,24,Single,Tidak,Lunas,Tidak,Tidak,Ya,Domestik,140.9,150.0,5,3,10.666666666666666,5,3,10.5,60.0,10.58,Sedang (50-75%),10.8,1.4,1.74
STD-3169,Dropout,1,23.2,Rendah,Tourism,1st phase - general,Reguler (Siang),Perempuan,21-23,21,Single,Ya,Menunggak,Ya,Tidak,Tidak,Domestik,126.2,129.0,6,6,13.428571428571429,6,6,11.333333333333334,100.0,12.38,Baik (>75%),8.9,1.4,3.51
STD-3170,Graduate,0,39.2,Sedang,Nursing,1st phase - general,Reguler (Siang),Laki-laki,<=20,18,Single,Tidak,Lunas,Ya,Ya,Tidak,Domestik,120.5,134.0,7,7,11.716666666666663,8,4,10.868,73.3,11.29,Sedang (50-75%),15.5,2.8,-4.06
STD-3171,Graduate,0,14.2,Rendah,Management,2nd phase - general,Reguler (Siang),Laki-laki,<=20,20,Single,Tidak,Lunas,Ya,Ya,Tidak,Domestik,121.1,127.0,5,4,12.0,5,5,12.8,90.0,12.4,Baik (>75%),11.1,0.6,2.02
STD-3172,Dropout,1,85.8,Tinggi,Basic Education,3rd phase - general,Reguler (Siang),Perempuan,<=20,20,Single,Ya,Menunggak,Tidak,Ya,Tidak,Domestik,123.7,123.0,6,5,13.2,6,4,10.75,75.0,11.98,Sedang (50-75%),10.8,1.4,1.74
STD-3173,Dropout,1,24.7,Rendah,Tourism,2nd phase - general,Reguler (Siang),Perempuan,<=20,18,Single,Ya,Lunas,Tidak,Ya,Tidak,Domestik,116.9,127.0,6,5,12.2,6,4,12.25,75.0,12.22,Sedang (50-75%),12.4,0.5,1.79
STD-3174,Graduate,0,2.8,Rendah,Oral Hygiene,Over 23 years old,Reguler (Siang),Perempuan,24-27,25,Single,Tidak,Lunas,Ya,Ya,Tidak,Domestik,100.0,133.1,7,5,12.58,7,6,12.157142857142857,78.6,12.37,Baik (>75%),8.9,1.4,3.51
STD-3175,Enrolled,0,4.5,Rendah,Social Service,2nd phase - general,Reguler (Siang),Perempuan,<=20,19,Single,Tidak,Lunas,Ya,Ya,Tidak,Domestik,120.2,131.0,6,5,11.333333333333334,6,6,10.833333333333334,91.7,11.08,Baik (>75%),13.9,-0.3,0.79
STD-3176,Dropout,1,89.6,Tinggi,Biofuel Production Tech,Over 23 years old,Reguler (Siang),Laki-laki,28-35,35,Married,Ya,Lunas,Tidak,Tidak,Tidak,Domestik,153.8,120.0,7,0,0.0,7,0,0.0,0.0,0.0,Kritis (<25%),11.1,0.6,2.02
STD-3177,Graduate,0,4.5,Rendah,Nursing,1st phase - general,Reguler (Siang),Perempuan,<=20,19,Single,Tidak,Lunas,Ya,Ya,Tidak,Domestik,120.1,133.0,7,6,12.428571428571429,8,8,14.0,93.3,13.21,Baik (>75%),13.9,-0.3,0.79
STD-3178,Dropout,1,2.0,Rendah,Advertising & Marketing,1st phase - general,Reguler (Siang),Laki-laki,<=20,18,Single,Tidak,Lunas,Ya,Ya,Tidak,Domestik,128.1,133.0,6,6,13.0,6,6,13.0,100.0,13.0,Baik (>75%),13.9,-0.3,0.79
STD-3179,Graduate,0,4.4,Rendah,Nursing,1st phase - general,Reguler (Siang),Laki-laki,<=20,19,Single,Tidak,Lunas,Tidak,Tidak,Tidak,Domestik,126.8,143.0,8,7,14.535714285714286,8,7,14.535714285714286,87.5,14.54,Baik (>75%),10.8,1.4,1.74
STD-3180,Enrolled,0,13.1,Rendah,Nursing,Change of course,Reguler (Siang),Laki-laki,<=20,19,Single,Tidak,Lunas,Ya,Ya,Tidak,Domestik,125.7,140.0,7,5,11.2,7,5,11.2,71.4,11.2,Sedang (50-75%),7.6,2.6,0.32
STD-3181,Graduate,0,6.7,Rendah,Communication Design,2nd phase - general,Reguler (Siang),Laki-laki,<=20,18,Single,Tidak,Lunas,Tidak,Tidak,Tidak,Domestik,146.2,157.0,6,6,16.0,6,6,13.666666666666666,100.0,14.83,Baik (>75%),12.4,0.5,1.79
STD-3182,Dropout,1,81.0,Tinggi,Equinculture,Over 23 years old,Reguler (Siang),Laki-laki,24-27,24,Single,Ya,Lunas,Tidak,Ya,Tidak,Domestik,140.0,133.1,6,5,13.142857142857142,6,3,12.666666666666666,66.7,12.9,Sedang (50-75%),16.2,0.3,-0.92
STD-3183,Graduate,0,43.6,Sedang,Social Service (eve),Change of course,Kelas Malam,Laki-laki,24-27,25,Single,Tidak,Lunas,Tidak,Ya,Tidak,Internasional,134.5,145.0,14,11,11.6875,10,8,11.142857142857142,79.2,11.42,Baik (>75%),9.4,-0.8,-3.12
STD-3184,Enrolled,0,38.8,Sedang,Informatics Engineering,Over 23 years old,Reguler (Siang),Laki-laki,28-35,28,Single,Tidak,Lunas,Tidak,Ya,Tidak,Domestik,137.0,130.0,5,4,10.5,5,4,11.0,80.0,10.75,Baik (>75%),7.6,2.6,0.32
STD-3185,Graduate,0,3.5,Rendah,Veterinary Nursing,1st phase - general,Reguler (Siang),Laki-laki,<=20,19,Single,Tidak,Lunas,Ya,Tidak,Tidak,Domestik,107.5,111.0,6,6,13.833333333333334,6,5,13.666666666666666,91.7,13.75,Baik (>75%),11.1,0.6,2.02
STD-3186,Dropout,1,95.4,Tinggi,Informatics Engineering,2nd phase - general,Reguler (Siang),Laki-laki,<=20,19,Single,Tidak,Lunas,Tidak,Tidak,Tidak,Domestik,112.2,116.0,5,0,0.0,5,0,0.0,0.0,0.0,Kritis (<25%),16.2,0.3,-0.92
STD-3187,Dropout,1,98.2,Tinggi,Equinculture,Over 23 years old,Reguler (Siang),Laki-laki,28-35,30,Single,Tidak,Menunggak,Ya,Tidak,Tidak,Domestik,128.2,133.1,5,0,0.0,5,0,0.0,0.0,0.0,Kritis (<25%),9.4,-0.8,-3.12
STD-3188,Dropout,1,82.9,Tinggi,Nursing,1st phase - general,Reguler (Siang),Laki-laki,<=20,19,Single,Tidak,Lunas,Tidak,Ya,Tidak,Domestik,126.8,135.0,7,0,0.0,7,0,0.0,0.0,0.0,Kritis (<25%),15.5,2.8,-4.06
STD-3189,Dropout,1,92.9,Tinggi,Management,2nd phase - general,Reguler (Siang),Laki-laki,21-23,21,Single,Tidak,Lunas,Tidak,Ya,Tidak,Domestik,132.1,145.0,5,1,10.0,5,0,0.0,10.0,5.0,Kritis (<25%),11.1,0.6,2.02
STD-3190,Dropout,1,53.7,Sedang,Animation & Multimedia,1st phase - general,Reguler (Siang),Laki-laki,<=20,19,Single,Tidak,Lunas,Tidak,Tidak,Tidak,Domestik,110.0,118.0,0,0,0.0,0,0,0.0,0.0,0.0,Kritis (<25%),13.9,-0.3,0.79
STD-3191,Dropout,1,98.0,Tinggi,Agronomy,Over 23 years old,Reguler (Siang),Laki-laki,28-35,29,Single,Tidak,Menunggak,Tidak,Tidak,Tidak,Domestik,100.0,130.0,6,0,0.0,6,0,0.0,0.0,0.0,Kritis (<25%),13.9,-0.3,0.79
STD-3192,Dropout,1,23.8,Rendah,Advertising & Marketing,1st phase - general,Reguler (Siang),Laki-laki,<=20,18,Single,Tidak,Lunas,Tidak,Tidak,Tidak,Domestik,114.3,115.0,6,4,12.6,6,4,13.0,66.7,12.8,Sedang (50-75%),12.4,0.5,1.79
STD-3193,Enrolled,0,43.5,Sedang,Management,1st phase - general,Reguler (Siang),Laki-laki,21-23,21,Single,Tidak,Lunas,Tidak,Tidak,Tidak,Domestik,116.4,122.0,5,3,11.25,5,3,11.0,60.0,11.12,Sedang (50-75%),15.5,2.8,-4.06
STD-3194,Dropout,1,33.5,Sedang,Communication Design,Transfer,Reguler (Siang),Laki-laki,<=20,20,Single,Tidak,Lunas,Tidak,Tidak,Tidak,Domestik,116.9,120.0,7,7,12.375,7,4,11.25,78.6,11.81,Baik (>75%),13.9,-0.3,0.79
STD-3195,Enrolled,0,40.2,Sedang,Management (evening),Change of institution/course,Kelas Malam,Laki-laki,24-27,24,Single,Ya,Lunas,Tidak,Tidak,Tidak,Domestik,128.2,120.0,10,7,10.714285714285714,10,9,12.555555555555555,80.0,11.63,Baik (>75%),12.4,0.5,1.79
STD-3196,Dropout,1,95.0,Tinggi,Journalism & Comm,2nd phase - general,Reguler (Siang),Laki-laki,<=20,18,Single,Tidak,Menunggak,Tidak,Ya,Tidak,Domestik,127.0,120.0,6,0,0.0,6,0,0.0,0.0,0.0,Kritis (<25%),8.9,1.4,3.51
STD-3197,Enrolled,0,18.1,Rendah,Agronomy,Transfer,Reguler (Siang),Laki-laki,21-23,23,Single,Tidak,Lunas,Tidak,Ya,Tidak,Domestik,140.0,140.0,6,5,12.0,6,5,12.142857142857142,83.3,12.07,Baik (>75%),15.5,2.8,-4.06
STD-3198,Graduate,0,9.0,Rendah,Management,1st phase - general,Reguler (Siang),Laki-laki,<=20,19,Single,Tidak,Lunas,Tidak,Ya,Tidak,Domestik,120.0,127.0,5,5,12.6,5,3,12.666666666666666,80.0,12.63,Baik (>75%),8.9,1.4,3.51
STD-3199,Dropout,1,96.0,Tinggi,Tourism,Holder of other higher course,Reguler (Siang),Laki-laki,28-35,35,Single,Tidak,Lunas,Tidak,Tidak,Tidak,Domestik,110.0,110.0,6,0,0.0,6,0,0.0,0.0,0.0,Kritis (<25%),16.2,0.3,-0.92
STD-3200,Graduate,0,3.8,Rendah,Nursing,1st phase - general,Reguler (Siang),Laki-laki,<=20,20,Single,Tidak,Lunas,Tidak,Ya,Tidak,Domestik,127.0,148.0,8,7,12.84142857142857,8,7,12.84142857142857,87.5,12.84,Baik (>75%),10.8,1.4,1.74
STD-3201,Dropout,1,94.2,Tinggi,Social Service,Over 23 years old,Reguler (Siang),Laki-laki,28-35,33,Married,Tidak,Lunas,Tidak,Tidak,Tidak,Domestik,159.5,170.0,6,0,0.0,5,0,0.0,0.0,0.0,Kritis (<25%),8.9,1.4,3.51
STD-3202,Graduate,0,6.2,Rendah,Journalism & Comm,1st phase - general,Reguler (Siang),Laki-laki,<=20,18,Single,Tidak,Lunas,Tidak,Ya,Tidak,Domestik,135.2,146.0,6,6,14.166666666666666,6,6,12.833333333333334,100.0,13.5,Baik (>75%),9.4,-0.8,-3.12
STD-3203,Enrolled,0,45.9,Sedang,Journalism & Comm,1st phase - general,Reguler (Siang),Laki-laki,<=20,20,Single,Tidak,Lunas,Tidak,Ya,Tidak,Domestik,122.8,127.0,6,6,12.166666666666666,6,3,12.0,75.0,12.08,Sedang (50-75%),12.4,0.5,1.79
STD-3204,Dropout,1,41.8,Sedang,Journalism & Comm,2nd phase - general,Reguler (Siang),Laki-laki,<=20,19,Single,Tidak,Lunas,Tidak,Ya,Tidak,Domestik,118.0,125.0,6,4,10.8,6,3,11.0,58.3,10.9,Sedang (50-75%),13.9,-0.3,0.79
STD-3205,Dropout,1,73.7,Tinggi,Journalism & Comm,2nd phase - general,Reguler (Siang),Laki-laki,<=20,18,Single,Tidak,Lunas,Tidak,Ya,Tidak,Domestik,123.6,139.0,6,6,13.0,6,0,0.0,50.0,6.5,Rendah (25-50%),7.6,2.6,0.32
STD-3206,Dropout,1,96.5,Tinggi,Management (evening),Over 23 years old,Kelas Malam,Laki-laki,28-35,28,Single,Tidak,Menunggak,Tidak,Tidak,Tidak,Domestik,111.0,133.1,5,0,0.0,5,0,0.0,0.0,0.0,Kritis (<25%),8.9,1.4,3.51
STD-3207,Graduate,0,3.4,Rendah,Management,1st phase - general,Reguler (Siang),Laki-laki,<=20,18,Single,Tidak,Lunas,Tidak,Tidak,Tidak,Domestik,144.6,146.0,5,5,13.0,5,5,13.333333333333334,100.0,13.17,Baik (>75%),16.2,0.3,-0.92
STD-3208,Dropout,1,12.9,Rendah,Journalism & Comm,1st phase - general,Reguler (Siang),Laki-laki,24-27,25,Single,Ya,Lunas,Tidak,Ya,Tidak,Domestik,111.8,109.0,6,6,11.571428571428571,6,6,11.571428571428571,100.0,11.57,Baik (>75%),15.5,2.8,-4.06
STD-3209,Dropout,1,59.1,Sedang,Social Service,1st phase - general,Reguler (Siang),Laki-laki,<=20,19,Single,Ya,Menunggak,Tidak,Tidak,Ya,Domestik,122.1,135.0,6,4,11.5,6,5,11.0,75.0,11.25,Sedang (50-75%),8.9,1.4,3.51
STD-3210,Graduate,0,10.2,Rendah,Communication Design,3rd phase - general,Reguler (Siang),Laki-laki,<=20,18,Single,Tidak,Lunas,Tidak,Tidak,Tidak,Domestik,119.9,122.0,6,5,11.0,6,4,10.75,75.0,10.88,Sedang (50-75%),9.4,-0.8,-3.12
STD-3211,Graduate,0,45.6,Sedang,Agronomy,Holder of other higher course,Reguler (Siang),Laki-laki,28-35,29,Single,Tidak,Lunas,Tidak,Ya,Tidak,Domestik,130.0,130.0,6,6,17.11111111111111,6,6,15.571428571428571,100.0,16.34,Baik (>75%),13.9,-0.3,0.79
STD-3212,Enrolled,0,39.5,Sedang,Animation & Multimedia,1st phase - general,Reguler (Siang),Laki-laki,<=20,18,Single,Tidak,Lunas,Tidak,Ya,Tidak,Domestik,118.4,124.0,0,0,0.0,0,0,0.0,0.0,0.0,Kritis (<25%),7.6,2.6,0.32
STD-3213,Graduate,0,3.9,Rendah,Tourism,1st phase - general,Reguler (Siang),Laki-laki,<=20,20,Single,Tidak,Lunas,Ya,Tidak,Tidak,Domestik,112.6,115.0,6,6,12.571428571428571,6,6,12.166666666666666,100.0,12.37,Baik (>75%),8.9,1.4,3.51
STD-3214,Dropout,1,84.8,Tinggi,Agronomy,Tech. specialization holder,Reguler (Siang),Laki-laki,<=20,20,Single,Tidak,Lunas,Tidak,Tidak,Tidak,Domestik,150.0,150.0,6,0,0.0,6,0,0.0,0.0,0.0,Kritis (<25%),15.5,2.8,-4.06
STD-3215,Graduate,0,9.6,Rendah,Communication Design,1st phase - general,Reguler (Siang),Laki-laki,<=20,18,Single,Tidak,Lunas,Tidak,Ya,Tidak,Domestik,165.8,170.0,6,6,14.5,6,6,15.166666666666666,100.0,14.83,Baik (>75%),9.4,-0.8,-3.12
STD-3216,Graduate,0,2.9,Rendah,Tourism,1st phase - general,Reguler (Siang),Laki-laki,21-23,21,Single,Tidak,Lunas,Ya,Ya,Tidak,Domestik,101.7,102.0,6,6,13.5,6,6,12.333333333333334,100.0,12.92,Baik (>75%),12.4,0.5,1.79
STD-3217,Dropout,1,85.9,Tinggi,Tourism,2nd phase - general,Reguler (Siang),Laki-laki,<=20,18,Single,Tidak,Menunggak,Tidak,Tidak,Tidak,Domestik,124.3,140.0,6,5,11.2,6,2,10.0,58.3,10.6,Sedang (50-75%),9.4,-0.8,-3.12
STD-3218,Graduate,0,26.0,Rendah,Informatics Engineering,1st phase - general,Reguler (Siang),Laki-laki,<=20,20,Single,Tidak,Lunas,Tidak,Ya,Tidak,Domestik,122.1,135.0,5,3,10.666666666666666,5,4,12.25,70.0,11.46,Sedang (50-75%),7.6,2.6,0.32
STD-3219,Enrolled,0,13.3,Rendah,Social Service (eve),Change of course,Kelas Malam,Perempuan,21-23,23,Single,Tidak,Lunas,Tidak,Tidak,Tidak,Domestik,134.7,148.0,13,9,11.0,11,7,11.571428571428571,66.7,11.29,Sedang (50-75%),15.5,2.8,-4.06
STD-3220,Dropout,1,69.2,Tinggi,Management (evening),Over 23 years old,Kelas Malam,Perempuan,24-27,26,Single,Tidak,Lunas,Tidak,Tidak,Tidak,Domestik,154.5,140.0,1,0,0.0,5,0,0.0,0.0,0.0,Kritis (<25%),16.2,0.3,-0.92
STD-3221,Dropout,1,88.7,Tinggi,Advertising & Marketing,2nd phase - general,Reguler (Siang),Perempuan,<=20,19,Single,Ya,Lunas,Tidak,Tidak,Tidak,Domestik,128.8,147.0,5,1,10.0,5,0,0.0,10.0,5.0,Kritis (<25%),9.4,-0.8,-3.12
STD-3222,Dropout,1,63.0,Tinggi,Oral Hygiene,Over 23 years old,Reguler (Siang),Perempuan,24-27,24,Single,Ya,Menunggak,Ya,Ya,Tidak,Domestik,106.0,140.0,7,5,12.36,8,5,12.0,66.7,12.18,Sedang (50-75%),8.9,1.4,3.51
STD-3223,Graduate,0,3.3,Rendah,Advertising & Marketing,1st phase - general,Reguler (Siang),Perempuan,<=20,20,Single,Tidak,Lunas,Ya,Ya,Tidak,Domestik,146.2,157.0,6,6,15.25,6,6,14.714285714285714,100.0,14.98,Baik (>75%),11.1,0.6,2.02
STD-3224,Dropout,1,95.4,Tinggi,Management (evening),2nd phase - general,Kelas Malam,Perempuan,24-27,26,Single,Ya,Menunggak,Tidak,Ya,Tidak,Domestik,116.9,120.0,5,0,0.0,5,0,0.0,0.0,0.0,Kritis (<25%),10.8,1.4,1.74
STD-3225,Dropout,1,27.3,Rendah,Management,Over 23 years old,Reguler (Siang),Perempuan,28-35,31,Single,Tidak,Lunas,Tidak,Tidak,Tidak,Domestik,118.2,133.1,5,1,13.0,5,4,12.25,50.0,12.62,Rendah (25-50%),10.8,1.4,1.74
STD-3226,Graduate,0,4.2,Rendah,Nursing,Change of course,Reguler (Siang),Perempuan,24-27,27,Married,Tidak,Lunas,Tidak,Ya,Tidak,Domestik,105.7,140.0,8,8,13.81375,8,8,13.81375,100.0,13.81,Baik (>75%),9.4,-0.8,-3.12
STD-3227,Graduate,0,8.5,Rendah,Veterinary Nursing,1st phase - general,Reguler (Siang),Perempuan,24-27,24,Single,Ya,Lunas,Tidak,Tidak,Tidak,Domestik,126.9,130.0,6,6,13.285714285714286,6,6,12.875,100.0,13.08,Baik (>75%),11.1,0.6,2.02
STD-3228,Enrolled,0,27.0,Rendah,Veterinary Nursing,Tech. specialization holder,Reguler (Siang),Perempuan,21-23,23,Single,Tidak,Lunas,Tidak,Ya,Tidak,Domestik,150.0,150.0,6,4,11.5,6,4,12.2,66.7,11.85,Sedang (50-75%),8.9,1.4,3.51
STD-3229,Graduate,0,2.1,Rendah,Nursing,1st phase - general,Reguler (Siang),Perempuan,<=20,20,Single,Tidak,Lunas,Ya,Ya,Tidak,Domestik,108.4,115.0,7,7,11.9625,8,8,13.044444444444444,100.0,12.5,Baik (>75%),13.9,-0.3,0.79
STD-3230,Graduate,0,3.7,Rendah,Nursing,1st phase - general,Reguler (Siang),Perempuan,<=20,20,Single,Tidak,Lunas,Tidak,Ya,Tidak,Domestik,114.2,118.0,7,6,13.683333333333332,8,6,13.116666666666667,80.0,13.4,Baik (>75%),11.1,0.6,2.02
STD-3231,Graduate,0,4.1,Rendah,Nursing,Over 23 years old,Reguler (Siang),Perempuan,24-27,24,Single,Tidak,Lunas,Tidak,Ya,Tidak,Domestik,140.0,130.0,8,7,14.985714285714286,8,7,14.985714285714286,87.5,14.99,Baik (>75%),12.7,3.7,-1.7
STD-3232,Enrolled,0,14.1,Rendah,Management,Over 23 years old,Reguler (Siang),Perempuan,>35,39,Married,Tidak,Lunas,Tidak,Tidak,Tidak,Domestik,142.5,130.0,5,4,11.25,5,4,11.5,80.0,11.38,Baik (>75%),11.1,0.6,2.02
STD-3233,Graduate,0,11.9,Rendah,Journalism & Comm,1st phase - general,Reguler (Siang),Perempuan,<=20,18,Single,Tidak,Lunas,Tidak,Ya,Tidak,Domestik,126.5,130.0,6,4,12.5,6,5,12.6,75.0,12.55,Sedang (50-75%),12.7,3.7,-1.7
STD-3234,Dropout,1,94.5,Tinggi,Veterinary Nursing,2nd phase - general,Reguler (Siang),Perempuan,<=20,20,Single,Tidak,Lunas,Tidak,Tidak,Tidak,Domestik,111.3,120.0,6,0,0.0,6,0,0.0,0.0,0.0,Kritis (<25%),11.1,0.6,2.02
STD-3235,Graduate,0,6.1,Rendah,Nursing,1st phase - general,Reguler (Siang),Perempuan,<=20,18,Single,Tidak,Lunas,Tidak,Ya,Tidak,Domestik,125.1,130.0,7,7,13.78,8,8,13.661,100.0,13.72,Baik (>75%),15.5,2.8,-4.06
STD-3236,Graduate,0,2.0,Rendah,Nursing,1st phase - general,Reguler (Siang),Perempuan,<=20,19,Single,Tidak,Lunas,Tidak,Ya,Tidak,Domestik,126.3,141.0,7,7,13.805,8,8,14.2725,100.0,14.04,Baik (>75%),15.5,2.8,-4.06
STD-3237,Graduate,0,2.3,Rendah,Veterinary Nursing,2nd phase - general,Reguler (Siang),Perempuan,<=20,18,Single,Tidak,Lunas,Tidak,Ya,Tidak,Domestik,142.2,138.0,5,5,13.8,5,5,12.6,100.0,13.2,Baik (>75%),10.8,1.4,1.74
STD-3238,Enrolled,0,4.2,Rendah,Advertising & Marketing,1st phase - general,Reguler (Siang),Perempuan,21-23,22,Single,Tidak,Lunas,Tidak,Ya,Tidak,Domestik,110.2,113.0,5,3,12.666666666666666,5,4,12.0,70.0,12.33,Sedang (50-75%),7.6,2.6,0.32
STD-3239,Graduate,0,6.1,Rendah,Nursing,2nd phase - general,Reguler (Siang),Perempuan,<=20,18,Single,Tidak,Lunas,Tidak,Ya,Tidak,Domestik,127.0,135.0,7,7,14.424285714285714,8,8,13.9375,100.0,14.18,Baik (>75%),11.1,0.6,2.02
STD-3240,Graduate,0,3.2,Rendah,Social Service,1st phase - general,Reguler (Siang),Perempuan,<=20,18,Single,Tidak,Lunas,Ya,Tidak,Tidak,Domestik,128.6,137.0,6,6,13.166666666666666,6,6,12.5,100.0,12.83,Baik (>75%),12.4,0.5,1.79
STD-3241,Enrolled,0,19.2,Rendah,Management (evening),Over 23 years old,Kelas Malam,Perempuan,28-35,30,Divorced,Tidak,Lunas,Tidak,Tidak,Tidak,Domestik,130.4,133.1,5,3,10.666666666666666,5,5,10.4,80.0,10.53,Baik (>75%),12.7,3.7,-1.7
STD-3242,Graduate,0,24.9,Rendah,Social Service,Change of course,Reguler (Siang),Perempuan,28-35,34,Married,Tidak,Lunas,Tidak,Tidak,Tidak,Domestik,134.4,100.0,16,14,12.071428571428571,13,11,12.272727272727272,86.2,12.17,Baik (>75%),7.6,2.6,0.32
STD-3243,Dropout,1,92.2,Tinggi,Social Service (eve),Over 23 years old,Kelas Malam,Perempuan,>35,38,Single,Tidak,Lunas,Tidak,Tidak,Tidak,Domestik,100.0,133.1,6,3,10.25,6,1,12.0,33.3,11.12,Rendah (25-50%),13.9,-0.3,0.79
STD-3244,Graduate,0,1.7,Rendah,Nursing,1st phase - general,Reguler (Siang),Perempuan,<=20,19,Single,Tidak,Lunas,Ya,Ya,Tidak,Domestik,133.0,142.0,8,8,14.11,8,8,14.11,100.0,14.11,Baik (>75%),9.4,-0.8,-3.12
STD-3245,Dropout,1,58.1,Sedang,Basic Education,2nd phase - general,Reguler (Siang),Perempuan,<=20,19,Single,Tidak,Lunas,Tidak,Ya,Tidak,Domestik,126.7,140.0,6,5,12.4,6,3,10.666666666666666,66.7,11.53,Sedang (50-75%),10.8,1.4,1.74
STD-3246,Dropout,1,78.2,Tinggi,Journalism & Comm,Change of course,Reguler (Siang),Perempuan,21-23,21,Single,Tidak,Menunggak,Tidak,Tidak,Tidak,Domestik,129.0,129.0,6,6,12.0,6,6,12.0,100.0,12.0,Baik (>75%),10.8,1.4,1.74
STD-3247,Graduate,0,2.7,Rendah,Journalism & Comm,2nd phase - general,Reguler (Siang),Perempuan,<=20,18,Single,Tidak,Lunas,Ya,Ya,Tidak,Domestik,133.7,141.0,6,6,14.833333333333334,6,6,13.5,100.0,14.17,Baik (>75%),11.1,0.6,2.02
STD-3248,Graduate,0,10.2,Rendah,Veterinary Nursing,2nd phase - general,Reguler (Siang),Perempuan,<=20,20,Single,Tidak,Lunas,Ya,Ya,Tidak,Domestik,122.2,118.0,6,6,15.428571428571429,6,6,13.5,100.0,14.46,Baik (>75%),13.9,-0.3,0.79
STD-3249,Graduate,0,6.7,Rendah,Management,2nd phase - general,Reguler (Siang),Perempuan,<=20,18,Single,Tidak,Lunas,Ya,Tidak,Tidak,Domestik,128.9,131.0,5,5,11.6,5,5,11.4,100.0,11.5,Baik (>75%),16.2,0.3,-0.92
STD-3250,Graduate,0,3.0,Rendah,Communication Design,1st phase - general,Reguler (Siang),Perempuan,<=20,18,Single,Tidak,Lunas,Tidak,Ya,Tidak,Domestik,154.4,161.0,6,6,14.166666666666666,6,6,14.0,100.0,14.08,Baik (>75%),16.2,0.3,-0.92
STD-3251,Dropout,1,91.4,Tinggi,Oral Hygiene,Holder of other higher course,Reguler (Siang),Perempuan,>35,36,Single,Tidak,Lunas,Ya,Ya,Tidak,Domestik,130.0,130.0,7,1,9.8,7,0,0.0,7.1,4.9,Kritis (<25%),12.7,3.7,-1.7
STD-3252,Graduate,0,8.6,Rendah,Management,2nd phase - general,Reguler (Siang),Perempuan,<=20,18,Single,Tidak,Lunas,Ya,Ya,Tidak,Domestik,113.0,121.0,5,4,10.714285714285714,5,4,11.0,80.0,10.86,Baik (>75%),13.9,-0.3,0.79
STD-3253,Dropout,1,88.7,Tinggi,Equinculture,Change of course,Reguler (Siang),Perempuan,21-23,21,Single,Tidak,Lunas,Ya,Ya,Tidak,Domestik,123.3,133.1,5,0,0.0,5,0,0.0,0.0,0.0,Kritis (<25%),7.6,2.6,0.32
STD-3254,Dropout,1,72.6,Tinggi,Equinculture,Tech. specialization holder,Reguler (Siang),Perempuan,21-23,21,Single,Ya,Lunas,Ya,Ya,Tidak,Domestik,130.0,130.0,6,3,12.333333333333334,6,1,13.0,33.3,12.67,Rendah (25-50%),13.9,-0.3,0.79
STD-3255,Graduate,0,9.6,Rendah,Veterinary Nursing,International student,Reguler (Siang),Perempuan,<=20,18,Single,Tidak,Lunas,Tidak,Tidak,Tidak,Internasional,101.3,133.1,6,6,13.0,6,6,12.25,100.0,12.62,Baik (>75%),11.1,0.6,2.02
STD-3256,Graduate,0,14.7,Rendah,Advertising & Marketing,2nd phase - general,Reguler (Siang),Perempuan,<=20,18,Single,Tidak,Lunas,Tidak,Ya,Tidak,Domestik,113.7,120.0,5,4,11.4,5,4,11.25,80.0,11.32,Baik (>75%),9.4,-0.8,-3.12
STD-3257,Graduate,0,3.2,Rendah,Nursing,1st phase - general,Reguler (Siang),Perempuan,<=20,19,Single,Tidak,Lunas,Tidak,Ya,Tidak,Domestik,138.8,140.0,7,6,12.766666666666666,7,6,12.766666666666666,85.7,12.77,Baik (>75%),7.6,2.6,0.32
STD-3258,Graduate,0,2.5,Rendah,Agronomy,Over 23 years old,Reguler (Siang),Perempuan,28-35,29,Married,Ya,Lunas,Tidak,Tidak,Tidak,Domestik,140.0,133.1,6,5,12.6,6,6,12.666666666666666,91.7,12.63,Baik (>75%),11.1,0.6,2.02
STD-3259,Graduate,0,9.8,Rendah,Management,Tech. specialization holder,Reguler (Siang),Perempuan,<=20,20,Single,Tidak,Lunas,Ya,Tidak,Tidak,Domestik,130.0,130.0,7,7,13.0,5,5,13.4,100.0,13.2,Baik (>75%),11.1,0.6,2.02
STD-3260,Graduate,0,1.5,Rendah,Nursing,2nd phase - general,Reguler (Siang),Perempuan,<=20,18,Single,Tidak,Lunas,Tidak,Ya,Tidak,Domestik,132.5,140.0,7,6,14.316666666666668,7,6,14.316666666666668,85.7,14.32,Baik (>75%),7.6,2.6,0.32
STD-3261,Graduate,0,4.0,Rendah,Veterinary Nursing,1st phase - general,Reguler (Siang),Perempuan,<=20,19,Single,Tidak,Lunas,Tidak,Ya,Tidak,Domestik,117.4,124.0,5,4,12.75,5,5,12.0,90.0,12.38,Baik (>75%),10.8,1.4,1.74
STD-3262,Graduate,0,2.1,Rendah,Management,1st phase - general,Reguler (Siang),Perempuan,<=20,19,Single,Tidak,Lunas,Ya,Ya,Tidak,Domestik,109.8,115.0,5,5,13.4,5,5,12.6,100.0,13.0,Baik (>75%),8.9,1.4,3.51
STD-3263,Dropout,1,94.8,Tinggi,Social Service (eve),Over 23 years old,Kelas Malam,Perempuan,>35,37,Single,Ya,Menunggak,Tidak,Tidak,Tidak,Domestik,116.5,100.0,6,0,0.0,5,0,0.0,0.0,0.0,Kritis (<25%),8.9,1.4,3.51
STD-3264,Graduate,0,3.9,Rendah,Veterinary Nursing,1st phase - general,Reguler (Siang),Perempuan,<=20,18,Single,Tidak,Lunas,Ya,Ya,Tidak,Domestik,165.2,162.0,5,4,15.75,5,5,13.8,90.0,14.78,Baik (>75%),10.8,1.4,1.74
STD-3265,Dropout,1,56.0,Sedang,Basic Education,1st phase - general,Reguler (Siang),Perempuan,21-23,21,Single,Tidak,Lunas,Tidak,Ya,Tidak,Domestik,113.0,121.0,6,5,12.4,6,1,11.0,50.0,11.7,Rendah (25-50%),12.7,3.7,-1.7
STD-3266,Graduate,0,1.7,Rendah,Social Service,2nd phase - general,Reguler (Siang),Perempuan,<=20,19,Single,Tidak,Lunas,Ya,Tidak,Tidak,Domestik,123.3,125.0,6,6,11.5,6,6,12.333333333333334,100.0,11.92,Baik (>75%),12.4,0.5,1.79
STD-3267,Graduate,0,2.8,Rendah,Advertising & Marketing,2nd phase - general,Reguler (Siang),Perempuan,<=20,19,Single,Tidak,Lunas,Tidak,Tidak,Tidak,Domestik,116.7,123.0,5,5,13.4,5,5,14.0,100.0,13.7,Baik (>75%),9.4,-0.8,-3.12
STD-3268,Enrolled,0,5.4,Rendah,Management (evening),Over 23 years old,Kelas Malam,Perempuan,28-35,35,Married,Tidak,Lunas,Ya,Tidak,Tidak,Domestik,110.0,140.0,5,3,11.666666666666666,5,5,11.8,80.0,11.73,Baik (>75%),12.7,3.7,-1.7
STD-3269,Dropout,1,97.1,Tinggi,Nursing,Over 23 years old,Reguler (Siang),Perempuan,28-35,30,Married,Tidak,Lunas,Tidak,Tidak,Tidak,Domestik,118.9,133.1,7,0,0.0,8,0,0.0,0.0,0.0,Kritis (<25%),13.9,-0.3,0.79
STD-3270,Dropout,1,40.1,Sedang,Journalism & Comm,Change of course,Reguler (Siang),Perempuan,24-27,27,Single,Tidak,Lunas,Tidak,Ya,Tidak,Domestik,103.6,120.0,8,7,13.285714285714286,7,5,11.6,80.0,12.44,Baik (>75%),9.4,-0.8,-3.12
STD-3271,Dropout,1,58.0,Sedang,Tourism,1st phase - general,Reguler (Siang),Perempuan,>35,45,Married,Tidak,Lunas,Ya,Tidak,Tidak,Domestik,122.7,136.0,6,4,11.5,6,2,10.5,50.0,11.0,Rendah (25-50%),7.6,2.6,0.32
STD-3272,Graduate,0,1.1,Rendah,Social Service (eve),Over 23 years old,Kelas Malam,Perempuan,>35,50,Married,Tidak,Lunas,Ya,Tidak,Tidak,Domestik,113.5,133.1,9,8,13.25,7,7,11.714285714285714,93.8,12.48,Baik (>75%),12.7,3.7,-1.7
STD-3273,Graduate,0,8.7,Rendah,Management,Transfer,Reguler (Siang),Perempuan,>35,41,Divorced,Tidak,Lunas,Tidak,Tidak,Tidak,Domestik,128.2,110.0,14,11,12.25,10,10,13.4,87.5,12.82,Baik (>75%),9.4,-0.8,-3.12
STD-3274,Enrolled,0,1.4,Rendah,Nursing,Change of course,Reguler (Siang),Perempuan,24-27,26,Single,Tidak,Lunas,Tidak,Ya,Tidak,Domestik,120.0,120.0,7,6,12.0,7,6,12.0,85.7,12.0,Baik (>75%),7.6,2.6,0.32
STD-3275,Dropout,1,96.7,Tinggi,Agronomy,Over 23 years old,Reguler (Siang),Perempuan,>35,44,Single,Tidak,Lunas,Tidak,Tidak,Tidak,Domestik,130.0,133.1,6,1,12.0,6,0,0.0,8.3,6.0,Kritis (<25%),11.1,0.6,2.02
STD-3276,Graduate,0,26.9,Rendah,Management,Holder of other higher course,Reguler (Siang),Perempuan,21-23,23,Facto Union,Tidak,Lunas,Tidak,Tidak,Tidak,Domestik,110.0,110.0,15,13,10.923076923076923,10,7,11.142857142857142,80.0,11.03,Baik (>75%),15.5,2.8,-4.06
STD-3277,Dropout,1,41.3,Sedang,Biofuel Production Tech,Change of institution/course,Reguler (Siang),Perempuan,28-35,34,Single,Tidak,Lunas,Tidak,Tidak,Tidak,Domestik,117.7,130.0,12,10,12.0,10,5,11.0,68.2,11.5,Sedang (50-75%),11.1,0.6,2.02
STD-3278,Graduate,0,2.4,Rendah,Management,1st phase - general,Reguler (Siang),Perempuan,21-23,21,Single,Tidak,Lunas,Ya,Ya,Tidak,Domestik,99.6,102.0,5,5,13.714285714285714,5,5,14.4,100.0,14.06,Baik (>75%),11.1,0.6,2.02
STD-3279,Dropout,1,52.6,Sedang,Management,Change of course,Reguler (Siang),Perempuan,21-23,22,Single,Tidak,Lunas,Tidak,Ya,Tidak,Internasional,117.9,127.0,5,1,10.0,5,2,13.0,30.0,11.5,Rendah (25-50%),7.6,2.6,0.32
STD-3280,Graduate,0,8.3,Rendah,Social Service (eve),Over 23 years old,Kelas Malam,Perempuan,28-35,32,Divorced,Tidak,Lunas,Ya,Tidak,Tidak,Domestik,113.0,133.1,6,2,10.333333333333334,6,6,11.5,66.7,10.92,Sedang (50-75%),16.2,0.3,-0.92
STD-3281,Graduate,0,2.4,Rendah,Oral Hygiene,2nd phase - general,Reguler (Siang),Perempuan,<=20,20,Single,Tidak,Lunas,Tidak,Ya,Tidak,Internasional,124.4,137.0,7,7,12.728571428571428,8,8,14.625,100.0,13.68,Baik (>75%),15.5,2.8,-4.06
STD-3282,Dropout,1,42.4,Sedang,Social Service (eve),Holder of other higher course,Kelas Malam,Perempuan,>35,59,Married,Tidak,Menunggak,Tidak,Tidak,Tidak,Domestik,140.0,130.0,15,12,13.333333333333334,8,8,12.875,87.0,13.1,Baik (>75%),10.8,1.4,1.74
STD-3283,Enrolled,0,5.2,Rendah,Management,Short cycle holder,Reguler (Siang),Perempuan,28-35,30,Married,Tidak,Lunas,Tidak,Tidak,Tidak,Domestik,132.4,130.0,11,9,12.22222222222222,9,9,11.6,90.0,11.91,Baik (>75%),8.9,1.4,3.51
STD-3284,Graduate,0,7.1,Rendah,Tourism,1st phase - general,Reguler (Siang),Perempuan,<=20,18,Single,Tidak,Lunas,Ya,Ya,Tidak,Domestik,124.0,131.0,6,6,11.333333333333334,6,6,10.833333333333334,100.0,11.08,Baik (>75%),9.4,-0.8,-3.12
STD-3285,Enrolled,0,34.5,Sedang,Management (evening),Over 23 years old,Kelas Malam,Laki-laki,24-27,25,Married,Ya,Lunas,Tidak,Tidak,Tidak,Domestik,132.0,162.0,5,4,11.0,5,4,12.0,80.0,11.5,Baik (>75%),7.6,2.6,0.32
STD-3286,Graduate,0,3.4,Rendah,Management (evening),Change of course,Kelas Malam,Laki-laki,>35,36,Divorced,Tidak,Lunas,Tidak,Tidak,Tidak,Domestik,149.8,140.0,5,5,13.8,5,5,13.8,100.0,13.8,Baik (>75%),12.7,3.7,-1.7
STD-3287,Dropout,1,89.6,Tinggi,Oral Hygiene,Holder of other higher course,Reguler (Siang),Laki-laki,>35,36,Single,Tidak,Lunas,Tidak,Tidak,Tidak,Domestik,160.0,160.0,7,1,12.0,7,0,0.0,7.1,6.0,Kritis (<25%),11.1,0.6,2.02
STD-3288,Dropout,1,91.7,Tinggi,Advertising & Marketing,2nd phase - general,Reguler (Siang),Laki-laki,<=20,19,Single,Tidak,Menunggak,Tidak,Tidak,Tidak,Domestik,114.6,117.0,6,4,11.25,6,3,10.166666666666666,58.3,10.71,Sedang (50-75%),10.8,1.4,1.74
STD-3289,Graduate,0,10.7,Rendah,Management (evening),Over 23 years old,Kelas Malam,Laki-laki,24-27,25,Single,Tidak,Lunas,Tidak,Tidak,Tidak,Domestik,120.0,150.0,5,4,10.5,5,5,12.0,90.0,11.25,Baik (>75%),9.4,-0.8,-3.12
STD-3290,Graduate,0,26.1,Rendah,Agronomy,Over 23 years old,Reguler (Siang),Laki-laki,28-35,35,Single,Tidak,Lunas,Tidak,Tidak,Tidak,Domestik,100.0,133.1,18,18,11.555555555555555,13,13,11.615384615384617,100.0,11.59,Baik (>75%),15.5,2.8,-4.06
STD-3291,Dropout,1,82.5,Tinggi,Social Service,1st phase - general,Reguler (Siang),Laki-laki,<=20,20,Single,Tidak,Lunas,Tidak,Tidak,Tidak,Domestik,128.5,125.0,6,1,14.0,6,0,0.0,8.3,7.0,Kritis (<25%),16.2,0.3,-0.92
STD-3292,Dropout,1,97.3,Tinggi,Agronomy,Over 23 years old,Reguler (Siang),Laki-laki,28-35,35,Single,Tidak,Menunggak,Tidak,Ya,Tidak,Domestik,113.0,130.0,6,1,13.0,6,0,0.0,8.3,6.5,Kritis (<25%),15.5,2.8,-4.06
STD-3293,Dropout,1,76.9,Tinggi,Social Service,1st phase - general,Reguler (Siang),Perempuan,24-27,27,Single,Tidak,Lunas,Tidak,Ya,Tidak,Domestik,150.8,170.0,6,2,11.0,6,1,11.0,25.0,11.0,Kritis (<25%),7.6,2.6,0.32
STD-3294,Enrolled,0,3.4,Rendah,Nursing,2nd phase - general,Reguler (Siang),Perempuan,<=20,18,Single,Tidak,Lunas,Tidak,Ya,Tidak,Domestik,130.8,132.0,8,7,13.68142857142857,8,7,13.68142857142857,87.5,13.68,Baik (>75%),10.8,1.4,1.74
STD-3295,Enrolled,0,1.5,Rendah,Nursing,Change of course,Reguler (Siang),Perempuan,21-23,23,Single,Tidak,Lunas,Tidak,Tidak,Tidak,Domestik,114.5,133.1,7,6,12.1,7,6,12.616666666666667,85.7,12.36,Baik (>75%),16.2,0.3,-0.92
STD-3296,Graduate,0,21.0,Rendah,Social Service (eve),2nd phase - general,Kelas Malam,Perempuan,<=20,19,Single,Tidak,Lunas,Tidak,Ya,Tidak,Domestik,114.8,120.0,6,4,10.5,6,4,11.25,66.7,10.88,Sedang (50-75%),10.8,1.4,1.74
STD-3297,Enrolled,0,6.8,Rendah,Nursing,2nd phase - general,Reguler (Siang),Perempuan,<=20,18,Single,Tidak,Lunas,Ya,Ya,Tidak,Domestik,126.2,126.0,7,5,11.94,7,6,12.8,78.6,12.37,Baik (>75%),11.1,0.6,2.02
STD-3298,Dropout,1,96.5,Tinggi,Nursing,Over 23 years old,Reguler (Siang),Perempuan,24-27,26,Single,Ya,Menunggak,Tidak,Tidak,Tidak,Domestik,129.0,130.0,7,4,12.86,7,5,11.566666666666668,64.3,12.21,Sedang (50-75%),12.4,0.5,1.79
STD-3299,Graduate,0,2.2,Rendah,Social Service,2nd phase - general,Reguler (Siang),Perempuan,<=20,19,Single,Tidak,Lunas,Tidak,Tidak,Tidak,Domestik,110.5,133.1,6,6,14.25,6,6,14.0,100.0,14.12,Baik (>75%),16.2,0.3,-0.92
STD-3300,Dropout,1,98.1,Tinggi,Nursing,1st phase - general,Reguler (Siang),Perempuan,<=20,19,Single,Tidak,Menunggak,Tidak,Ya,Tidak,Domestik,132.5,141.0,7,0,0.0,8,0,0.0,0.0,0.0,Kritis (<25%),12.7,3.7,-1.7
STD-3301,Dropout,1,33.1,Sedang,Animation & Multimedia,1st phase - general,Reguler (Siang),Perempuan,<=20,18,Single,Tidak,Lunas,Tidak,Ya,Tidak,Domestik,130.7,138.0,0,0,0.0,0,0,0.0,0.0,0.0,Kritis (<25%),13.9,-0.3,0.79
STD-3302,Graduate,0,3.3,Rendah,Nursing,2nd phase - general,Reguler (Siang),Perempuan,<=20,19,Single,Tidak,Lunas,Ya,Ya,Tidak,Domestik,130.4,130.0,7,7,13.894285714285711,8,8,14.3625,100.0,14.13,Baik (>75%),11.1,0.6,2.02
STD-3303,Graduate,0,4.1,Rendah,Nursing,2nd phase - general,Reguler (Siang),Perempuan,<=20,19,Single,Tidak,Lunas,Ya,Ya,Tidak,Domestik,124.3,128.0,7,7,13.46875,8,8,13.31375,100.0,13.39,Baik (>75%),15.5,2.8,-4.06
STD-3304,Graduate,0,2.9,Rendah,Veterinary Nursing,1st phase - general,Reguler (Siang),Perempuan,<=20,19,Single,Tidak,Lunas,Ya,Ya,Tidak,Domestik,132.6,135.0,5,5,13.6,5,5,14.6,100.0,14.1,Baik (>75%),10.8,1.4,1.74
STD-3305,Graduate,0,3.0,Rendah,Social Service (eve),Tech. specialization holder,Kelas Malam,Perempuan,21-23,21,Single,Tidak,Lunas,Ya,Tidak,Tidak,Domestik,146.7,150.0,6,6,14.666666666666666,6,6,13.833333333333334,100.0,14.25,Baik (>75%),12.4,0.5,1.79
STD-3306,Graduate,0,8.0,Rendah,Journalism & Comm,1st phase - general,Reguler (Siang),Perempuan,<=20,18,Single,Tidak,Lunas,Tidak,Ya,Tidak,Domestik,130.1,135.0,6,6,13.666666666666666,6,6,13.0,100.0,13.33,Baik (>75%),15.5,2.8,-4.06
STD-3307,Graduate,0,6.5,Rendah,Tourism,Change of course,Reguler (Siang),Perempuan,28-35,33,Married,Tidak,Lunas,Tidak,Ya,Tidak,Domestik,120.0,120.0,12,10,13.3,11,11,13.727272727272728,91.3,13.51,Baik (>75%),9.4,-0.8,-3.12
STD-3308,Graduate,0,15.9,Rendah,Social Service (eve),Holder of other higher course,Kelas Malam,Perempuan,28-35,32,Single,Tidak,Lunas,Tidak,Tidak,Tidak,Domestik,121.3,120.0,11,11,13.454545454545457,11,7,12.428571428571429,81.8,12.94,Baik (>75%),12.7,3.7,-1.7
STD-3309,Graduate,0,3.5,Rendah,Nursing,1st phase - general,Reguler (Siang),Perempuan,<=20,17,Single,Tidak,Lunas,Ya,Ya,Tidak,Domestik,133.3,140.0,8,8,13.41625,8,8,13.41625,100.0,13.42,Baik (>75%),9.4,-0.8,-3.12
STD-3310,Dropout,1,97.8,Tinggi,Nursing,Over 23 years old,Reguler (Siang),Perempuan,28-35,31,Married,Tidak,Lunas,Tidak,Tidak,Tidak,Domestik,110.5,140.0,7,0,0.0,8,0,0.0,0.0,0.0,Kritis (<25%),12.7,3.7,-1.7
STD-3311,Graduate,0,6.7,Rendah,Social Service (eve),Over 23 years old,Kelas Malam,Perempuan,28-35,32,Married,Tidak,Lunas,Ya,Tidak,Tidak,Domestik,102.5,140.0,6,6,11.333333333333334,6,5,13.0,91.7,12.17,Baik (>75%),15.5,2.8,-4.06
STD-3312,Dropout,1,2.7,Rendah,Veterinary Nursing,1st phase - general,Reguler (Siang),Perempuan,<=20,18,Single,Tidak,Lunas,Tidak,Ya,Tidak,Domestik,150.9,156.0,6,6,16.0,6,6,14.625,100.0,15.31,Baik (>75%),11.1,0.6,2.02
STD-3313,Enrolled,0,20.2,Rendah,Communication Design,Change of institution/course,Reguler (Siang),Perempuan,28-35,31,Single,Ya,Lunas,Tidak,Tidak,Tidak,Domestik,106.6,133.1,6,5,11.0,6,6,10.166666666666666,91.7,10.58,Baik (>75%),8.9,1.4,3.51
STD-3314,Enrolled,0,5.8,Rendah,Tourism,1st phase - general,Reguler (Siang),Laki-laki,<=20,20,Single,Tidak,Lunas,Tidak,Tidak,Tidak,Domestik,118.3,120.0,6,6,12.857142857142858,6,5,12.4,91.7,12.63,Baik (>75%),8.9,1.4,3.51
STD-3315,Dropout,1,96.3,Tinggi,Management (evening),Change of course,Kelas Malam,Laki-laki,>35,40,Single,Tidak,Menunggak,Tidak,Tidak,Tidak,Domestik,117.9,100.0,5,0,0.0,5,0,0.0,0.0,0.0,Kritis (<25%),10.8,1.4,1.74
STD-3316,Graduate,0,9.7,Rendah,Management (evening),1st phase - general,Kelas Malam,Laki-laki,28-35,32,Married,Tidak,Lunas,Tidak,Ya,Tidak,Domestik,135.0,120.0,5,5,14.8,5,5,14.2,100.0,14.5,Baik (>75%),7.6,2.6,0.32
STD-3317,Dropout,1,96.8,Tinggi,Informatics Engineering,Holder of other higher course,Reguler (Siang),Laki-laki,>35,40,Single,Tidak,Menunggak,Tidak,Tidak,Tidak,Domestik,120.0,120.0,5,1,13.0,5,2,14.0,30.0,13.5,Rendah (25-50%),12.7,3.7,-1.7
STD-3318,Graduate,0,33.6,Sedang,Animation & Multimedia,1st phase - general,Reguler (Siang),Laki-laki,<=20,18,Single,Tidak,Lunas,Ya,Tidak,Tidak,Domestik,167.1,172.0,0,0,0.0,0,0,0.0,0.0,0.0,Kritis (<25%),16.2,0.3,-0.92
STD-3319,Dropout,1,97.6,Tinggi,Management (evening),Change of course,Kelas Malam,Laki-laki,28-35,28,Single,Ya,Menunggak,Tidak,Tidak,Tidak,Domestik,115.8,120.0,9,4,10.0,6,1,10.0,33.3,10.0,Rendah (25-50%),12.7,3.7,-1.7
STD-3320,Graduate,0,37.5,Sedang,Communication Design,1st phase - Madeira,Reguler (Siang),Laki-laki,<=20,19,Single,Ya,Lunas,Tidak,Ya,Tidak,Domestik,141.2,137.0,6,5,11.2,6,6,12.0,91.7,11.6,Baik (>75%),9.4,-0.8,-3.12
STD-3321,Graduate,0,15.5,Rendah,Journalism & Comm,1st phase - general,Reguler (Siang),Laki-laki,<=20,19,Single,Tidak,Lunas,Ya,Tidak,Tidak,Domestik,118.4,117.0,6,6,11.833333333333334,6,3,13.0,75.0,12.42,Sedang (50-75%),15.5,2.8,-4.06
STD-3322,Dropout,1,90.4,Tinggi,Management,1st phase - general,Reguler (Siang),Laki-laki,21-23,21,Single,Tidak,Lunas,Tidak,Tidak,Ya,Domestik,134.3,142.0,5,0,0.0,5,0,0.0,0.0,0.0,Kritis (<25%),10.8,1.4,1.74
STD-3323,Dropout,1,80.9,Tinggi,Management,2nd phase - general,Reguler (Siang),Laki-laki,21-23,22,Single,Tidak,Lunas,Tidak,Ya,Tidak,Domestik,128.7,135.0,5,2,10.5,5,0,0.0,20.0,5.25,Kritis (<25%),7.6,2.6,0.32
STD-3324,Dropout,1,23.3,Rendah,Informatics Engineering,2nd phase - general,Reguler (Siang),Laki-laki,<=20,18,Single,Tidak,Menunggak,Tidak,Ya,Tidak,Domestik,116.1,115.0,5,5,12.5,5,5,13.571428571428571,100.0,13.04,Baik (>75%),12.4,0.5,1.79
STD-3325,Dropout,1,66.3,Tinggi,Animation & Multimedia,Over 23 years old,Reguler (Siang),Laki-laki,24-27,27,Single,Tidak,Lunas,Tidak,Ya,Tidak,Domestik,100.0,110.0,0,0,0.0,0,0,0.0,0.0,0.0,Kritis (<25%),9.4,-0.8,-3.12
STD-3326,Enrolled,0,41.9,Sedang,Animation & Multimedia,1st phase - general,Reguler (Siang),Laki-laki,<=20,19,Single,Tidak,Lunas,Tidak,Tidak,Tidak,Domestik,118.8,123.0,10,5,11.0,7,2,10.0,41.2,10.5,Rendah (25-50%),8.9,1.4,3.51
STD-3327,Graduate,0,7.1,Rendah,Management (evening),Change of course,Kelas Malam,Laki-laki,28-35,30,Married,Tidak,Lunas,Tidak,Ya,Tidak,Domestik,130.0,140.0,10,9,12.333333333333334,10,8,12.0,85.0,12.17,Baik (>75%),9.4,-0.8,-3.12
STD-3328,Dropout,1,93.9,Tinggi,Equinculture,Over 23 years old,Reguler (Siang),Laki-laki,28-35,28,Single,Tidak,Lunas,Tidak,Tidak,Tidak,Domestik,150.0,150.0,6,0,0.0,6,1,10.0,8.3,5.0,Kritis (<25%),16.2,0.3,-0.92
STD-3329,Enrolled,0,75.3,Tinggi,Informatics Engineering,Over 23 years old,Reguler (Siang),Laki-laki,28-35,34,Facto Union,Ya,Lunas,Ya,Tidak,Tidak,Domestik,116.0,120.0,5,1,17.0,5,2,11.0,30.0,14.0,Rendah (25-50%),9.4,-0.8,-3.12
STD-3330,Enrolled,0,11.0,Rendah,Management,2nd phase - general,Reguler (Siang),Laki-laki,21-23,21,Single,Tidak,Lunas,Tidak,Tidak,Tidak,Domestik,99.0,110.0,5,5,11.0,5,3,11.428571428571429,80.0,11.21,Baik (>75%),10.8,1.4,1.74
STD-3331,Graduate,0,2.0,Rendah,Social Service,1st phase - general,Reguler (Siang),Laki-laki,<=20,20,Single,Tidak,Lunas,Ya,Tidak,Tidak,Domestik,132.0,133.0,6,5,11.142857142857142,6,6,11.571428571428571,91.7,11.36,Baik (>75%),16.2,0.3,-0.92
STD-3332,Dropout,1,96.3,Tinggi,Tourism,Change of course,Reguler (Siang),Laki-laki,28-35,31,Single,Tidak,Menunggak,Tidak,Tidak,Tidak,Domestik,125.0,110.0,8,5,12.166666666666666,7,5,12.0,66.7,12.08,Sedang (50-75%),7.6,2.6,0.32
STD-3333,Dropout,1,87.9,Tinggi,Informatics Engineering,2nd phase - general,Reguler (Siang),Laki-laki,21-23,21,Single,Ya,Menunggak,Tidak,Tidak,Tidak,Domestik,116.2,126.0,5,2,11.0,5,2,11.5,40.0,11.25,Rendah (25-50%),7.6,2.6,0.32
STD-3334,Dropout,1,96.4,Tinggi,Advertising & Marketing,Over 23 years old,Reguler (Siang),Laki-laki,24-27,27,Single,Tidak,Menunggak,Tidak,Ya,Tidak,Domestik,100.0,133.1,5,1,11.0,5,3,10.666666666666666,40.0,10.83,Rendah (25-50%),7.6,2.6,0.32
STD-3335,Graduate,0,17.2,Rendah,Journalism & Comm,1st phase - general,Reguler (Siang),Laki-laki,<=20,19,Single,Tidak,Lunas,Tidak,Ya,Tidak,Domestik,132.9,136.0,6,4,13.25,6,5,11.8,75.0,12.52,Sedang (50-75%),7.6,2.6,0.32
STD-3336,Enrolled,0,86.8,Tinggi,Journalism & Comm,2nd phase - general,Reguler (Siang),Laki-laki,21-23,21,Single,Tidak,Lunas,Tidak,Ya,Tidak,Domestik,132.5,129.0,6,0,0.0,6,1,10.0,8.3,5.0,Kritis (<25%),10.8,1.4,1.74
STD-3337,Dropout,1,94.3,Tinggi,Agronomy,Tech. specialization holder,Reguler (Siang),Laki-laki,21-23,21,Single,Tidak,Menunggak,Tidak,Ya,Tidak,Domestik,140.0,140.0,6,2,12.5,6,0,0.0,16.7,6.25,Kritis (<25%),16.2,0.3,-0.92
STD-3338,Dropout,1,87.3,Tinggi,Advertising & Marketing,Change of course,Reguler (Siang),Laki-laki,28-35,35,Single,Tidak,Menunggak,Tidak,Tidak,Tidak,Domestik,100.1,160.0,10,7,12.142857142857142,9,4,12.25,57.9,12.2,Sedang (50-75%),7.6,2.6,0.32
STD-3339,Dropout,1,64.9,Tinggi,Veterinary Nursing,Over 23 years old,Reguler (Siang),Laki-laki,28-35,28,Single,Tidak,Lunas,Tidak,Tidak,Tidak,Domestik,128.2,133.1,5,3,12.0,5,3,11.333333333333334,60.0,11.67,Sedang (50-75%),7.6,2.6,0.32
STD-3340,Enrolled,0,52.3,Sedang,Advertising & Marketing,2nd phase - general,Reguler (Siang),Laki-laki,24-27,24,Single,Tidak,Lunas,Tidak,Tidak,Tidak,Domestik,133.4,140.0,6,4,11.25,6,4,10.428571428571429,66.7,10.84,Sedang (50-75%),10.8,1.4,1.74
STD-3341,Dropout,1,96.3,Tinggi,Journalism & Comm,1st phase - general,Reguler (Siang),Laki-laki,<=20,19,Single,Tidak,Menunggak,Tidak,Ya,Tidak,Domestik,136.1,142.0,4,0,0.0,6,0,0.0,0.0,0.0,Kritis (<25%),9.4,-0.8,-3.12
STD-3342,Enrolled,0,79.4,Tinggi,Advertising & Marketing,2nd phase - general,Reguler (Siang),Laki-laki,<=20,20,Single,Ya,Menunggak,Tidak,Tidak,Tidak,Domestik,123.0,138.0,6,5,12.4,6,4,13.0,75.0,12.7,Sedang (50-75%),13.9,-0.3,0.79
STD-3343,Graduate,0,5.8,Rendah,Communication Design,1st phase - general,Reguler (Siang),Laki-laki,<=20,20,Single,Tidak,Lunas,Ya,Ya,Tidak,Domestik,130.3,131.0,6,6,12.833333333333334,6,6,12.666666666666666,100.0,12.75,Baik (>75%),16.2,0.3,-0.92
STD-3344,Enrolled,0,48.1,Sedang,Informatics Engineering,1st phase - general,Reguler (Siang),Laki-laki,<=20,19,Single,Tidak,Lunas,Tidak,Tidak,Tidak,Domestik,153.7,160.0,5,1,13.0,5,2,10.0,30.0,11.5,Rendah (25-50%),9.4,-0.8,-3.12
STD-3345,Dropout,1,90.3,Tinggi,Veterinary Nursing,Over 23 years old,Reguler (Siang),Laki-laki,>35,37,Single,Ya,Menunggak,Tidak,Tidak,Tidak,Domestik,142.5,110.0,7,5,12.0,7,3,11.666666666666666,57.1,11.83,Sedang (50-75%),8.9,1.4,3.51
STD-3346,Dropout,1,91.0,Tinggi,Tourism,1st phase - general,Reguler (Siang),Laki-laki,<=20,19,Single,Tidak,Lunas,Tidak,Ya,Tidak,Domestik,114.6,124.0,6,2,12.0,6,1,13.0,25.0,12.5,Kritis (<25%),7.6,2.6,0.32
STD-3347,Dropout,1,97.8,Tinggi,Nursing,Over 23 years old,Reguler (Siang),Laki-laki,>35,36,Single,Tidak,Lunas,Tidak,Tidak,Tidak,Domestik,108.5,120.0,7,0,0.0,7,0,0.0,0.0,0.0,Kritis (<25%),13.9,-0.3,0.79
STD-3348,Dropout,1,95.3,Tinggi,Management,Over 23 years old,Reguler (Siang),Laki-laki,28-35,29,Single,Tidak,Lunas,Tidak,Tidak,Tidak,Domestik,140.0,133.1,5,0,0.0,5,0,0.0,0.0,0.0,Kritis (<25%),9.4,-0.8,-3.12
STD-3349,Graduate,0,22.7,Rendah,Agronomy,Over 23 years old,Reguler (Siang),Laki-laki,28-35,30,Single,Tidak,Lunas,Tidak,Tidak,Tidak,Domestik,120.0,133.1,6,6,11.375,6,5,11.6,91.7,11.49,Baik (>75%),13.9,-0.3,0.79
STD-3350,Dropout,1,86.5,Tinggi,Advertising & Marketing,Change of institution/course,Reguler (Siang),Laki-laki,28-35,32,Single,Ya,Lunas,Tidak,Tidak,Tidak,Domestik,120.0,133.1,6,2,12.0,6,0,0.0,16.7,6.0,Kritis (<25%),11.1,0.6,2.02
STD-3351,Enrolled,0,6.5,Rendah,Social Service (eve),1st phase - general,Kelas Malam,Laki-laki,24-27,26,Single,Tidak,Lunas,Tidak,Ya,Tidak,Domestik,127.6,123.0,6,6,11.833333333333334,6,6,11.666666666666666,100.0,11.75,Baik (>75%),10.8,1.4,1.74
STD-3352,Dropout,1,93.3,Tinggi,Agronomy,Tech. specialization holder,Reguler (Siang),Laki-laki,>35,37,Married,Tidak,Lunas,Tidak,Tidak,Tidak,Domestik,140.0,140.0,6,1,12.0,6,2,10.5,25.0,11.25,Kritis (<25%),16.2,0.3,-0.92
STD-3353,Dropout,1,79.0,Tinggi,Informatics Engineering,Over 23 years old,Reguler (Siang),Laki-laki,24-27,27,Single,Tidak,Lunas,Tidak,Tidak,Tidak,Domestik,111.3,138.7,6,3,12.0,6,2,11.0,41.7,11.5,Rendah (25-50%),13.9,-0.3,0.79
STD-3354,Graduate,0,6.0,Rendah,Journalism & Comm,1st phase - general,Reguler (Siang),Laki-laki,<=20,18,Single,Tidak,Lunas,Ya,Ya,Tidak,Domestik,131.0,131.0,6,6,12.714285714285714,6,5,11.833333333333334,91.7,12.27,Baik (>75%),13.9,-0.3,0.79
STD-3355,Graduate,0,3.1,Rendah,Nursing,1st phase - general,Reguler (Siang),Laki-laki,<=20,18,Single,Tidak,Lunas,Ya,Tidak,Tidak,Domestik,139.5,149.0,8,8,15.3,8,8,15.3,100.0,15.3,Baik (>75%),9.4,-0.8,-3.12
STD-3356,Dropout,1,97.8,Tinggi,Agronomy,Over 23 years old,Reguler (Siang),Laki-laki,28-35,32,Married,Tidak,Menunggak,Tidak,Tidak,Tidak,Domestik,110.0,133.1,8,2,11.5,7,0,0.0,13.3,5.75,Kritis (<25%),15.5,2.8,-4.06
STD-3357,Enrolled,0,18.3,Rendah,Informatics Engineering,Tech. specialization holder,Reguler (Siang),Laki-laki,<=20,20,Single,Tidak,Lunas,Tidak,Tidak,Tidak,Domestik,130.0,130.0,5,1,13.0,5,3,12.6,40.0,12.8,Rendah (25-50%),12.4,0.5,1.79
STD-3358,Dropout,1,92.6,Tinggi,Agronomy,Change of course,Reguler (Siang),Laki-laki,21-23,22,Single,Tidak,Lunas,Tidak,Tidak,Tidak,Domestik,115.0,120.0,6,0,0.0,6,0,0.0,0.0,0.0,Kritis (<25%),16.2,0.3,-0.92
STD-3359,Dropout,1,95.9,Tinggi,Nursing,Over 23 years old,Reguler (Siang),Perempuan,28-35,32,Divorced,Tidak,Lunas,Tidak,Tidak,Tidak,Domestik,154.3,133.1,7,0,0.0,8,0,0.0,0.0,0.0,Kritis (<25%),12.4,0.5,1.79
STD-3360,Enrolled,0,4.1,Rendah,Management,1st phase - general,Reguler (Siang),Perempuan,21-23,21,Single,Tidak,Lunas,Tidak,Ya,Tidak,Domestik,135.0,143.0,5,4,11.0,5,5,12.0,90.0,11.5,Baik (>75%),7.6,2.6,0.32
STD-3361,Dropout,1,82.1,Tinggi,Advertising & Marketing,2nd phase - general,Reguler (Siang),Perempuan,<=20,19,Single,Tidak,Menunggak,Tidak,Tidak,Tidak,Domestik,115.2,126.0,6,3,12.666666666666666,6,5,13.125,66.7,12.9,Sedang (50-75%),10.8,1.4,1.74
STD-3362,Graduate,0,5.0,Rendah,Journalism & Comm,1st phase - general,Reguler (Siang),Perempuan,<=20,18,Single,Tidak,Lunas,Ya,Ya,Tidak,Domestik,130.6,125.0,6,6,13.5,6,6,14.0,100.0,13.75,Baik (>75%),8.9,1.4,3.51
STD-3363,Graduate,0,5.8,Rendah,Management,1st phase - general,Reguler (Siang),Perempuan,<=20,18,Single,Tidak,Lunas,Ya,Ya,Tidak,Domestik,117.4,123.0,5,5,12.0,5,5,11.4,100.0,11.7,Baik (>75%),8.9,1.4,3.51
STD-3364,Dropout,1,97.3,Tinggi,Management,Holder of other higher course,Reguler (Siang),Perempuan,>35,38,Single,Ya,Menunggak,Tidak,Ya,Tidak,Domestik,150.0,150.0,5,0,0.0,5,0,0.0,0.0,0.0,Kritis (<25%),15.5,2.8,-4.06
STD-3365,Dropout,1,87.0,Tinggi,Basic Education,2nd phase - general,Reguler (Siang),Perempuan,21-23,21,Single,Tidak,Lunas,Tidak,Ya,Tidak,Domestik,131.3,132.0,6,5,11.8,6,4,10.5,75.0,11.15,Sedang (50-75%),7.6,2.6,0.32
STD-3366,Dropout,1,95.7,Tinggi,Social Service,1st phase - general,Reguler (Siang),Perempuan,21-23,21,Single,Tidak,Menunggak,Tidak,Tidak,Tidak,Domestik,120.4,133.0,6,2,11.5,6,1,13.0,25.0,12.25,Kritis (<25%),9.4,-0.8,-3.12
STD-3367,Enrolled,0,38.8,Sedang,Management (evening),1st phase - general,Kelas Malam,Laki-laki,24-27,26,Single,Tidak,Lunas,Tidak,Tidak,Tidak,Domestik,113.6,122.0,5,2,11.5,5,3,12.0,50.0,11.75,Rendah (25-50%),7.6,2.6,0.32
STD-3368,Graduate,0,2.5,Rendah,Nursing,1st phase - general,Reguler (Siang),Perempuan,<=20,19,Single,Tidak,Lunas,Tidak,Ya,Tidak,Domestik,125.0,137.0,7,6,14.616666666666667,7,6,14.616666666666667,85.7,14.62,Baik (>75%),7.6,2.6,0.32
STD-3369,Enrolled,0,2.2,Rendah,Nursing,1st phase - general,Reguler (Siang),Perempuan,<=20,19,Single,Tidak,Lunas,Ya,Ya,Tidak,Domestik,132.3,145.0,8,7,14.06,8,7,14.06,87.5,14.06,Baik (>75%),10.8,1.4,1.74
STD-3370,Dropout,1,34.8,Sedang,Tourism,2nd phase - general,Reguler (Siang),Perempuan,<=20,18,Single,Ya,Lunas,Tidak,Tidak,Tidak,Domestik,142.7,150.0,6,4,11.0,6,3,11.333333333333334,58.3,11.17,Sedang (50-75%),7.6,2.6,0.32
STD-3371,Dropout,1,97.1,Tinggi,Management,Holder of other higher course,Reguler (Siang),Perempuan,24-27,25,Single,Tidak,Lunas,Tidak,Tidak,Tidak,Domestik,130.0,130.0,5,0,0.0,5,0,0.0,0.0,0.0,Kritis (<25%),12.7,3.7,-1.7
STD-3372,Graduate,0,39.1,Sedang,Nursing,1st phase - general,Reguler (Siang),Perempuan,<=20,19,Single,Tidak,Lunas,Tidak,Ya,Tidak,Domestik,120.8,136.0,14,7,12.192307692307692,14,7,12.192307692307692,50.0,12.19,Rendah (25-50%),7.6,2.6,0.32
STD-3373,Graduate,0,4.3,Rendah,Tourism,2nd phase - general,Reguler (Siang),Perempuan,<=20,18,Single,Tidak,Lunas,Ya,Ya,Tidak,Domestik,130.3,131.0,6,6,12.833333333333334,6,6,12.333333333333334,100.0,12.58,Baik (>75%),13.9,-0.3,0.79
STD-3374,Graduate,0,1.5,Rendah,Management,2nd phase - general,Reguler (Siang),Perempuan,<=20,19,Single,Tidak,Lunas,Ya,Tidak,Tidak,Domestik,119.9,130.0,5,5,12.875,5,5,11.833333333333334,100.0,12.35,Baik (>75%),13.9,-0.3,0.79
STD-3375,Graduate,0,0.8,Rendah,Social Service,1st phase - general,Reguler (Siang),Perempuan,21-23,22,Single,Tidak,Lunas,Ya,Ya,Tidak,Domestik,110.5,108.0,6,6,12.166666666666666,6,6,12.5,100.0,12.33,Baik (>75%),12.4,0.5,1.79
STD-3376,Graduate,0,2.9,Rendah,Agronomy,Tech. specialization holder,Reguler (Siang),Perempuan,21-23,21,Single,Tidak,Lunas,Tidak,Ya,Tidak,Domestik,160.0,160.0,6,6,13.428571428571429,6,6,12.857142857142858,100.0,13.14,Baik (>75%),15.5,2.8,-4.06
STD-3377,Graduate,0,1.7,Rendah,Veterinary Nursing,2nd phase - general,Reguler (Siang),Perempuan,21-23,21,Single,Tidak,Lunas,Ya,Ya,Tidak,Domestik,118.6,113.0,6,6,14.5,6,6,14.666666666666666,100.0,14.58,Baik (>75%),8.9,1.4,3.51
STD-3378,Graduate,0,2.3,Rendah,Basic Education,1st phase - general,Reguler (Siang),Perempuan,<=20,20,Single,Tidak,Lunas,Ya,Tidak,Tidak,Domestik,112.3,113.0,7,7,12.142857142857142,7,7,12.857142857142858,100.0,12.5,Baik (>75%),11.1,0.6,2.02
STD-3379,Enrolled,0,4.7,Rendah,Management,1st phase - general,Reguler (Siang),Perempuan,<=20,19,Married,Tidak,Lunas,Tidak,Tidak,Tidak,Domestik,124.4,137.0,5,4,11.25,5,3,11.714285714285714,70.0,11.48,Sedang (50-75%),10.8,1.4,1.74
STD-3380,Graduate,0,2.1,Rendah,Nursing,1st phase - general,Reguler (Siang),Perempuan,<=20,18,Single,Tidak,Lunas,Tidak,Ya,Tidak,Domestik,125.0,148.0,7,6,13.9,7,6,13.9,85.7,13.9,Baik (>75%),7.6,2.6,0.32
STD-3381,Dropout,1,60.4,Tinggi,Nursing,Over 23 years old,Reguler (Siang),Perempuan,24-27,26,Single,Tidak,Lunas,Tidak,Tidak,Tidak,Domestik,105.8,130.0,7,3,13.766666666666666,7,3,12.066666666666668,42.9,12.92,Rendah (25-50%),13.9,-0.3,0.79
STD-3382,Dropout,1,45.7,Sedang,Management,Different Plan,Reguler (Siang),Perempuan,28-35,31,Single,Tidak,Lunas,Tidak,Ya,Tidak,Domestik,121.5,133.1,15,13,11.615384615384617,14,11,12.545454545454543,82.8,12.08,Baik (>75%),7.6,2.6,0.32
STD-3383,Graduate,0,5.9,Rendah,Social Service,2nd phase - general,Reguler (Siang),Perempuan,<=20,18,Single,Tidak,Lunas,Ya,Ya,Tidak,Domestik,134.2,138.0,6,6,15.166666666666666,6,6,14.142857142857142,100.0,14.65,Baik (>75%),11.1,0.6,2.02
STD-3384,Dropout,1,96.8,Tinggi,Management,Holder of other higher course,Reguler (Siang),Perempuan,28-35,35,Divorced,Tidak,Lunas,Tidak,Tidak,Tidak,Domestik,130.0,130.0,5,0,0.0,5,0,0.0,0.0,0.0,Kritis (<25%),11.1,0.6,2.02
STD-3385,Enrolled,0,17.1,Rendah,Veterinary Nursing,1st phase - general,Reguler (Siang),Perempuan,<=20,19,Single,Tidak,Lunas,Tidak,Ya,Tidak,Domestik,122.8,127.0,5,2,14.5,5,3,11.333333333333334,50.0,12.92,Rendah (25-50%),12.7,3.7,-1.7
STD-3386,Graduate,0,2.5,Rendah,Social Service,1st phase - general,Reguler (Siang),Perempuan,<=20,19,Single,Tidak,Lunas,Ya,Tidak,Tidak,Domestik,108.7,115.0,6,5,10.8,6,6,10.714285714285714,91.7,10.76,Baik (>75%),15.5,2.8,-4.06
STD-3387,Graduate,0,4.2,Rendah,Nursing,1st phase - general,Reguler (Siang),Perempuan,<=20,18,Single,Tidak,Lunas,Tidak,Tidak,Tidak,Domestik,136.7,147.0,7,7,13.995714285714287,8,8,14.955555555555556,100.0,14.48,Baik (>75%),11.1,0.6,2.02
STD-3388,Graduate,0,4.1,Rendah,Veterinary Nursing,2nd phase - general,Reguler (Siang),Perempuan,<=20,20,Single,Tidak,Lunas,Tidak,Tidak,Tidak,Domestik,119.1,132.0,6,6,13.285714285714286,6,6,11.8,100.0,12.54,Baik (>75%),12.4,0.5,1.79
STD-3389,Graduate,0,8.9,Rendah,Animation & Multimedia,1st phase - general,Reguler (Siang),Perempuan,<=20,19,Single,Tidak,Lunas,Ya,Ya,Tidak,Domestik,151.3,146.0,12,12,12.75,11,11,13.25,100.0,13.0,Baik (>75%),8.9,1.4,3.51
STD-3390,Enrolled,0,2.7,Rendah,Social Service,Change of course,Reguler (Siang),Perempuan,21-23,21,Single,Tidak,Lunas,Ya,Tidak,Tidak,Domestik,108.3,109.0,6,2,10.5,6,5,12.4,58.3,11.45,Sedang (50-75%),10.8,1.4,1.74
STD-3391,Graduate,0,3.9,Rendah,Basic Education,2nd phase - general,Reguler (Siang),Perempuan,<=20,18,Single,Ya,Lunas,Ya,Tidak,Tidak,Domestik,127.4,133.0,7,7,12.714285714285714,7,7,12.285714285714286,100.0,12.5,Baik (>75%),16.2,0.3,-0.92
STD-3392,Graduate,0,2.9,Rendah,Nursing,Transfer,Reguler (Siang),Perempuan,21-23,23,Single,Tidak,Lunas,Tidak,Tidak,Tidak,Domestik,124.0,124.0,8,8,12.88625,8,8,12.88625,100.0,12.89,Baik (>75%),9.4,-0.8,-3.12
STD-3393,Graduate,0,3.8,Rendah,Communication Design,1st phase - general,Reguler (Siang),Perempuan,21-23,21,Single,Tidak,Lunas,Ya,Tidak,Tidak,Domestik,155.0,133.1,6,5,13.0,6,6,12.666666666666666,91.7,12.83,Baik (>75%),16.2,0.3,-0.92
STD-3394,Graduate,0,4.2,Rendah,Management,1st phase - general,Reguler (Siang),Perempuan,<=20,19,Single,Tidak,Lunas,Ya,Tidak,Tidak,Domestik,114.0,121.0,5,5,12.2,5,5,11.2,100.0,11.7,Baik (>75%),11.1,0.6,2.02
STD-3395,Enrolled,0,7.6,Rendah,Management,1st phase - general,Reguler (Siang),Perempuan,<=20,19,Single,Tidak,Lunas,Tidak,Ya,Tidak,Domestik,118.9,129.0,5,4,12.8,5,3,14.5,70.0,13.65,Sedang (50-75%),10.8,1.4,1.74
STD-3396,Graduate,0,6.4,Rendah,Veterinary Nursing,Short cycle holder,Reguler (Siang),Perempuan,<=20,20,Single,Tidak,Lunas,Tidak,Ya,Tidak,Domestik,160.0,160.0,11,11,13.785714285714286,9,9,13.88888888888889,100.0,13.84,Baik (>75%),8.9,1.4,3.51
STD-3397,Enrolled,0,2.8,Rendah,Management,Change of course,Reguler (Siang),Perempuan,<=20,18,Single,Tidak,Lunas,Tidak,Tidak,Tidak,Domestik,126.1,131.0,5,0,0.0,5,4,13.25,40.0,6.62,Rendah (25-50%),16.2,0.3,-0.92
STD-3398,Graduate,0,1.6,Rendah,Nursing,1st phase - general,Reguler (Siang),Perempuan,<=20,18,Single,Tidak,Lunas,Ya,Ya,Tidak,Domestik,136.5,150.0,8,8,14.50125,8,8,14.50125,100.0,14.5,Baik (>75%),9.4,-0.8,-3.12
STD-3399,Graduate,0,4.0,Rendah,Nursing,1st phase - general,Reguler (Siang),Perempuan,<=20,19,Married,Tidak,Lunas,Tidak,Tidak,Tidak,Domestik,122.3,130.0,7,6,14.35,7,6,14.35,85.7,14.35,Baik (>75%),7.6,2.6,0.32
STD-3400,Graduate,0,3.3,Rendah,Communication Design,2nd phase - general,Reguler (Siang),Perempuan,21-23,21,Single,Tidak,Lunas,Ya,Tidak,Tidak,Domestik,128.0,133.1,6,6,11.5,6,6,12.333333333333334,100.0,11.92,Baik (>75%),9.4,-0.8,-3.12
STD-3401,Graduate,0,1.9,Rendah,Social Service,1st phase - general,Reguler (Siang),Perempuan,<=20,18,Single,Tidak,Lunas,Ya,Ya,Ya,Domestik,156.5,154.0,6,6,11.714285714285714,6,6,14.666666666666666,100.0,13.19,Baik (>75%),12.7,3.7,-1.7
STD-3402,Enrolled,0,8.5,Rendah,Advertising & Marketing,1st phase - general,Reguler (Siang),Perempuan,<=20,20,Single,Tidak,Lunas,Tidak,Tidak,Tidak,Domestik,125.7,126.0,6,6,13.571428571428571,6,5,13.6,91.7,13.59,Baik (>75%),15.5,2.8,-4.06
STD-3403,Graduate,0,4.8,Rendah,Journalism & Comm,1st phase - general,Reguler (Siang),Perempuan,<=20,18,Single,Tidak,Lunas,Tidak,Tidak,Tidak,Domestik,143.0,150.0,6,5,13.0,6,6,13.666666666666666,91.7,13.33,Baik (>75%),12.7,3.7,-1.7
STD-3404,Graduate,0,6.0,Rendah,Nursing,2nd phase - general,Reguler (Siang),Perempuan,<=20,18,Single,Tidak,Lunas,Ya,Ya,Tidak,Domestik,131.9,141.0,7,7,13.56875,8,8,14.02625,100.0,13.8,Baik (>75%),15.5,2.8,-4.06
STD-3405,Enrolled,0,23.2,Rendah,Management (evening),Change of course,Kelas Malam,Perempuan,28-35,32,Married,Tidak,Lunas,Tidak,Tidak,Tidak,Domestik,113.7,134.0,5,5,10.2,5,4,11.25,90.0,10.72,Baik (>75%),9.4,-0.8,-3.12
STD-3406,Graduate,0,27.1,Rendah,Animation & Multimedia,2nd phase - general,Reguler (Siang),Perempuan,<=20,18,Single,Tidak,Lunas,Tidak,Ya,Tidak,Domestik,155.1,146.0,0,0,0.0,0,0,0.0,0.0,0.0,Kritis (<25%),13.9,-0.3,0.79
STD-3407,Enrolled,0,28.9,Rendah,Basic Education,1st phase - Madeira,Reguler (Siang),Perempuan,<=20,19,Single,Tidak,Lunas,Tidak,Ya,Tidak,Domestik,121.1,134.0,6,5,12.2,6,5,11.8,83.3,12.0,Baik (>75%),10.8,1.4,1.74
STD-3408,Graduate,0,1.9,Rendah,Nursing,1st phase - general,Reguler (Siang),Perempuan,<=20,18,Single,Tidak,Lunas,Ya,Ya,Tidak,Domestik,130.3,139.0,8,8,14.15375,8,8,14.15375,100.0,14.15,Baik (>75%),9.4,-0.8,-3.12
STD-3409,Dropout,1,84.4,Tinggi,Nursing,1st phase - general,Reguler (Siang),Perempuan,<=20,18,Single,Tidak,Menunggak,Tidak,Tidak,Tidak,Domestik,123.3,136.0,8,0,0.0,8,0,0.0,0.0,0.0,Kritis (<25%),9.4,-0.8,-3.12
STD-3410,Graduate,0,3.2,Rendah,Journalism & Comm,1st phase - general,Reguler (Siang),Perempuan,<=20,20,Single,Tidak,Lunas,Tidak,Ya,Tidak,Domestik,117.4,110.0,6,6,13.833333333333334,6,6,12.833333333333334,100.0,13.33,Baik (>75%),11.1,0.6,2.02
STD-3411,Enrolled,0,6.0,Rendah,Advertising & Marketing,1st phase - Azores,Reguler (Siang),Perempuan,<=20,19,Single,Tidak,Lunas,Tidak,Ya,Tidak,Domestik,140.3,135.0,6,6,13.428571428571429,6,4,14.0,83.3,13.71,Baik (>75%),12.4,0.5,1.79
STD-3412,Graduate,0,2.6,Rendah,Nursing,2nd phase - general,Reguler (Siang),Perempuan,<=20,19,Single,Tidak,Lunas,Tidak,Ya,Tidak,Domestik,120.0,129.0,8,7,12.454285714285716,8,7,12.454285714285716,87.5,12.45,Baik (>75%),10.8,1.4,1.74
STD-3413,Enrolled,0,58.4,Sedang,Management,2nd phase - general,Reguler (Siang),Perempuan,<=20,18,Single,Tidak,Lunas,Tidak,Tidak,Tidak,Domestik,133.4,139.0,5,1,11.0,5,0,0.0,10.0,5.5,Kritis (<25%),9.4,-0.8,-3.12
STD-3414,Dropout,1,94.4,Tinggi,Nursing,1st phase - general,Reguler (Siang),Perempuan,<=20,18,Single,Tidak,Lunas,Tidak,Ya,Tidak,Domestik,126.7,137.0,7,0,0.0,8,0,0.0,0.0,0.0,Kritis (<25%),15.5,2.8,-4.06
STD-3415,Graduate,0,11.8,Rendah,Nursing,2nd phase - general,Reguler (Siang),Perempuan,<=20,18,Single,Tidak,Lunas,Ya,Ya,Tidak,Domestik,129.3,138.0,7,6,13.271666666666668,8,7,12.94375,86.7,13.11,Baik (>75%),12.4,0.5,1.79
STD-3416,Enrolled,0,9.4,Rendah,Nursing,2nd phase - general,Reguler (Siang),Perempuan,<=20,20,Single,Tidak,Lunas,Tidak,Ya,Tidak,Domestik,125.7,136.0,7,6,13.548333333333334,8,6,14.775,80.0,14.16,Baik (>75%),11.1,0.6,2.02
STD-3417,Enrolled,0,7.8,Rendah,Journalism & Comm,1st phase - general,Reguler (Siang),Perempuan,<=20,19,Single,Tidak,Lunas,Tidak,Tidak,Tidak,Domestik,144.8,143.0,6,6,12.166666666666666,6,6,12.5,100.0,12.33,Baik (>75%),16.2,0.3,-0.92
STD-3418,Dropout,1,87.6,Tinggi,Tourism,1st phase - general,Reguler (Siang),Perempuan,21-23,21,Single,Tidak,Lunas,Tidak,Tidak,Tidak,Domestik,98.6,133.1,6,2,11.0,6,0,0.0,16.7,5.5,Kritis (<25%),12.7,3.7,-1.7
STD-3419,Graduate,0,6.3,Rendah,Basic Education,1st phase - general,Reguler (Siang),Perempuan,<=20,19,Single,Tidak,Lunas,Ya,Ya,Tidak,Domestik,126.9,136.0,7,7,13.285714285714286,7,7,14.428571428571429,100.0,13.86,Baik (>75%),11.1,0.6,2.02
STD-3420,Graduate,0,2.0,Rendah,Social Service,2nd phase - general,Reguler (Siang),Perempuan,<=20,20,Single,Tidak,Lunas,Ya,Ya,Tidak,Domestik,146.7,139.0,6,6,13.333333333333334,6,6,14.0,100.0,13.67,Baik (>75%),15.5,2.8,-4.06
STD-3421,Graduate,0,1.1,Rendah,Nursing,1st phase - general,Reguler (Siang),Perempuan,21-23,21,Single,Tidak,Lunas,Ya,Tidak,Tidak,Domestik,117.0,125.0,8,8,13.2575,8,8,13.2575,100.0,13.26,Baik (>75%),9.4,-0.8,-3.12
STD-3422,Dropout,1,86.9,Tinggi,Veterinary Nursing,Tech. specialization holder,Reguler (Siang),Perempuan,21-23,23,Single,Tidak,Lunas,Tidak,Ya,Tidak,Domestik,130.0,130.0,6,0,0.0,6,0,0.0,0.0,0.0,Kritis (<25%),11.1,0.6,2.02
STD-3423,Dropout,1,79.5,Tinggi,Social Service,2nd phase - general,Reguler (Siang),Perempuan,<=20,18,Single,Tidak,Menunggak,Ya,Tidak,Tidak,Domestik,125.8,137.0,6,6,12.666666666666666,6,2,11.5,66.7,12.08,Sedang (50-75%),12.7,3.7,-1.7
STD-3424,Dropout,1,5.0,Rendah,Management (evening),Over 23 years old,Kelas Malam,Perempuan,28-35,30,Married,Tidak,Lunas,Tidak,Tidak,Tidak,Domestik,160.0,130.0,5,5,14.6,5,5,15.4,100.0,15.0,Baik (>75%),12.7,3.7,-1.7
STD-3425,Dropout,1,81.4,Tinggi,Veterinary Nursing,1st phase - general,Reguler (Siang),Perempuan,<=20,20,Single,Tidak,Lunas,Tidak,Ya,Tidak,Domestik,134.2,130.0,5,0,0.0,5,0,0.0,0.0,0.0,Kritis (<25%),9.4,-0.8,-3.12
STD-3426,Dropout,1,95.5,Tinggi,Management,Change of course,Reguler (Siang),Perempuan,28-35,29,Married,Tidak,Menunggak,Tidak,Tidak,Tidak,Domestik,96.0,160.0,5,3,12.333333333333334,5,0,0.0,30.0,6.17,Rendah (25-50%),10.8,1.4,1.74
STD-3427,Enrolled,0,18.6,Rendah,Management,3rd phase - general,Reguler (Siang),Perempuan,24-27,24,Single,Tidak,Lunas,Tidak,Ya,Tidak,Domestik,101.8,100.0,5,5,10.8,5,2,11.0,70.0,10.9,Sedang (50-75%),10.8,1.4,1.74
STD-3428,Graduate,0,6.4,Rendah,Social Service,1st phase - general,Reguler (Siang),Perempuan,<=20,20,Single,Tidak,Lunas,Tidak,Ya,Tidak,Domestik,125.2,136.0,6,6,11.666666666666666,6,6,11.333333333333334,100.0,11.5,Baik (>75%),7.6,2.6,0.32
STD-3429,Dropout,1,2.3,Rendah,Social Service (eve),Change of course,Kelas Malam,Perempuan,24-27,27,Single,Tidak,Lunas,Tidak,Tidak,Tidak,Domestik,100.0,117.0,6,4,12.5,6,6,14.333333333333334,83.3,13.42,Baik (>75%),13.9,-0.3,0.79
STD-3430,Dropout,1,91.3,Tinggi,Management,Holder of other higher course,Reguler (Siang),Perempuan,21-23,23,Married,Tidak,Lunas,Tidak,Tidak,Tidak,Domestik,140.0,140.0,5,0,0.0,5,0,0.0,0.0,0.0,Kritis (<25%),7.6,2.6,0.32
STD-3431,Graduate,0,1.0,Rendah,Communication Design,Change of institution/course,Reguler (Siang),Perempuan,21-23,23,Single,Tidak,Lunas,Ya,Tidak,Tidak,Domestik,120.0,132.0,6,6,15.333333333333334,6,6,14.166666666666666,100.0,14.75,Baik (>75%),11.1,0.6,2.02
STD-3432,Graduate,0,1.5,Rendah,Nursing,1st phase - general,Reguler (Siang),Perempuan,<=20,18,Single,Tidak,Lunas,Tidak,Ya,Tidak,Domestik,134.3,147.0,8,7,14.2,8,7,14.2,87.5,14.2,Baik (>75%),12.7,3.7,-1.7
STD-3433,Graduate,0,2.5,Rendah,Journalism & Comm,1st phase - general,Reguler (Siang),Perempuan,<=20,19,Single,Tidak,Lunas,Ya,Ya,Tidak,Domestik,144.7,158.0,6,6,14.833333333333334,6,6,14.666666666666666,100.0,14.75,Baik (>75%),12.7,3.7,-1.7
STD-3434,Dropout,1,4.7,Rendah,Nursing,2nd phase - general,Reguler (Siang),Perempuan,<=20,19,Single,Tidak,Lunas,Tidak,Ya,Tidak,Domestik,131.9,142.0,7,7,13.642857142857142,8,8,14.3875,100.0,14.02,Baik (>75%),13.9,-0.3,0.79
STD-3435,Dropout,1,3.1,Rendah,Journalism & Comm,1st phase - general,Reguler (Siang),Perempuan,<=20,18,Single,Tidak,Lunas,Ya,Ya,Tidak,Domestik,136.7,143.0,6,6,13.833333333333334,6,6,14.0,100.0,13.92,Baik (>75%),11.1,0.6,2.02
STD-3436,Graduate,0,3.0,Rendah,Communication Design,1st phase - general,Reguler (Siang),Perempuan,<=20,19,Single,Tidak,Lunas,Tidak,Ya,Tidak,Domestik,129.8,135.0,6,6,11.833333333333334,6,6,13.0,100.0,12.42,Baik (>75%),9.4,-0.8,-3.12
STD-3437,Graduate,0,2.7,Rendah,Journalism & Comm,1st phase - general,Reguler (Siang),Perempuan,<=20,18,Single,Tidak,Lunas,Ya,Tidak,Tidak,Domestik,146.5,160.0,6,6,13.428571428571429,6,6,13.5,100.0,13.46,Baik (>75%),13.9,-0.3,0.79
STD-3438,Enrolled,0,35.7,Sedang,Management (evening),Change of course,Kelas Malam,Perempuan,28-35,29,Single,Tidak,Lunas,Tidak,Ya,Tidak,Domestik,122.5,120.0,13,8,10.5,12,9,10.333333333333334,68.0,10.42,Sedang (50-75%),9.4,-0.8,-3.12
STD-3439,Graduate,0,13.6,Rendah,Oral Hygiene,Over 23 years old,Reguler (Siang),Perempuan,24-27,24,Single,Tidak,Lunas,Tidak,Tidak,Tidak,Domestik,117.8,133.1,7,6,11.416666666666666,8,8,11.9625,93.3,11.69,Baik (>75%),13.9,-0.3,0.79
STD-3440,Dropout,1,59.6,Sedang,Oral Hygiene,2nd phase - general,Reguler (Siang),Perempuan,<=20,19,Single,Tidak,Lunas,Tidak,Ya,Tidak,Domestik,106.0,133.1,7,2,12.75,7,2,11.0,28.6,11.88,Rendah (25-50%),8.9,1.4,3.51
STD-3441,Enrolled,0,2.1,Rendah,Oral Hygiene,2nd phase - general,Reguler (Siang),Perempuan,<=20,19,Single,Tidak,Lunas,Tidak,Tidak,Tidak,Domestik,119.0,133.0,7,6,11.15,7,7,12.814285714285717,92.9,11.98,Baik (>75%),12.7,3.7,-1.7
STD-3442,Enrolled,0,11.1,Rendah,Advertising & Marketing,1st phase - general,Reguler (Siang),Perempuan,<=20,19,Single,Tidak,Lunas,Tidak,Tidak,Tidak,Domestik,115.1,120.0,6,3,11.666666666666666,6,5,13.625,66.7,12.65,Sedang (50-75%),10.8,1.4,1.74
STD-3443,Graduate,0,3.8,Rendah,Tourism,2nd phase - general,Reguler (Siang),Perempuan,<=20,20,Single,Tidak,Lunas,Tidak,Ya,Tidak,Domestik,116.9,106.0,6,6,11.5,6,5,12.4,91.7,11.95,Baik (>75%),11.1,0.6,2.02
STD-3444,Graduate,0,10.9,Rendah,Journalism & Comm,1st phase - general,Reguler (Siang),Perempuan,<=20,18,Single,Tidak,Lunas,Tidak,Tidak,Tidak,Domestik,141.7,148.0,6,6,13.833333333333334,6,6,12.666666666666666,100.0,13.25,Baik (>75%),10.8,1.4,1.74
STD-3445,Dropout,1,52.3,Sedang,Communication Design,1st phase - general,Reguler (Siang),Perempuan,<=20,18,Single,Tidak,Menunggak,Tidak,Ya,Tidak,Domestik,127.7,134.0,6,6,11.714285714285714,6,4,11.333333333333334,83.3,11.52,Baik (>75%),13.9,-0.3,0.79
STD-3446,Graduate,0,6.0,Rendah,Nursing,1st phase - general,Reguler (Siang),Perempuan,<=20,19,Single,Tidak,Lunas,Ya,Ya,Tidak,Domestik,122.1,130.0,7,7,11.678571428571429,8,7,13.0375,93.3,12.36,Baik (>75%),12.4,0.5,1.79
STD-3447,Dropout,1,2.2,Rendah,Veterinary Nursing,1st phase - Madeira,Reguler (Siang),Perempuan,<=20,19,Single,Tidak,Lunas,Tidak,Ya,Tidak,Domestik,153.5,150.0,6,6,15.714285714285714,6,6,14.666666666666666,100.0,15.19,Baik (>75%),13.9,-0.3,0.79
STD-3448,Graduate,0,15.0,Rendah,Animation & Multimedia,1st phase - general,Reguler (Siang),Perempuan,<=20,18,Single,Tidak,Lunas,Ya,Ya,Tidak,Domestik,141.4,141.0,0,0,0.0,0,0,0.0,0.0,0.0,Kritis (<25%),13.9,-0.3,0.79
STD-3449,Graduate,0,3.0,Rendah,Journalism & Comm,1st phase - general,Reguler (Siang),Perempuan,<=20,19,Single,Tidak,Lunas,Ya,Ya,Tidak,Domestik,135.8,140.0,6,6,13.0,6,6,13.0,100.0,13.0,Baik (>75%),10.8,1.4,1.74
STD-3450,Graduate,0,7.8,Rendah,Nursing,1st phase - general,Reguler (Siang),Perempuan,<=20,18,Single,Tidak,Lunas,Ya,Ya,Tidak,Domestik,127.5,138.0,7,7,14.485714285714286,8,8,14.58888888888889,100.0,14.54,Baik (>75%),16.2,0.3,-0.92
STD-3451,Enrolled,0,3.5,Rendah,Management (evening),Over 23 years old,Kelas Malam,Perempuan,24-27,24,Single,Tidak,Lunas,Tidak,Tidak,Tidak,Domestik,151.6,130.0,5,5,12.285714285714286,5,5,12.125,100.0,12.21,Baik (>75%),16.2,0.3,-0.92
STD-3452,Enrolled,0,32.2,Sedang,Nursing,Over 23 years old,Reguler (Siang),Perempuan,28-35,28,Single,Ya,Lunas,Tidak,Tidak,Tidak,Domestik,121.4,133.1,7,4,13.375,7,5,13.5,64.3,13.44,Sedang (50-75%),13.9,-0.3,0.79
STD-3453,Graduate,0,5.0,Rendah,Nursing,Transfer,Reguler (Siang),Perempuan,<=20,20,Single,Tidak,Lunas,Tidak,Tidak,Tidak,Domestik,100.0,133.0,8,7,11.571428571428571,8,7,11.571428571428571,87.5,11.57,Baik (>75%),12.7,3.7,-1.7
STD-3454,Graduate,0,2.1,Rendah,Nursing,1st phase - general,Reguler (Siang),Perempuan,<=20,19,Single,Tidak,Lunas,Ya,Ya,Tidak,Domestik,131.5,150.0,8,7,12.657142857142857,8,7,12.657142857142857,87.5,12.66,Baik (>75%),12.7,3.7,-1.7
STD-3455,Dropout,1,90.8,Tinggi,Management,2nd phase - general,Reguler (Siang),Perempuan,21-23,22,Single,Tidak,Menunggak,Tidak,Tidak,Tidak,Domestik,109.3,117.0,5,2,10.0,5,1,10.0,30.0,10.0,Rendah (25-50%),9.4,-0.8,-3.12
STD-3456,Graduate,0,2.1,Rendah,Social Service,1st phase - general,Reguler (Siang),Perempuan,<=20,19,Single,Tidak,Lunas,Tidak,Ya,Tidak,Domestik,127.9,145.0,6,6,13.714285714285714,6,6,13.166666666666666,100.0,13.44,Baik (>75%),12.7,3.7,-1.7
STD-3457,Graduate,0,8.2,Rendah,Social Service,Holder of other higher course,Reguler (Siang),Perempuan,>35,36,Single,Tidak,Lunas,Tidak,Ya,Tidak,Domestik,140.0,140.0,14,13,13.071428571428571,11,11,13.0,96.0,13.04,Baik (>75%),16.2,0.3,-0.92
STD-3458,Graduate,0,1.3,Rendah,Agronomy,Tech. specialization holder,Reguler (Siang),Perempuan,<=20,19,Single,Tidak,Lunas,Ya,Tidak,Tidak,Domestik,160.0,160.0,6,6,15.333333333333334,6,6,14.0,100.0,14.67,Baik (>75%),15.5,2.8,-4.06
STD-3459,Graduate,0,2.6,Rendah,Social Service,2nd phase - general,Reguler (Siang),Perempuan,<=20,18,Single,Tidak,Lunas,Tidak,Tidak,Tidak,Domestik,119.8,125.0,6,5,11.571428571428571,6,6,12.142857142857142,91.7,11.86,Baik (>75%),16.2,0.3,-0.92
STD-3460,Dropout,1,96.9,Tinggi,Management (evening),Change of course,Kelas Malam,Perempuan,>35,40,Divorced,Tidak,Menunggak,Tidak,Tidak,Tidak,Domestik,153.0,133.1,5,0,0.0,5,0,0.0,0.0,0.0,Kritis (<25%),7.6,2.6,0.32
STD-3461,Graduate,0,1.5,Rendah,Nursing,1st phase - general,Reguler (Siang),Perempuan,<=20,19,Single,Tidak,Lunas,Ya,Ya,Tidak,Domestik,125.0,139.0,7,6,12.9,7,6,12.9,85.7,12.9,Baik (>75%),7.6,2.6,0.32
STD-3462,Enrolled,0,35.0,Sedang,Nursing,Change of course,Reguler (Siang),Perempuan,>35,38,Divorced,Tidak,Lunas,Tidak,Tidak,Tidak,Domestik,103.7,130.0,8,5,13.126,8,5,13.126,62.5,13.13,Sedang (50-75%),10.8,1.4,1.74
STD-3463,Dropout,1,68.5,Tinggi,Veterinary Nursing,Holder of other higher course,Reguler (Siang),Perempuan,28-35,32,Single,Tidak,Lunas,Tidak,Tidak,Tidak,Domestik,120.0,120.0,10,4,11.5,9,3,11.666666666666666,36.8,11.58,Rendah (25-50%),15.5,2.8,-4.06
STD-3464,Enrolled,0,32.6,Sedang,Basic Education,1st phase - general,Reguler (Siang),Perempuan,<=20,19,Single,Tidak,Lunas,Tidak,Ya,Tidak,Domestik,146.0,160.0,6,3,10.333333333333334,6,5,11.8,66.7,11.07,Sedang (50-75%),9.4,-0.8,-3.12
STD-3465,Graduate,0,1.5,Rendah,Communication Design,2nd phase - general,Reguler (Siang),Perempuan,<=20,19,Single,Tidak,Lunas,Tidak,Ya,Tidak,Domestik,116.9,120.0,6,6,13.5,6,6,13.428571428571429,100.0,13.46,Baik (>75%),8.9,1.4,3.51
STD-3466,Dropout,1,85.4,Tinggi,Management,Over 23 years old,Reguler (Siang),Perempuan,28-35,35,Married,Tidak,Lunas,Tidak,Tidak,Tidak,Domestik,117.9,130.0,1,0,0.0,5,0,0.0,0.0,0.0,Kritis (<25%),10.8,1.4,1.74
STD-3467,Enrolled,0,15.4,Rendah,Management,1st phase - general,Reguler (Siang),Perempuan,<=20,20,Single,Tidak,Lunas,Tidak,Ya,Tidak,Domestik,128.6,124.0,5,4,12.0,4,2,11.5,66.7,11.75,Sedang (50-75%),7.6,2.6,0.32
STD-3468,Graduate,0,24.7,Rendah,Basic Education,2nd phase - general,Reguler (Siang),Perempuan,28-35,29,Single,Tidak,Lunas,Tidak,Tidak,Tidak,Domestik,135.0,150.0,8,7,11.142857142857142,8,8,11.375,93.8,11.26,Baik (>75%),12.7,3.7,-1.7
STD-3469,Enrolled,0,20.6,Rendah,Management (evening),1st phase - general,Kelas Malam,Perempuan,28-35,29,Single,Tidak,Lunas,Tidak,Tidak,Tidak,Domestik,124.6,140.0,5,5,11.4,5,4,10.25,90.0,10.82,Baik (>75%),15.5,2.8,-4.06
STD-3470,Enrolled,0,5.7,Rendah,Nursing,1st phase - general,Reguler (Siang),Perempuan,<=20,19,Single,Tidak,Lunas,Ya,Ya,Tidak,Domestik,124.0,135.0,8,7,12.771428571428572,8,7,12.771428571428572,87.5,12.77,Baik (>75%),9.4,-0.8,-3.12
STD-3471,Graduate,0,5.1,Rendah,Nursing,1st phase - general,Reguler (Siang),Perempuan,<=20,18,Single,Tidak,Lunas,Ya,Ya,Tidak,Domestik,129.5,143.0,8,7,13.79857142857143,8,7,13.79857142857143,87.5,13.8,Baik (>75%),10.8,1.4,1.74
STD-3472,Graduate,0,51.7,Sedang,Social Service (eve),Over 23 years old,Kelas Malam,Perempuan,24-27,25,Married,Ya,Menunggak,Tidak,Tidak,Tidak,Domestik,111.3,100.0,6,6,13.333333333333334,6,6,13.5,100.0,13.42,Baik (>75%),7.6,2.6,0.32
STD-3473,Dropout,1,98.3,Tinggi,Social Service (eve),Over 23 years old,Kelas Malam,Perempuan,>35,50,Divorced,Ya,Menunggak,Tidak,Tidak,Tidak,Domestik,95.0,133.1,6,0,0.0,5,0,0.0,0.0,0.0,Kritis (<25%),8.9,1.4,3.51
STD-3474,Dropout,1,26.4,Rendah,Management,1st phase - general,Reguler (Siang),Perempuan,24-27,24,Married,Tidak,Lunas,Tidak,Tidak,Tidak,Domestik,131.8,133.1,15,14,11.357142857142858,14,13,12.846153846153848,93.1,12.1,Baik (>75%),7.6,2.6,0.32
STD-3475,Dropout,1,51.9,Sedang,Informatics Engineering,1st phase - general,Reguler (Siang),Perempuan,<=20,18,Single,Tidak,Lunas,Tidak,Tidak,Tidak,Domestik,119.1,132.0,5,0,0.0,5,0,0.0,0.0,0.0,Kritis (<25%),9.4,-0.8,-3.12
STD-3476,Graduate,0,5.1,Rendah,Veterinary Nursing,2nd phase - general,Reguler (Siang),Perempuan,<=20,20,Single,Tidak,Lunas,Tidak,Ya,Tidak,Domestik,125.4,131.0,6,6,15.692307692307692,6,5,14.428571428571429,91.7,15.06,Baik (>75%),15.5,2.8,-4.06
STD-3477,Graduate,0,1.9,Rendah,Agronomy,1st phase - Madeira,Reguler (Siang),Perempuan,<=20,20,Single,Ya,Lunas,Ya,Ya,Tidak,Domestik,140.7,147.0,18,18,15.052631578947368,13,13,14.538461538461538,100.0,14.8,Baik (>75%),15.5,2.8,-4.06
STD-3478,Dropout,1,30.3,Sedang,Management (evening),Change of course,Kelas Malam,Perempuan,21-23,21,Single,Tidak,Lunas,Tidak,Tidak,Tidak,Domestik,131.9,141.0,10,6,11.5,10,5,12.4,55.0,11.95,Sedang (50-75%),9.4,-0.8,-3.12
STD-3479,Enrolled,0,85.7,Tinggi,Social Service,Over 23 years old,Reguler (Siang),Laki-laki,28-35,28,Single,Ya,Lunas,Tidak,Tidak,Tidak,Domestik,124.0,160.0,8,7,11.0,6,1,10.0,57.1,10.5,Sedang (50-75%),10.8,1.4,1.74
STD-3480,Graduate,0,2.0,Rendah,Tourism,1st phase - general,Reguler (Siang),Laki-laki,<=20,19,Single,Tidak,Lunas,Ya,Tidak,Tidak,Domestik,139.2,135.0,6,6,13.0,6,6,13.166666666666666,100.0,13.08,Baik (>75%),12.4,0.5,1.79
STD-3481,Graduate,0,1.5,Rendah,Nursing,1st phase - general,Reguler (Siang),Laki-laki,<=20,18,Single,Tidak,Lunas,Ya,Tidak,Tidak,Domestik,121.8,133.0,8,8,12.93875,8,8,12.93875,100.0,12.94,Baik (>75%),9.4,-0.8,-3.12
STD-3482,Graduate,0,56.2,Sedang,Animation & Multimedia,2nd phase - general,Reguler (Siang),Laki-laki,21-23,22,Single,Tidak,Lunas,Tidak,Tidak,Tidak,Domestik,132.9,142.0,0,0,0.0,0,0,0.0,0.0,0.0,Kritis (<25%),12.7,3.7,-1.7
STD-3483,Dropout,1,86.9,Tinggi,Agronomy,Tech. specialization holder,Reguler (Siang),Laki-laki,24-27,25,Single,Tidak,Lunas,Tidak,Tidak,Tidak,Domestik,130.0,130.0,6,0,0.0,6,0,0.0,0.0,0.0,Kritis (<25%),15.5,2.8,-4.06
STD-3484,Dropout,1,73.0,Tinggi,Nursing,Over 23 years old,Reguler (Siang),Laki-laki,>35,37,Married,Tidak,Menunggak,Tidak,Tidak,Tidak,Domestik,130.1,133.1,7,5,13.0,7,5,12.88,71.4,12.94,Sedang (50-75%),11.1,0.6,2.02
STD-3485,Dropout,1,92.7,Tinggi,Nursing,Over 23 years old,Reguler (Siang),Laki-laki,>35,38,Single,Tidak,Menunggak,Tidak,Tidak,Tidak,Domestik,124.5,133.1,7,5,12.18,7,4,11.8125,64.3,12.0,Sedang (50-75%),11.1,0.6,2.02
STD-3486,Dropout,1,34.9,Sedang,Advertising & Marketing,Over 23 years old,Reguler (Siang),Laki-laki,>35,36,Married,Tidak,Lunas,Tidak,Tidak,Tidak,Domestik,162.3,130.0,6,3,11.333333333333334,6,5,11.4,66.7,11.37,Sedang (50-75%),13.9,-0.3,0.79
STD-3487,Graduate,0,2.6,Rendah,Nursing,1st phase - general,Reguler (Siang),Laki-laki,<=20,18,Single,Tidak,Lunas,Tidak,Ya,Tidak,Domestik,137.8,149.0,8,7,13.0,8,7,13.0,87.5,13.0,Baik (>75%),12.7,3.7,-1.7
STD-3488,Dropout,1,98.0,Tinggi,Advertising & Marketing,1st phase - general,Reguler (Siang),Laki-laki,<=20,19,Single,Tidak,Menunggak,Tidak,Tidak,Tidak,Domestik,119.5,130.0,5,0,0.0,6,0,0.0,0.0,0.0,Kritis (<25%),9.4,-0.8,-3.12
STD-3489,Dropout,1,45.3,Sedang,Equinculture,Over 23 years old,Reguler (Siang),Laki-laki,24-27,24,Single,Ya,Lunas,Tidak,Tidak,Tidak,Domestik,110.0,150.0,5,2,12.5,5,3,12.333333333333334,50.0,12.42,Rendah (25-50%),9.4,-0.8,-3.12
STD-3490,Graduate,0,3.3,Rendah,Social Service,1st phase - general,Reguler (Siang),Laki-laki,<=20,20,Single,Tidak,Lunas,Tidak,Tidak,Tidak,Domestik,105.0,106.0,6,5,11.0,6,5,12.166666666666666,83.3,11.58,Baik (>75%),11.1,0.6,2.02
STD-3491,Dropout,1,41.4,Sedang,Animation & Multimedia,1st phase - general,Reguler (Siang),Laki-laki,21-23,21,Single,Tidak,Lunas,Tidak,Ya,Tidak,Domestik,142.8,162.0,0,0,0.0,0,0,0.0,0.0,0.0,Kritis (<25%),12.7,3.7,-1.7
STD-3492,Dropout,1,93.2,Tinggi,Management (evening),Change of course,Kelas Malam,Laki-laki,28-35,32,Married,Tidak,Lunas,Tidak,Ya,Tidak,Domestik,128.2,120.0,5,0,0.0,5,0,0.0,0.0,0.0,Kritis (<25%),7.6,2.6,0.32
STD-3493,Dropout,1,91.6,Tinggi,Management (evening),Over 23 years old,Kelas Malam,Laki-laki,>35,39,Married,Tidak,Lunas,Tidak,Tidak,Tidak,Domestik,120.0,133.1,5,0,0.0,5,1,10.0,10.0,5.0,Kritis (<25%),12.7,3.7,-1.7
STD-3494,Dropout,1,98.2,Tinggi,Informatics Engineering,Holder of other higher course,Reguler (Siang),Laki-laki,28-35,33,Single,Tidak,Menunggak,Tidak,Tidak,Tidak,Domestik,130.0,130.0,5,0,0.0,5,0,0.0,0.0,0.0,Kritis (<25%),12.7,3.7,-1.7
STD-3495,Graduate,0,12.9,Rendah,Advertising & Marketing,2nd phase - general,Reguler (Siang),Laki-laki,<=20,20,Single,Tidak,Lunas,Ya,Tidak,Tidak,Domestik,121.7,128.0,5,5,12.4,5,4,10.75,90.0,11.58,Baik (>75%),9.4,-0.8,-3.12
STD-3496,Graduate,0,2.6,Rendah,Agronomy,1st phase - general,Reguler (Siang),Laki-laki,<=20,19,Single,Tidak,Lunas,Tidak,Tidak,Tidak,Domestik,116.0,124.0,6,6,15.5,6,6,14.1,100.0,14.8,Baik (>75%),16.2,0.3,-0.92
STD-3497,Dropout,1,96.7,Tinggi,Management (evening),Over 23 years old,Kelas Malam,Laki-laki,>35,43,Married,Tidak,Menunggak,Tidak,Tidak,Tidak,Domestik,133.2,133.1,5,2,11.5,5,3,10.8,50.0,11.15,Rendah (25-50%),13.9,-0.3,0.79
STD-3498,Dropout,1,34.4,Sedang,Management (evening),Change of course,Kelas Malam,Laki-laki,>35,49,Married,Tidak,Lunas,Tidak,Tidak,Tidak,Domestik,116.7,114.0,5,4,13.333333333333334,5,4,11.6,80.0,12.47,Baik (>75%),16.2,0.3,-0.92
STD-3499,Graduate,0,11.1,Rendah,Journalism & Comm,1st phase - general,Reguler (Siang),Laki-laki,<=20,18,Single,Tidak,Lunas,Ya,Ya,Tidak,Domestik,126.4,140.0,6,6,12.666666666666666,6,6,13.5,100.0,13.08,Baik (>75%),12.7,3.7,-1.7
STD-3500,Enrolled,0,90.7,Tinggi,Agronomy,Over 23 years old,Reguler (Siang),Laki-laki,24-27,27,Single,Tidak,Lunas,Tidak,Tidak,Tidak,Domestik,140.0,160.0,6,0,0.0,6,0,0.0,0.0,0.0,Kritis (<25%),11.1,0.6,2.02
STD-3501,Dropout,1,2.7,Rendah,Management,1st phase - general,Reguler (Siang),Laki-laki,<=20,19,Single,Tidak,Lunas,Ya,Ya,Tidak,Domestik,120.3,122.0,5,5,12.6,5,5,13.6,100.0,13.1,Baik (>75%),8.9,1.4,3.51
STD-3502,Dropout,1,86.3,Tinggi,Communication Design,Over 23 years old,Reguler (Siang),Laki-laki,>35,45,Single,Ya,Lunas,Ya,Tidak,Tidak,Domestik,118.0,140.0,6,6,13.5,6,0,0.0,50.0,6.75,Rendah (25-50%),16.2,0.3,-0.92
STD-3503,Graduate,0,41.3,Sedang,Advertising & Marketing,International student,Reguler (Siang),Laki-laki,<=20,19,Single,Tidak,Menunggak,Tidak,Ya,Tidak,Domestik,149.5,160.0,6,6,13.0,6,6,13.0,100.0,13.0,Baik (>75%),13.9,-0.3,0.79
STD-3504,Graduate,0,5.8,Rendah,Agronomy,Tech. specialization holder,Reguler (Siang),Laki-laki,21-23,21,Single,Tidak,Lunas,Ya,Tidak,Tidak,Domestik,130.0,130.0,6,6,11.714285714285714,6,4,11.75,83.3,11.73,Baik (>75%),13.9,-0.3,0.79
STD-3505,Graduate,0,9.1,Rendah,Advertising & Marketing,1st phase - general,Reguler (Siang),Laki-laki,<=20,18,Single,Tidak,Lunas,Ya,Tidak,Tidak,Domestik,126.3,141.0,6,6,12.166666666666666,6,5,13.0,91.7,12.58,Baik (>75%),13.9,-0.3,0.79
STD-3506,Dropout,1,71.3,Tinggi,Management,2nd phase - general,Reguler (Siang),Laki-laki,<=20,18,Single,Tidak,Lunas,Tidak,Tidak,Tidak,Domestik,116.2,127.0,5,0,0.0,5,0,0.0,0.0,0.0,Kritis (<25%),9.4,-0.8,-3.12
STD-3507,Dropout,1,98.2,Tinggi,Tourism,2nd phase - general,Reguler (Siang),Laki-laki,28-35,29,Single,Tidak,Menunggak,Tidak,Tidak,Tidak,Domestik,126.0,126.0,6,0,0.0,6,0,0.0,0.0,0.0,Kritis (<25%),9.4,-0.8,-3.12
STD-3508,Graduate,0,8.5,Rendah,Advertising & Marketing,1st phase - general,Reguler (Siang),Laki-laki,<=20,19,Single,Tidak,Lunas,Tidak,Tidak,Tidak,Domestik,122.3,131.0,5,5,11.5,5,5,11.6,100.0,11.55,Baik (>75%),9.4,-0.8,-3.12
STD-3509,Enrolled,0,8.7,Rendah,Management,1st phase - general,Reguler (Siang),Laki-laki,<=20,18,Single,Tidak,Lunas,Ya,Ya,Tidak,Domestik,119.5,130.0,5,4,11.25,5,4,12.25,80.0,11.75,Baik (>75%),12.4,0.5,1.79
STD-3510,Graduate,0,4.9,Rendah,Communication Design,Tech. specialization holder,Reguler (Siang),Laki-laki,21-23,22,Single,Tidak,Lunas,Ya,Tidak,Tidak,Domestik,131.8,130.0,7,7,12.285714285714286,9,8,12.375,93.8,12.33,Baik (>75%),12.4,0.5,1.79
STD-3511,Dropout,1,5.9,Rendah,Nursing,2nd phase - general,Reguler (Siang),Laki-laki,<=20,18,Single,Tidak,Lunas,Ya,Ya,Tidak,Domestik,130.7,140.0,7,7,12.718571428571428,8,8,12.805555555555555,100.0,12.76,Baik (>75%),11.1,0.6,2.02
STD-3512,Enrolled,0,44.0,Sedang,Equinculture,Tech. specialization holder,Reguler (Siang),Laki-laki,<=20,20,Single,Tidak,Lunas,Tidak,Tidak,Tidak,Domestik,140.0,140.0,6,5,12.4,6,2,15.0,58.3,13.7,Sedang (50-75%),13.9,-0.3,0.79
STD-3513,Dropout,1,36.7,Sedang,Animation & Multimedia,1st phase - general,Reguler (Siang),Laki-laki,<=20,20,Single,Tidak,Lunas,Tidak,Ya,Tidak,Domestik,129.5,140.0,0,0,0.0,0,0,0.0,0.0,0.0,Kritis (<25%),10.8,1.4,1.74
STD-3514,Dropout,1,80.1,Tinggi,Advertising & Marketing,Over 23 years old,Reguler (Siang),Laki-laki,28-35,29,Divorced,Ya,Lunas,Ya,Tidak,Tidak,Domestik,130.0,133.1,6,1,14.0,6,0,0.0,8.3,7.0,Kritis (<25%),11.1,0.6,2.02
STD-3515,Dropout,1,38.1,Sedang,Advertising & Marketing,Over 23 years old,Reguler (Siang),Laki-laki,28-35,29,Single,Tidak,Lunas,Tidak,Ya,Tidak,Domestik,114.0,120.0,5,3,11.666666666666666,5,4,11.25,70.0,11.46,Sedang (50-75%),7.6,2.6,0.32
STD-3516,Enrolled,0,38.5,Sedang,Journalism & Comm,Change of course,Reguler (Siang),Laki-laki,21-23,23,Single,Tidak,Lunas,Tidak,Ya,Tidak,Domestik,121.0,121.0,6,1,13.0,6,4,11.25,41.7,12.12,Rendah (25-50%),9.4,-0.8,-3.12
STD-3517,Dropout,1,67.7,Tinggi,Animation & Multimedia,2nd phase - general,Reguler (Siang),Laki-laki,<=20,19,Single,Ya,Lunas,Tidak,Ya,Tidak,Domestik,116.4,123.0,0,0,0.0,0,0,0.0,0.0,0.0,Kritis (<25%),10.8,1.4,1.74
STD-3518,Dropout,1,28.0,Rendah,Informatics Engineering,1st phase - general,Reguler (Siang),Laki-laki,<=20,18,Single,Tidak,Lunas,Tidak,Ya,Tidak,Domestik,121.7,136.0,5,0,0.0,5,1,12.0,10.0,6.0,Kritis (<25%),7.6,2.6,0.32
STD-3519,Dropout,1,5.8,Rendah,Tourism,Transfer,Reguler (Siang),Laki-laki,21-23,22,Married,Tidak,Lunas,Tidak,Ya,Tidak,Domestik,130.0,136.0,6,4,11.5,6,2,12.5,50.0,12.0,Rendah (25-50%),7.6,2.6,0.32
STD-3520,Dropout,1,35.5,Sedang,Management (evening),Change of course,Kelas Malam,Laki-laki,28-35,34,Single,Ya,Lunas,Tidak,Ya,Tidak,Domestik,120.0,120.0,10,7,11.714285714285714,10,6,11.5,65.0,11.61,Sedang (50-75%),10.8,1.4,1.74
STD-3521,Graduate,0,10.6,Rendah,Management (evening),Change of course,Kelas Malam,Laki-laki,24-27,26,Single,Tidak,Lunas,Tidak,Tidak,Tidak,Domestik,125.0,160.0,5,5,12.6,5,5,13.714285714285714,100.0,13.16,Baik (>75%),13.9,-0.3,0.79
STD-3522,Dropout,1,49.9,Sedang,Animation & Multimedia,2nd phase - general,Reguler (Siang),Laki-laki,24-27,24,Single,Tidak,Lunas,Tidak,Ya,Tidak,Domestik,134.1,125.0,17,13,11.642857142857142,17,12,11.25,73.5,11.45,Sedang (50-75%),11.1,0.6,2.02
STD-3523,Graduate,0,6.4,Rendah,Advertising & Marketing,1st phase - general,Reguler (Siang),Laki-laki,<=20,17,Single,Tidak,Lunas,Ya,Ya,Tidak,Domestik,149.5,146.0,6,6,14.875,6,6,13.428571428571429,100.0,14.15,Baik (>75%),11.1,0.6,2.02
STD-3524,Enrolled,0,48.5,Sedang,Advertising & Marketing,Change of course,Reguler (Siang),Laki-laki,21-23,21,Single,Tidak,Lunas,Tidak,Tidak,Tidak,Domestik,113.2,117.0,5,2,10.0,5,3,10.333333333333334,50.0,10.17,Rendah (25-50%),9.4,-0.8,-3.12
STD-3525,Enrolled,0,5.6,Rendah,Management (evening),Over 23 years old,Kelas Malam,Laki-laki,28-35,34,Married,Tidak,Lunas,Tidak,Tidak,Tidak,Domestik,146.0,150.0,5,5,14.2,5,5,14.6,100.0,14.4,Baik (>75%),12.7,3.7,-1.7
STD-3526,Graduate,0,4.3,Rendah,Agronomy,Tech. specialization holder,Reguler (Siang),Laki-laki,<=20,19,Single,Tidak,Lunas,Tidak,Ya,Tidak,Domestik,140.0,140.0,6,6,12.714285714285714,6,6,13.5,100.0,13.11,Baik (>75%),12.4,0.5,1.79
STD-3527,Dropout,1,92.1,Tinggi,Agronomy,Over 23 years old,Reguler (Siang),Laki-laki,>35,49,Married,Ya,Menunggak,Tidak,Tidak,Tidak,Domestik,162.4,111.0,12,5,11.6,7,5,11.2,52.6,11.4,Sedang (50-75%),8.9,1.4,3.51
STD-3528,Dropout,1,29.4,Rendah,Nursing,Change of course,Reguler (Siang),Laki-laki,21-23,23,Single,Tidak,Lunas,Tidak,Tidak,Tidak,Domestik,136.6,120.0,7,5,11.94,7,6,12.2,78.6,12.07,Baik (>75%),13.9,-0.3,0.79
STD-3529,Dropout,1,26.3,Rendah,Informatics Engineering,3rd phase - general,Reguler (Siang),Laki-laki,<=20,18,Single,Tidak,Lunas,Tidak,Ya,Tidak,Domestik,111.0,111.0,5,4,11.6,5,3,14.2,70.0,12.9,Sedang (50-75%),12.4,0.5,1.79
STD-3530,Enrolled,0,10.2,Rendah,Nursing,1st phase - general,Reguler (Siang),Laki-laki,<=20,20,Single,Tidak,Lunas,Tidak,Tidak,Tidak,Domestik,115.7,118.0,7,5,12.7,8,7,13.475,80.0,13.09,Baik (>75%),13.9,-0.3,0.79
STD-3531,Graduate,0,5.8,Rendah,Advertising & Marketing,1st phase - general,Reguler (Siang),Laki-laki,<=20,19,Single,Tidak,Lunas,Tidak,Ya,Tidak,Domestik,105.7,106.0,6,6,13.333333333333334,6,5,13.8,91.7,13.57,Baik (>75%),8.9,1.4,3.51
STD-3532,Enrolled,0,14.4,Rendah,Agronomy,Transfer,Reguler (Siang),Laki-laki,24-27,24,Single,Tidak,Lunas,Tidak,Ya,Tidak,Domestik,128.2,120.0,9,8,13.333333333333334,10,9,13.11111111111111,89.5,13.22,Baik (>75%),16.2,0.3,-0.92
STD-3533,Graduate,0,9.0,Rendah,Management,1st phase - general,Reguler (Siang),Laki-laki,<=20,18,Single,Tidak,Lunas,Tidak,Ya,Tidak,Domestik,137.0,151.0,5,5,13.4,5,5,15.0,100.0,14.2,Baik (>75%),8.9,1.4,3.51
STD-3534,Dropout,1,97.8,Tinggi,Tourism,Over 23 years old,Reguler (Siang),Laki-laki,>35,45,Married,Ya,Menunggak,Tidak,Tidak,Tidak,Domestik,120.0,133.1,6,0,0.0,6,0,0.0,0.0,0.0,Kritis (<25%),9.4,-0.8,-3.12
STD-3535,Dropout,1,96.5,Tinggi,Management (evening),Over 23 years old,Kelas Malam,Laki-laki,28-35,30,Single,Tidak,Lunas,Tidak,Ya,Tidak,Domestik,120.5,120.0,5,2,11.0,5,0,0.0,20.0,5.5,Kritis (<25%),7.6,2.6,0.32
STD-3536,Dropout,1,29.5,Rendah,Management (evening),Change of institution/course,Kelas Malam,Laki-laki,28-35,28,Single,Tidak,Lunas,Tidak,Tidak,Tidak,Domestik,118.1,120.0,15,13,12.0,13,9,11.333333333333334,78.6,11.67,Baik (>75%),8.9,1.4,3.51
STD-3537,Dropout,1,97.2,Tinggi,Management (evening),Over 23 years old,Kelas Malam,Laki-laki,>35,40,Single,Tidak,Lunas,Tidak,Tidak,Tidak,Domestik,139.0,110.0,5,0,0.0,5,0,0.0,0.0,0.0,Kritis (<25%),12.7,3.7,-1.7
STD-3538,Dropout,1,98.4,Tinggi,Management,Over 23 years old,Reguler (Siang),Laki-laki,28-35,32,Single,Tidak,Menunggak,Tidak,Tidak,Tidak,Domestik,116.3,133.1,5,0,0.0,5,0,0.0,0.0,0.0,Kritis (<25%),10.8,1.4,1.74
STD-3539,Dropout,1,61.6,Tinggi,Tourism,2nd phase - general,Reguler (Siang),Laki-laki,<=20,19,Single,Tidak,Lunas,Tidak,Ya,Tidak,Domestik,120.5,118.0,6,4,12.5,6,4,10.25,66.7,11.38,Sedang (50-75%),7.6,2.6,0.32
STD-3540,Graduate,0,3.5,Rendah,Communication Design,1st phase - general,Reguler (Siang),Laki-laki,<=20,20,Single,Tidak,Lunas,Tidak,Ya,Tidak,Domestik,134.9,139.0,6,6,13.666666666666666,6,6,12.166666666666666,100.0,12.92,Baik (>75%),16.2,0.3,-0.92
STD-3541,Dropout,1,73.1,Tinggi,Informatics Engineering,2nd phase - general,Reguler (Siang),Laki-laki,<=20,18,Single,Tidak,Lunas,Tidak,Tidak,Tidak,Domestik,123.0,130.0,5,1,10.0,5,0,0.0,10.0,5.0,Kritis (<25%),9.4,-0.8,-3.12
STD-3542,Dropout,1,92.5,Tinggi,Advertising & Marketing,2nd phase - general,Reguler (Siang),Laki-laki,<=20,20,Single,Tidak,Menunggak,Tidak,Tidak,Tidak,Domestik,122.9,132.0,6,6,11.5,6,2,13.0,66.7,12.25,Sedang (50-75%),10.8,1.4,1.74
STD-3543,Enrolled,0,13.4,Rendah,Management (evening),Over 23 years old,Kelas Malam,Laki-laki,>35,39,Single,Tidak,Lunas,Tidak,Tidak,Tidak,Domestik,140.0,100.0,5,4,12.25,5,4,12.75,80.0,12.5,Baik (>75%),15.5,2.8,-4.06
STD-3544,Enrolled,0,33.2,Sedang,Veterinary Nursing,2nd phase - general,Reguler (Siang),Laki-laki,<=20,19,Single,Tidak,Menunggak,Tidak,Tidak,Tidak,Domestik,122.5,120.0,6,5,13.6,6,5,13.666666666666666,83.3,13.63,Baik (>75%),11.1,0.6,2.02
STD-3545,Enrolled,0,66.6,Tinggi,Management (evening),Over 23 years old,Kelas Malam,Laki-laki,>35,38,Single,Tidak,Lunas,Tidak,Tidak,Tidak,Domestik,121.5,133.1,5,2,10.5,5,3,11.333333333333334,50.0,10.92,Rendah (25-50%),7.6,2.6,0.32
STD-3546,Graduate,0,6.5,Rendah,Nursing,2nd phase - general,Reguler (Siang),Laki-laki,<=20,18,Single,Tidak,Lunas,Ya,Ya,Tidak,Domestik,132.3,156.0,7,6,13.266666666666666,7,6,13.266666666666666,85.7,13.27,Baik (>75%),7.6,2.6,0.32
STD-3547,Graduate,0,5.5,Rendah,Nursing,2nd phase - general,Reguler (Siang),Laki-laki,<=20,18,Single,Tidak,Lunas,Ya,Ya,Tidak,Domestik,131.5,143.0,7,7,12.5125,8,8,14.1875,100.0,13.35,Baik (>75%),13.9,-0.3,0.79
STD-3548,Dropout,1,96.8,Tinggi,Equinculture,Change of course,Reguler (Siang),Laki-laki,28-35,28,Married,Tidak,Lunas,Tidak,Tidak,Tidak,Domestik,128.2,133.1,5,0,0.0,5,0,0.0,0.0,0.0,Kritis (<25%),7.6,2.6,0.32
STD-3549,Dropout,1,97.4,Tinggi,Advertising & Marketing,Over 23 years old,Reguler (Siang),Laki-laki,28-35,31,Single,Tidak,Menunggak,Tidak,Ya,Tidak,Domestik,148.0,140.0,6,0,0.0,6,0,0.0,0.0,0.0,Kritis (<25%),12.7,3.7,-1.7
STD-3550,Graduate,0,3.5,Rendah,Nursing,1st phase - general,Reguler (Siang),Laki-laki,21-23,23,Single,Tidak,Lunas,Tidak,Tidak,Tidak,Domestik,121.5,127.0,7,6,13.483333333333334,7,6,13.483333333333334,85.7,13.48,Baik (>75%),7.6,2.6,0.32
STD-3551,Enrolled,0,11.5,Rendah,Nursing,1st phase - general,Reguler (Siang),Laki-laki,21-23,21,Single,Tidak,Lunas,Tidak,Ya,Tidak,Domestik,135.4,135.0,7,6,12.565,8,5,12.16,73.3,12.36,Sedang (50-75%),11.1,0.6,2.02
STD-3552,Dropout,1,96.6,Tinggi,Social Service,Over 23 years old,Reguler (Siang),Laki-laki,28-35,33,Single,Ya,Menunggak,Tidak,Tidak,Tidak,Domestik,139.0,133.1,6,0,0.0,5,0,0.0,0.0,0.0,Kritis (<25%),16.2,0.3,-0.92
STD-3553,Dropout,1,10.0,Rendah,Management,Change of course,Reguler (Siang),Laki-laki,21-23,22,Single,Tidak,Lunas,Tidak,Tidak,Tidak,Domestik,113.4,120.0,5,3,13.0,5,3,11.666666666666666,60.0,12.33,Sedang (50-75%),12.7,3.7,-1.7
STD-3554,Dropout,1,27.8,Rendah,Informatics Engineering,Tech. specialization holder,Reguler (Siang),Laki-laki,<=20,20,Single,Ya,Lunas,Tidak,Ya,Tidak,Domestik,150.0,150.0,5,5,16.5,5,5,17.714285714285715,100.0,17.11,Baik (>75%),12.4,0.5,1.79
STD-3555,Enrolled,0,18.8,Rendah,Advertising & Marketing,2nd phase - general,Reguler (Siang),Laki-laki,<=20,19,Single,Ya,Lunas,Tidak,Tidak,Tidak,Domestik,122.0,123.0,6,6,13.166666666666666,6,5,13.2,91.7,13.18,Baik (>75%),8.9,1.4,3.51
STD-3556,Graduate,0,2.7,Rendah,Veterinary Nursing,Tech. specialization holder,Reguler (Siang),Laki-laki,<=20,20,Single,Tidak,Lunas,Tidak,Ya,Tidak,Domestik,150.0,150.0,6,6,13.8,6,6,13.142857142857142,100.0,13.47,Baik (>75%),16.2,0.3,-0.92
STD-3557,Enrolled,0,8.4,Rendah,Tourism,Over 23 years old,Reguler (Siang),Laki-laki,24-27,25,Single,Tidak,Lunas,Tidak,Ya,Tidak,Domestik,119.3,133.1,6,6,11.166666666666666,6,4,11.8,83.3,11.48,Baik (>75%),9.4,-0.8,-3.12
STD-3558,Dropout,1,95.4,Tinggi,Agronomy,Over 23 years old,Reguler (Siang),Laki-laki,24-27,25,Single,Tidak,Menunggak,Tidak,Tidak,Tidak,Domestik,140.0,130.0,6,0,0.0,6,0,0.0,0.0,0.0,Kritis (<25%),13.9,-0.3,0.79
STD-3559,Enrolled,0,3.6,Rendah,Communication Design,1st phase - general,Reguler (Siang),Laki-laki,<=20,19,Single,Tidak,Lunas,Tidak,Ya,Tidak,Domestik,125.0,140.0,6,6,12.666666666666666,6,6,12.142857142857142,100.0,12.4,Baik (>75%),9.4,-0.8,-3.12
STD-3560,Graduate,0,4.4,Rendah,Advertising & Marketing,1st phase - general,Reguler (Siang),Laki-laki,<=20,20,Single,Tidak,Lunas,Tidak,Ya,Tidak,Domestik,140.7,141.0,5,5,12.6,5,4,14.5,90.0,13.55,Baik (>75%),7.6,2.6,0.32
STD-3561,Enrolled,0,93.7,Tinggi,Nursing,Over 23 years old,Reguler (Siang),Laki-laki,28-35,33,Married,Tidak,Lunas,Tidak,Tidak,Tidak,Domestik,100.0,133.1,7,5,13.06,7,0,0.0,35.7,6.53,Rendah (25-50%),16.2,0.3,-0.92
STD-3562,Graduate,0,2.5,Rendah,Journalism & Comm,2nd phase - general,Reguler (Siang),Laki-laki,<=20,19,Single,Tidak,Lunas,Tidak,Ya,Tidak,Domestik,146.7,146.0,6,6,13.833333333333334,6,6,13.625,100.0,13.73,Baik (>75%),7.6,2.6,0.32
STD-3563,Dropout,1,95.7,Tinggi,Equinculture,Over 23 years old,Reguler (Siang),Laki-laki,28-35,31,Single,Tidak,Lunas,Tidak,Tidak,Tidak,Domestik,96.0,133.1,5,0,0.0,5,0,0.0,0.0,0.0,Kritis (<25%),7.6,2.6,0.32
STD-3564,Dropout,1,90.9,Tinggi,Informatics Engineering,Tech. specialization holder,Reguler (Siang),Laki-laki,24-27,24,Single,Ya,Menunggak,Tidak,Tidak,Tidak,Domestik,160.0,160.0,6,2,16.0,7,2,16.0,30.8,16.0,Rendah (25-50%),8.9,1.4,3.51
STD-3565,Dropout,1,97.6,Tinggi,Informatics Engineering,Tech. specialization holder,Reguler (Siang),Laki-laki,21-23,23,Single,Ya,Menunggak,Tidak,Tidak,Tidak,Domestik,130.0,130.0,5,0,0.0,5,0,0.0,0.0,0.0,Kritis (<25%),15.5,2.8,-4.06
STD-3566,Dropout,1,78.9,Tinggi,Management (evening),Over 23 years old,Kelas Malam,Laki-laki,24-27,26,Married,Tidak,Menunggak,Ya,Tidak,Tidak,Domestik,130.0,160.0,5,3,10.666666666666666,5,3,10.666666666666666,60.0,10.67,Sedang (50-75%),9.4,-0.8,-3.12
STD-3567,Graduate,0,4.1,Rendah,Communication Design,Change of course,Reguler (Siang),Laki-laki,>35,38,Married,Tidak,Lunas,Tidak,Ya,Tidak,Domestik,140.0,140.0,18,18,14.5,18,18,14.5,100.0,14.5,Baik (>75%),16.2,0.3,-0.92
STD-3568,Graduate,0,5.6,Rendah,Informatics Engineering,1st phase - general,Reguler (Siang),Laki-laki,<=20,20,Single,Tidak,Lunas,Ya,Ya,Tidak,Domestik,116.6,126.0,5,5,14.0,5,5,13.8,100.0,13.9,Baik (>75%),8.9,1.4,3.51
STD-3569,Graduate,0,17.8,Rendah,Informatics Engineering,2nd phase - general,Reguler (Siang),Laki-laki,<=20,20,Single,Tidak,Lunas,Tidak,Ya,Tidak,Domestik,120.5,118.0,5,3,13.333333333333334,5,5,13.571428571428571,80.0,13.45,Baik (>75%),12.4,0.5,1.79
STD-3570,Dropout,1,95.8,Tinggi,Veterinary Nursing,Over 23 years old,Reguler (Siang),Laki-laki,24-27,25,Single,Tidak,Lunas,Tidak,Tidak,Tidak,Domestik,103.0,133.1,6,0,0.0,6,0,0.0,0.0,0.0,Kritis (<25%),10.8,1.4,1.74
STD-3571,Graduate,0,2.3,Rendah,Communication Design,2nd phase - general,Reguler (Siang),Laki-laki,<=20,19,Single,Tidak,Lunas,Tidak,Ya,Tidak,Domestik,111.9,121.0,6,5,12.0,6,4,11.2,75.0,11.6,Sedang (50-75%),8.9,1.4,3.51
STD-3572,Graduate,0,6.6,Rendah,Informatics Engineering,2nd phase - general,Reguler (Siang),Laki-laki,<=20,18,Single,Tidak,Lunas,Tidak,Tidak,Tidak,Domestik,148.7,148.0,5,5,16.2,5,5,16.0,100.0,16.1,Baik (>75%),8.9,1.4,3.51
STD-3573,Dropout,1,70.4,Tinggi,Management (evening),Change of course,Kelas Malam,Laki-laki,28-35,28,Single,Tidak,Lunas,Tidak,Tidak,Tidak,Domestik,120.0,133.1,13,7,10.285714285714286,11,5,10.6,50.0,10.44,Rendah (25-50%),10.8,1.4,1.74
STD-3574,Enrolled,0,80.9,Tinggi,Informatics Engineering,1st phase - general,Reguler (Siang),Laki-laki,<=20,18,Single,Tidak,Lunas,Tidak,Ya,Tidak,Domestik,125.7,140.0,5,0,0.0,5,0,0.0,0.0,0.0,Kritis (<25%),9.4,-0.8,-3.12
STD-3575,Graduate,0,2.7,Rendah,Tourism,1st phase - general,Reguler (Siang),Laki-laki,<=20,20,Single,Tidak,Lunas,Ya,Ya,Tidak,Domestik,120.1,132.0,6,6,13.571428571428571,6,6,13.166666666666666,100.0,13.37,Baik (>75%),8.9,1.4,3.51
STD-3576,Graduate,0,3.9,Rendah,Equinculture,1st phase - general,Reguler (Siang),Laki-laki,<=20,18,Single,Tidak,Lunas,Tidak,Tidak,Tidak,Domestik,127.8,140.0,6,6,14.285714285714286,6,6,14.857142857142858,100.0,14.57,Baik (>75%),11.1,0.6,2.02
STD-3577,Graduate,0,6.6,Rendah,Management,2nd phase - general,Reguler (Siang),Laki-laki,<=20,19,Single,Tidak,Lunas,Tidak,Ya,Tidak,Domestik,106.4,112.0,5,5,10.2,5,4,10.5,90.0,10.35,Baik (>75%),12.4,0.5,1.79
STD-3578,Dropout,1,68.0,Tinggi,Nursing,Transfer,Reguler (Siang),Laki-laki,24-27,24,Single,Ya,Lunas,Tidak,Tidak,Tidak,Domestik,100.0,100.0,8,2,10.25,8,2,10.25,25.0,10.25,Kritis (<25%),12.7,3.7,-1.7
STD-3579,Dropout,1,95.5,Tinggi,Veterinary Nursing,2nd phase - general,Reguler (Siang),Laki-laki,21-23,21,Single,Tidak,Lunas,Tidak,Ya,Tidak,Domestik,123.9,126.0,6,0,0.0,6,0,0.0,0.0,0.0,Kritis (<25%),10.8,1.4,1.74
STD-3580,Graduate,0,1.2,Rendah,Advertising & Marketing,1st phase - general,Reguler (Siang),Laki-laki,<=20,20,Single,Tidak,Lunas,Ya,Tidak,Tidak,Domestik,139.5,150.0,6,6,14.833333333333334,6,6,14.833333333333334,100.0,14.83,Baik (>75%),12.7,3.7,-1.7
STD-3581,Graduate,0,7.1,Rendah,Agronomy,Tech. specialization holder,Reguler (Siang),Laki-laki,21-23,21,Single,Tidak,Lunas,Tidak,Ya,Tidak,Domestik,150.0,150.0,6,5,13.625,6,5,12.6,83.3,13.11,Baik (>75%),13.9,-0.3,0.79
STD-3582,Graduate,0,2.2,Rendah,Oral Hygiene,1st phase - general,Reguler (Siang),Laki-laki,24-27,24,Married,Ya,Lunas,Tidak,Tidak,Tidak,Domestik,139.8,144.0,7,7,12.271428571428572,8,7,13.657142857142857,93.3,12.96,Baik (>75%),10.8,1.4,1.74
STD-3583,Dropout,1,93.8,Tinggi,Management (evening),Over 23 years old,Kelas Malam,Laki-laki,24-27,27,Single,Tidak,Lunas,Tidak,Tidak,Tidak,Domestik,154.4,133.1,5,0,0.0,5,0,0.0,0.0,0.0,Kritis (<25%),10.8,1.4,1.74
STD-3584,Enrolled,0,84.9,Tinggi,Management,2nd phase - general,Reguler (Siang),Laki-laki,<=20,19,Single,Ya,Menunggak,Tidak,Ya,Tidak,Domestik,115.5,120.0,5,4,12.5,5,5,10.5,90.0,11.5,Baik (>75%),8.9,1.4,3.51
STD-3585,Graduate,0,5.3,Rendah,Social Service (eve),Over 23 years old,Kelas Malam,Laki-laki,>35,39,Single,Tidak,Lunas,Tidak,Tidak,Tidak,Domestik,119.0,133.1,9,9,13.22222222222222,7,7,13.142857142857142,100.0,13.18,Baik (>75%),8.9,1.4,3.51
STD-3586,Dropout,1,67.3,Tinggi,Biofuel Production Tech,Over 23 years old,Reguler (Siang),Laki-laki,24-27,25,Single,Tidak,Lunas,Tidak,Tidak,Tidak,Domestik,96.1,133.1,7,2,15.0,7,2,11.5,28.6,13.25,Rendah (25-50%),12.4,0.5,1.79
STD-3587,Dropout,1,83.8,Tinggi,Animation & Multimedia,Holder of other higher course,Reguler (Siang),Laki-laki,<=20,18,Single,Tidak,Menunggak,Tidak,Tidak,Tidak,Domestik,130.0,130.0,0,0,0.0,0,0,0.0,0.0,0.0,Kritis (<25%),9.4,-0.8,-3.12
STD-3588,Graduate,0,3.9,Rendah,Communication Design,Change of course,Reguler (Siang),Laki-laki,<=20,19,Single,Tidak,Lunas,Tidak,Tidak,Tidak,Domestik,128.8,133.0,12,12,13.166666666666666,12,12,13.0,100.0,13.08,Baik (>75%),10.8,1.4,1.74
STD-3589,Graduate,0,16.9,Rendah,Journalism & Comm,3rd phase - general,Reguler (Siang),Laki-laki,21-23,21,Single,Tidak,Lunas,Ya,Tidak,Tidak,Domestik,126.8,124.0,6,5,13.833333333333334,6,4,14.0,75.0,13.92,Sedang (50-75%),13.9,-0.3,0.79
STD-3590,Dropout,1,95.8,Tinggi,Management (evening),Holder of other higher course,Kelas Malam,Laki-laki,24-27,27,Single,Tidak,Lunas,Tidak,Tidak,Tidak,Domestik,130.0,130.0,5,0,0.0,5,0,0.0,0.0,0.0,Kritis (<25%),8.9,1.4,3.51
STD-3591,Enrolled,0,77.7,Tinggi,Management,1st phase - general,Reguler (Siang),Laki-laki,<=20,19,Single,Tidak,Lunas,Tidak,Ya,Tidak,Domestik,116.7,124.0,5,0,0.0,5,0,0.0,0.0,0.0,Kritis (<25%),7.6,2.6,0.32
STD-3592,Enrolled,0,3.0,Rendah,Nursing,2nd phase - general,Reguler (Siang),Laki-laki,<=20,18,Single,Tidak,Lunas,Tidak,Ya,Tidak,Domestik,125.5,132.0,8,7,13.154285714285717,8,7,13.154285714285717,87.5,13.15,Baik (>75%),10.8,1.4,1.74
STD-3593,Dropout,1,21.1,Rendah,Advertising & Marketing,Holder of other higher course,Reguler (Siang),Laki-laki,24-27,27,Single,Tidak,Lunas,Tidak,Ya,Tidak,Domestik,110.0,110.0,12,9,12.333333333333334,11,6,13.166666666666666,65.2,12.75,Sedang (50-75%),9.4,-0.8,-3.12
STD-3594,Dropout,1,36.9,Sedang,Journalism & Comm,1st phase - general,Reguler (Siang),Laki-laki,<=20,18,Single,Ya,Lunas,Tidak,Ya,Tidak,Domestik,133.7,127.0,6,6,13.0,6,5,11.8,91.7,12.4,Baik (>75%),12.7,3.7,-1.7
STD-3595,Enrolled,0,20.0,Rendah,Equinculture,1st phase - general,Reguler (Siang),Laki-laki,<=20,19,Single,Tidak,Lunas,Tidak,Tidak,Tidak,Domestik,117.6,130.0,5,2,11.5,5,5,11.4,70.0,11.45,Sedang (50-75%),9.4,-0.8,-3.12
STD-3596,Dropout,1,65.8,Tinggi,Agronomy,Tech. specialization holder,Reguler (Siang),Laki-laki,<=20,19,Single,Tidak,Lunas,Tidak,Tidak,Tidak,Domestik,140.0,140.0,6,3,13.25,6,1,12.0,33.3,12.62,Rendah (25-50%),13.9,-0.3,0.79
STD-3597,Enrolled,0,39.3,Sedang,Agronomy,Tech. specialization holder,Reguler (Siang),Laki-laki,21-23,22,Single,Tidak,Lunas,Tidak,Tidak,Tidak,Domestik,150.0,150.0,6,3,13.333333333333334,6,3,12.75,50.0,13.04,Rendah (25-50%),15.5,2.8,-4.06
STD-3598,Graduate,0,2.2,Rendah,Social Service,1st phase - Madeira,Reguler (Siang),Perempuan,<=20,18,Single,Tidak,Lunas,Tidak,Ya,Tidak,Domestik,133.7,133.0,6,6,13.5,6,6,12.166666666666666,100.0,12.83,Baik (>75%),10.8,1.4,1.74
STD-3599,Graduate,0,41.4,Sedang,Journalism & Comm,1st phase - Madeira,Reguler (Siang),Perempuan,<=20,18,Single,Tidak,Lunas,Ya,Ya,Tidak,Domestik,137.0,109.0,6,6,12.666666666666666,6,5,12.8,91.7,12.73,Baik (>75%),10.8,1.4,1.74
STD-3600,Dropout,1,3.0,Rendah,Management,Change of course,Reguler (Siang),Perempuan,21-23,23,Single,Tidak,Lunas,Tidak,Tidak,Tidak,Domestik,128.2,133.1,11,11,15.090909090909092,6,6,14.5,100.0,14.8,Baik (>75%),9.4,-0.8,-3.12
STD-3601,Dropout,1,84.5,Tinggi,Animation & Multimedia,3rd phase - general,Reguler (Siang),Laki-laki,<=20,20,Single,Ya,Menunggak,Tidak,Ya,Tidak,Domestik,129.2,133.0,0,0,0.0,0,0,0.0,0.0,0.0,Kritis (<25%),9.4,-0.8,-3.12
STD-3602,Graduate,0,11.3,Rendah,Journalism & Comm,2nd phase - general,Reguler (Siang),Laki-laki,<=20,18,Single,Tidak,Lunas,Tidak,Ya,Tidak,Domestik,129.5,134.0,6,6,13.166666666666666,6,6,12.666666666666666,100.0,12.92,Baik (>75%),16.2,0.3,-0.92
STD-3603,Graduate,0,7.8,Rendah,Journalism & Comm,1st phase - general,Reguler (Siang),Laki-laki,<=20,18,Single,Tidak,Lunas,Tidak,Ya,Tidak,Domestik,129.6,125.0,6,6,12.833333333333334,6,6,12.833333333333334,100.0,12.83,Baik (>75%),12.4,0.5,1.79
STD-3604,Enrolled,0,18.4,Rendah,Informatics Engineering,2nd phase - general,Reguler (Siang),Laki-laki,<=20,18,Single,Tidak,Lunas,Tidak,Ya,Tidak,Domestik,121.7,135.0,5,5,11.8,5,3,12.0,80.0,11.9,Baik (>75%),8.9,1.4,3.51
STD-3605,Graduate,0,6.8,Rendah,Journalism & Comm,2nd phase - general,Reguler (Siang),Laki-laki,<=20,20,Single,Tidak,Lunas,Tidak,Ya,Tidak,Domestik,141.8,132.0,6,6,11.833333333333334,6,6,12.166666666666666,100.0,12.0,Baik (>75%),12.7,3.7,-1.7
STD-3606,Graduate,0,34.6,Sedang,Journalism & Comm,1st phase - general,Reguler (Siang),Laki-laki,<=20,20,Single,Tidak,Lunas,Tidak,Ya,Tidak,Domestik,129.8,135.0,6,5,12.8,6,3,12.75,66.7,12.78,Sedang (50-75%),15.5,2.8,-4.06
STD-3607,Dropout,1,41.6,Sedang,Communication Design,Tech. specialization holder,Reguler (Siang),Laki-laki,21-23,21,Single,Tidak,Lunas,Tidak,Tidak,Tidak,Domestik,106.0,100.0,7,5,11.8,9,5,11.0,62.5,11.4,Sedang (50-75%),12.4,0.5,1.79
STD-3608,Enrolled,0,66.8,Tinggi,Animation & Multimedia,Change of course,Reguler (Siang),Laki-laki,21-23,22,Single,Tidak,Lunas,Tidak,Tidak,Tidak,Domestik,121.6,144.0,0,0,0.0,0,0,0.0,0.0,0.0,Kritis (<25%),13.9,-0.3,0.79
STD-3609,Dropout,1,7.7,Rendah,Informatics Engineering,2nd phase - general,Reguler (Siang),Laki-laki,<=20,20,Single,Tidak,Lunas,Tidak,Ya,Tidak,Domestik,121.5,125.0,5,5,15.8,5,5,14.571428571428571,100.0,15.19,Baik (>75%),11.1,0.6,2.02
STD-3610,Enrolled,0,66.0,Tinggi,Animation & Multimedia,1st phase - general,Reguler (Siang),Laki-laki,<=20,19,Single,Ya,Lunas,Tidak,Tidak,Tidak,Domestik,117.0,133.1,0,0,0.0,0,0,0.0,0.0,0.0,Kritis (<25%),15.5,2.8,-4.06
STD-3611,Enrolled,0,39.1,Sedang,Informatics Engineering,Tech. specialization holder,Reguler (Siang),Laki-laki,<=20,19,Single,Tidak,Lunas,Tidak,Ya,Tidak,Domestik,130.0,130.0,5,2,12.5,5,3,11.6,50.0,12.05,Rendah (25-50%),12.4,0.5,1.79
STD-3612,Graduate,0,2.4,Rendah,Advertising & Marketing,2nd phase - general,Reguler (Siang),Laki-laki,<=20,20,Single,Tidak,Lunas,Tidak,Ya,Tidak,Domestik,117.7,117.0,6,6,14.666666666666666,6,6,13.857142857142858,100.0,14.26,Baik (>75%),8.9,1.4,3.51
STD-3613,Dropout,1,21.4,Rendah,Veterinary Nursing,Tech. specialization holder,Reguler (Siang),Laki-laki,<=20,19,Single,Tidak,Lunas,Tidak,Ya,Tidak,Domestik,140.0,140.0,6,4,12.5,6,2,12.0,50.0,12.25,Rendah (25-50%),12.4,0.5,1.79
STD-3614,Dropout,1,66.1,Tinggi,Informatics Engineering,1st phase - general,Reguler (Siang),Laki-laki,<=20,19,Single,Tidak,Lunas,Tidak,Ya,Tidak,Domestik,133.1,132.0,5,3,12.0,6,2,10.5,45.5,11.25,Rendah (25-50%),11.1,0.6,2.02
STD-3615,Enrolled,0,3.7,Rendah,Informatics Engineering,International student,Reguler (Siang),Laki-laki,24-27,24,Single,Ya,Lunas,Tidak,Tidak,Tidak,Internasional,100.0,133.1,8,7,13.142857142857142,6,6,11.833333333333334,92.9,12.49,Baik (>75%),8.9,1.4,3.51
STD-3616,Dropout,1,68.6,Tinggi,Advertising & Marketing,2nd phase - general,Reguler (Siang),Laki-laki,<=20,18,Single,Ya,Lunas,Tidak,Tidak,Tidak,Domestik,119.1,132.0,6,3,12.666666666666666,6,4,11.142857142857142,58.3,11.9,Sedang (50-75%),10.8,1.4,1.74
STD-3617,Enrolled,0,30.8,Sedang,Informatics Engineering,1st phase - general,Reguler (Siang),Laki-laki,<=20,18,Single,Tidak,Menunggak,Ya,Tidak,Tidak,Domestik,129.8,148.0,5,5,15.0,5,5,14.2,100.0,14.6,Baik (>75%),8.9,1.4,3.51
STD-3618,Dropout,1,8.6,Rendah,Social Service,1st phase - general,Reguler (Siang),Perempuan,<=20,18,Single,Ya,Lunas,Tidak,Ya,Tidak,Domestik,131.3,133.0,6,5,13.6,6,5,11.8,83.3,12.7,Baik (>75%),8.9,1.4,3.51
STD-3619,Graduate,0,13.5,Rendah,Journalism & Comm,2nd phase - general,Reguler (Siang),Perempuan,<=20,18,Single,Tidak,Lunas,Tidak,Ya,Tidak,Domestik,136.7,143.0,6,6,12.5,6,6,13.833333333333334,100.0,13.17,Baik (>75%),8.9,1.4,3.51
STD-3620,Graduate,0,1.4,Rendah,Social Service,2nd phase - general,Reguler (Siang),Perempuan,21-23,21,Single,Tidak,Lunas,Ya,Ya,Tidak,Domestik,126.2,143.0,6,6,13.333333333333334,6,6,13.5,100.0,13.42,Baik (>75%),12.4,0.5,1.79
STD-3621,Dropout,1,16.6,Rendah,Veterinary Nursing,International student,Reguler (Siang),Perempuan,<=20,18,Single,Tidak,Lunas,Tidak,Tidak,Tidak,Internasional,109.6,133.1,6,4,12.25,6,5,11.0,75.0,11.62,Sedang (50-75%),11.1,0.6,2.02
STD-3622,Graduate,0,8.7,Rendah,Nursing,1st phase - general,Reguler (Siang),Perempuan,<=20,18,Single,Tidak,Lunas,Ya,Ya,Tidak,Domestik,131.9,141.0,7,7,15.101428571428572,8,8,16.09375,100.0,15.6,Baik (>75%),11.1,0.6,2.02
STD-3623,Graduate,0,1.5,Rendah,Social Service,1st phase - general,Reguler (Siang),Perempuan,<=20,18,Single,Tidak,Lunas,Ya,Ya,Tidak,Domestik,140.7,140.0,6,6,13.166666666666666,6,6,16.0,100.0,14.58,Baik (>75%),10.8,1.4,1.74
STD-3624,Dropout,1,93.7,Tinggi,Social Service (eve),3rd phase - general,Kelas Malam,Perempuan,21-23,23,Single,Tidak,Lunas,Tidak,Ya,Tidak,Domestik,120.7,134.0,6,4,11.0,6,0,0.0,33.3,5.5,Rendah (25-50%),13.9,-0.3,0.79
STD-3625,Graduate,0,14.7,Rendah,Management,1st phase - general,Reguler (Siang),Perempuan,21-23,21,Single,Tidak,Lunas,Tidak,Ya,Tidak,Domestik,113.8,118.0,5,3,11.666666666666666,5,4,11.75,70.0,11.71,Sedang (50-75%),8.9,1.4,3.51
STD-3626,Enrolled,0,41.3,Sedang,Social Service,1st phase - general,Reguler (Siang),Perempuan,<=20,20,Single,Tidak,Lunas,Tidak,Tidak,Tidak,Domestik,121.0,135.0,6,1,10.0,6,1,13.0,16.7,11.5,Kritis (<25%),9.4,-0.8,-3.12
STD-3627,Dropout,1,82.9,Tinggi,Social Service (eve),2nd phase - general,Kelas Malam,Perempuan,24-27,26,Single,Tidak,Lunas,Tidak,Ya,Tidak,Domestik,112.4,119.0,7,7,11.571428571428571,6,2,11.0,69.2,11.29,Sedang (50-75%),7.6,2.6,0.32
STD-3628,Enrolled,0,9.5,Rendah,Journalism & Comm,1st phase - general,Reguler (Siang),Perempuan,<=20,18,Single,Tidak,Lunas,Ya,Ya,Tidak,Domestik,131.0,145.0,6,6,12.166666666666666,6,5,11.2,91.7,11.68,Baik (>75%),7.6,2.6,0.32
STD-3629,Dropout,1,18.0,Rendah,Animation & Multimedia,1st phase - general,Reguler (Siang),Perempuan,<=20,18,Single,Tidak,Lunas,Tidak,Ya,Tidak,Domestik,142.7,143.0,0,0,0.0,0,0,0.0,0.0,0.0,Kritis (<25%),16.2,0.3,-0.92
STD-3630,Graduate,0,7.9,Rendah,Advertising & Marketing,1st phase - general,Reguler (Siang),Perempuan,<=20,19,Single,Tidak,Menunggak,Ya,Tidak,Tidak,Domestik,125.5,123.0,6,6,13.833333333333334,6,6,14.285714285714286,100.0,14.06,Baik (>75%),8.9,1.4,3.51
STD-3631,Graduate,0,1.8,Rendah,Nursing,1st phase - general,Reguler (Siang),Perempuan,<=20,20,Single,Tidak,Lunas,Ya,Ya,Tidak,Domestik,107.8,108.0,7,6,12.357142857142858,8,7,13.0,86.7,12.68,Baik (>75%),13.9,-0.3,0.79
STD-3632,Dropout,1,95.7,Tinggi,Journalism & Comm,1st phase - general,Reguler (Siang),Perempuan,<=20,19,Single,Ya,Menunggak,Tidak,Ya,Tidak,Domestik,110.4,117.0,6,6,12.166666666666666,6,2,10.333333333333334,66.7,11.25,Sedang (50-75%),16.2,0.3,-0.92
STD-3633,Enrolled,0,27.4,Rendah,Social Service,Tech. specialization holder,Reguler (Siang),Perempuan,21-23,21,Single,Ya,Lunas,Tidak,Ya,Tidak,Domestik,136.1,140.0,6,3,12.0,6,2,12.5,41.7,12.25,Rendah (25-50%),12.4,0.5,1.79
STD-3634,Graduate,0,6.3,Rendah,Tourism,Over 23 years old,Reguler (Siang),Perempuan,28-35,33,Single,Tidak,Lunas,Tidak,Tidak,Tidak,Domestik,138.3,170.0,10,9,12.416666666666666,9,7,13.0,84.2,12.71,Baik (>75%),10.8,1.4,1.74
STD-3635,Graduate,0,3.0,Rendah,Veterinary Nursing,1st phase - general,Reguler (Siang),Perempuan,<=20,18,Single,Tidak,Lunas,Tidak,Tidak,Tidak,Domestik,142.3,157.0,5,4,12.75,5,4,12.75,80.0,12.75,Baik (>75%),7.6,2.6,0.32
STD-3636,Graduate,0,2.9,Rendah,Nursing,Transfer,Reguler (Siang),Perempuan,21-23,21,Single,Tidak,Lunas,Tidak,Tidak,Tidak,Domestik,145.0,141.0,21,18,14.933333333333334,21,18,14.933333333333334,85.7,14.93,Baik (>75%),7.6,2.6,0.32
STD-3637,Graduate,0,14.2,Rendah,Journalism & Comm,1st phase - general,Reguler (Siang),Perempuan,<=20,19,Single,Tidak,Lunas,Tidak,Ya,Tidak,Domestik,125.7,125.0,6,6,13.0,6,6,11.666666666666666,100.0,12.33,Baik (>75%),8.9,1.4,3.51
STD-3638,Enrolled,0,51.6,Sedang,Basic Education,Over 23 years old,Reguler (Siang),Perempuan,28-35,33,Divorced,Ya,Menunggak,Tidak,Tidak,Tidak,Domestik,108.0,133.1,7,7,12.857142857142858,7,6,12.666666666666666,92.9,12.76,Baik (>75%),8.9,1.4,3.51
STD-3639,Graduate,0,3.9,Rendah,Nursing,1st phase - general,Reguler (Siang),Perempuan,<=20,18,Married,Tidak,Lunas,Tidak,Ya,Tidak,Domestik,128.7,143.0,7,7,14.455000000000002,8,8,13.91,100.0,14.18,Baik (>75%),15.5,2.8,-4.06
STD-3640,Graduate,0,4.2,Rendah,Advertising & Marketing,1st phase - general,Reguler (Siang),Perempuan,<=20,18,Single,Tidak,Lunas,Ya,Tidak,Tidak,Domestik,128.0,142.0,6,6,14.0,6,6,13.285714285714286,100.0,13.64,Baik (>75%),11.1,0.6,2.02
STD-3641,Graduate,0,6.3,Rendah,Journalism & Comm,1st phase - general,Reguler (Siang),Perempuan,<=20,20,Single,Tidak,Lunas,Ya,Ya,Tidak,Domestik,146.5,150.0,6,6,13.5,6,6,12.666666666666666,100.0,13.08,Baik (>75%),11.1,0.6,2.02
STD-3642,Dropout,1,95.2,Tinggi,Tourism,1st phase - general,Reguler (Siang),Perempuan,<=20,20,Single,Tidak,Menunggak,Tidak,Ya,Tidak,Domestik,106.1,112.0,6,0,0.0,6,0,0.0,0.0,0.0,Kritis (<25%),11.1,0.6,2.02
STD-3643,Graduate,0,3.4,Rendah,Social Service (eve),2nd phase - general,Kelas Malam,Perempuan,<=20,20,Single,Tidak,Lunas,Ya,Tidak,Tidak,Domestik,118.0,133.1,6,6,11.666666666666666,6,5,14.0,91.7,12.83,Baik (>75%),10.8,1.4,1.74
STD-3644,Graduate,0,3.7,Rendah,Veterinary Nursing,2nd phase - general,Reguler (Siang),Perempuan,<=20,19,Single,Tidak,Lunas,Ya,Ya,Tidak,Domestik,117.0,125.0,5,4,12.0,5,5,13.333333333333334,90.0,12.67,Baik (>75%),10.8,1.4,1.74
STD-3645,Graduate,0,1.7,Rendah,Social Service,1st phase - general,Reguler (Siang),Perempuan,<=20,19,Single,Tidak,Lunas,Ya,Ya,Tidak,Domestik,115.4,121.0,6,6,11.714285714285714,6,6,11.833333333333334,100.0,11.77,Baik (>75%),13.9,-0.3,0.79
STD-3646,Graduate,0,1.7,Rendah,Social Service,2nd phase - general,Reguler (Siang),Perempuan,21-23,21,Single,Tidak,Lunas,Tidak,Ya,Tidak,Domestik,117.0,133.1,6,6,12.666666666666666,6,6,12.428571428571429,100.0,12.55,Baik (>75%),11.1,0.6,2.02
STD-3647,Enrolled,0,49.7,Sedang,Veterinary Nursing,Over 23 years old,Reguler (Siang),Perempuan,24-27,26,Single,Tidak,Lunas,Tidak,Ya,Tidak,Domestik,144.9,133.1,6,3,11.75,6,4,12.8,58.3,12.28,Sedang (50-75%),12.4,0.5,1.79
STD-3648,Dropout,1,95.7,Tinggi,Social Service,2nd phase - general,Reguler (Siang),Perempuan,21-23,21,Single,Tidak,Lunas,Tidak,Tidak,Tidak,Domestik,127.0,135.0,6,0,0.0,6,0,0.0,0.0,0.0,Kritis (<25%),16.2,0.3,-0.92
STD-3649,Graduate,0,1.8,Rendah,Nursing,1st phase - general,Reguler (Siang),Perempuan,<=20,18,Single,Tidak,Lunas,Tidak,Ya,Tidak,Domestik,118.0,132.0,8,7,12.328571428571427,8,7,12.328571428571427,87.5,12.33,Baik (>75%),12.7,3.7,-1.7
STD-3650,Dropout,1,88.7,Tinggi,Basic Education,Over 23 years old,Reguler (Siang),Perempuan,24-27,27,Facto Union,Tidak,Lunas,Tidak,Tidak,Tidak,Domestik,118.0,133.1,7,6,11.666666666666666,7,1,10.0,50.0,10.83,Rendah (25-50%),12.4,0.5,1.79
STD-3651,Graduate,0,3.1,Rendah,Communication Design,Change of course,Reguler (Siang),Perempuan,<=20,20,Single,Tidak,Lunas,Ya,Ya,Tidak,Domestik,126.4,135.0,12,12,13.25,12,11,12.727272727272728,95.8,12.99,Baik (>75%),15.5,2.8,-4.06
STD-3652,Enrolled,0,7.5,Rendah,Advertising & Marketing,Change of course,Reguler (Siang),Perempuan,21-23,21,Single,Tidak,Lunas,Tidak,Tidak,Tidak,Domestik,110.0,110.0,6,5,11.833333333333334,6,4,13.25,75.0,12.54,Sedang (50-75%),16.2,0.3,-0.92
STD-3653,Graduate,0,2.2,Rendah,Oral Hygiene,2nd phase - general,Reguler (Siang),Perempuan,<=20,18,Single,Tidak,Lunas,Ya,Ya,Tidak,Domestik,124.4,133.0,7,7,13.3,8,8,15.125,100.0,14.21,Baik (>75%),15.5,2.8,-4.06
STD-3654,Enrolled,0,3.8,Rendah,Veterinary Nursing,Tech. specialization holder,Reguler (Siang),Perempuan,<=20,20,Single,Tidak,Lunas,Tidak,Ya,Tidak,Domestik,140.0,140.0,6,6,12.555555555555555,6,5,11.8,91.7,12.18,Baik (>75%),16.2,0.3,-0.92
STD-3655,Graduate,0,13.2,Rendah,Journalism & Comm,1st phase - general,Reguler (Siang),Perempuan,<=20,18,Single,Tidak,Lunas,Tidak,Ya,Tidak,Domestik,129.4,135.0,6,6,12.833333333333334,6,6,12.166666666666666,100.0,12.5,Baik (>75%),11.1,0.6,2.02
STD-3656,Graduate,0,2.2,Rendah,Social Service,Tech. specialization holder,Reguler (Siang),Perempuan,<=20,20,Single,Tidak,Lunas,Ya,Tidak,Tidak,Domestik,141.7,140.0,6,6,12.833333333333334,6,6,12.833333333333334,100.0,12.83,Baik (>75%),13.9,-0.3,0.79
STD-3657,Graduate,0,7.7,Rendah,Veterinary Nursing,1st phase - general,Reguler (Siang),Perempuan,<=20,19,Single,Tidak,Lunas,Ya,Ya,Tidak,Domestik,132.1,144.0,5,3,12.666666666666666,5,3,13.0,60.0,12.83,Sedang (50-75%),12.7,3.7,-1.7
STD-3658,Graduate,0,3.6,Rendah,Nursing,1st phase - general,Reguler (Siang),Perempuan,<=20,20,Single,Tidak,Lunas,Tidak,Ya,Tidak,Domestik,116.8,122.0,7,6,13.271428571428572,8,7,14.471428571428572,86.7,13.87,Baik (>75%),13.9,-0.3,0.79
STD-3659,Graduate,0,2.9,Rendah,Management (evening),1st phase - general,Kelas Malam,Perempuan,<=20,20,Single,Tidak,Lunas,Ya,Tidak,Tidak,Domestik,135.0,143.0,5,5,12.4,5,5,12.833333333333334,100.0,12.62,Baik (>75%),10.8,1.4,1.74
STD-3660,Enrolled,0,4.3,Rendah,Veterinary Nursing,Tech. specialization holder,Reguler (Siang),Perempuan,<=20,20,Single,Tidak,Lunas,Tidak,Tidak,Tidak,Domestik,150.0,150.0,5,2,14.5,5,4,11.25,60.0,12.88,Sedang (50-75%),12.7,3.7,-1.7
STD-3661,Dropout,1,93.8,Tinggi,Social Service,1st phase - general,Reguler (Siang),Perempuan,<=20,19,Single,Ya,Lunas,Tidak,Ya,Tidak,Domestik,116.0,124.0,6,0,0.0,5,0,0.0,0.0,0.0,Kritis (<25%),13.9,-0.3,0.79
STD-3662,Graduate,0,1.0,Rendah,Journalism & Comm,1st phase - general,Reguler (Siang),Perempuan,<=20,18,Single,Tidak,Lunas,Tidak,Tidak,Tidak,Domestik,155.0,156.0,6,6,14.285714285714286,6,6,13.25,100.0,13.77,Baik (>75%),8.9,1.4,3.51
STD-3663,Graduate,0,3.2,Rendah,Veterinary Nursing,1st phase - general,Reguler (Siang),Perempuan,<=20,18,Single,Tidak,Lunas,Tidak,Ya,Tidak,Domestik,127.0,142.0,5,3,12.333333333333334,5,5,12.6,80.0,12.47,Baik (>75%),10.8,1.4,1.74
STD-3664,Graduate,0,2.4,Rendah,Nursing,2nd phase - general,Reguler (Siang),Perempuan,<=20,19,Single,Tidak,Lunas,Ya,Ya,Tidak,Domestik,130.8,142.0,7,6,12.583333333333334,8,7,12.671428571428573,86.7,12.63,Baik (>75%),13.9,-0.3,0.79
STD-3665,Dropout,1,8.8,Rendah,Nursing,1st phase - general,Reguler (Siang),Perempuan,<=20,19,Single,Tidak,Lunas,Tidak,Ya,Tidak,Domestik,121.8,126.0,7,6,13.731666666666667,8,7,13.771428571428572,86.7,13.75,Baik (>75%),12.4,0.5,1.79
STD-3666,Enrolled,0,22.9,Rendah,Agronomy,Over 23 years old,Reguler (Siang),Laki-laki,>35,43,Single,Tidak,Lunas,Tidak,Tidak,Tidak,Domestik,140.0,133.1,6,6,12.875,6,5,12.142857142857142,91.7,12.51,Baik (>75%),16.2,0.3,-0.92
STD-3667,Dropout,1,48.2,Sedang,Communication Design,Transfer,Reguler (Siang),Laki-laki,>35,47,Married,Tidak,Lunas,Tidak,Tidak,Tidak,Domestik,148.5,170.0,10,8,14.625,7,5,13.4,76.5,14.01,Baik (>75%),9.4,-0.8,-3.12
STD-3668,Dropout,1,97.9,Tinggi,Management,Transfer,Reguler (Siang),Laki-laki,21-23,23,Single,Tidak,Menunggak,Tidak,Ya,Tidak,Domestik,109.8,130.0,3,0,0.0,2,0,0.0,0.0,0.0,Kritis (<25%),7.6,2.6,0.32
STD-3669,Graduate,0,2.5,Rendah,Social Service,1st phase - general,Reguler (Siang),Perempuan,<=20,19,Single,Ya,Lunas,Ya,Ya,Tidak,Internasional,119.7,133.0,6,6,12.666666666666666,6,6,12.666666666666666,100.0,12.67,Baik (>75%),8.9,1.4,3.51
STD-3670,Graduate,0,6.8,Rendah,Nursing,Transfer,Reguler (Siang),Perempuan,<=20,20,Single,Tidak,Lunas,Tidak,Ya,Tidak,Domestik,122.0,122.0,8,6,12.491666666666667,8,6,12.491666666666667,75.0,12.49,Sedang (50-75%),12.7,3.7,-1.7
STD-3671,Graduate,0,2.6,Rendah,Animation & Multimedia,1st phase - general,Reguler (Siang),Perempuan,<=20,19,Single,Tidak,Lunas,Ya,Ya,Tidak,Domestik,147.5,138.0,12,12,13.666666666666666,11,11,14.166666666666666,100.0,13.92,Baik (>75%),8.9,1.4,3.51
STD-3672,Graduate,0,4.8,Rendah,Veterinary Nursing,2nd phase - general,Reguler (Siang),Perempuan,<=20,19,Single,Tidak,Lunas,Tidak,Ya,Tidak,Internasional,150.8,163.0,6,6,16.0,6,6,14.5,100.0,15.25,Baik (>75%),15.5,2.8,-4.06
STD-3673,Graduate,0,4.9,Rendah,Veterinary Nursing,Tech. specialization holder,Reguler (Siang),Perempuan,<=20,19,Single,Tidak,Lunas,Tidak,Ya,Tidak,Domestik,150.0,150.0,6,6,14.142857142857142,6,6,13.0,100.0,13.57,Baik (>75%),13.9,-0.3,0.79
STD-3674,Graduate,0,7.9,Rendah,Social Service (eve),Over 23 years old,Kelas Malam,Perempuan,>35,39,Single,Ya,Lunas,Ya,Tidak,Tidak,Domestik,131.5,133.1,6,6,11.833333333333334,6,4,13.75,83.3,12.79,Baik (>75%),11.1,0.6,2.02
STD-3675,Graduate,0,3.1,Rendah,Communication Design,1st phase - general,Reguler (Siang),Perempuan,<=20,20,Single,Tidak,Lunas,Ya,Ya,Tidak,Domestik,127.2,144.0,6,6,12.666666666666666,6,6,13.0,100.0,12.83,Baik (>75%),10.8,1.4,1.74
STD-3676,Graduate,0,1.7,Rendah,Communication Design,2nd phase - general,Reguler (Siang),Perempuan,21-23,21,Single,Tidak,Lunas,Tidak,Ya,Tidak,Domestik,111.0,118.0,6,6,12.5,6,6,12.666666666666666,100.0,12.58,Baik (>75%),7.6,2.6,0.32
STD-3677,Graduate,0,86.0,Tinggi,Social Service,Change of course,Reguler (Siang),Perempuan,21-23,22,Single,Ya,Menunggak,Tidak,Ya,Tidak,Internasional,119.9,101.0,11,9,10.88888888888889,10,4,11.25,61.9,11.07,Sedang (50-75%),9.4,-0.8,-3.12
STD-3678,Dropout,1,73.3,Tinggi,Journalism & Comm,1st phase - general,Reguler (Siang),Perempuan,<=20,19,Single,Tidak,Lunas,Tidak,Ya,Tidak,Domestik,133.7,133.0,6,1,13.0,5,0,0.0,9.1,6.5,Kritis (<25%),7.6,2.6,0.32
STD-3679,Graduate,0,2.3,Rendah,Advertising & Marketing,2nd phase - general,Reguler (Siang),Perempuan,21-23,22,Single,Tidak,Lunas,Tidak,Ya,Tidak,Domestik,140.0,133.1,6,6,15.166666666666666,6,6,16.0,100.0,15.58,Baik (>75%),13.9,-0.3,0.79
STD-3680,Graduate,0,4.2,Rendah,Basic Education,1st phase - Azores,Reguler (Siang),Perempuan,<=20,19,Single,Tidak,Lunas,Ya,Ya,Tidak,Domestik,113.9,124.0,6,6,12.666666666666666,6,6,12.0,100.0,12.33,Baik (>75%),12.7,3.7,-1.7
STD-3681,Dropout,1,29.3,Rendah,Animation & Multimedia,1st phase - general,Reguler (Siang),Laki-laki,<=20,18,Single,Ya,Lunas,Tidak,Ya,Tidak,Domestik,120.7,127.0,0,0,0.0,0,0,0.0,0.0,0.0,Kritis (<25%),7.6,2.6,0.32
STD-3682,Enrolled,0,21.0,Rendah,Management,Over 23 years old,Reguler (Siang),Laki-laki,24-27,26,Facto Union,Tidak,Lunas,Tidak,Tidak,Tidak,Domestik,119.8,133.1,5,5,12.0,5,5,10.2,100.0,11.1,Baik (>75%),11.1,0.6,2.02
STD-3683,Dropout,1,97.2,Tinggi,Management (evening),Over 23 years old,Kelas Malam,Laki-laki,>35,36,Single,Tidak,Menunggak,Tidak,Tidak,Tidak,Domestik,121.8,110.0,5,0,0.0,5,0,0.0,0.0,0.0,Kritis (<25%),12.7,3.7,-1.7
STD-3684,Graduate,0,44.2,Sedang,Animation & Multimedia,3rd phase - general,Reguler (Siang),Laki-laki,<=20,20,Single,Ya,Lunas,Ya,Ya,Tidak,Domestik,117.7,110.0,0,0,0.0,0,0,0.0,0.0,0.0,Kritis (<25%),12.4,0.5,1.79
STD-3685,Dropout,1,22.5,Rendah,Management,Over 23 years old,Reguler (Siang),Laki-laki,28-35,30,Married,Tidak,Lunas,Tidak,Tidak,Tidak,Domestik,110.0,160.0,5,2,11.0,5,4,11.5,60.0,11.25,Sedang (50-75%),15.5,2.8,-4.06
STD-3686,Dropout,1,9.5,Rendah,Agronomy,Change of course,Reguler (Siang),Laki-laki,24-27,24,Single,Tidak,Lunas,Tidak,Tidak,Tidak,Domestik,134.4,120.0,6,6,15.714285714285714,6,6,15.9,100.0,15.81,Baik (>75%),15.5,2.8,-4.06
STD-3687,Dropout,1,38.1,Sedang,Management,1st phase - general,Reguler (Siang),Laki-laki,24-27,26,Single,Tidak,Lunas,Tidak,Tidak,Tidak,Domestik,125.3,133.1,15,11,10.818181818181818,14,11,11.636363636363637,75.9,11.23,Baik (>75%),7.6,2.6,0.32
STD-3688,Dropout,1,94.8,Tinggi,Management,1st phase - general,Reguler (Siang),Laki-laki,<=20,19,Single,Tidak,Menunggak,Tidak,Tidak,Tidak,Domestik,119.1,132.0,5,1,12.0,5,0,0.0,10.0,6.0,Kritis (<25%),13.9,-0.3,0.79
STD-3689,Graduate,0,24.4,Rendah,Social Service,Over 23 years old,Reguler (Siang),Laki-laki,28-35,34,Facto Union,Tidak,Lunas,Tidak,Tidak,Tidak,Domestik,146.0,130.0,6,5,12.6,6,4,11.25,75.0,11.92,Sedang (50-75%),12.4,0.5,1.79
STD-3690,Enrolled,0,43.5,Sedang,Equinculture,Change of course,Reguler (Siang),Laki-laki,28-35,33,Single,Tidak,Lunas,Tidak,Ya,Tidak,Domestik,130.0,130.0,5,1,13.0,5,3,14.0,40.0,13.5,Rendah (25-50%),9.4,-0.8,-3.12
STD-3691,Graduate,0,34.3,Sedang,Management,2nd phase - general,Reguler (Siang),Laki-laki,<=20,19,Single,Tidak,Lunas,Tidak,Ya,Tidak,Domestik,122.0,129.0,5,5,11.6,5,4,10.75,90.0,11.18,Baik (>75%),9.4,-0.8,-3.12
STD-3692,Dropout,1,92.3,Tinggi,Informatics Engineering,2nd phase - general,Reguler (Siang),Laki-laki,24-27,26,Single,Ya,Menunggak,Tidak,Ya,Tidak,Domestik,118.1,130.0,5,1,10.0,5,1,11.0,20.0,10.5,Kritis (<25%),8.9,1.4,3.51
STD-3693,Dropout,1,95.4,Tinggi,Advertising & Marketing,Over 23 years old,Reguler (Siang),Laki-laki,28-35,29,Single,Tidak,Lunas,Tidak,Tidak,Tidak,Domestik,105.2,140.0,6,1,14.0,6,0,0.0,8.3,7.0,Kritis (<25%),16.2,0.3,-0.92
STD-3694,Dropout,1,31.6,Sedang,Informatics Engineering,2nd phase - general,Reguler (Siang),Laki-laki,<=20,19,Single,Tidak,Lunas,Ya,Ya,Tidak,Domestik,123.3,131.0,5,5,12.6,5,2,12.5,70.0,12.55,Sedang (50-75%),8.9,1.4,3.51
STD-3695,Dropout,1,28.0,Rendah,Animation & Multimedia,2nd phase - general,Reguler (Siang),Laki-laki,<=20,18,Single,Tidak,Lunas,Tidak,Ya,Tidak,Domestik,124.8,129.0,0,0,0.0,0,0,0.0,0.0,0.0,Kritis (<25%),12.7,3.7,-1.7
STD-3696,Dropout,1,96.5,Tinggi,Management (evening),Over 23 years old,Kelas Malam,Laki-laki,28-35,29,Single,Tidak,Menunggak,Tidak,Tidak,Tidak,Domestik,149.4,133.1,5,2,11.333333333333334,5,1,12.0,30.0,11.67,Rendah (25-50%),11.1,0.6,2.02
STD-3697,Graduate,0,4.7,Rendah,Tourism,Change of course,Reguler (Siang),Laki-laki,21-23,21,Single,Tidak,Lunas,Tidak,Tidak,Tidak,Domestik,108.5,112.0,6,6,12.666666666666666,6,5,11.4,91.7,12.03,Baik (>75%),9.4,-0.8,-3.12
STD-3698,Enrolled,0,28.1,Rendah,Tourism,2nd phase - general,Reguler (Siang),Laki-laki,<=20,19,Single,Tidak,Lunas,Tidak,Tidak,Tidak,Domestik,125.0,119.0,6,5,10.8,6,2,10.5,58.3,10.65,Sedang (50-75%),10.8,1.4,1.74
STD-3699,Graduate,0,29.2,Rendah,Nursing,1st phase - general,Reguler (Siang),Laki-laki,<=20,20,Single,Tidak,Lunas,Tidak,Tidak,Tidak,Domestik,101.0,133.1,7,5,12.87857142857143,8,7,11.85625,80.0,12.37,Baik (>75%),15.5,2.8,-4.06
STD-3700,Dropout,1,77.3,Tinggi,Veterinary Nursing,1st phase - general,Reguler (Siang),Laki-laki,<=20,18,Single,Tidak,Lunas,Tidak,Tidak,Tidak,Domestik,112.9,123.0,5,0,0.0,5,0,0.0,0.0,0.0,Kritis (<25%),7.6,2.6,0.32
STD-3701,Enrolled,0,4.5,Rendah,Communication Design,2nd phase - general,Reguler (Siang),Laki-laki,<=20,18,Single,Tidak,Lunas,Tidak,Ya,Tidak,Domestik,120.2,131.0,6,6,12.833333333333334,6,5,11.4,91.7,12.12,Baik (>75%),15.5,2.8,-4.06
STD-3702,Enrolled,0,36.2,Sedang,Management,1st phase - general,Reguler (Siang),Laki-laki,21-23,21,Single,Ya,Lunas,Ya,Tidak,Tidak,Domestik,111.6,120.0,5,5,12.6,5,3,12.833333333333334,80.0,12.72,Baik (>75%),10.8,1.4,1.74
STD-3703,Dropout,1,89.0,Tinggi,Management,1st phase - general,Reguler (Siang),Laki-laki,<=20,20,Single,Tidak,Lunas,Tidak,Ya,Tidak,Domestik,134.1,125.0,5,0,0.0,5,0,0.0,0.0,0.0,Kritis (<25%),8.9,1.4,3.51
STD-3704,Dropout,1,92.0,Tinggi,Informatics Engineering,Over 23 years old,Reguler (Siang),Laki-laki,28-35,30,Single,Tidak,Lunas,Ya,Tidak,Tidak,Domestik,101.6,133.1,5,0,0.0,5,0,0.0,0.0,0.0,Kritis (<25%),12.7,3.7,-1.7
STD-3705,Graduate,0,2.9,Rendah,Advertising & Marketing,3rd phase - general,Reguler (Siang),Laki-laki,<=20,19,Single,Tidak,Lunas,Tidak,Ya,Tidak,Domestik,111.9,121.0,6,6,14.166666666666666,6,6,14.0,100.0,14.08,Baik (>75%),13.9,-0.3,0.79
STD-3706,Dropout,1,4.1,Rendah,Management,Change of institution/course,Reguler (Siang),Laki-laki,28-35,30,Single,Tidak,Lunas,Tidak,Ya,Tidak,Domestik,118.4,148.0,5,5,13.4,5,4,13.25,90.0,13.32,Baik (>75%),8.9,1.4,3.51
STD-3707,Graduate,0,19.0,Rendah,Management,1st phase - general,Reguler (Siang),Laki-laki,21-23,22,Single,Tidak,Lunas,Ya,Ya,Tidak,Domestik,127.1,139.0,5,5,11.2,5,4,11.25,90.0,11.22,Baik (>75%),12.7,3.7,-1.7
STD-3708,Graduate,0,63.8,Tinggi,Animation & Multimedia,2nd phase - general,Reguler (Siang),Laki-laki,21-23,22,Single,Tidak,Lunas,Tidak,Ya,Tidak,Domestik,120.5,125.0,0,0,0.0,0,0,0.0,0.0,0.0,Kritis (<25%),12.4,0.5,1.79
STD-3709,Dropout,1,50.7,Sedang,Communication Design,2nd phase - general,Reguler (Siang),Laki-laki,<=20,19,Single,Ya,Menunggak,Tidak,Ya,Tidak,Domestik,136.1,128.0,6,6,12.666666666666666,6,5,11.8,91.7,12.23,Baik (>75%),11.1,0.6,2.02
STD-3710,Dropout,1,15.7,Rendah,Advertising & Marketing,2nd phase - general,Reguler (Siang),Laki-laki,21-23,21,Single,Tidak,Lunas,Tidak,Ya,Tidak,Domestik,124.0,132.0,5,3,12.333333333333334,5,4,11.25,70.0,11.79,Sedang (50-75%),7.6,2.6,0.32
STD-3711,Graduate,0,2.7,Rendah,Veterinary Nursing,2nd phase - general,Reguler (Siang),Laki-laki,21-23,21,Single,Tidak,Lunas,Tidak,Tidak,Tidak,Domestik,141.6,137.0,5,4,12.25,5,5,12.0,90.0,12.12,Baik (>75%),7.6,2.6,0.32
STD-3712,Dropout,1,27.3,Rendah,Animation & Multimedia,Tech. specialization holder,Reguler (Siang),Laki-laki,21-23,21,Single,Ya,Lunas,Ya,Ya,Tidak,Domestik,160.0,160.0,0,0,0.0,0,0,0.0,0.0,0.0,Kritis (<25%),15.5,2.8,-4.06
STD-3713,Dropout,1,69.8,Tinggi,Management,Over 23 years old,Reguler (Siang),Laki-laki,24-27,27,Single,Tidak,Lunas,Tidak,Tidak,Tidak,Domestik,110.0,120.0,5,3,10.75,5,3,10.333333333333334,60.0,10.54,Sedang (50-75%),15.5,2.8,-4.06
STD-3714,Dropout,1,95.2,Tinggi,Biofuel Production Tech,Change of course,Reguler (Siang),Laki-laki,28-35,32,Single,Tidak,Lunas,Tidak,Ya,Tidak,Domestik,100.0,134.0,7,0,0.0,7,0,0.0,0.0,0.0,Kritis (<25%),13.9,-0.3,0.79
STD-3715,Dropout,1,97.0,Tinggi,Advertising & Marketing,Over 23 years old,Reguler (Siang),Laki-laki,>35,40,Single,Ya,Menunggak,Tidak,Tidak,Tidak,Domestik,120.0,133.1,6,0,0.0,6,0,0.0,0.0,0.0,Kritis (<25%),15.5,2.8,-4.06
STD-3716,Enrolled,0,25.9,Rendah,Management,1st phase - general,Reguler (Siang),Laki-laki,<=20,20,Single,Tidak,Lunas,Tidak,Ya,Tidak,Domestik,124.8,116.0,5,2,14.333333333333334,5,2,12.5,40.0,13.42,Rendah (25-50%),7.6,2.6,0.32
STD-3717,Dropout,1,20.7,Rendah,Equinculture,Tech. specialization holder,Reguler (Siang),Laki-laki,<=20,20,Single,Tidak,Lunas,Tidak,Ya,Tidak,Domestik,140.0,140.0,5,2,11.5,5,2,11.5,40.0,11.5,Rendah (25-50%),12.7,3.7,-1.7
STD-3718,Graduate,0,39.1,Sedang,Animation & Multimedia,1st phase - general,Reguler (Siang),Laki-laki,<=20,18,Single,Tidak,Lunas,Tidak,Ya,Tidak,Domestik,124.3,140.0,0,0,0.0,0,0,0.0,0.0,0.0,Kritis (<25%),7.6,2.6,0.32
STD-3719,Dropout,1,83.7,Tinggi,Management,Change of course,Reguler (Siang),Laki-laki,21-23,21,Single,Tidak,Lunas,Tidak,Tidak,Tidak,Domestik,118.9,122.0,5,2,10.5,5,0,0.0,20.0,5.25,Kritis (<25%),12.7,3.7,-1.7
STD-3720,Dropout,1,92.9,Tinggi,Advertising & Marketing,2nd phase - general,Reguler (Siang),Laki-laki,<=20,18,Single,Tidak,Lunas,Tidak,Tidak,Tidak,Domestik,130.2,141.0,6,6,13.5,6,0,0.0,50.0,6.75,Rendah (25-50%),12.7,3.7,-1.7
STD-3721,Enrolled,0,42.7,Sedang,Agronomy,Tech. specialization holder,Reguler (Siang),Laki-laki,<=20,19,Single,Tidak,Lunas,Tidak,Tidak,Tidak,Domestik,120.0,120.0,6,1,11.0,6,0,0.0,8.3,5.5,Kritis (<25%),16.2,0.3,-0.92
STD-3722,Dropout,1,96.2,Tinggi,Communication Design,Holder of other higher course,Reguler (Siang),Laki-laki,28-35,30,Facto Union,Tidak,Menunggak,Tidak,Tidak,Tidak,Domestik,140.0,140.0,6,1,10.0,6,0,0.0,8.3,5.0,Kritis (<25%),15.5,2.8,-4.06
STD-3723,Dropout,1,96.9,Tinggi,Agronomy,Over 23 years old,Reguler (Siang),Laki-laki,28-35,29,Single,Tidak,Lunas,Tidak,Tidak,Tidak,Domestik,130.0,133.1,6,0,0.0,6,0,0.0,0.0,0.0,Kritis (<25%),15.5,2.8,-4.06
STD-3724,Dropout,1,17.9,Rendah,Informatics Engineering,2nd phase - general,Reguler (Siang),Laki-laki,<=20,18,Single,Ya,Lunas,Tidak,Ya,Tidak,Domestik,130.4,137.0,5,1,12.0,5,3,10.666666666666666,40.0,11.33,Rendah (25-50%),7.6,2.6,0.32
STD-3725,Dropout,1,3.3,Rendah,Advertising & Marketing,1st phase - general,Reguler (Siang),Laki-laki,<=20,18,Single,Tidak,Lunas,Ya,Ya,Tidak,Domestik,116.1,122.0,5,4,12.25,5,5,12.2,90.0,12.22,Baik (>75%),9.4,-0.8,-3.12
STD-3726,Dropout,1,38.0,Sedang,Agronomy,Tech. specialization holder,Reguler (Siang),Laki-laki,21-23,22,Single,Tidak,Lunas,Tidak,Tidak,Tidak,Domestik,130.0,130.0,10,5,11.4,7,6,11.666666666666666,64.7,11.53,Sedang (50-75%),15.5,2.8,-4.06
STD-3727,Dropout,1,97.6,Tinggi,Management (evening),Change of course,Kelas Malam,Laki-laki,24-27,27,Single,Tidak,Menunggak,Tidak,Ya,Tidak,Domestik,124.3,140.0,5,0,0.0,5,0,0.0,0.0,0.0,Kritis (<25%),12.7,3.7,-1.7
STD-3728,Graduate,0,16.5,Rendah,Advertising & Marketing,2nd phase - general,Reguler (Siang),Laki-laki,<=20,20,Single,Tidak,Lunas,Tidak,Ya,Tidak,Domestik,125.0,125.0,6,4,14.25,6,5,14.0,75.0,14.12,Sedang (50-75%),10.8,1.4,1.74
STD-3729,Graduate,0,4.3,Rendah,Social Service (eve),Change of institution/course,Kelas Malam,Laki-laki,>35,42,Single,Tidak,Lunas,Tidak,Tidak,Tidak,Domestik,110.0,110.0,12,11,14.454545454545457,11,10,14.2,91.3,14.33,Baik (>75%),11.1,0.6,2.02
STD-3730,Graduate,0,3.4,Rendah,Agronomy,1st phase - general,Reguler (Siang),Laki-laki,21-23,21,Single,Ya,Lunas,Tidak,Tidak,Tidak,Domestik,115.0,133.1,12,12,14.538461538461538,12,12,14.461538461538462,100.0,14.5,Baik (>75%),15.5,2.8,-4.06
STD-3731,Graduate,0,7.2,Rendah,Nursing,Change of course,Reguler (Siang),Laki-laki,21-23,23,Single,Tidak,Lunas,Tidak,Tidak,Ya,Domestik,129.6,132.0,7,6,12.733333333333334,8,7,11.95,86.7,12.34,Baik (>75%),16.2,0.3,-0.92
STD-3732,Dropout,1,78.0,Tinggi,Communication Design,Change of institution/course,Reguler (Siang),Laki-laki,21-23,21,Single,Tidak,Lunas,Tidak,Ya,Tidak,Domestik,128.8,122.0,12,5,13.2,12,4,13.5,37.5,13.35,Rendah (25-50%),8.9,1.4,3.51
STD-3733,Graduate,0,16.6,Rendah,Animation & Multimedia,1st phase - general,Reguler (Siang),Laki-laki,<=20,19,Single,Tidak,Lunas,Tidak,Ya,Tidak,Domestik,144.2,155.0,0,0,0.0,0,0,0.0,0.0,0.0,Kritis (<25%),12.7,3.7,-1.7
STD-3734,Dropout,1,14.7,Rendah,Social Service,Over 23 years old,Reguler (Siang),Laki-laki,>35,40,Married,Tidak,Lunas,Ya,Tidak,Tidak,Domestik,134.0,120.0,6,6,12.333333333333334,6,4,12.75,83.3,12.54,Baik (>75%),8.9,1.4,3.51
STD-3735,Dropout,1,18.6,Rendah,Management,Change of course,Reguler (Siang),Laki-laki,21-23,22,Single,Tidak,Lunas,Tidak,Tidak,Tidak,Domestik,112.0,129.0,9,5,11.2,9,7,11.25,66.7,11.22,Sedang (50-75%),12.7,3.7,-1.7
STD-3736,Graduate,0,3.5,Rendah,Nursing,1st phase - general,Reguler (Siang),Laki-laki,<=20,19,Single,Tidak,Lunas,Tidak,Ya,Tidak,Domestik,128.8,144.0,7,6,13.2,7,6,13.2,85.7,13.2,Baik (>75%),7.6,2.6,0.32
STD-3737,Enrolled,0,7.3,Rendah,Informatics Engineering,Over 23 years old,Reguler (Siang),Laki-laki,24-27,24,Single,Tidak,Lunas,Ya,Tidak,Tidak,Domestik,134.0,130.0,5,5,11.833333333333334,5,4,14.0,90.0,12.92,Baik (>75%),12.7,3.7,-1.7
STD-3738,Enrolled,0,24.5,Rendah,Tourism,1st phase - general,Reguler (Siang),Laki-laki,21-23,21,Single,Tidak,Lunas,Tidak,Tidak,Tidak,Domestik,125.0,133.1,6,5,11.333333333333334,6,2,11.5,58.3,11.42,Sedang (50-75%),12.7,3.7,-1.7
STD-3739,Graduate,0,12.7,Rendah,Informatics Engineering,2nd phase - general,Reguler (Siang),Laki-laki,<=20,18,Single,Tidak,Lunas,Tidak,Ya,Tidak,Domestik,123.2,133.0,5,5,13.6,5,5,14.6,100.0,14.1,Baik (>75%),8.9,1.4,3.51
STD-3740,Dropout,1,50.8,Sedang,Informatics Engineering,2nd phase - general,Reguler (Siang),Laki-laki,<=20,18,Single,Tidak,Lunas,Tidak,Tidak,Tidak,Domestik,118.4,131.0,5,0,0.0,5,2,11.5,20.0,5.75,Kritis (<25%),7.6,2.6,0.32
STD-3741,Dropout,1,12.7,Rendah,Advertising & Marketing,Change of institution/course,Reguler (Siang),Laki-laki,24-27,24,Single,Tidak,Lunas,Tidak,Tidak,Tidak,Domestik,116.2,133.1,6,5,12.857142857142858,6,5,13.666666666666666,83.3,13.26,Baik (>75%),11.1,0.6,2.02
STD-3742,Enrolled,0,5.5,Rendah,Informatics Engineering,Over 23 years old,Reguler (Siang),Laki-laki,28-35,28,Single,Tidak,Lunas,Ya,Tidak,Tidak,Domestik,123.0,133.1,5,3,14.333333333333334,5,5,12.428571428571429,80.0,13.38,Baik (>75%),9.4,-0.8,-3.12
STD-3743,Graduate,0,2.4,Rendah,Advertising & Marketing,2nd phase - general,Reguler (Siang),Perempuan,<=20,19,Single,Tidak,Lunas,Ya,Ya,Tidak,Domestik,113.5,118.0,6,5,13.5,6,6,14.0,91.7,13.75,Baik (>75%),12.4,0.5,1.79
STD-3744,Enrolled,0,25.9,Rendah,Veterinary Nursing,Change of institution/course,Reguler (Siang),Perempuan,28-35,28,Single,Tidak,Lunas,Tidak,Tidak,Tidak,Domestik,125.0,120.0,6,6,14.428571428571429,6,4,15.6,83.3,15.01,Baik (>75%),11.1,0.6,2.02
STD-3745,Dropout,1,79.7,Tinggi,Basic Education,2nd phase - general,Reguler (Siang),Perempuan,<=20,18,Single,Tidak,Lunas,Tidak,Ya,Tidak,Domestik,134.8,133.1,6,0,0.0,6,0,0.0,0.0,0.0,Kritis (<25%),7.6,2.6,0.32
STD-3746,Graduate,0,85.6,Tinggi,Animation & Multimedia,1st phase - general,Reguler (Siang),Perempuan,<=20,19,Single,Tidak,Menunggak,Tidak,Ya,Tidak,Domestik,149.9,145.0,0,0,0.0,0,0,0.0,0.0,0.0,Kritis (<25%),16.2,0.3,-0.92
STD-3747,Graduate,0,2.6,Rendah,Nursing,1st phase - general,Reguler (Siang),Perempuan,<=20,19,Single,Tidak,Lunas,Ya,Ya,Tidak,Domestik,119.8,125.0,8,8,12.82875,8,8,12.82875,100.0,12.83,Baik (>75%),9.4,-0.8,-3.12
STD-3748,Graduate,0,15.6,Rendah,Equinculture,Change of course,Reguler (Siang),Perempuan,21-23,21,Single,Tidak,Lunas,Tidak,Ya,Tidak,Domestik,125.0,125.0,5,0,0.0,5,4,13.75,40.0,6.88,Rendah (25-50%),10.8,1.4,1.74
STD-3749,Dropout,1,94.8,Tinggi,Nursing,1st phase - general,Reguler (Siang),Perempuan,<=20,18,Single,Ya,Lunas,Tidak,Ya,Tidak,Domestik,135.1,148.0,7,0,0.0,8,0,0.0,0.0,0.0,Kritis (<25%),13.9,-0.3,0.79
STD-3750,Graduate,0,6.4,Rendah,Communication Design,1st phase - general,Reguler (Siang),Perempuan,<=20,19,Single,Tidak,Lunas,Tidak,Ya,Tidak,Domestik,138.3,139.0,6,6,14.666666666666666,6,6,13.166666666666666,100.0,13.92,Baik (>75%),9.4,-0.8,-3.12
STD-3751,Graduate,0,2.2,Rendah,Nursing,2nd phase - general,Reguler (Siang),Perempuan,<=20,19,Single,Tidak,Lunas,Tidak,Ya,Tidak,Domestik,122.5,130.0,8,7,13.937142857142858,8,7,13.937142857142858,87.5,13.94,Baik (>75%),10.8,1.4,1.74
STD-3752,Graduate,0,2.7,Rendah,Communication Design,1st phase - general,Reguler (Siang),Perempuan,<=20,20,Single,Tidak,Lunas,Tidak,Ya,Tidak,Domestik,148.0,148.0,12,10,14.7,12,12,14.583333333333334,91.7,14.64,Baik (>75%),15.5,2.8,-4.06
STD-3753,Graduate,0,9.4,Rendah,Journalism & Comm,1st phase - general,Reguler (Siang),Perempuan,<=20,18,Single,Tidak,Lunas,Tidak,Ya,Tidak,Domestik,126.2,130.0,6,6,11.666666666666666,6,5,12.2,91.7,11.93,Baik (>75%),12.7,3.7,-1.7
STD-3754,Graduate,0,2.2,Rendah,Nursing,Change of course,Reguler (Siang),Perempuan,<=20,20,Single,Tidak,Lunas,Tidak,Ya,Tidak,Domestik,129.8,134.0,7,6,14.85,7,6,14.85,85.7,14.85,Baik (>75%),7.6,2.6,0.32
STD-3755,Dropout,1,93.2,Tinggi,Veterinary Nursing,Over 23 years old,Reguler (Siang),Perempuan,24-27,26,Single,Tidak,Lunas,Tidak,Tidak,Tidak,Domestik,104.0,133.1,5,1,12.0,5,0,0.0,10.0,6.0,Kritis (<25%),10.8,1.4,1.74
STD-3756,Dropout,1,7.4,Rendah,Nursing,3rd phase - general,Reguler (Siang),Perempuan,<=20,18,Single,Tidak,Lunas,Tidak,Ya,Tidak,Domestik,126.7,137.0,7,7,13.6875,8,8,15.622222222222222,100.0,14.65,Baik (>75%),13.9,-0.3,0.79
STD-3757,Graduate,0,19.5,Rendah,Social Service (eve),Over 23 years old,Kelas Malam,Perempuan,>35,58,Single,Tidak,Lunas,Tidak,Tidak,Tidak,Domestik,120.0,130.0,6,5,12.4,6,5,11.6,83.3,12.0,Baik (>75%),9.4,-0.8,-3.12
STD-3758,Graduate,0,6.1,Rendah,Nursing,1st phase - general,Reguler (Siang),Perempuan,<=20,18,Single,Tidak,Lunas,Tidak,Tidak,Tidak,Domestik,124.6,137.0,7,7,13.398,8,8,13.5425,100.0,13.47,Baik (>75%),15.5,2.8,-4.06
STD-3759,Enrolled,0,11.1,Rendah,Veterinary Nursing,Tech. specialization holder,Reguler (Siang),Perempuan,<=20,20,Single,Tidak,Lunas,Tidak,Ya,Tidak,Domestik,130.0,130.0,6,5,11.8,6,4,12.0,75.0,11.9,Sedang (50-75%),12.4,0.5,1.79
STD-3760,Dropout,1,90.4,Tinggi,Management (evening),2nd phase - general,Kelas Malam,Perempuan,<=20,20,Single,Tidak,Lunas,Tidak,Tidak,Tidak,Domestik,127.3,140.0,5,0,0.0,5,0,0.0,0.0,0.0,Kritis (<25%),11.1,0.6,2.02
STD-3761,Graduate,0,11.3,Rendah,Management,Ordinance 612/93,Reguler (Siang),Perempuan,28-35,29,Single,Tidak,Lunas,Tidak,Ya,Tidak,Domestik,122.0,150.0,15,13,11.76923076923077,14,14,11.928571428571429,93.1,11.85,Baik (>75%),9.4,-0.8,-3.12
STD-3762,Dropout,1,94.5,Tinggi,Social Service,Holder of other higher course,Reguler (Siang),Perempuan,24-27,27,Single,Ya,Menunggak,Tidak,Tidak,Tidak,Domestik,125.1,130.0,6,0,0.0,5,0,0.0,0.0,0.0,Kritis (<25%),16.2,0.3,-0.92
STD-3763,Graduate,0,2.2,Rendah,Veterinary Nursing,1st phase - general,Reguler (Siang),Perempuan,21-23,21,Single,Tidak,Lunas,Ya,Ya,Tidak,Domestik,110.0,133.1,6,6,13.285714285714286,6,6,13.0,100.0,13.14,Baik (>75%),11.1,0.6,2.02
STD-3764,Graduate,0,3.1,Rendah,Social Service,1st phase - general,Reguler (Siang),Perempuan,<=20,20,Single,Tidak,Lunas,Ya,Tidak,Tidak,Domestik,129.8,134.0,6,6,11.666666666666666,6,6,11.166666666666666,100.0,11.42,Baik (>75%),15.5,2.8,-4.06
STD-3765,Graduate,0,4.2,Rendah,Social Service,2nd phase - general,Reguler (Siang),Perempuan,<=20,19,Single,Tidak,Lunas,Ya,Tidak,Tidak,Domestik,114.9,125.0,6,6,11.5,6,5,12.2,91.7,11.85,Baik (>75%),11.1,0.6,2.02
STD-3766,Graduate,0,3.1,Rendah,Nursing,1st phase - general,Reguler (Siang),Perempuan,21-23,22,Single,Tidak,Lunas,Ya,Ya,Tidak,Domestik,125.6,141.0,7,6,13.081666666666669,8,6,13.15,80.0,13.12,Baik (>75%),11.1,0.6,2.02
STD-3767,Graduate,0,2.9,Rendah,Communication Design,3rd phase - general,Reguler (Siang),Perempuan,<=20,19,Single,Tidak,Lunas,Ya,Ya,Tidak,Domestik,125.1,138.0,6,6,12.666666666666666,6,6,13.0,100.0,12.83,Baik (>75%),15.5,2.8,-4.06
STD-3768,Dropout,1,95.4,Tinggi,Journalism & Comm,2nd phase - general,Reguler (Siang),Perempuan,<=20,19,Single,Ya,Menunggak,Tidak,Ya,Tidak,Domestik,115.7,116.0,6,3,11.333333333333334,6,0,0.0,25.0,5.67,Kritis (<25%),12.4,0.5,1.79
STD-3769,Enrolled,0,22.5,Rendah,Basic Education,1st phase - general,Reguler (Siang),Perempuan,21-23,23,Single,Tidak,Lunas,Tidak,Ya,Tidak,Domestik,112.6,122.0,6,5,13.6,6,5,11.6,83.3,12.6,Baik (>75%),7.6,2.6,0.32
STD-3770,Dropout,1,8.5,Rendah,Journalism & Comm,1st phase - general,Reguler (Siang),Perempuan,<=20,18,Single,Tidak,Lunas,Ya,Ya,Tidak,Domestik,127.2,131.0,6,6,13.166666666666666,6,5,13.2,91.7,13.18,Baik (>75%),12.4,0.5,1.79
STD-3771,Dropout,1,94.3,Tinggi,Equinculture,Tech. specialization holder,Reguler (Siang),Perempuan,<=20,19,Single,Tidak,Lunas,Tidak,Tidak,Tidak,Domestik,140.0,140.0,6,0,0.0,6,0,0.0,0.0,0.0,Kritis (<25%),12.7,3.7,-1.7
STD-3772,Graduate,0,4.5,Rendah,Agronomy,Tech. specialization holder,Reguler (Siang),Perempuan,<=20,20,Single,Tidak,Lunas,Tidak,Ya,Tidak,Domestik,140.0,140.0,6,5,11.666666666666666,6,5,12.6,83.3,12.13,Baik (>75%),12.4,0.5,1.79
STD-3773,Graduate,0,2.4,Rendah,Social Service,1st phase - general,Reguler (Siang),Perempuan,<=20,19,Single,Tidak,Lunas,Ya,Ya,Tidak,Domestik,120.4,127.0,6,6,13.5,6,6,13.428571428571429,100.0,13.46,Baik (>75%),11.1,0.6,2.02
STD-3774,Dropout,1,98.3,Tinggi,Veterinary Nursing,Over 23 years old,Reguler (Siang),Perempuan,24-27,26,Single,Ya,Menunggak,Ya,Ya,Tidak,Domestik,100.0,133.1,6,0,0.0,6,0,0.0,0.0,0.0,Kritis (<25%),13.9,-0.3,0.79
STD-3775,Graduate,0,3.5,Rendah,Social Service,1st phase - general,Reguler (Siang),Perempuan,<=20,18,Single,Tidak,Lunas,Ya,Ya,Tidak,Domestik,113.5,117.0,6,6,13.166666666666666,6,6,14.142857142857142,100.0,13.65,Baik (>75%),11.1,0.6,2.02
STD-3776,Dropout,1,70.2,Tinggi,Veterinary Nursing,1st phase - general,Reguler (Siang),Perempuan,28-35,29,Single,Ya,Lunas,Tidak,Ya,Tidak,Domestik,132.1,150.0,5,4,12.5,5,2,12.5,60.0,12.5,Sedang (50-75%),12.7,3.7,-1.7
STD-3777,Graduate,0,22.4,Rendah,Agronomy,Tech. specialization holder,Reguler (Siang),Perempuan,<=20,20,Single,Tidak,Menunggak,Tidak,Ya,Tidak,Domestik,160.0,160.0,6,6,13.375,6,6,13.0,100.0,13.19,Baik (>75%),16.2,0.3,-0.92
STD-3778,Graduate,0,5.6,Rendah,Communication Design,1st phase - general,Reguler (Siang),Perempuan,<=20,19,Single,Tidak,Lunas,Tidak,Ya,Tidak,Domestik,126.3,128.0,6,6,13.166666666666666,6,6,12.666666666666666,100.0,12.92,Baik (>75%),15.5,2.8,-4.06
STD-3779,Enrolled,0,18.5,Rendah,Veterinary Nursing,Tech. specialization holder,Reguler (Siang),Perempuan,21-23,23,Single,Tidak,Lunas,Tidak,Ya,Tidak,Domestik,160.0,160.0,6,4,13.4,6,2,13.5,50.0,13.45,Rendah (25-50%),12.4,0.5,1.79
STD-3780,Enrolled,0,45.3,Sedang,Oral Hygiene,Change of course,Reguler (Siang),Perempuan,24-27,25,Single,Tidak,Lunas,Tidak,Tidak,Tidak,Domestik,100.0,126.0,7,3,13.0,8,3,11.666666666666666,40.0,12.33,Rendah (25-50%),10.8,1.4,1.74
STD-3781,Graduate,0,4.8,Rendah,Nursing,3rd phase - general,Reguler (Siang),Perempuan,<=20,18,Single,Tidak,Lunas,Tidak,Ya,Tidak,Domestik,125.8,135.0,8,7,13.154285714285717,8,7,13.154285714285717,87.5,13.15,Baik (>75%),10.8,1.4,1.74
STD-3782,Graduate,0,10.4,Rendah,Communication Design,1st phase - general,Reguler (Siang),Perempuan,<=20,19,Single,Tidak,Lunas,Ya,Ya,Tidak,Domestik,142.2,139.0,6,6,12.833333333333334,6,6,12.833333333333334,100.0,12.83,Baik (>75%),9.4,-0.8,-3.12
STD-3783,Graduate,0,15.5,Rendah,Basic Education,2nd phase - general,Reguler (Siang),Perempuan,<=20,18,Single,Tidak,Lunas,Tidak,Ya,Tidak,Domestik,119.4,125.0,7,7,12.142857142857142,7,7,13.142857142857142,100.0,12.64,Baik (>75%),12.4,0.5,1.79
STD-3784,Enrolled,0,4.3,Rendah,Nursing,1st phase - general,Reguler (Siang),Perempuan,<=20,19,Single,Tidak,Lunas,Ya,Ya,Tidak,Domestik,106.4,106.0,7,5,13.34,7,6,12.385714285714286,78.6,12.86,Baik (>75%),12.4,0.5,1.79
STD-3785,Dropout,1,69.2,Tinggi,Social Service (eve),Holder of other higher course,Kelas Malam,Perempuan,>35,36,Single,Tidak,Lunas,Tidak,Tidak,Tidak,Domestik,120.0,120.0,10,4,13.0,9,4,13.75,42.1,13.38,Rendah (25-50%),8.9,1.4,3.51
STD-3786,Enrolled,0,29.6,Rendah,Agronomy,Tech. specialization holder,Reguler (Siang),Laki-laki,<=20,20,Single,Tidak,Lunas,Ya,Tidak,Tidak,Domestik,150.0,150.0,6,3,12.0,6,3,11.666666666666666,50.0,11.83,Rendah (25-50%),15.5,2.8,-4.06
STD-3787,Dropout,1,15.2,Rendah,Animation & Multimedia,2nd phase - general,Reguler (Siang),Laki-laki,<=20,20,Single,Tidak,Lunas,Tidak,Ya,Tidak,Internasional,148.6,130.0,0,0,0.0,0,0,0.0,0.0,0.0,Kritis (<25%),11.1,0.6,2.02
STD-3788,Dropout,1,78.2,Tinggi,Social Service,1st phase - general,Reguler (Siang),Laki-laki,<=20,18,Single,Tidak,Lunas,Tidak,Ya,Tidak,Domestik,108.7,116.0,6,5,11.0,6,0,0.0,41.7,5.5,Rendah (25-50%),11.1,0.6,2.02
STD-3789,Enrolled,0,21.8,Rendah,Agronomy,Tech. specialization holder,Reguler (Siang),Laki-laki,<=20,19,Single,Tidak,Lunas,Tidak,Tidak,Tidak,Domestik,130.0,130.0,6,5,11.5,6,6,11.333333333333334,91.7,11.42,Baik (>75%),12.4,0.5,1.79
STD-3790,Dropout,1,88.3,Tinggi,Social Service,2nd phase - general,Reguler (Siang),Laki-laki,<=20,20,Single,Ya,Menunggak,Tidak,Ya,Tidak,Domestik,124.6,140.0,9,3,13.333333333333334,6,2,12.5,33.3,12.92,Rendah (25-50%),8.9,1.4,3.51
STD-3791,Graduate,0,3.5,Rendah,Nursing,1st phase - general,Reguler (Siang),Laki-laki,<=20,18,Single,Tidak,Lunas,Tidak,Ya,Tidak,Domestik,131.0,134.0,7,7,14.594444444444443,8,8,13.472,100.0,14.03,Baik (>75%),15.5,2.8,-4.06
STD-3792,Dropout,1,65.3,Tinggi,Equinculture,Tech. specialization holder,Reguler (Siang),Laki-laki,<=20,20,Single,Ya,Lunas,Tidak,Ya,Tidak,Domestik,130.0,130.0,6,4,11.0,6,3,10.666666666666666,58.3,10.83,Sedang (50-75%),12.4,0.5,1.79
STD-3793,Dropout,1,94.6,Tinggi,Informatics Engineering,3rd phase - general,Reguler (Siang),Laki-laki,24-27,24,Single,Ya,Menunggak,Tidak,Ya,Tidak,Domestik,116.1,122.0,5,0,0.0,5,0,0.0,0.0,0.0,Kritis (<25%),9.4,-0.8,-3.12
STD-3794,Dropout,1,92.7,Tinggi,Journalism & Comm,2nd phase - general,Reguler (Siang),Laki-laki,<=20,19,Single,Tidak,Lunas,Tidak,Ya,Tidak,Domestik,125.6,128.0,6,0,0.0,6,0,0.0,0.0,0.0,Kritis (<25%),8.9,1.4,3.51
STD-3795,Dropout,1,33.7,Sedang,Informatics Engineering,2nd phase - general,Reguler (Siang),Laki-laki,<=20,18,Single,Tidak,Lunas,Tidak,Ya,Tidak,Domestik,121.3,130.0,5,1,12.0,5,2,12.0,30.0,12.0,Rendah (25-50%),7.6,2.6,0.32
STD-3796,Graduate,0,3.5,Rendah,Informatics Engineering,1st phase - general,Reguler (Siang),Laki-laki,<=20,18,Single,Tidak,Lunas,Tidak,Ya,Tidak,Domestik,107.4,113.0,5,5,14.0,5,5,13.2,100.0,13.6,Baik (>75%),8.9,1.4,3.51
STD-3797,Graduate,0,3.1,Rendah,Tourism,1st phase - general,Reguler (Siang),Laki-laki,<=20,18,Single,Tidak,Lunas,Tidak,Tidak,Tidak,Domestik,116.9,126.0,6,6,13.571428571428571,6,5,11.8,91.7,12.69,Baik (>75%),8.9,1.4,3.51
STD-3798,Dropout,1,87.9,Tinggi,Advertising & Marketing,Change of course,Reguler (Siang),Laki-laki,21-23,22,Single,Tidak,Lunas,Tidak,Ya,Tidak,Domestik,123.5,135.0,6,0,0.0,6,0,0.0,0.0,0.0,Kritis (<25%),16.2,0.3,-0.92
STD-3799,Graduate,0,2.4,Rendah,Advertising & Marketing,1st phase - general,Reguler (Siang),Laki-laki,<=20,19,Single,Tidak,Lunas,Tidak,Tidak,Tidak,Domestik,130.5,141.0,6,6,14.25,6,6,13.857142857142858,100.0,14.05,Baik (>75%),11.1,0.6,2.02
STD-3800,Dropout,1,94.8,Tinggi,Veterinary Nursing,Over 23 years old,Reguler (Siang),Perempuan,28-35,32,Married,Ya,Menunggak,Tidak,Ya,Tidak,Domestik,140.0,133.1,6,0,0.0,6,0,0.0,0.0,0.0,Kritis (<25%),13.9,-0.3,0.79
STD-3801,Dropout,1,95.9,Tinggi,Basic Education,2nd phase - general,Reguler (Siang),Perempuan,21-23,21,Single,Tidak,Lunas,Ya,Ya,Tidak,Domestik,117.1,133.1,6,0,0.0,6,0,0.0,0.0,0.0,Kritis (<25%),7.6,2.6,0.32
STD-3802,Graduate,0,1.7,Rendah,Nursing,3rd phase - general,Reguler (Siang),Perempuan,<=20,19,Single,Tidak,Lunas,Ya,Ya,Tidak,Domestik,127.5,144.0,8,7,13.542857142857144,8,7,13.542857142857144,87.5,13.54,Baik (>75%),12.7,3.7,-1.7
STD-3803,Graduate,0,3.2,Rendah,Social Service (eve),Change of course,Kelas Malam,Perempuan,>35,39,Divorced,Tidak,Lunas,Ya,Tidak,Tidak,Domestik,126.0,140.0,9,9,13.11111111111111,7,7,11.714285714285714,100.0,12.41,Baik (>75%),12.7,3.7,-1.7
STD-3804,Graduate,0,6.3,Rendah,Social Service (eve),Change of course,Kelas Malam,Perempuan,28-35,30,Single,Tidak,Lunas,Tidak,Ya,Tidak,Domestik,113.0,100.0,9,9,12.666666666666666,7,7,12.142857142857142,100.0,12.4,Baik (>75%),7.6,2.6,0.32
STD-3805,Dropout,1,21.5,Rendah,Management,1st phase - general,Reguler (Siang),Perempuan,<=20,18,Single,Tidak,Lunas,Tidak,Ya,Tidak,Domestik,130.1,135.0,5,4,10.75,5,2,10.0,60.0,10.38,Sedang (50-75%),9.4,-0.8,-3.12
STD-3806,Dropout,1,82.5,Tinggi,Management (evening),Change of course,Kelas Malam,Perempuan,>35,38,Married,Tidak,Lunas,Tidak,Ya,Tidak,Domestik,110.0,130.0,10,4,10.75,10,2,10.0,30.0,10.38,Rendah (25-50%),7.6,2.6,0.32
STD-3807,Graduate,0,2.6,Rendah,Communication Design,1st phase - general,Reguler (Siang),Perempuan,<=20,20,Single,Tidak,Lunas,Tidak,Ya,Tidak,Domestik,135.8,147.0,6,6,13.666666666666666,6,6,13.333333333333334,100.0,13.5,Baik (>75%),9.4,-0.8,-3.12
STD-3808,Graduate,0,13.3,Rendah,Social Service (eve),Over 23 years old,Kelas Malam,Perempuan,>35,55,Single,Tidak,Lunas,Tidak,Tidak,Tidak,Domestik,126.3,149.0,6,6,13.833333333333334,6,6,12.833333333333334,100.0,13.33,Baik (>75%),7.6,2.6,0.32
STD-3809,Dropout,1,7.0,Rendah,Communication Design,Other Institution,Reguler (Siang),Perempuan,>35,53,Divorced,Tidak,Lunas,Tidak,Tidak,Tidak,Domestik,130.0,130.0,18,17,13.176470588235292,18,16,13.0,91.7,13.09,Baik (>75%),7.6,2.6,0.32
STD-3810,Dropout,1,13.2,Rendah,Social Service (eve),Over 23 years old,Kelas Malam,Perempuan,>35,54,Married,Tidak,Lunas,Tidak,Tidak,Tidak,Domestik,104.0,120.0,6,4,12.75,6,5,12.6,75.0,12.68,Sedang (50-75%),7.6,2.6,0.32
STD-3811,Enrolled,0,5.2,Rendah,Nursing,Change of course,Reguler (Siang),Perempuan,<=20,18,Single,Tidak,Lunas,Ya,Ya,Tidak,Domestik,123.6,125.0,7,5,12.86,7,5,12.86,71.4,12.86,Sedang (50-75%),7.6,2.6,0.32
STD-3812,Dropout,1,95.4,Tinggi,Social Service (eve),Over 23 years old,Kelas Malam,Perempuan,>35,44,Single,Ya,Menunggak,Tidak,Tidak,Tidak,Domestik,121.0,133.1,8,4,12.0,7,4,12.0,53.3,12.0,Sedang (50-75%),8.9,1.4,3.51
STD-3813,Graduate,0,6.3,Rendah,Social Service,Change of course,Reguler (Siang),Perempuan,28-35,28,Single,Tidak,Lunas,Tidak,Ya,Tidak,Domestik,130.5,149.0,11,9,11.666666666666666,11,9,12.555555555555555,81.8,12.11,Baik (>75%),10.8,1.4,1.74
STD-3814,Graduate,0,9.1,Rendah,Social Service (eve),Holder of other higher course,Kelas Malam,Perempuan,>35,37,Single,Tidak,Lunas,Tidak,Tidak,Tidak,Domestik,180.0,180.0,14,14,16.5,11,11,16.90909090909091,100.0,16.7,Baik (>75%),8.9,1.4,3.51
STD-3815,Graduate,0,8.7,Rendah,Social Service,Change of course,Reguler (Siang),Perempuan,<=20,20,Single,Tidak,Lunas,Tidak,Ya,Tidak,Domestik,112.5,110.0,10,9,12.333333333333334,7,7,11.77777777777778,94.1,12.06,Baik (>75%),7.6,2.6,0.32
STD-3816,Enrolled,0,7.0,Rendah,Nursing,1st phase - general,Reguler (Siang),Perempuan,<=20,18,Single,Tidak,Lunas,Tidak,Ya,Tidak,Domestik,126.1,131.0,7,7,12.59125,8,7,12.820000000000002,93.3,12.71,Baik (>75%),15.5,2.8,-4.06
STD-3817,Dropout,1,47.5,Sedang,Social Service,1st phase - general,Reguler (Siang),Laki-laki,<=20,19,Single,Tidak,Lunas,Tidak,Ya,Tidak,Domestik,111.8,117.0,6,4,11.5,6,3,11.0,58.3,11.25,Sedang (50-75%),8.9,1.4,3.51
STD-3818,Graduate,0,7.4,Rendah,Agronomy,2nd phase - general,Reguler (Siang),Laki-laki,21-23,23,Single,Tidak,Lunas,Ya,Ya,Tidak,Domestik,131.4,120.0,18,18,11.894736842105264,13,13,12.923076923076923,100.0,12.41,Baik (>75%),15.5,2.8,-4.06
STD-3819,Dropout,1,92.9,Tinggi,Social Service,2nd phase - general,Reguler (Siang),Laki-laki,21-23,22,Single,Tidak,Lunas,Tidak,Tidak,Tidak,Domestik,144.3,160.0,6,0,0.0,6,0,0.0,0.0,0.0,Kritis (<25%),13.9,-0.3,0.79
STD-3820,Dropout,1,86.9,Tinggi,Tourism,Over 23 years old,Reguler (Siang),Laki-laki,24-27,24,Single,Tidak,Menunggak,Tidak,Tidak,Tidak,Domestik,115.0,100.0,6,0,0.0,6,0,0.0,0.0,0.0,Kritis (<25%),11.1,0.6,2.02
STD-3821,Enrolled,0,9.5,Rendah,Agronomy,Tech. specialization holder,Reguler (Siang),Laki-laki,21-23,22,Single,Tidak,Lunas,Tidak,Ya,Tidak,Domestik,120.0,140.0,6,5,13.0,6,2,11.5,58.3,12.25,Sedang (50-75%),12.4,0.5,1.79
STD-3822,Dropout,1,87.7,Tinggi,Agronomy,Over 23 years old,Reguler (Siang),Laki-laki,24-27,26,Single,Tidak,Lunas,Tidak,Tidak,Tidak,Domestik,168.6,160.0,6,0,0.0,6,0,0.0,0.0,0.0,Kritis (<25%),13.9,-0.3,0.79
STD-3823,Graduate,0,4.6,Rendah,Journalism & Comm,2nd phase - general,Reguler (Siang),Laki-laki,<=20,18,Single,Tidak,Lunas,Tidak,Ya,Tidak,Domestik,127.7,141.0,6,6,15.166666666666666,6,6,14.833333333333334,100.0,15.0,Baik (>75%),9.4,-0.8,-3.12
STD-3824,Dropout,1,66.1,Tinggi,Equinculture,Tech. specialization holder,Reguler (Siang),Laki-laki,24-27,24,Single,Tidak,Lunas,Tidak,Tidak,Tidak,Domestik,150.0,130.0,6,4,11.75,6,2,13.5,50.0,12.62,Rendah (25-50%),11.1,0.6,2.02
STD-3825,Enrolled,0,38.0,Sedang,Informatics Engineering,1st phase - general,Reguler (Siang),Laki-laki,<=20,18,Single,Tidak,Lunas,Tidak,Ya,Tidak,Domestik,129.8,142.0,5,0,0.0,5,1,15.0,10.0,7.5,Kritis (<25%),10.8,1.4,1.74
STD-3826,Dropout,1,58.2,Sedang,Animation & Multimedia,1st phase - general,Reguler (Siang),Laki-laki,24-27,26,Single,Tidak,Lunas,Tidak,Ya,Tidak,Domestik,135.6,130.0,0,0,0.0,0,0,0.0,0.0,0.0,Kritis (<25%),11.1,0.6,2.02
STD-3827,Dropout,1,78.7,Tinggi,Tourism,Over 23 years old,Reguler (Siang),Laki-laki,24-27,27,Single,Tidak,Lunas,Tidak,Tidak,Tidak,Domestik,100.0,133.1,6,3,11.333333333333334,6,3,14.75,50.0,13.04,Rendah (25-50%),16.2,0.3,-0.92
STD-3828,Graduate,0,6.5,Rendah,Agronomy,Tech. specialization holder,Reguler (Siang),Laki-laki,<=20,20,Single,Tidak,Lunas,Ya,Ya,Tidak,Domestik,140.0,140.0,6,5,12.6,6,5,13.2,83.3,12.9,Baik (>75%),12.4,0.5,1.79
STD-3829,Dropout,1,42.9,Sedang,Informatics Engineering,1st phase - general,Reguler (Siang),Laki-laki,<=20,19,Single,Tidak,Lunas,Tidak,Ya,Tidak,Domestik,124.1,129.0,5,0,0.0,5,1,14.0,10.0,7.0,Kritis (<25%),7.6,2.6,0.32
STD-3830,Dropout,1,8.3,Rendah,Veterinary Nursing,1st phase - general,Reguler (Siang),Laki-laki,<=20,18,Single,Tidak,Lunas,Ya,Tidak,Tidak,Domestik,131.6,148.0,6,6,15.5,6,4,15.5,83.3,15.5,Baik (>75%),11.1,0.6,2.02
STD-3831,Graduate,0,2.9,Rendah,Nursing,1st phase - general,Reguler (Siang),Laki-laki,<=20,18,Single,Tidak,Lunas,Tidak,Ya,Tidak,Domestik,129.0,143.0,8,7,12.365714285714288,8,7,12.365714285714288,87.5,12.37,Baik (>75%),10.8,1.4,1.74
STD-3832,Enrolled,0,10.8,Rendah,Advertising & Marketing,2nd phase - general,Reguler (Siang),Laki-laki,<=20,19,Single,Tidak,Lunas,Tidak,Ya,Tidak,Domestik,135.7,128.0,6,5,13.2,6,5,13.25,83.3,13.22,Baik (>75%),10.8,1.4,1.74
STD-3833,Enrolled,0,13.5,Rendah,Communication Design,Change of course,Reguler (Siang),Laki-laki,28-35,34,Single,Tidak,Lunas,Tidak,Ya,Tidak,Domestik,108.0,100.0,12,7,11.428571428571429,12,7,11.857142857142858,58.3,11.64,Sedang (50-75%),7.6,2.6,0.32
STD-3834,Dropout,1,96.1,Tinggi,Social Service,1st phase - general,Reguler (Siang),Laki-laki,<=20,19,Single,Tidak,Lunas,Tidak,Ya,Tidak,Domestik,110.8,116.0,6,0,0.0,6,0,0.0,0.0,0.0,Kritis (<25%),16.2,0.3,-0.92
STD-3835,Graduate,0,4.5,Rendah,Journalism & Comm,1st phase - general,Reguler (Siang),Laki-laki,<=20,19,Single,Tidak,Lunas,Ya,Tidak,Tidak,Domestik,124.5,128.0,6,4,14.0,6,6,12.333333333333334,83.3,13.17,Baik (>75%),9.4,-0.8,-3.12
STD-3836,Dropout,1,91.6,Tinggi,Agronomy,Over 23 years old,Reguler (Siang),Laki-laki,28-35,30,Married,Tidak,Lunas,Tidak,Tidak,Tidak,Domestik,100.0,120.0,12,3,12.0,12,5,11.8,33.3,11.9,Rendah (25-50%),15.5,2.8,-4.06
STD-3837,Dropout,1,92.3,Tinggi,Journalism & Comm,Change of course,Reguler (Siang),Laki-laki,21-23,22,Single,Tidak,Menunggak,Tidak,Tidak,Tidak,Domestik,123.8,121.0,4,0,0.0,5,3,12.0,33.3,6.0,Rendah (25-50%),10.8,1.4,1.74
STD-3838,Dropout,1,93.6,Tinggi,Management,2nd phase - general,Reguler (Siang),Laki-laki,<=20,19,Single,Tidak,Menunggak,Tidak,Tidak,Tidak,Domestik,131.4,137.0,5,4,10.0,5,3,11.333333333333334,70.0,10.67,Sedang (50-75%),15.5,2.8,-4.06
STD-3839,Dropout,1,65.5,Tinggi,Management,1st phase - general,Reguler (Siang),Laki-laki,21-23,21,Single,Tidak,Lunas,Tidak,Tidak,Tidak,Domestik,118.5,115.0,5,1,10.0,5,1,10.0,20.0,10.0,Kritis (<25%),7.6,2.6,0.32
STD-3840,Dropout,1,85.4,Tinggi,Animation & Multimedia,1st phase - general,Reguler (Siang),Laki-laki,21-23,22,Single,Tidak,Menunggak,Tidak,Ya,Tidak,Domestik,122.0,129.0,0,0,0.0,0,0,0.0,0.0,0.0,Kritis (<25%),7.6,2.6,0.32
STD-3841,Enrolled,0,12.6,Rendah,Tourism,1st phase - general,Reguler (Siang),Laki-laki,<=20,19,Single,Tidak,Lunas,Ya,Tidak,Tidak,Domestik,122.9,125.0,6,6,11.166666666666666,6,3,11.666666666666666,75.0,11.42,Sedang (50-75%),10.8,1.4,1.74
STD-3842,Enrolled,0,30.2,Sedang,Social Service,1st phase - general,Reguler (Siang),Laki-laki,<=20,20,Single,Tidak,Lunas,Tidak,Tidak,Tidak,Domestik,118.7,125.0,6,4,11.75,6,3,11.333333333333334,58.3,11.54,Sedang (50-75%),15.5,2.8,-4.06
STD-3843,Dropout,1,94.0,Tinggi,Agronomy,Over 23 years old,Reguler (Siang),Laki-laki,28-35,35,Single,Tidak,Lunas,Tidak,Ya,Tidak,Domestik,100.0,133.1,6,3,11.75,6,0,0.0,25.0,5.88,Kritis (<25%),13.9,-0.3,0.79
STD-3844,Dropout,1,47.7,Sedang,Management,1st phase - Madeira,Reguler (Siang),Laki-laki,<=20,20,Single,Tidak,Lunas,Tidak,Ya,Tidak,Domestik,135.9,131.0,5,1,10.0,5,1,11.0,20.0,10.5,Kritis (<25%),7.6,2.6,0.32
STD-3845,Graduate,0,4.1,Rendah,Equinculture,1st phase - general,Reguler (Siang),Laki-laki,21-23,21,Single,Tidak,Lunas,Tidak,Tidak,Tidak,Domestik,138.4,133.1,5,3,14.0,5,5,12.8,80.0,13.4,Baik (>75%),7.6,2.6,0.32
STD-3846,Dropout,1,95.6,Tinggi,Veterinary Nursing,Over 23 years old,Reguler (Siang),Laki-laki,24-27,27,Single,Ya,Menunggak,Tidak,Tidak,Tidak,Domestik,128.2,133.1,5,0,0.0,5,0,0.0,0.0,0.0,Kritis (<25%),7.6,2.6,0.32
STD-3847,Dropout,1,97.0,Tinggi,Journalism & Comm,Change of course,Reguler (Siang),Laki-laki,24-27,26,Single,Tidak,Menunggak,Tidak,Ya,Tidak,Domestik,107.4,114.0,6,3,12.0,6,0,0.0,25.0,6.0,Kritis (<25%),9.4,-0.8,-3.12
STD-3848,Dropout,1,96.8,Tinggi,Journalism & Comm,2nd phase - general,Reguler (Siang),Laki-laki,<=20,20,Single,Tidak,Menunggak,Tidak,Tidak,Tidak,Domestik,129.8,127.0,6,0,0.0,5,0,0.0,0.0,0.0,Kritis (<25%),10.8,1.4,1.74
STD-3849,Dropout,1,92.4,Tinggi,Agronomy,Over 23 years old,Reguler (Siang),Laki-laki,28-35,28,Single,Ya,Menunggak,Tidak,Tidak,Tidak,Domestik,100.0,130.0,10,8,11.88888888888889,8,5,11.6,72.2,11.74,Sedang (50-75%),15.5,2.8,-4.06
STD-3850,Graduate,0,3.0,Rendah,Journalism & Comm,1st phase - general,Reguler (Siang),Laki-laki,<=20,19,Single,Tidak,Lunas,Tidak,Ya,Tidak,Domestik,113.0,121.0,6,6,13.833333333333334,6,6,13.666666666666666,100.0,13.75,Baik (>75%),11.1,0.6,2.02
STD-3851,Dropout,1,98.4,Tinggi,Management (evening),Change of course,Kelas Malam,Laki-laki,>35,47,Single,Tidak,Menunggak,Tidak,Tidak,Tidak,Domestik,107.0,120.0,5,0,0.0,5,0,0.0,0.0,0.0,Kritis (<25%),12.7,3.7,-1.7
STD-3852,Dropout,1,96.4,Tinggi,Journalism & Comm,Over 23 years old,Reguler (Siang),Laki-laki,>35,55,Divorced,Tidak,Menunggak,Tidak,Tidak,Tidak,Domestik,130.0,120.0,6,5,11.4,6,5,12.4,83.3,11.9,Baik (>75%),10.8,1.4,1.74
STD-3853,Dropout,1,93.7,Tinggi,Agronomy,Change of course,Reguler (Siang),Laki-laki,>35,39,Single,Tidak,Lunas,Tidak,Ya,Tidak,Domestik,120.0,120.0,6,0,0.0,6,2,11.0,16.7,5.5,Kritis (<25%),16.2,0.3,-0.92
STD-3854,Dropout,1,34.3,Sedang,Agronomy,1st phase - general,Reguler (Siang),Laki-laki,28-35,35,Married,Ya,Lunas,Tidak,Ya,Tidak,Domestik,120.5,120.0,17,14,10.642857142857142,12,12,10.666666666666666,89.7,10.65,Baik (>75%),15.5,2.8,-4.06
STD-3855,Dropout,1,97.0,Tinggi,Social Service,Over 23 years old,Reguler (Siang),Laki-laki,28-35,32,Single,Tidak,Menunggak,Tidak,Tidak,Tidak,Domestik,120.5,133.1,6,2,11.0,6,0,0.0,16.7,5.5,Kritis (<25%),7.6,2.6,0.32
STD-3856,Graduate,0,9.1,Rendah,Journalism & Comm,1st phase - general,Reguler (Siang),Laki-laki,<=20,20,Single,Tidak,Lunas,Tidak,Ya,Tidak,Domestik,137.0,124.0,6,6,16.833333333333332,6,6,16.666666666666668,100.0,16.75,Baik (>75%),8.9,1.4,3.51
STD-3857,Graduate,0,9.5,Rendah,Tourism,Over 23 years old,Reguler (Siang),Laki-laki,>35,36,Single,Tidak,Lunas,Tidak,Tidak,Tidak,Domestik,115.0,150.0,6,6,13.571428571428571,6,5,13.2,91.7,13.39,Baik (>75%),12.7,3.7,-1.7
STD-3858,Graduate,0,14.0,Rendah,Management (evening),Over 23 years old,Kelas Malam,Laki-laki,28-35,34,Single,Ya,Lunas,Ya,Tidak,Tidak,Domestik,142.7,133.1,5,5,14.714285714285714,5,5,14.375,100.0,14.54,Baik (>75%),16.2,0.3,-0.92
STD-3859,Dropout,1,93.1,Tinggi,Advertising & Marketing,1st phase - general,Reguler (Siang),Laki-laki,21-23,21,Single,Tidak,Lunas,Tidak,Ya,Tidak,Domestik,116.7,116.0,5,0,0.0,5,0,0.0,0.0,0.0,Kritis (<25%),9.4,-0.8,-3.12
STD-3860,Dropout,1,86.1,Tinggi,Management (evening),Change of course,Kelas Malam,Laki-laki,>35,42,Single,Tidak,Lunas,Ya,Tidak,Tidak,Domestik,136.1,133.1,5,1,10.0,5,1,11.0,20.0,10.5,Kritis (<25%),13.9,-0.3,0.79
STD-3861,Dropout,1,67.4,Tinggi,Agronomy,Over 23 years old,Reguler (Siang),Laki-laki,24-27,25,Single,Tidak,Lunas,Tidak,Tidak,Tidak,Domestik,134.3,133.1,6,1,11.0,6,4,11.75,41.7,11.38,Rendah (25-50%),12.4,0.5,1.79
STD-3862,Dropout,1,94.1,Tinggi,Journalism & Comm,3rd phase - general,Reguler (Siang),Laki-laki,<=20,18,Single,Tidak,Lunas,Ya,Ya,Tidak,Domestik,153.0,167.0,6,1,11.0,6,0,0.0,8.3,5.5,Kritis (<25%),8.9,1.4,3.51
STD-3863,Graduate,0,7.3,Rendah,Journalism & Comm,1st phase - general,Reguler (Siang),Laki-laki,<=20,18,Single,Tidak,Lunas,Ya,Tidak,Tidak,Domestik,132.0,140.0,6,5,12.0,6,6,12.833333333333334,91.7,12.42,Baik (>75%),12.7,3.7,-1.7
STD-3864,Graduate,0,5.2,Rendah,Social Service,1st phase - general,Reguler (Siang),Laki-laki,<=20,19,Single,Tidak,Lunas,Tidak,Ya,Tidak,Domestik,129.6,124.0,6,6,11.125,6,6,11.857142857142858,100.0,11.49,Baik (>75%),7.6,2.6,0.32
STD-3865,Dropout,1,96.3,Tinggi,Veterinary Nursing,Change of course,Reguler (Siang),Laki-laki,28-35,34,Single,Ya,Menunggak,Tidak,Tidak,Tidak,Domestik,105.0,110.0,6,3,11.333333333333334,6,2,11.5,41.7,11.42,Rendah (25-50%),13.9,-0.3,0.79
STD-3866,Dropout,1,67.8,Tinggi,Journalism & Comm,2nd phase - general,Reguler (Siang),Laki-laki,<=20,20,Single,Tidak,Lunas,Tidak,Tidak,Tidak,Domestik,130.8,150.0,6,2,12.0,6,0,0.0,16.7,6.0,Kritis (<25%),10.8,1.4,1.74
STD-3867,Dropout,1,93.2,Tinggi,Nursing,1st phase - general,Reguler (Siang),Laki-laki,<=20,20,Single,Tidak,Lunas,Tidak,Tidak,Tidak,Domestik,119.7,123.0,7,0,0.0,7,0,0.0,0.0,0.0,Kritis (<25%),13.9,-0.3,0.79
STD-3868,Graduate,0,2.0,Rendah,Nursing,2nd phase - general,Reguler (Siang),Laki-laki,21-23,21,Single,Tidak,Lunas,Tidak,Tidak,Tidak,Domestik,132.5,152.0,8,7,14.54,8,7,14.54,87.5,14.54,Baik (>75%),10.8,1.4,1.74
STD-3869,Graduate,0,9.4,Rendah,Agronomy,Tech. specialization holder,Reguler (Siang),Laki-laki,<=20,19,Single,Tidak,Lunas,Tidak,Ya,Tidak,Domestik,130.0,130.0,6,6,12.166666666666666,6,4,13.0,83.3,12.58,Baik (>75%),12.4,0.5,1.79
STD-3870,Dropout,1,97.9,Tinggi,Veterinary Nursing,Over 23 years old,Reguler (Siang),Laki-laki,28-35,31,Single,Ya,Menunggak,Tidak,Tidak,Tidak,Domestik,120.0,133.1,5,4,13.5,5,3,11.666666666666666,70.0,12.58,Sedang (50-75%),9.4,-0.8,-3.12
STD-3871,Graduate,0,6.9,Rendah,Advertising & Marketing,2nd phase - general,Reguler (Siang),Laki-laki,21-23,21,Single,Tidak,Lunas,Tidak,Tidak,Tidak,Domestik,150.0,133.1,6,6,14.75,6,5,14.333333333333334,91.7,14.54,Baik (>75%),11.1,0.6,2.02
STD-3872,Graduate,0,2.5,Rendah,Management,1st phase - general,Reguler (Siang),Laki-laki,<=20,20,Single,Tidak,Lunas,Ya,Tidak,Tidak,Domestik,115.6,124.0,5,5,12.375,5,5,11.666666666666666,100.0,12.02,Baik (>75%),13.9,-0.3,0.79
STD-3873,Graduate,0,2.1,Rendah,Nursing,Change of course,Reguler (Siang),Laki-laki,21-23,22,Single,Tidak,Lunas,Tidak,Tidak,Tidak,Domestik,119.1,119.1,7,6,12.733333333333334,7,6,12.733333333333334,85.7,12.73,Baik (>75%),7.6,2.6,0.32
STD-3874,Dropout,1,94.5,Tinggi,Communication Design,1st phase - general,Reguler (Siang),Laki-laki,<=20,19,Single,Tidak,Menunggak,Tidak,Ya,Ya,Domestik,123.5,128.0,6,4,12.5,6,0,0.0,33.3,6.25,Rendah (25-50%),9.4,-0.8,-3.12
STD-3875,Dropout,1,98.3,Tinggi,Equinculture,Over 23 years old,Reguler (Siang),Laki-laki,>35,41,Single,Ya,Menunggak,Tidak,Ya,Tidak,Domestik,120.0,133.1,5,0,0.0,5,0,0.0,0.0,0.0,Kritis (<25%),12.7,3.7,-1.7
STD-3876,Dropout,1,95.0,Tinggi,Nursing,Change of course,Reguler (Siang),Laki-laki,24-27,27,Single,Tidak,Lunas,Tidak,Ya,Tidak,Domestik,110.0,133.1,7,0,0.0,7,0,0.0,0.0,0.0,Kritis (<25%),7.6,2.6,0.32
STD-3877,Dropout,1,1.1,Rendah,Nursing,2nd phase - general,Reguler (Siang),Perempuan,<=20,19,Single,Tidak,Lunas,Tidak,Tidak,Tidak,Domestik,131.4,145.0,7,7,13.44285714285714,8,7,13.771428571428572,93.3,13.61,Baik (>75%),13.9,-0.3,0.79
STD-3878,Graduate,0,1.6,Rendah,Nursing,3rd phase - general,Reguler (Siang),Perempuan,<=20,20,Single,Tidak,Lunas,Ya,Ya,Tidak,Internasional,126.8,141.0,8,8,14.2,8,8,14.2,100.0,14.2,Baik (>75%),9.4,-0.8,-3.12
STD-3879,Graduate,0,2.4,Rendah,Nursing,Change of course,Reguler (Siang),Perempuan,<=20,19,Single,Tidak,Lunas,Ya,Ya,Tidak,Domestik,118.9,118.9,7,6,13.55,7,6,13.55,85.7,13.55,Baik (>75%),7.6,2.6,0.32
STD-3880,Graduate,0,7.4,Rendah,Management (evening),Over 23 years old,Kelas Malam,Perempuan,28-35,35,Married,Tidak,Lunas,Tidak,Tidak,Tidak,Domestik,160.0,160.0,5,5,11.6,5,5,11.166666666666666,100.0,11.38,Baik (>75%),15.5,2.8,-4.06
STD-3881,Graduate,0,4.6,Rendah,Journalism & Comm,2nd phase - general,Reguler (Siang),Perempuan,21-23,22,Single,Tidak,Lunas,Tidak,Ya,Tidak,Domestik,115.9,111.0,6,6,13.571428571428571,6,6,15.285714285714286,100.0,14.43,Baik (>75%),13.9,-0.3,0.79
STD-3882,Graduate,0,1.5,Rendah,Tourism,1st phase - general,Reguler (Siang),Perempuan,<=20,20,Single,Tidak,Lunas,Ya,Ya,Tidak,Domestik,109.3,111.0,6,6,13.833333333333334,6,6,15.0,100.0,14.42,Baik (>75%),11.1,0.6,2.02
STD-3883,Dropout,1,88.0,Tinggi,Advertising & Marketing,1st phase - general,Reguler (Siang),Perempuan,<=20,18,Single,Ya,Menunggak,Tidak,Ya,Tidak,Domestik,113.9,123.0,6,4,11.25,6,4,10.857142857142858,66.7,11.05,Sedang (50-75%),10.8,1.4,1.74
STD-3884,Graduate,0,5.4,Rendah,Social Service,1st phase - general,Reguler (Siang),Perempuan,<=20,18,Single,Tidak,Lunas,Ya,Ya,Tidak,Domestik,121.8,133.0,6,5,10.2,6,4,11.25,75.0,10.72,Sedang (50-75%),12.4,0.5,1.79
STD-3885,Graduate,0,8.7,Rendah,Nursing,Holder of other higher course,Reguler (Siang),Perempuan,28-35,30,Single,Tidak,Lunas,Tidak,Tidak,Tidak,Domestik,140.0,140.0,8,7,15.675714285714283,8,7,15.675714285714283,87.5,15.68,Baik (>75%),10.8,1.4,1.74
STD-3886,Graduate,0,1.7,Rendah,Social Service,3rd phase - general,Reguler (Siang),Perempuan,<=20,18,Single,Ya,Lunas,Ya,Tidak,Tidak,Domestik,114.7,122.0,6,6,10.833333333333334,6,6,12.0,100.0,11.42,Baik (>75%),11.1,0.6,2.02
STD-3887,Enrolled,0,2.2,Rendah,Tourism,1st phase - general,Reguler (Siang),Perempuan,<=20,20,Single,Tidak,Lunas,Ya,Ya,Tidak,Domestik,120.0,128.0,6,6,14.5,6,5,15.0,91.7,14.75,Baik (>75%),12.4,0.5,1.79
STD-3888,Enrolled,0,5.7,Rendah,Social Service,1st phase - general,Reguler (Siang),Perempuan,<=20,19,Single,Tidak,Lunas,Ya,Tidak,Ya,Domestik,107.3,108.0,6,4,10.4,6,4,10.75,66.7,10.58,Sedang (50-75%),12.4,0.5,1.79
STD-3889,Graduate,0,3.2,Rendah,Veterinary Nursing,2nd phase - general,Reguler (Siang),Perempuan,<=20,19,Single,Tidak,Lunas,Tidak,Tidak,Tidak,Domestik,136.2,139.0,5,5,13.0,5,5,13.333333333333334,100.0,13.17,Baik (>75%),7.6,2.6,0.32
STD-3890,Graduate,0,2.8,Rendah,Oral Hygiene,1st phase - general,Reguler (Siang),Perempuan,21-23,21,Single,Tidak,Lunas,Ya,Ya,Tidak,Domestik,119.5,130.0,7,7,12.242857142857144,8,8,14.125,100.0,13.18,Baik (>75%),15.5,2.8,-4.06
STD-3891,Enrolled,0,2.2,Rendah,Basic Education,3rd phase - general,Reguler (Siang),Perempuan,21-23,21,Single,Ya,Lunas,Tidak,Ya,Tidak,Domestik,106.0,133.1,7,7,13.0,7,6,12.5,92.9,12.75,Baik (>75%),8.9,1.4,3.51
STD-3892,Enrolled,0,5.2,Rendah,Advertising & Marketing,1st phase - general,Reguler (Siang),Perempuan,<=20,18,Single,Tidak,Lunas,Tidak,Ya,Tidak,Domestik,124.1,130.0,6,6,14.166666666666666,6,6,13.428571428571429,100.0,13.8,Baik (>75%),8.9,1.4,3.51
STD-3893,Graduate,0,5.5,Rendah,Management,1st phase - general,Reguler (Siang),Perempuan,<=20,18,Single,Tidak,Lunas,Ya,Ya,Tidak,Domestik,133.2,143.0,5,4,14.25,5,4,12.5,80.0,13.38,Baik (>75%),12.7,3.7,-1.7
STD-3894,Dropout,1,96.6,Tinggi,Veterinary Nursing,Over 23 years old,Reguler (Siang),Perempuan,28-35,35,Divorced,Tidak,Menunggak,Tidak,Tidak,Tidak,Domestik,110.0,110.0,5,1,12.0,5,2,10.5,30.0,11.25,Rendah (25-50%),9.4,-0.8,-3.12
STD-3895,Enrolled,0,19.6,Rendah,Nursing,1st phase - general,Reguler (Siang),Perempuan,21-23,21,Single,Tidak,Lunas,Tidak,Ya,Tidak,Internasional,114.8,120.0,7,4,13.25,7,5,13.82,64.3,13.54,Sedang (50-75%),11.1,0.6,2.02
STD-3896,Graduate,0,2.2,Rendah,Nursing,1st phase - general,Reguler (Siang),Laki-laki,<=20,18,Single,Tidak,Lunas,Ya,Ya,Tidak,Domestik,130.0,140.0,7,6,13.183333333333332,7,6,13.183333333333332,85.7,13.18,Baik (>75%),7.6,2.6,0.32
STD-3897,Enrolled,0,86.6,Tinggi,Communication Design,2nd phase - general,Reguler (Siang),Laki-laki,21-23,22,Single,Tidak,Lunas,Tidak,Ya,Tidak,Domestik,122.6,125.0,6,1,11.0,6,0,0.0,8.3,5.5,Kritis (<25%),9.4,-0.8,-3.12
STD-3898,Graduate,0,3.5,Rendah,Nursing,2nd phase - general,Reguler (Siang),Laki-laki,<=20,20,Single,Tidak,Lunas,Ya,Ya,Tidak,Domestik,133.5,134.0,7,7,11.9725,8,8,12.65125,100.0,12.31,Baik (>75%),15.5,2.8,-4.06
STD-3899,Graduate,0,5.3,Rendah,Tourism,Over 23 years old,Reguler (Siang),Perempuan,28-35,34,Married,Tidak,Lunas,Tidak,Ya,Tidak,Domestik,120.0,130.0,6,5,12.4,6,5,12.8,83.3,12.6,Baik (>75%),9.4,-0.8,-3.12
STD-3900,Enrolled,0,55.4,Sedang,Management,Holder of other higher course,Reguler (Siang),Perempuan,28-35,33,Married,Tidak,Lunas,Tidak,Tidak,Tidak,Domestik,120.0,120.0,8,5,12.6,7,5,11.25,66.7,11.92,Sedang (50-75%),10.8,1.4,1.74
STD-3901,Graduate,0,1.7,Rendah,Nursing,1st phase - general,Reguler (Siang),Perempuan,21-23,22,Single,Tidak,Lunas,Ya,Ya,Tidak,Domestik,137.3,142.0,7,6,13.9,7,6,13.9,85.7,13.9,Baik (>75%),7.6,2.6,0.32
STD-3902,Enrolled,0,48.6,Sedang,Tourism,2nd phase - general,Reguler (Siang),Perempuan,<=20,20,Single,Tidak,Lunas,Ya,Ya,Tidak,Domestik,123.5,127.0,6,4,11.5,6,3,11.0,58.3,11.25,Sedang (50-75%),7.6,2.6,0.32
STD-3903,Enrolled,0,9.2,Rendah,Management,Over 23 years old,Reguler (Siang),Perempuan,28-35,35,Married,Tidak,Lunas,Tidak,Tidak,Tidak,Domestik,131.8,140.0,5,4,14.2,5,4,11.857142857142858,80.0,13.03,Baik (>75%),10.8,1.4,1.74
STD-3904,Dropout,1,93.6,Tinggi,Management,Over 23 years old,Reguler (Siang),Perempuan,>35,39,Married,Tidak,Menunggak,Tidak,Ya,Tidak,Domestik,130.0,140.0,5,3,10.666666666666666,5,3,10.666666666666666,60.0,10.67,Sedang (50-75%),9.4,-0.8,-3.12
STD-3905,Dropout,1,97.2,Tinggi,Nursing,3rd phase - general,Reguler (Siang),Perempuan,<=20,19,Single,Tidak,Menunggak,Tidak,Ya,Tidak,Domestik,128.0,142.0,7,0,0.0,8,0,0.0,0.0,0.0,Kritis (<25%),11.1,0.6,2.02
STD-3906,Graduate,0,31.6,Sedang,Tourism,Over 23 years old,Reguler (Siang),Perempuan,>35,36,Divorced,Tidak,Lunas,Ya,Tidak,Tidak,Domestik,95.0,120.0,6,6,11.0,6,3,11.333333333333334,75.0,11.17,Sedang (50-75%),10.8,1.4,1.74
STD-3907,Graduate,0,1.4,Rendah,Nursing,1st phase - general,Reguler (Siang),Perempuan,21-23,21,Single,Tidak,Lunas,Ya,Ya,Tidak,Domestik,116.0,124.0,8,7,13.957142857142856,8,7,13.957142857142856,87.5,13.96,Baik (>75%),12.7,3.7,-1.7
STD-3908,Enrolled,0,21.1,Rendah,Social Service,1st phase - general,Reguler (Siang),Perempuan,21-23,22,Single,Tidak,Lunas,Tidak,Ya,Tidak,Domestik,136.7,157.0,6,4,12.5,6,3,13.666666666666666,58.3,13.08,Sedang (50-75%),9.4,-0.8,-3.12
STD-3909,Graduate,0,2.0,Rendah,Social Service,Over 23 years old,Reguler (Siang),Perempuan,>35,42,Married,Ya,Lunas,Ya,Tidak,Tidak,Domestik,107.5,126.6,6,6,13.333333333333334,6,6,15.285714285714286,100.0,14.31,Baik (>75%),11.1,0.6,2.02
STD-3910,Dropout,1,95.0,Tinggi,Informatics Engineering,Over 23 years old,Reguler (Siang),Perempuan,28-35,34,Single,Tidak,Lunas,Tidak,Ya,Tidak,Domestik,108.4,110.0,5,0,0.0,5,0,0.0,0.0,0.0,Kritis (<25%),10.8,1.4,1.74
STD-3911,Enrolled,0,19.9,Rendah,Journalism & Comm,2nd phase - general,Reguler (Siang),Perempuan,<=20,20,Single,Tidak,Lunas,Tidak,Ya,Tidak,Domestik,130.7,144.0,6,6,11.666666666666666,6,5,11.6,91.7,11.63,Baik (>75%),7.6,2.6,0.32
STD-3912,Graduate,0,6.7,Rendah,Social Service (eve),Tech. specialization holder,Kelas Malam,Perempuan,28-35,33,Married,Tidak,Lunas,Tidak,Tidak,Tidak,Domestik,155.9,160.0,6,6,15.714285714285714,6,6,15.5,100.0,15.61,Baik (>75%),13.9,-0.3,0.79
STD-3913,Graduate,0,3.9,Rendah,Tourism,1st phase - general,Reguler (Siang),Perempuan,<=20,20,Single,Tidak,Lunas,Tidak,Ya,Tidak,Domestik,106.1,105.0,6,5,11.0,6,5,11.4,83.3,11.2,Baik (>75%),13.9,-0.3,0.79
STD-3914,Graduate,0,42.3,Sedang,Advertising & Marketing,1st phase - general,Reguler (Siang),Perempuan,<=20,19,Single,Ya,Lunas,Tidak,Ya,Tidak,Domestik,128.6,130.0,5,4,12.25,5,4,12.75,80.0,12.5,Baik (>75%),7.6,2.6,0.32
STD-3915,Dropout,1,12.5,Rendah,Management (evening),Change of course,Kelas Malam,Perempuan,28-35,34,Married,Ya,Lunas,Tidak,Tidak,Tidak,Domestik,140.0,140.0,10,5,12.2,9,8,12.22222222222222,68.4,12.21,Sedang (50-75%),16.2,0.3,-0.92
STD-3916,Graduate,0,3.6,Rendah,Management,1st phase - general,Reguler (Siang),Perempuan,<=20,18,Single,Tidak,Lunas,Tidak,Ya,Tidak,Domestik,145.0,138.0,5,5,13.0,5,5,14.0,100.0,13.5,Baik (>75%),7.6,2.6,0.32
STD-3917,Graduate,0,1.8,Rendah,Social Service (eve),2nd phase - general,Kelas Malam,Perempuan,24-27,24,Single,Tidak,Lunas,Ya,Tidak,Tidak,Domestik,113.0,120.0,6,4,12.0,6,6,13.0,83.3,12.5,Baik (>75%),10.8,1.4,1.74
STD-3918,Graduate,0,2.6,Rendah,Basic Education,1st phase - general,Reguler (Siang),Perempuan,<=20,18,Single,Tidak,Lunas,Tidak,Ya,Tidak,Domestik,137.1,135.0,6,6,13.333333333333334,6,6,12.333333333333334,100.0,12.83,Baik (>75%),7.6,2.6,0.32
STD-3919,Enrolled,0,7.3,Rendah,Advertising & Marketing,1st phase - general,Reguler (Siang),Perempuan,<=20,20,Single,Tidak,Lunas,Tidak,Ya,Tidak,Domestik,119.7,119.0,5,3,13.0,5,3,13.0,60.0,13.0,Sedang (50-75%),7.6,2.6,0.32
STD-3920,Graduate,0,2.1,Rendah,Nursing,2nd phase - general,Reguler (Siang),Perempuan,21-23,21,Single,Tidak,Lunas,Tidak,Ya,Tidak,Domestik,120.5,121.0,8,7,12.91,8,7,12.91,87.5,12.91,Baik (>75%),10.8,1.4,1.74
STD-3921,Graduate,0,16.6,Rendah,Social Service,1st phase - general,Reguler (Siang),Perempuan,<=20,19,Single,Tidak,Lunas,Ya,Ya,Tidak,Domestik,125.7,126.0,6,6,11.0,6,3,11.0,75.0,11.0,Sedang (50-75%),9.4,-0.8,-3.12
STD-3922,Graduate,0,3.8,Rendah,Nursing,2nd phase - general,Reguler (Siang),Perempuan,<=20,19,Single,Tidak,Lunas,Ya,Tidak,Tidak,Domestik,125.5,132.0,7,6,13.579999999999998,8,8,12.93625,93.3,13.26,Baik (>75%),15.5,2.8,-4.06
STD-3923,Graduate,0,3.7,Rendah,Social Service,1st phase - general,Reguler (Siang),Perempuan,<=20,18,Single,Tidak,Lunas,Ya,Ya,Tidak,Domestik,124.5,128.0,6,4,12.4,6,6,12.5,83.3,12.45,Baik (>75%),12.4,0.5,1.79
STD-3924,Graduate,0,1.7,Rendah,Social Service (eve),Over 23 years old,Kelas Malam,Perempuan,>35,38,Divorced,Tidak,Lunas,Ya,Tidak,Tidak,Domestik,126.0,160.0,9,8,12.88888888888889,7,7,13.0,93.8,12.94,Baik (>75%),13.9,-0.3,0.79
STD-3925,Enrolled,0,20.1,Rendah,Animation & Multimedia,1st phase - general,Reguler (Siang),Laki-laki,21-23,21,Single,Ya,Lunas,Tidak,Ya,Tidak,Domestik,136.2,125.0,12,11,11.545454545454543,11,9,11.7,87.0,11.62,Baik (>75%),8.9,1.4,3.51
STD-3926,Enrolled,0,90.1,Tinggi,Management,Change of course,Reguler (Siang),Laki-laki,21-23,23,Single,Tidak,Lunas,Tidak,Ya,Tidak,Internasional,124.2,127.0,5,1,10.0,5,0,0.0,10.0,5.0,Kritis (<25%),15.5,2.8,-4.06
STD-3927,Graduate,0,4.4,Rendah,Nursing,2nd phase - general,Reguler (Siang),Perempuan,<=20,19,Single,Tidak,Lunas,Tidak,Ya,Tidak,Domestik,138.5,147.0,8,8,14.34125,8,8,14.34125,100.0,14.34,Baik (>75%),9.4,-0.8,-3.12
STD-3928,Dropout,1,72.2,Tinggi,Journalism & Comm,1st phase - general,Reguler (Siang),Perempuan,<=20,18,Single,Ya,Menunggak,Tidak,Ya,Tidak,Domestik,122.3,130.0,6,6,14.142857142857142,6,5,12.0,91.7,13.07,Baik (>75%),13.9,-0.3,0.79
STD-3929,Graduate,0,20.7,Rendah,Animation & Multimedia,1st phase - general,Reguler (Siang),Perempuan,<=20,18,Single,Tidak,Lunas,Ya,Ya,Tidak,Domestik,126.0,134.0,0,0,0.0,0,0,0.0,0.0,0.0,Kritis (<25%),9.4,-0.8,-3.12
STD-3930,Enrolled,0,29.8,Rendah,Agronomy,Over 23 years old,Reguler (Siang),Perempuan,24-27,24,Single,Tidak,Lunas,Tidak,Ya,Tidak,Domestik,135.4,140.0,6,5,11.8,6,4,11.25,75.0,11.52,Sedang (50-75%),12.4,0.5,1.79
STD-3931,Graduate,0,2.0,Rendah,Journalism & Comm,1st phase - general,Reguler (Siang),Perempuan,<=20,18,Single,Tidak,Lunas,Ya,Tidak,Tidak,Internasional,146.5,151.0,6,6,13.333333333333334,6,6,14.166666666666666,100.0,13.75,Baik (>75%),12.7,3.7,-1.7
STD-3932,Graduate,0,9.1,Rendah,Equinculture,1st phase - general,Reguler (Siang),Perempuan,<=20,18,Single,Tidak,Lunas,Tidak,Ya,Tidak,Domestik,121.9,132.0,6,6,14.5,6,6,12.857142857142858,100.0,13.68,Baik (>75%),13.9,-0.3,0.79
STD-3933,Graduate,0,11.8,Rendah,Management (evening),Holder of other higher course,Kelas Malam,Perempuan,24-27,26,Single,Tidak,Lunas,Tidak,Tidak,Tidak,Domestik,130.0,130.0,10,8,12.666666666666666,10,10,13.4,90.0,13.03,Baik (>75%),11.1,0.6,2.02
STD-3934,Enrolled,0,53.2,Sedang,Management,1st phase - general,Reguler (Siang),Perempuan,<=20,19,Single,Ya,Lunas,Tidak,Tidak,Tidak,Domestik,115.2,126.0,5,1,10.0,5,2,10.0,30.0,10.0,Rendah (25-50%),12.4,0.5,1.79
STD-3935,Dropout,1,94.5,Tinggi,Advertising & Marketing,3rd phase - general,Reguler (Siang),Perempuan,<=20,19,Single,Tidak,Lunas,Ya,Ya,Tidak,Domestik,115.2,119.0,6,0,0.0,6,0,0.0,0.0,0.0,Kritis (<25%),12.7,3.7,-1.7
STD-3936,Enrolled,0,11.7,Rendah,Tourism,1st phase - general,Reguler (Siang),Perempuan,<=20,19,Single,Tidak,Lunas,Tidak,Tidak,Tidak,Domestik,125.1,123.0,6,4,11.0,6,4,12.5,66.7,11.75,Sedang (50-75%),16.2,0.3,-0.92
STD-3937,Dropout,1,20.5,Rendah,Equinculture,1st phase - general,Reguler (Siang),Perempuan,<=20,20,Single,Ya,Lunas,Tidak,Ya,Tidak,Domestik,108.0,106.0,5,2,12.0,5,4,11.0,60.0,11.5,Sedang (50-75%),9.4,-0.8,-3.12
STD-3938,Enrolled,0,52.4,Sedang,Tourism,1st phase - general,Reguler (Siang),Perempuan,21-23,22,Single,Tidak,Lunas,Tidak,Ya,Tidak,Domestik,125.9,121.0,6,4,10.0,6,2,13.5,50.0,11.75,Rendah (25-50%),9.4,-0.8,-3.12
STD-3939,Graduate,0,4.1,Rendah,Nursing,1st phase - general,Reguler (Siang),Perempuan,<=20,19,Single,Tidak,Lunas,Tidak,Ya,Tidak,Domestik,128.0,138.0,7,7,14.20857142857143,8,8,15.127777777777778,100.0,14.67,Baik (>75%),11.1,0.6,2.02
STD-3940,Graduate,0,1.8,Rendah,Nursing,1st phase - general,Reguler (Siang),Perempuan,<=20,20,Single,Tidak,Lunas,Tidak,Ya,Tidak,Domestik,113.5,118.0,7,7,14.30714285714286,8,8,15.0125,100.0,14.66,Baik (>75%),12.4,0.5,1.79
STD-3941,Enrolled,0,28.0,Rendah,Management,Over 23 years old,Reguler (Siang),Perempuan,>35,36,Married,Tidak,Lunas,Tidak,Tidak,Tidak,Domestik,124.6,120.0,5,3,11.0,5,4,13.375,70.0,12.19,Sedang (50-75%),10.8,1.4,1.74
STD-3942,Dropout,1,97.7,Tinggi,Basic Education,Over 23 years old,Reguler (Siang),Perempuan,28-35,29,Single,Tidak,Lunas,Tidak,Ya,Tidak,Domestik,116.0,133.1,7,0,0.0,6,0,0.0,0.0,0.0,Kritis (<25%),11.1,0.6,2.02
STD-3943,Graduate,0,10.5,Rendah,Social Service,2nd phase - general,Reguler (Siang),Perempuan,<=20,19,Single,Tidak,Lunas,Tidak,Ya,Tidak,Domestik,124.9,141.0,6,6,12.0,6,4,11.0,83.3,11.5,Baik (>75%),12.7,3.7,-1.7
STD-3944,Dropout,1,94.3,Tinggi,Management,Over 23 years old,Reguler (Siang),Perempuan,24-27,24,Facto Union,Ya,Menunggak,Tidak,Tidak,Tidak,Domestik,140.5,180.0,5,0,0.0,5,0,0.0,0.0,0.0,Kritis (<25%),13.9,-0.3,0.79
STD-3945,Dropout,1,85.0,Tinggi,Agronomy,Over 23 years old,Reguler (Siang),Perempuan,24-27,27,Facto Union,Ya,Menunggak,Tidak,Tidak,Tidak,Domestik,179.6,180.0,6,0,0.0,6,0,0.0,0.0,0.0,Kritis (<25%),8.9,1.4,3.51
STD-3946,Graduate,0,2.8,Rendah,Journalism & Comm,2nd phase - general,Reguler (Siang),Perempuan,<=20,18,Single,Tidak,Lunas,Ya,Ya,Tidak,Domestik,116.1,115.0,6,6,13.857142857142858,6,6,14.285714285714286,100.0,14.07,Baik (>75%),13.9,-0.3,0.79
STD-3947,Graduate,0,33.0,Sedang,Animation & Multimedia,2nd phase - general,Reguler (Siang),Perempuan,<=20,18,Single,Tidak,Lunas,Ya,Ya,Tidak,Domestik,139.4,142.0,0,0,0.0,0,0,0.0,0.0,0.0,Kritis (<25%),15.5,2.8,-4.06
STD-3948,Dropout,1,95.8,Tinggi,Oral Hygiene,2nd phase - general,Reguler (Siang),Perempuan,21-23,21,Single,Tidak,Lunas,Tidak,Ya,Tidak,Domestik,129.0,135.0,7,0,0.0,7,0,0.0,0.0,0.0,Kritis (<25%),12.7,3.7,-1.7
STD-3949,Graduate,0,9.8,Rendah,Advertising & Marketing,Over 23 years old,Reguler (Siang),Perempuan,>35,43,Married,Tidak,Lunas,Ya,Tidak,Tidak,Domestik,135.6,150.0,6,5,11.0,6,5,13.0,83.3,12.0,Baik (>75%),12.4,0.5,1.79
STD-3950,Graduate,0,3.1,Rendah,Management,Change of course,Reguler (Siang),Perempuan,<=20,18,Single,Tidak,Lunas,Ya,Tidak,Tidak,Domestik,147.8,153.0,5,5,13.2,5,5,14.4,100.0,13.8,Baik (>75%),16.2,0.3,-0.92
STD-3951,Dropout,1,15.7,Rendah,Veterinary Nursing,3rd phase - general,Reguler (Siang),Perempuan,21-23,21,Single,Tidak,Lunas,Ya,Ya,Tidak,Domestik,138.0,153.0,6,6,13.5,6,3,15.333333333333334,75.0,14.42,Sedang (50-75%),8.9,1.4,3.51
STD-3952,Dropout,1,94.0,Tinggi,Management,Holder of other higher course,Reguler (Siang),Perempuan,24-27,26,Single,Tidak,Lunas,Tidak,Tidak,Tidak,Domestik,150.0,150.0,5,0,0.0,5,0,0.0,0.0,0.0,Kritis (<25%),9.4,-0.8,-3.12
STD-3953,Graduate,0,4.2,Rendah,Nursing,1st phase - general,Reguler (Siang),Perempuan,<=20,19,Single,Tidak,Lunas,Ya,Ya,Tidak,Domestik,130.8,144.0,8,7,14.214285714285714,8,7,14.214285714285714,87.5,14.21,Baik (>75%),12.7,3.7,-1.7
STD-3954,Graduate,0,2.1,Rendah,Veterinary Nursing,1st phase - general,Reguler (Siang),Perempuan,<=20,18,Single,Tidak,Lunas,Tidak,Tidak,Tidak,Domestik,122.6,130.0,5,5,13.0,5,5,12.4,100.0,12.7,Baik (>75%),7.6,2.6,0.32
STD-3955,Dropout,1,43.4,Sedang,Journalism & Comm,1st phase - general,Reguler (Siang),Perempuan,21-23,22,Single,Tidak,Lunas,Tidak,Ya,Tidak,Domestik,119.1,125.0,6,2,12.0,6,1,10.0,25.0,11.0,Kritis (<25%),9.4,-0.8,-3.12
STD-3956,Dropout,1,96.1,Tinggi,Nursing,Over 23 years old,Reguler (Siang),Perempuan,24-27,27,Single,Tidak,Lunas,Tidak,Ya,Tidak,Domestik,111.8,133.1,7,0,0.0,8,0,0.0,0.0,0.0,Kritis (<25%),11.1,0.6,2.02
STD-3957,Graduate,0,2.2,Rendah,Management,1st phase - general,Reguler (Siang),Perempuan,<=20,18,Single,Tidak,Lunas,Tidak,Ya,Tidak,Domestik,125.0,133.0,5,5,12.8,5,5,12.6,100.0,12.7,Baik (>75%),9.4,-0.8,-3.12
STD-3958,Graduate,0,7.7,Rendah,Veterinary Nursing,2nd phase - general,Reguler (Siang),Perempuan,<=20,19,Single,Tidak,Lunas,Tidak,Tidak,Tidak,Domestik,129.9,140.0,5,4,13.6,5,4,12.2,80.0,12.9,Baik (>75%),9.4,-0.8,-3.12
STD-3959,Graduate,0,10.2,Rendah,Nursing,2nd phase - general,Reguler (Siang),Perempuan,<=20,18,Single,Tidak,Lunas,Tidak,Ya,Tidak,Domestik,131.1,133.0,7,7,13.971428571428572,8,8,15.75,100.0,14.86,Baik (>75%),13.9,-0.3,0.79
STD-3960,Graduate,0,3.2,Rendah,Veterinary Nursing,1st phase - general,Reguler (Siang),Perempuan,<=20,19,Single,Tidak,Lunas,Ya,Tidak,Tidak,Domestik,141.4,154.0,6,6,15.0,6,6,14.857142857142858,100.0,14.93,Baik (>75%),11.1,0.6,2.02
STD-3961,Dropout,1,99.0,Tinggi,Veterinary Nursing,Over 23 years old,Reguler (Siang),Perempuan,28-35,32,Single,Tidak,Menunggak,Tidak,Tidak,Tidak,Domestik,120.0,133.1,6,0,0.0,6,0,0.0,0.0,0.0,Kritis (<25%),11.1,0.6,2.02
STD-3962,Graduate,0,3.4,Rendah,Nursing,Transfer,Reguler (Siang),Perempuan,21-23,23,Single,Tidak,Lunas,Tidak,Ya,Tidak,Domestik,133.4,168.0,26,26,15.07777777777778,17,17,15.023529411764704,100.0,15.05,Baik (>75%),15.5,2.8,-4.06
STD-3963,Graduate,0,2.7,Rendah,Nursing,2nd phase - general,Reguler (Siang),Perempuan,<=20,20,Single,Tidak,Lunas,Tidak,Ya,Tidak,Domestik,127.3,132.0,7,6,13.383333333333333,7,6,13.383333333333333,85.7,13.38,Baik (>75%),7.6,2.6,0.32
STD-3964,Graduate,0,13.3,Rendah,Animation & Multimedia,1st phase - general,Reguler (Siang),Perempuan,<=20,20,Single,Ya,Lunas,Tidak,Ya,Tidak,Domestik,131.8,133.1,12,12,13.25,11,10,13.090909090909092,95.7,13.17,Baik (>75%),8.9,1.4,3.51
STD-3965,Dropout,1,89.4,Tinggi,Social Service,2nd phase - general,Reguler (Siang),Perempuan,<=20,19,Single,Ya,Menunggak,Tidak,Ya,Tidak,Domestik,114.8,120.0,6,5,11.714285714285714,6,2,10.666666666666666,58.3,11.19,Sedang (50-75%),16.2,0.3,-0.92
STD-3966,Graduate,0,2.9,Rendah,Nursing,1st phase - general,Reguler (Siang),Perempuan,<=20,18,Single,Tidak,Lunas,Ya,Ya,Tidak,Domestik,132.8,150.0,8,8,13.01125,8,8,13.01125,100.0,13.01,Baik (>75%),9.4,-0.8,-3.12
STD-3967,Dropout,1,7.0,Rendah,Agronomy,Tech. specialization holder,Reguler (Siang),Perempuan,21-23,21,Single,Tidak,Lunas,Tidak,Tidak,Tidak,Domestik,140.0,140.0,6,3,10.666666666666666,6,4,12.0,58.3,11.33,Sedang (50-75%),15.5,2.8,-4.06
STD-3968,Enrolled,0,76.8,Tinggi,Nursing,1st phase - general,Reguler (Siang),Perempuan,<=20,20,Single,Tidak,Lunas,Ya,Tidak,Tidak,Domestik,108.3,103.0,7,0,0.0,7,0,0.0,0.0,0.0,Kritis (<25%),11.1,0.6,2.02
STD-3969,Graduate,0,10.3,Rendah,Veterinary Nursing,Tech. specialization holder,Reguler (Siang),Perempuan,21-23,22,Single,Tidak,Lunas,Tidak,Ya,Tidak,Domestik,150.0,150.0,6,6,13.0,6,3,12.666666666666666,75.0,12.83,Sedang (50-75%),12.4,0.5,1.79
STD-3970,Graduate,0,3.9,Rendah,Management (evening),Tech. specialization holder,Kelas Malam,Perempuan,24-27,26,Single,Tidak,Lunas,Tidak,Tidak,Tidak,Domestik,160.0,160.0,5,5,12.0,5,5,11.4,100.0,11.7,Baik (>75%),12.7,3.7,-1.7
STD-3971,Graduate,0,3.7,Rendah,Communication Design,1st phase - general,Reguler (Siang),Perempuan,<=20,20,Single,Tidak,Lunas,Tidak,Ya,Tidak,Domestik,131.7,131.0,6,6,12.166666666666666,6,5,13.8,91.7,12.98,Baik (>75%),12.7,3.7,-1.7
STD-3972,Graduate,0,5.3,Rendah,Nursing,1st phase - general,Reguler (Siang),Perempuan,<=20,19,Single,Tidak,Lunas,Tidak,Ya,Tidak,Domestik,112.6,114.0,7,6,11.85,8,7,13.65,86.7,12.75,Baik (>75%),16.2,0.3,-0.92
STD-3973,Graduate,0,12.6,Rendah,Management (evening),Over 23 years old,Kelas Malam,Perempuan,28-35,31,Single,Tidak,Lunas,Tidak,Tidak,Tidak,Domestik,111.1,120.0,5,4,11.0,5,5,11.2,90.0,11.1,Baik (>75%),7.6,2.6,0.32
STD-3974,Graduate,0,8.5,Rendah,Nursing,Change of course,Reguler (Siang),Perempuan,<=20,20,Single,Ya,Lunas,Ya,Ya,Tidak,Domestik,127.5,140.0,7,7,12.327777777777778,8,8,11.736,100.0,12.03,Baik (>75%),15.5,2.8,-4.06
STD-3975,Graduate,0,7.9,Rendah,Veterinary Nursing,Change of course,Reguler (Siang),Perempuan,<=20,20,Single,Tidak,Lunas,Tidak,Ya,Tidak,Domestik,120.2,130.0,5,4,12.0,5,5,13.428571428571429,90.0,12.71,Baik (>75%),10.8,1.4,1.74
STD-3976,Graduate,0,6.2,Rendah,Nursing,2nd phase - general,Reguler (Siang),Perempuan,21-23,21,Single,Tidak,Lunas,Tidak,Ya,Tidak,Domestik,118.9,121.0,7,7,14.428571428571429,8,8,14.511111111111113,100.0,14.47,Baik (>75%),16.2,0.3,-0.92
STD-3977,Graduate,0,2.6,Rendah,Nursing,1st phase - general,Reguler (Siang),Perempuan,<=20,18,Single,Tidak,Lunas,Tidak,Ya,Tidak,Domestik,119.9,130.0,7,7,13.78,8,8,12.6125,100.0,13.2,Baik (>75%),12.4,0.5,1.79
STD-3978,Graduate,0,6.5,Rendah,Nursing,2nd phase - general,Reguler (Siang),Perempuan,<=20,19,Single,Tidak,Lunas,Ya,Ya,Tidak,Domestik,127.3,141.0,7,6,13.8,7,6,13.8,85.7,13.8,Baik (>75%),7.6,2.6,0.32
STD-3979,Graduate,0,7.7,Rendah,Basic Education,1st phase - general,Reguler (Siang),Perempuan,<=20,18,Single,Tidak,Lunas,Ya,Ya,Tidak,Domestik,127.9,131.0,7,7,14.857142857142858,7,7,15.142857142857142,100.0,15.0,Baik (>75%),13.9,-0.3,0.79
STD-3980,Enrolled,0,17.6,Rendah,Journalism & Comm,Over 23 years old,Reguler (Siang),Perempuan,>35,40,Divorced,Tidak,Lunas,Tidak,Tidak,Tidak,Domestik,133.0,133.1,6,5,13.0,6,5,12.6,83.3,12.8,Baik (>75%),16.2,0.3,-0.92
STD-3981,Graduate,0,4.7,Rendah,Social Service,2nd phase - general,Reguler (Siang),Perempuan,<=20,18,Single,Tidak,Lunas,Ya,Tidak,Tidak,Domestik,114.6,117.0,6,6,12.142857142857142,6,6,13.333333333333334,100.0,12.74,Baik (>75%),13.9,-0.3,0.79
STD-3982,Graduate,0,8.1,Rendah,Veterinary Nursing,1st phase - general,Reguler (Siang),Perempuan,<=20,18,Single,Tidak,Lunas,Tidak,Ya,Tidak,Domestik,144.5,151.0,6,6,15.666666666666666,6,6,14.833333333333334,100.0,15.25,Baik (>75%),8.9,1.4,3.51
STD-3983,Graduate,0,11.8,Rendah,Nursing,2nd phase - general,Reguler (Siang),Perempuan,<=20,19,Single,Tidak,Lunas,Tidak,Ya,Tidak,Domestik,125.4,131.0,7,5,12.5,8,7,12.166666666666666,80.0,12.33,Baik (>75%),15.5,2.8,-4.06
STD-3984,Graduate,0,2.2,Rendah,Social Service,2nd phase - general,Reguler (Siang),Perempuan,<=20,19,Single,Tidak,Lunas,Ya,Tidak,Tidak,Domestik,145.0,145.0,6,6,12.833333333333334,6,6,13.166666666666666,100.0,13.0,Baik (>75%),12.4,0.5,1.79
STD-3985,Dropout,1,96.2,Tinggi,Agronomy,Over 23 years old,Reguler (Siang),Perempuan,28-35,28,Single,Ya,Menunggak,Tidak,Tidak,Tidak,Domestik,138.1,135.0,6,0,0.0,6,0,0.0,0.0,0.0,Kritis (<25%),8.9,1.4,3.51
STD-3986,Graduate,0,2.1,Rendah,Communication Design,2nd phase - general,Reguler (Siang),Perempuan,<=20,20,Single,Tidak,Lunas,Tidak,Ya,Tidak,Domestik,124.6,119.0,6,6,12.5,6,6,12.666666666666666,100.0,12.58,Baik (>75%),7.6,2.6,0.32
STD-3987,Graduate,0,15.9,Rendah,Journalism & Comm,1st phase - general,Reguler (Siang),Perempuan,<=20,18,Single,Tidak,Lunas,Tidak,Ya,Tidak,Domestik,130.8,122.0,6,4,11.25,6,5,13.0,75.0,12.12,Sedang (50-75%),9.4,-0.8,-3.12
STD-3988,Graduate,0,2.9,Rendah,Nursing,1st phase - general,Reguler (Siang),Perempuan,<=20,18,Single,Tidak,Lunas,Tidak,Ya,Tidak,Domestik,140.5,155.0,7,6,15.25,7,6,15.25,85.7,15.25,Baik (>75%),7.6,2.6,0.32
STD-3989,Graduate,0,12.7,Rendah,Veterinary Nursing,1st phase - general,Reguler (Siang),Perempuan,<=20,20,Single,Tidak,Lunas,Ya,Ya,Tidak,Domestik,124.1,123.0,5,5,14.0,5,3,12.0,80.0,13.0,Baik (>75%),9.4,-0.8,-3.12
STD-3990,Graduate,0,35.8,Sedang,Social Service,Change of course,Reguler (Siang),Perempuan,28-35,28,Single,Ya,Lunas,Tidak,Tidak,Tidak,Domestik,118.4,130.0,16,13,12.076923076923077,13,11,12.090909090909092,82.8,12.08,Baik (>75%),16.2,0.3,-0.92
STD-3991,Graduate,0,4.7,Rendah,Basic Education,International student,Reguler (Siang),Perempuan,21-23,23,Single,Tidak,Lunas,Tidak,Tidak,Tidak,Internasional,128.2,133.1,16,16,14.625,10,9,14.88888888888889,96.2,14.76,Baik (>75%),8.9,1.4,3.51
STD-3992,Dropout,1,50.6,Sedang,Basic Education,1st phase - general,Reguler (Siang),Perempuan,<=20,19,Single,Tidak,Lunas,Tidak,Ya,Tidak,Domestik,109.5,114.0,7,4,10.5,7,2,10.5,42.9,10.5,Rendah (25-50%),16.2,0.3,-0.92
STD-3993,Graduate,0,2.3,Rendah,Social Service,2nd phase - general,Reguler (Siang),Perempuan,<=20,18,Single,Tidak,Lunas,Ya,Ya,Tidak,Domestik,131.1,137.0,6,6,12.833333333333334,6,6,12.166666666666666,100.0,12.5,Baik (>75%),8.9,1.4,3.51
STD-3994,Graduate,0,77.5,Tinggi,Journalism & Comm,1st phase - general,Reguler (Siang),Perempuan,<=20,20,Single,Ya,Menunggak,Ya,Tidak,Tidak,Internasional,137.9,161.0,6,6,12.5,6,5,11.8,91.7,12.15,Baik (>75%),10.8,1.4,1.74
STD-3995,Graduate,0,9.5,Rendah,Animation & Multimedia,1st phase - general,Reguler (Siang),Perempuan,<=20,20,Single,Tidak,Lunas,Tidak,Ya,Tidak,Domestik,128.2,133.1,12,12,11.23076923076923,11,9,12.77777777777778,91.3,12.0,Baik (>75%),11.1,0.6,2.02
STD-3996,Dropout,1,93.6,Tinggi,Management (evening),Over 23 years old,Kelas Malam,Perempuan,24-27,27,Married,Tidak,Lunas,Tidak,Tidak,Tidak,Domestik,126.5,133.1,5,2,10.5,5,0,0.0,20.0,5.25,Kritis (<25%),7.6,2.6,0.32
STD-3997,Dropout,1,58.5,Sedang,Basic Education,1st phase - general,Reguler (Siang),Perempuan,<=20,18,Single,Tidak,Lunas,Tidak,Ya,Tidak,Domestik,120.0,128.0,6,3,12.0,6,2,12.0,41.7,12.0,Rendah (25-50%),12.7,3.7,-1.7
STD-3998,Graduate,0,3.4,Rendah,Oral Hygiene,Over 23 years old,Reguler (Siang),Perempuan,>35,37,Divorced,Tidak,Lunas,Ya,Tidak,Tidak,Domestik,123.0,133.1,7,7,10.985714285714286,8,8,12.3,100.0,11.64,Baik (>75%),10.8,1.4,1.74
STD-3999,Dropout,1,95.2,Tinggi,Nursing,Holder of other higher course,Reguler (Siang),Perempuan,>35,42,Divorced,Tidak,Menunggak,Tidak,Tidak,Tidak,Domestik,130.0,130.0,7,5,12.62,7,3,14.166666666666666,57.1,13.39,Sedang (50-75%),12.4,0.5,1.79
STD-4000,Dropout,1,6.9,Rendah,Nursing,2nd phase - general,Reguler (Siang),Perempuan,<=20,20,Single,Tidak,Lunas,Tidak,Ya,Tidak,Domestik,141.1,147.0,7,6,13.0,8,8,14.2125,93.3,13.61,Baik (>75%),13.9,-0.3,0.79
STD-4001,Dropout,1,98.1,Tinggi,Informatics Engineering,Over 23 years old,Reguler (Siang),Laki-laki,28-35,34,Married,Tidak,Menunggak,Tidak,Tidak,Tidak,Domestik,140.0,140.0,5,0,0.0,5,0,0.0,0.0,0.0,Kritis (<25%),15.5,2.8,-4.06
STD-4002,Dropout,1,92.7,Tinggi,Informatics Engineering,Transfer,Reguler (Siang),Laki-laki,21-23,22,Single,Tidak,Lunas,Tidak,Ya,Tidak,Domestik,133.6,140.0,5,0,0.0,5,0,0.0,0.0,0.0,Kritis (<25%),10.8,1.4,1.74
STD-4003,Graduate,0,2.5,Rendah,Tourism,Over 23 years old,Reguler (Siang),Laki-laki,>35,39,Married,Tidak,Lunas,Tidak,Tidak,Tidak,Domestik,123.5,133.1,6,6,13.5,6,6,13.333333333333334,100.0,13.42,Baik (>75%),12.4,0.5,1.79
STD-4004,Graduate,0,1.9,Rendah,Nursing,1st phase - general,Reguler (Siang),Laki-laki,<=20,18,Single,Tidak,Lunas,Ya,Ya,Tidak,Domestik,136.3,141.0,7,6,13.516666666666666,7,6,13.516666666666666,85.7,13.52,Baik (>75%),7.6,2.6,0.32
STD-4005,Graduate,0,3.7,Rendah,Communication Design,1st phase - general,Reguler (Siang),Laki-laki,21-23,21,Single,Tidak,Lunas,Ya,Ya,Tidak,Domestik,123.5,128.0,6,6,13.166666666666666,6,6,13.285714285714286,100.0,13.23,Baik (>75%),8.9,1.4,3.51
STD-4006,Dropout,1,92.5,Tinggi,Veterinary Nursing,Over 23 years old,Reguler (Siang),Laki-laki,28-35,34,Married,Tidak,Lunas,Tidak,Tidak,Tidak,Domestik,112.0,150.0,6,0,0.0,6,0,0.0,0.0,0.0,Kritis (<25%),10.8,1.4,1.74
STD-4007,Graduate,0,3.3,Rendah,Agronomy,Tech. specialization holder,Reguler (Siang),Laki-laki,21-23,22,Single,Tidak,Lunas,Ya,Tidak,Tidak,Domestik,160.0,160.0,6,6,13.125,6,6,13.0,100.0,13.06,Baik (>75%),16.2,0.3,-0.92
STD-4008,Dropout,1,95.6,Tinggi,Agronomy,Over 23 years old,Reguler (Siang),Laki-laki,28-35,31,Single,Tidak,Lunas,Tidak,Tidak,Tidak,Domestik,110.0,133.1,6,3,14.4,6,0,0.0,25.0,7.2,Kritis (<25%),16.2,0.3,-0.92
STD-4009,Dropout,1,97.5,Tinggi,Basic Education,3rd phase - general,Reguler (Siang),Laki-laki,<=20,19,Single,Tidak,Menunggak,Tidak,Ya,Tidak,Domestik,116.8,128.0,6,4,12.0,6,0,0.0,33.3,6.0,Rendah (25-50%),10.8,1.4,1.74
STD-4010,Dropout,1,93.4,Tinggi,Tourism,2nd phase - general,Reguler (Siang),Laki-laki,<=20,19,Single,Tidak,Lunas,Tidak,Tidak,Tidak,Domestik,109.5,114.0,5,0,0.0,5,0,0.0,0.0,0.0,Kritis (<25%),10.8,1.4,1.74
STD-4011,Dropout,1,98.0,Tinggi,Oral Hygiene,Over 23 years old,Reguler (Siang),Laki-laki,28-35,31,Single,Tidak,Lunas,Tidak,Tidak,Tidak,Domestik,100.0,133.1,7,0,0.0,7,0,0.0,0.0,0.0,Kritis (<25%),15.5,2.8,-4.06
STD-4012,Enrolled,0,24.0,Rendah,Management,1st phase - Azores,Reguler (Siang),Perempuan,<=20,19,Single,Tidak,Lunas,Tidak,Ya,Tidak,Domestik,117.3,126.0,5,3,10.8,5,3,10.5,60.0,10.65,Sedang (50-75%),13.9,-0.3,0.79
STD-4013,Dropout,1,97.7,Tinggi,Advertising & Marketing,Over 23 years old,Reguler (Siang),Perempuan,28-35,30,Married,Tidak,Lunas,Tidak,Tidak,Tidak,Internasional,130.0,133.1,6,0,0.0,6,0,0.0,0.0,0.0,Kritis (<25%),9.4,-0.8,-3.12
STD-4014,Graduate,0,8.9,Rendah,Nursing,Change of institution/course,Reguler (Siang),Perempuan,<=20,20,Single,Tidak,Lunas,Ya,Ya,Tidak,Domestik,137.8,129.0,7,7,16.13142857142857,8,8,15.52222222222222,100.0,15.83,Baik (>75%),11.1,0.6,2.02
STD-4015,Graduate,0,1.4,Rendah,Nursing,2nd phase - general,Reguler (Siang),Perempuan,<=20,18,Single,Tidak,Lunas,Ya,Ya,Tidak,Domestik,136.5,140.0,7,7,14.838571428571427,8,8,14.8,100.0,14.82,Baik (>75%),12.4,0.5,1.79
STD-4016,Dropout,1,52.2,Sedang,Management (evening),Over 23 years old,Kelas Malam,Perempuan,28-35,31,Divorced,Tidak,Lunas,Tidak,Tidak,Tidak,Domestik,138.7,133.1,5,3,10.333333333333334,5,3,12.0,60.0,11.17,Sedang (50-75%),10.8,1.4,1.74
STD-4017,Dropout,1,26.7,Rendah,Tourism,2nd phase - general,Reguler (Siang),Perempuan,<=20,19,Single,Tidak,Lunas,Tidak,Ya,Tidak,Domestik,124.9,134.0,6,3,12.0,6,4,11.25,58.3,11.62,Sedang (50-75%),7.6,2.6,0.32
STD-4018,Dropout,1,86.2,Tinggi,Social Service (eve),Over 23 years old,Kelas Malam,Perempuan,>35,43,Divorced,Tidak,Lunas,Ya,Tidak,Tidak,Domestik,140.0,133.1,6,0,0.0,5,0,0.0,0.0,0.0,Kritis (<25%),8.9,1.4,3.51
STD-4019,Graduate,0,3.3,Rendah,Tourism,2nd phase - general,Reguler (Siang),Perempuan,<=20,20,Single,Tidak,Lunas,Ya,Ya,Tidak,Domestik,122.6,132.0,6,6,13.166666666666666,6,6,14.0,100.0,13.58,Baik (>75%),13.9,-0.3,0.79
STD-4020,Graduate,0,2.6,Rendah,Nursing,1st phase - general,Reguler (Siang),Perempuan,<=20,19,Single,Tidak,Lunas,Ya,Ya,Tidak,Domestik,129.5,131.0,8,8,13.9475,8,8,13.9475,100.0,13.95,Baik (>75%),9.4,-0.8,-3.12
STD-4021,Dropout,1,83.3,Tinggi,Advertising & Marketing,1st phase - general,Reguler (Siang),Perempuan,21-23,22,Single,Tidak,Lunas,Tidak,Tidak,Tidak,Domestik,155.0,133.1,5,3,11.333333333333334,5,0,0.0,30.0,5.67,Rendah (25-50%),9.4,-0.8,-3.12
STD-4022,Graduate,0,5.0,Rendah,Social Service (eve),1st phase - general,Kelas Malam,Perempuan,24-27,26,Single,Tidak,Lunas,Tidak,Tidak,Tidak,Domestik,100.0,133.1,8,7,12.75,7,7,12.285714285714286,93.3,12.52,Baik (>75%),16.2,0.3,-0.92
STD-4023,Graduate,0,2.3,Rendah,Management,3rd phase - general,Reguler (Siang),Perempuan,<=20,19,Single,Tidak,Lunas,Ya,Ya,Tidak,Domestik,137.6,160.0,5,5,12.6,5,5,11.25,100.0,11.92,Baik (>75%),10.8,1.4,1.74
STD-4024,Dropout,1,13.4,Rendah,Nursing,Holder of other higher course,Reguler (Siang),Perempuan,28-35,29,Single,Tidak,Lunas,Tidak,Ya,Tidak,Domestik,120.0,120.0,8,6,12.25,8,6,12.25,75.0,12.25,Sedang (50-75%),12.7,3.7,-1.7
STD-4025,Enrolled,0,38.7,Sedang,Oral Hygiene,International student,Reguler (Siang),Perempuan,<=20,20,Single,Tidak,Lunas,Tidak,Tidak,Tidak,Internasional,114.0,114.0,7,0,0.0,7,2,11.666666666666666,14.3,5.83,Kritis (<25%),8.9,1.4,3.51
STD-4026,Enrolled,0,3.0,Rendah,Management (evening),1st phase - general,Kelas Malam,Perempuan,>35,38,Divorced,Tidak,Lunas,Ya,Tidak,Tidak,Domestik,139.0,140.0,5,5,11.0,5,5,11.4,100.0,11.2,Baik (>75%),9.4,-0.8,-3.12
STD-4027,Graduate,0,12.6,Rendah,Agronomy,Over 23 years old,Reguler (Siang),Perempuan,>35,41,Single,Tidak,Lunas,Tidak,Tidak,Tidak,Domestik,110.0,100.0,12,12,11.833333333333334,12,9,12.7,87.5,12.27,Baik (>75%),15.5,2.8,-4.06
STD-4028,Dropout,1,6.8,Rendah,Nursing,1st phase - general,Reguler (Siang),Perempuan,<=20,19,Single,Tidak,Lunas,Tidak,Ya,Tidak,Domestik,128.5,139.0,8,6,13.066666666666668,8,6,13.066666666666668,75.0,13.07,Sedang (50-75%),12.7,3.7,-1.7
STD-4029,Graduate,0,5.2,Rendah,Communication Design,1st phase - general,Reguler (Siang),Perempuan,<=20,19,Single,Ya,Lunas,Tidak,Tidak,Tidak,Domestik,132.2,136.0,6,6,13.833333333333334,6,6,13.875,100.0,13.85,Baik (>75%),10.8,1.4,1.74
STD-4030,Dropout,1,96.3,Tinggi,Nursing,Holder of other higher course,Reguler (Siang),Perempuan,>35,43,Divorced,Tidak,Lunas,Tidak,Tidak,Tidak,Domestik,130.0,130.0,7,3,13.833333333333334,7,0,0.0,21.4,6.92,Kritis (<25%),16.2,0.3,-0.92
STD-4031,Graduate,0,13.0,Rendah,Equinculture,2nd phase - general,Reguler (Siang),Perempuan,<=20,19,Single,Tidak,Lunas,Tidak,Ya,Tidak,Domestik,129.3,145.0,5,5,11.8,5,5,13.2,100.0,12.5,Baik (>75%),10.8,1.4,1.74
STD-4032,Enrolled,0,2.9,Rendah,Animation & Multimedia,1st phase - general,Reguler (Siang),Laki-laki,<=20,19,Single,Tidak,Lunas,Ya,Ya,Tidak,Domestik,128.2,133.1,12,12,13.333333333333334,11,10,12.818181818181818,95.7,13.08,Baik (>75%),8.9,1.4,3.51
STD-4033,Graduate,0,2.8,Rendah,Nursing,1st phase - general,Reguler (Siang),Laki-laki,<=20,18,Single,Tidak,Lunas,Tidak,Ya,Tidak,Domestik,130.3,146.0,8,8,13.74625,8,8,13.74625,100.0,13.75,Baik (>75%),9.4,-0.8,-3.12
STD-4034,Dropout,1,51.1,Sedang,Animation & Multimedia,1st phase - general,Reguler (Siang),Laki-laki,<=20,19,Single,Tidak,Lunas,Tidak,Ya,Tidak,Domestik,162.5,159.0,0,0,0.0,0,0,0.0,0.0,0.0,Kritis (<25%),16.2,0.3,-0.92
STD-4035,Dropout,1,97.8,Tinggi,Social Service (eve),Over 23 years old,Kelas Malam,Laki-laki,>35,38,Married,Tidak,Lunas,Tidak,Tidak,Tidak,Domestik,130.0,133.1,6,0,0.0,6,0,0.0,0.0,0.0,Kritis (<25%),9.4,-0.8,-3.12
STD-4036,Dropout,1,97.6,Tinggi,Equinculture,Holder of other higher course,Reguler (Siang),Laki-laki,>35,37,Married,Tidak,Lunas,Tidak,Ya,Tidak,Domestik,110.0,110.0,6,0,0.0,6,0,0.0,0.0,0.0,Kritis (<25%),16.2,0.3,-0.92
STD-4037,Graduate,0,15.0,Rendah,Advertising & Marketing,Over 23 years old,Reguler (Siang),Perempuan,24-27,26,Single,Tidak,Lunas,Ya,Ya,Tidak,Domestik,142.3,120.0,6,6,13.333333333333334,6,5,14.5,91.7,13.92,Baik (>75%),10.8,1.4,1.74
STD-4038,Enrolled,0,6.9,Rendah,Social Service,2nd phase - general,Reguler (Siang),Perempuan,21-23,21,Single,Tidak,Lunas,Ya,Ya,Tidak,Domestik,122.0,130.0,6,1,10.0,6,5,11.4,50.0,10.7,Rendah (25-50%),12.7,3.7,-1.7
STD-4039,Graduate,0,7.3,Rendah,Veterinary Nursing,1st phase - general,Reguler (Siang),Perempuan,<=20,18,Single,Tidak,Lunas,Ya,Ya,Tidak,Domestik,153.6,158.0,6,6,15.666666666666666,6,6,15.285714285714286,100.0,15.48,Baik (>75%),8.9,1.4,3.51
STD-4040,Graduate,0,8.2,Rendah,Basic Education,1st phase - general,Reguler (Siang),Perempuan,<=20,18,Single,Tidak,Lunas,Tidak,Tidak,Tidak,Domestik,112.9,122.0,7,7,11.857142857142858,7,7,11.857142857142858,100.0,11.86,Baik (>75%),16.2,0.3,-0.92
STD-4041,Graduate,0,4.5,Rendah,Veterinary Nursing,1st phase - general,Reguler (Siang),Perempuan,<=20,18,Single,Tidak,Lunas,Tidak,Tidak,Tidak,Domestik,124.1,140.0,5,5,14.5,5,5,13.6,100.0,14.05,Baik (>75%),9.4,-0.8,-3.12
STD-4042,Graduate,0,6.1,Rendah,Social Service,2nd phase - general,Reguler (Siang),Perempuan,<=20,19,Single,Tidak,Lunas,Tidak,Tidak,Tidak,Domestik,129.7,136.0,6,6,12.166666666666666,6,6,13.714285714285714,100.0,12.94,Baik (>75%),15.5,2.8,-4.06
STD-4043,Graduate,0,2.4,Rendah,Journalism & Comm,1st phase - general,Reguler (Siang),Perempuan,<=20,18,Single,Tidak,Lunas,Tidak,Ya,Tidak,Domestik,110.0,111.0,6,5,12.6,6,6,12.0,91.7,12.3,Baik (>75%),11.1,0.6,2.02
STD-4044,Enrolled,0,3.1,Rendah,Nursing,2nd phase - general,Reguler (Siang),Perempuan,<=20,18,Single,Tidak,Lunas,Tidak,Ya,Tidak,Domestik,136.3,145.0,8,7,12.285714285714286,8,7,12.285714285714286,87.5,12.29,Baik (>75%),12.7,3.7,-1.7
STD-4045,Graduate,0,3.0,Rendah,Social Service,2nd phase - general,Reguler (Siang),Perempuan,<=20,19,Single,Ya,Lunas,Ya,Tidak,Tidak,Domestik,146.0,133.1,6,6,12.666666666666666,6,6,13.0,100.0,12.83,Baik (>75%),8.9,1.4,3.51
STD-4046,Dropout,1,95.3,Tinggi,Nursing,1st phase - general,Reguler (Siang),Perempuan,<=20,19,Single,Tidak,Lunas,Tidak,Tidak,Tidak,Domestik,129.9,140.0,7,0,0.0,8,0,0.0,0.0,0.0,Kritis (<25%),16.2,0.3,-0.92
STD-4047,Graduate,0,5.9,Rendah,Tourism,1st phase - general,Reguler (Siang),Perempuan,<=20,18,Single,Tidak,Lunas,Ya,Ya,Tidak,Domestik,140.9,140.0,6,6,12.857142857142858,6,4,13.0,83.3,12.93,Baik (>75%),12.7,3.7,-1.7
STD-4048,Graduate,0,1.9,Rendah,Nursing,1st phase - general,Reguler (Siang),Perempuan,<=20,18,Married,Tidak,Lunas,Tidak,Tidak,Tidak,Domestik,135.5,156.0,8,7,13.9,8,7,13.9,87.5,13.9,Baik (>75%),12.7,3.7,-1.7
STD-4049,Graduate,0,1.3,Rendah,Nursing,1st phase - general,Reguler (Siang),Perempuan,<=20,20,Single,Tidak,Lunas,Ya,Ya,Tidak,Domestik,122.0,132.0,8,7,13.817142857142857,8,7,13.817142857142857,87.5,13.82,Baik (>75%),10.8,1.4,1.74
STD-4050,Graduate,0,4.4,Rendah,Oral Hygiene,Short cycle holder,Reguler (Siang),Perempuan,21-23,22,Single,Tidak,Lunas,Ya,Tidak,Tidak,Domestik,140.0,140.0,7,6,13.314285714285717,8,7,12.875,86.7,13.09,Baik (>75%),8.9,1.4,3.51
STD-4051,Dropout,1,97.6,Tinggi,Equinculture,1st phase - general,Reguler (Siang),Perempuan,<=20,18,Single,Tidak,Lunas,Tidak,Tidak,Tidak,Domestik,163.0,164.0,6,0,0.0,6,0,0.0,0.0,0.0,Kritis (<25%),7.6,2.6,0.32
STD-4052,Graduate,0,1.9,Rendah,Tourism,2nd phase - general,Reguler (Siang),Perempuan,<=20,19,Single,Tidak,Lunas,Ya,Ya,Tidak,Domestik,107.4,113.0,6,6,12.166666666666666,6,6,12.166666666666666,100.0,12.17,Baik (>75%),12.4,0.5,1.79
STD-4053,Dropout,1,91.9,Tinggi,Tourism,1st phase - general,Reguler (Siang),Perempuan,<=20,20,Single,Tidak,Menunggak,Ya,Ya,Tidak,Domestik,114.3,122.0,6,4,11.25,6,3,11.333333333333334,58.3,11.29,Sedang (50-75%),7.6,2.6,0.32
STD-4054,Enrolled,0,3.8,Rendah,Communication Design,Change of course,Reguler (Siang),Perempuan,<=20,19,Single,Tidak,Lunas,Tidak,Tidak,Tidak,Domestik,140.8,150.0,6,5,12.4,6,6,12.75,91.7,12.58,Baik (>75%),10.8,1.4,1.74
STD-4055,Graduate,0,5.8,Rendah,Journalism & Comm,1st phase - general,Reguler (Siang),Perempuan,<=20,20,Single,Tidak,Lunas,Ya,Ya,Ya,Domestik,126.3,135.0,6,6,14.666666666666666,6,6,14.571428571428571,100.0,14.62,Baik (>75%),8.9,1.4,3.51
STD-4056,Dropout,1,23.6,Rendah,Veterinary Nursing,Over 23 years old,Reguler (Siang),Perempuan,28-35,28,Single,Tidak,Lunas,Tidak,Tidak,Tidak,Domestik,110.0,133.1,6,4,12.0,6,4,12.0,66.7,12.0,Sedang (50-75%),11.1,0.6,2.02
STD-4057,Graduate,0,6.1,Rendah,Veterinary Nursing,1st phase - general,Reguler (Siang),Perempuan,<=20,19,Single,Tidak,Lunas,Tidak,Tidak,Tidak,Domestik,126.2,122.0,6,6,14.0,6,3,12.666666666666666,75.0,13.33,Sedang (50-75%),12.4,0.5,1.79
STD-4058,Enrolled,0,19.0,Rendah,Agronomy,Transfer,Reguler (Siang),Perempuan,21-23,22,Single,Tidak,Lunas,Tidak,Tidak,Tidak,Domestik,140.0,140.0,6,6,12.571428571428571,6,4,13.666666666666666,83.3,13.12,Baik (>75%),15.5,2.8,-4.06
STD-4059,Graduate,0,6.6,Rendah,Veterinary Nursing,1st phase - general,Reguler (Siang),Perempuan,<=20,19,Single,Tidak,Lunas,Tidak,Ya,Tidak,Domestik,123.0,138.0,6,6,15.538461538461538,6,6,12.625,100.0,14.08,Baik (>75%),15.5,2.8,-4.06
STD-4060,Dropout,1,95.8,Tinggi,Journalism & Comm,1st phase - general,Reguler (Siang),Perempuan,<=20,18,Single,Tidak,Menunggak,Tidak,Ya,Tidak,Domestik,157.0,130.0,6,0,0.0,6,0,0.0,0.0,0.0,Kritis (<25%),13.9,-0.3,0.79
STD-4061,Graduate,0,7.8,Rendah,Equinculture,1st phase - Azores,Reguler (Siang),Perempuan,<=20,18,Single,Tidak,Lunas,Tidak,Ya,Tidak,Domestik,149.7,157.0,6,6,15.0,6,6,14.833333333333334,100.0,14.92,Baik (>75%),8.9,1.4,3.51
STD-4062,Graduate,0,14.8,Rendah,Equinculture,Change of course,Reguler (Siang),Perempuan,21-23,22,Single,Tidak,Lunas,Tidak,Ya,Tidak,Domestik,140.0,140.0,5,4,12.25,5,5,13.285714285714286,90.0,12.77,Baik (>75%),12.7,3.7,-1.7
STD-4063,Graduate,0,4.2,Rendah,Veterinary Nursing,Short cycle holder,Reguler (Siang),Perempuan,<=20,20,Single,Tidak,Lunas,Tidak,Tidak,Tidak,Domestik,170.0,170.0,11,11,15.692307692307692,9,9,15.555555555555555,100.0,15.62,Baik (>75%),8.9,1.4,3.51
STD-4064,Graduate,0,2.8,Rendah,Management (evening),Over 23 years old,Kelas Malam,Perempuan,24-27,24,Single,Tidak,Lunas,Ya,Tidak,Tidak,Domestik,130.2,150.0,5,5,12.285714285714286,5,5,12.75,100.0,12.52,Baik (>75%),16.2,0.3,-0.92
STD-4065,Enrolled,0,21.0,Rendah,Animation & Multimedia,2nd phase - general,Reguler (Siang),Perempuan,21-23,22,Single,Ya,Lunas,Tidak,Ya,Tidak,Domestik,135.5,146.0,17,12,11.833333333333334,17,11,11.25,67.6,11.54,Sedang (50-75%),11.1,0.6,2.02
STD-4066,Enrolled,0,3.5,Rendah,Social Service (eve),Change of course,Kelas Malam,Perempuan,<=20,20,Single,Tidak,Lunas,Tidak,Tidak,Tidak,Domestik,118.3,120.0,6,6,12.166666666666666,6,5,14.0,91.7,13.08,Baik (>75%),12.7,3.7,-1.7
STD-4067,Graduate,0,2.0,Rendah,Oral Hygiene,1st phase - general,Reguler (Siang),Perempuan,<=20,20,Single,Tidak,Lunas,Ya,Ya,Tidak,Domestik,116.3,118.0,7,7,11.88888888888889,8,8,11.95625,100.0,11.92,Baik (>75%),12.7,3.7,-1.7
STD-4068,Dropout,1,99.0,Tinggi,Social Service (eve),Holder of other higher course,Kelas Malam,Perempuan,28-35,35,Married,Tidak,Menunggak,Tidak,Tidak,Tidak,Domestik,120.0,120.0,6,0,0.0,6,0,0.0,0.0,0.0,Kritis (<25%),10.8,1.4,1.74
STD-4069,Graduate,0,2.6,Rendah,Advertising & Marketing,1st phase - general,Reguler (Siang),Perempuan,<=20,18,Single,Tidak,Lunas,Ya,Tidak,Tidak,Domestik,154.7,154.0,5,5,11.8,5,5,12.6,100.0,12.2,Baik (>75%),9.4,-0.8,-3.12
STD-4070,Graduate,0,6.6,Rendah,Social Service,2nd phase - general,Reguler (Siang),Perempuan,<=20,19,Single,Tidak,Lunas,Tidak,Ya,Tidak,Domestik,132.7,139.0,6,6,11.166666666666666,6,6,11.666666666666666,100.0,11.42,Baik (>75%),9.4,-0.8,-3.12
STD-4071,Graduate,0,8.8,Rendah,Nursing,3rd phase - general,Reguler (Siang),Perempuan,<=20,18,Single,Tidak,Lunas,Tidak,Tidak,Tidak,Domestik,130.8,136.0,7,7,14.05714285714286,8,8,14.6,100.0,14.33,Baik (>75%),16.2,0.3,-0.92
STD-4072,Dropout,1,18.2,Rendah,Tourism,1st phase - general,Reguler (Siang),Perempuan,<=20,18,Single,Tidak,Lunas,Tidak,Ya,Tidak,Domestik,122.7,130.0,6,4,11.75,6,4,10.0,66.7,10.88,Sedang (50-75%),7.6,2.6,0.32
STD-4073,Enrolled,0,2.4,Rendah,Social Service,Over 23 years old,Reguler (Siang),Perempuan,28-35,31,Married,Tidak,Lunas,Tidak,Tidak,Tidak,Domestik,130.0,133.1,6,6,13.166666666666666,6,6,13.0,100.0,13.08,Baik (>75%),9.4,-0.8,-3.12
STD-4074,Graduate,0,2.7,Rendah,Social Service,2nd phase - general,Reguler (Siang),Perempuan,<=20,19,Single,Tidak,Lunas,Ya,Tidak,Tidak,Domestik,123.6,133.0,6,6,13.5,6,6,14.0,100.0,13.75,Baik (>75%),15.5,2.8,-4.06
STD-4075,Graduate,0,2.1,Rendah,Nursing,3rd phase - general,Reguler (Siang),Perempuan,<=20,20,Single,Tidak,Lunas,Ya,Ya,Tidak,Domestik,116.5,143.0,7,7,12.625,8,8,13.0625,100.0,12.84,Baik (>75%),15.5,2.8,-4.06
STD-4076,Dropout,1,95.8,Tinggi,Veterinary Nursing,2nd phase - general,Reguler (Siang),Perempuan,21-23,21,Single,Tidak,Lunas,Tidak,Tidak,Tidak,Domestik,111.1,117.0,6,0,0.0,6,0,0.0,0.0,0.0,Kritis (<25%),15.5,2.8,-4.06
STD-4077,Graduate,0,2.8,Rendah,Nursing,1st phase - general,Reguler (Siang),Perempuan,<=20,18,Single,Tidak,Lunas,Ya,Ya,Tidak,Domestik,136.3,145.0,8,7,13.971428571428572,8,7,13.971428571428572,87.5,13.97,Baik (>75%),12.7,3.7,-1.7
STD-4078,Dropout,1,91.3,Tinggi,Communication Design,1st phase - general,Reguler (Siang),Perempuan,<=20,18,Single,Tidak,Lunas,Tidak,Ya,Tidak,Domestik,129.8,134.0,6,2,11.0,6,0,0.0,16.7,5.5,Kritis (<25%),9.4,-0.8,-3.12
STD-4079,Graduate,0,8.6,Rendah,Management (evening),Over 23 years old,Kelas Malam,Perempuan,28-35,33,Married,Tidak,Lunas,Tidak,Tidak,Tidak,Domestik,134.7,170.0,5,5,12.8,5,5,15.333333333333334,100.0,14.07,Baik (>75%),10.8,1.4,1.74
STD-4080,Enrolled,0,6.0,Rendah,Advertising & Marketing,1st phase - general,Reguler (Siang),Perempuan,<=20,18,Single,Tidak,Lunas,Ya,Ya,Tidak,Domestik,131.8,143.0,6,6,13.571428571428571,6,5,12.8,91.7,13.19,Baik (>75%),12.4,0.5,1.79
STD-4081,Dropout,1,94.8,Tinggi,Animation & Multimedia,1st phase - general,Reguler (Siang),Perempuan,<=20,18,Single,Tidak,Menunggak,Ya,Ya,Tidak,Domestik,126.8,140.0,0,0,0.0,0,0,0.0,0.0,0.0,Kritis (<25%),12.7,3.7,-1.7
STD-4082,Enrolled,0,9.7,Rendah,Veterinary Nursing,1st phase - general,Reguler (Siang),Perempuan,21-23,21,Single,Ya,Lunas,Tidak,Tidak,Tidak,Domestik,130.7,131.0,5,2,11.5,5,4,11.0,60.0,11.25,Sedang (50-75%),10.8,1.4,1.74
STD-4083,Enrolled,0,16.2,Rendah,Tourism,2nd phase - general,Reguler (Siang),Perempuan,<=20,19,Single,Tidak,Lunas,Tidak,Ya,Tidak,Domestik,109.8,115.0,6,4,11.25,6,4,12.0,66.7,11.62,Sedang (50-75%),10.8,1.4,1.74
STD-4084,Graduate,0,15.7,Rendah,Management (evening),Holder of other higher course,Kelas Malam,Perempuan,28-35,28,Single,Tidak,Lunas,Tidak,Tidak,Tidak,Domestik,133.9,130.0,5,5,13.714285714285714,5,5,13.142857142857142,100.0,13.43,Baik (>75%),16.2,0.3,-0.92
STD-4085,Dropout,1,98.1,Tinggi,Management,Over 23 years old,Reguler (Siang),Perempuan,28-35,29,Married,Tidak,Menunggak,Tidak,Tidak,Tidak,Domestik,109.9,130.0,4,0,0.0,5,0,0.0,0.0,0.0,Kritis (<25%),12.7,3.7,-1.7
STD-4086,Dropout,1,92.0,Tinggi,Equinculture,Tech. specialization holder,Reguler (Siang),Perempuan,>35,36,Single,Ya,Menunggak,Tidak,Ya,Tidak,Domestik,160.0,160.0,6,6,12.0,6,3,14.666666666666666,75.0,13.33,Sedang (50-75%),12.4,0.5,1.79
STD-4087,Graduate,0,1.5,Rendah,Social Service (eve),Over 23 years old,Kelas Malam,Perempuan,28-35,32,Single,Tidak,Lunas,Ya,Tidak,Tidak,Domestik,106.5,133.1,6,6,12.666666666666666,6,6,13.333333333333334,100.0,13.0,Baik (>75%),12.7,3.7,-1.7
STD-4088,Enrolled,0,2.5,Rendah,Nursing,Over 23 years old,Reguler (Siang),Perempuan,24-27,25,Single,Tidak,Lunas,Ya,Ya,Tidak,Domestik,120.0,130.0,8,7,13.29,8,7,13.29,87.5,13.29,Baik (>75%),9.4,-0.8,-3.12
STD-4089,Enrolled,0,21.4,Rendah,Management (evening),Change of course,Kelas Malam,Perempuan,28-35,33,Married,Tidak,Lunas,Tidak,Tidak,Tidak,Domestik,107.8,140.0,10,8,10.375,10,9,10.444444444444445,85.0,10.41,Baik (>75%),7.6,2.6,0.32
STD-4090,Dropout,1,95.6,Tinggi,Social Service (eve),Change of course,Kelas Malam,Perempuan,28-35,34,Married,Tidak,Menunggak,Tidak,Tidak,Tidak,Domestik,100.0,133.1,7,3,12.0,7,1,13.0,28.6,12.5,Rendah (25-50%),9.4,-0.8,-3.12
STD-4091,Graduate,0,9.9,Rendah,Social Service (eve),Over 23 years old,Kelas Malam,Perempuan,28-35,33,Married,Tidak,Lunas,Tidak,Tidak,Tidak,Domestik,112.5,150.0,6,5,11.4,6,6,11.166666666666666,91.7,11.28,Baik (>75%),7.6,2.6,0.32
STD-4092,Dropout,1,93.0,Tinggi,Management (evening),Change of course,Kelas Malam,Perempuan,28-35,29,Single,Ya,Menunggak,Tidak,Tidak,Tidak,Domestik,135.5,140.0,5,2,13.25,5,3,12.6,50.0,12.92,Rendah (25-50%),16.2,0.3,-0.92
STD-4093,Dropout,1,77.9,Tinggi,Nursing,1st phase - general,Reguler (Siang),Perempuan,<=20,18,Single,Tidak,Lunas,Tidak,Tidak,Tidak,Domestik,145.0,145.0,7,6,13.861666666666666,8,0,0.0,40.0,6.93,Rendah (25-50%),12.4,0.5,1.79
STD-4094,Graduate,0,6.9,Rendah,Journalism & Comm,1st phase - general,Reguler (Siang),Perempuan,<=20,18,Single,Tidak,Lunas,Ya,Tidak,Tidak,Domestik,119.0,126.0,6,6,12.166666666666666,6,6,12.142857142857142,100.0,12.15,Baik (>75%),15.5,2.8,-4.06
STD-4095,Graduate,0,15.7,Rendah,Social Service,Holder of other higher course,Reguler (Siang),Perempuan,>35,38,Married,Tidak,Lunas,Tidak,Tidak,Tidak,Domestik,130.0,130.0,6,4,13.75,6,6,14.5,83.3,14.12,Baik (>75%),16.2,0.3,-0.92
STD-4096,Graduate,0,2.6,Rendah,Nursing,1st phase - general,Reguler (Siang),Perempuan,<=20,19,Single,Tidak,Lunas,Ya,Ya,Tidak,Domestik,126.3,135.0,7,6,15.433333333333332,7,6,15.433333333333332,85.7,15.43,Baik (>75%),7.6,2.6,0.32
STD-4097,Graduate,0,1.9,Rendah,Social Service (eve),Over 23 years old,Kelas Malam,Perempuan,>35,39,Divorced,Tidak,Lunas,Ya,Tidak,Tidak,Domestik,113.5,133.1,6,6,13.833333333333334,6,6,15.5,100.0,14.67,Baik (>75%),11.1,0.6,2.02
STD-4098,Graduate,0,18.2,Rendah,Management (evening),Change of course,Kelas Malam,Perempuan,>35,37,Single,Tidak,Lunas,Tidak,Tidak,Tidak,Domestik,120.0,120.0,14,12,11.833333333333334,12,11,11.363636363636363,88.5,11.6,Baik (>75%),12.7,3.7,-1.7
STD-4099,Dropout,1,96.3,Tinggi,Oral Hygiene,2nd phase - general,Reguler (Siang),Perempuan,28-35,32,Single,Tidak,Lunas,Tidak,Ya,Tidak,Domestik,111.3,120.0,7,0,0.0,8,0,0.0,0.0,0.0,Kritis (<25%),16.2,0.3,-0.92
STD-4100,Dropout,1,90.0,Tinggi,Social Service,3rd phase - general,Reguler (Siang),Perempuan,<=20,18,Single,Tidak,Lunas,Tidak,Tidak,Tidak,Domestik,130.2,147.0,1,0,0.0,6,0,0.0,0.0,0.0,Kritis (<25%),10.8,1.4,1.74
STD-4101,Enrolled,0,1.4,Rendah,Oral Hygiene,Change of course,Reguler (Siang),Perempuan,<=20,20,Single,Tidak,Lunas,Tidak,Ya,Ya,Domestik,140.2,149.0,7,7,12.333333333333334,8,8,12.625,100.0,12.48,Baik (>75%),12.7,3.7,-1.7
STD-4102,Graduate,0,2.7,Rendah,Communication Design,1st phase - general,Reguler (Siang),Perempuan,<=20,20,Single,Tidak,Lunas,Tidak,Ya,Tidak,Domestik,113.9,124.0,6,6,11.166666666666666,6,6,12.166666666666666,100.0,11.67,Baik (>75%),7.6,2.6,0.32
STD-4103,Graduate,0,2.1,Rendah,Veterinary Nursing,2nd phase - general,Reguler (Siang),Perempuan,21-23,23,Single,Tidak,Lunas,Ya,Ya,Tidak,Domestik,99.0,133.1,6,6,14.666666666666666,6,6,12.428571428571429,100.0,13.55,Baik (>75%),8.9,1.4,3.51
STD-4104,Enrolled,0,4.1,Rendah,Management,1st phase - general,Reguler (Siang),Perempuan,<=20,19,Single,Tidak,Lunas,Tidak,Ya,Tidak,Domestik,124.0,125.0,5,5,11.2,5,4,11.75,90.0,11.48,Baik (>75%),10.8,1.4,1.74
STD-4105,Graduate,0,2.9,Rendah,Social Service,1st phase - general,Reguler (Siang),Perempuan,<=20,18,Single,Tidak,Lunas,Tidak,Tidak,Tidak,Domestik,138.9,141.0,6,6,13.714285714285714,6,6,14.166666666666666,100.0,13.94,Baik (>75%),13.9,-0.3,0.79
STD-4106,Graduate,0,3.8,Rendah,Management,1st phase - general,Reguler (Siang),Laki-laki,<=20,19,Single,Tidak,Lunas,Tidak,Ya,Tidak,Domestik,130.0,131.0,5,5,12.8,5,5,11.444444444444445,100.0,12.12,Baik (>75%),10.8,1.4,1.74
STD-4107,Graduate,0,13.5,Rendah,Journalism & Comm,2nd phase - general,Reguler (Siang),Perempuan,<=20,20,Single,Tidak,Lunas,Tidak,Ya,Tidak,Domestik,120.8,118.0,6,4,13.25,6,5,11.8,75.0,12.52,Sedang (50-75%),12.4,0.5,1.79
STD-4108,Dropout,1,9.7,Rendah,Nursing,1st phase - general,Reguler (Siang),Perempuan,<=20,19,Single,Tidak,Lunas,Tidak,Ya,Tidak,Domestik,127.8,129.0,8,6,13.78,8,6,13.78,75.0,13.78,Sedang (50-75%),9.4,-0.8,-3.12
STD-4109,Graduate,0,4.4,Rendah,Nursing,2nd phase - general,Reguler (Siang),Perempuan,<=20,19,Single,Tidak,Lunas,Tidak,Ya,Tidak,Domestik,126.0,136.0,8,7,15.11,8,7,15.11,87.5,15.11,Baik (>75%),10.8,1.4,1.74
STD-4110,Graduate,0,4.5,Rendah,Social Service,1st phase - general,Reguler (Siang),Perempuan,<=20,18,Single,Tidak,Lunas,Tidak,Tidak,Tidak,Domestik,126.0,134.0,6,4,11.0,6,5,11.2,75.0,11.1,Sedang (50-75%),10.8,1.4,1.74
STD-4111,Graduate,0,2.9,Rendah,Nursing,1st phase - general,Reguler (Siang),Perempuan,<=20,20,Single,Tidak,Lunas,Ya,Ya,Tidak,Domestik,138.5,153.0,8,7,15.798571428571426,8,7,15.798571428571426,87.5,15.8,Baik (>75%),10.8,1.4,1.74
STD-4112,Graduate,0,3.0,Rendah,Nursing,1st phase - general,Reguler (Siang),Perempuan,<=20,20,Single,Tidak,Lunas,Tidak,Ya,Tidak,Domestik,119.4,119.0,7,7,13.775714285714288,8,8,15.599999999999998,100.0,14.69,Baik (>75%),12.4,0.5,1.79
STD-4113,Graduate,0,4.0,Rendah,Nursing,Over 23 years old,Reguler (Siang),Perempuan,24-27,24,Divorced,Tidak,Lunas,Tidak,Ya,Tidak,Domestik,101.5,140.0,8,7,12.16,8,7,12.16,87.5,12.16,Baik (>75%),10.8,1.4,1.74
STD-4114,Dropout,1,95.0,Tinggi,Oral Hygiene,Over 23 years old,Reguler (Siang),Perempuan,24-27,24,Divorced,Tidak,Lunas,Tidak,Ya,Tidak,Domestik,101.5,133.1,7,0,0.0,7,0,0.0,0.0,0.0,Kritis (<25%),10.8,1.4,1.74
STD-4115,Graduate,0,5.2,Rendah,Journalism & Comm,2nd phase - general,Reguler (Siang),Perempuan,<=20,20,Single,Tidak,Lunas,Tidak,Ya,Tidak,Domestik,126.2,130.0,6,6,14.333333333333334,6,6,15.5,100.0,14.92,Baik (>75%),12.4,0.5,1.79
STD-4116,Enrolled,0,12.8,Rendah,Communication Design,1st phase - general,Reguler (Siang),Perempuan,<=20,20,Single,Tidak,Lunas,Tidak,Ya,Tidak,Domestik,129.8,128.0,6,6,11.833333333333334,6,3,13.333333333333334,75.0,12.58,Sedang (50-75%),9.4,-0.8,-3.12
STD-4117,Enrolled,0,18.1,Rendah,Veterinary Nursing,1st phase - general,Reguler (Siang),Perempuan,<=20,18,Single,Tidak,Menunggak,Tidak,Ya,Tidak,Domestik,138.4,145.0,6,6,14.833333333333334,6,6,12.5,100.0,13.67,Baik (>75%),8.9,1.4,3.51
STD-4118,Graduate,0,1.3,Rendah,Nursing,1st phase - general,Reguler (Siang),Perempuan,<=20,18,Single,Tidak,Lunas,Tidak,Tidak,Tidak,Domestik,129.3,146.0,8,7,14.2,8,7,14.2,87.5,14.2,Baik (>75%),12.7,3.7,-1.7
STD-4119,Graduate,0,2.4,Rendah,Veterinary Nursing,1st phase - general,Reguler (Siang),Perempuan,21-23,21,Single,Tidak,Lunas,Tidak,Ya,Tidak,Domestik,113.1,119.0,5,5,12.2,5,5,13.2,100.0,12.7,Baik (>75%),10.8,1.4,1.74
STD-4120,Graduate,0,6.7,Rendah,Basic Education,2nd phase - general,Reguler (Siang),Perempuan,<=20,18,Single,Tidak,Lunas,Tidak,Ya,Tidak,Domestik,144.3,160.0,6,4,13.0,6,5,13.666666666666666,75.0,13.33,Sedang (50-75%),9.4,-0.8,-3.12
STD-4121,Graduate,0,4.6,Rendah,Nursing,2nd phase - general,Reguler (Siang),Perempuan,<=20,19,Single,Tidak,Lunas,Ya,Ya,Tidak,Domestik,141.0,144.0,8,7,12.485714285714286,8,7,12.485714285714286,87.5,12.49,Baik (>75%),12.7,3.7,-1.7
STD-4122,Graduate,0,10.4,Rendah,Veterinary Nursing,Holder of other higher course,Reguler (Siang),Perempuan,21-23,22,Single,Tidak,Lunas,Tidak,Ya,Tidak,Domestik,130.0,130.0,6,6,17.0,6,6,16.285714285714285,100.0,16.64,Baik (>75%),11.1,0.6,2.02
STD-4123,Graduate,0,3.7,Rendah,Social Service,2nd phase - general,Reguler (Siang),Perempuan,<=20,19,Single,Tidak,Lunas,Tidak,Ya,Tidak,Domestik,117.5,122.0,6,5,10.8,6,6,10.166666666666666,91.7,10.48,Baik (>75%),8.9,1.4,3.51
STD-4124,Graduate,0,2.3,Rendah,Nursing,1st phase - general,Reguler (Siang),Perempuan,<=20,18,Single,Tidak,Lunas,Tidak,Ya,Tidak,Internasional,131.8,153.0,7,6,14.716666666666669,7,6,14.716666666666669,85.7,14.72,Baik (>75%),7.6,2.6,0.32
STD-4125,Enrolled,0,4.9,Rendah,Veterinary Nursing,1st phase - general,Reguler (Siang),Perempuan,<=20,19,Single,Tidak,Lunas,Ya,Ya,Tidak,Domestik,133.7,147.0,5,2,13.5,5,5,11.4,70.0,12.45,Sedang (50-75%),10.8,1.4,1.74
STD-4126,Enrolled,0,2.2,Rendah,Nursing,Change of course,Reguler (Siang),Perempuan,24-27,24,Single,Tidak,Lunas,Ya,Ya,Tidak,Domestik,115.4,121.0,8,7,11.971428571428572,8,7,11.971428571428572,87.5,11.97,Baik (>75%),12.7,3.7,-1.7
STD-4127,Enrolled,0,7.8,Rendah,Veterinary Nursing,1st phase - general,Reguler (Siang),Perempuan,<=20,19,Single,Tidak,Lunas,Tidak,Tidak,Tidak,Domestik,129.1,134.0,5,3,12.0,5,4,13.5,70.0,12.75,Sedang (50-75%),7.6,2.6,0.32
STD-4128,Graduate,0,3.3,Rendah,Social Service (eve),1st phase - general,Kelas Malam,Perempuan,28-35,34,Single,Tidak,Lunas,Tidak,Tidak,Tidak,Domestik,135.5,133.0,6,6,12.333333333333334,6,6,11.666666666666666,100.0,12.0,Baik (>75%),10.8,1.4,1.74
STD-4129,Graduate,0,6.7,Rendah,Veterinary Nursing,2nd phase - general,Reguler (Siang),Perempuan,<=20,19,Single,Tidak,Lunas,Tidak,Ya,Tidak,Domestik,112.4,118.0,12,6,15.307692307692308,10,6,13.875,54.5,14.59,Sedang (50-75%),15.5,2.8,-4.06
STD-4130,Graduate,0,1.8,Rendah,Nursing,1st phase - general,Reguler (Siang),Perempuan,<=20,18,Single,Tidak,Lunas,Ya,Ya,Tidak,Domestik,130.8,137.0,7,6,12.666666666666666,7,6,12.666666666666666,85.7,12.67,Baik (>75%),7.6,2.6,0.32
STD-4131,Graduate,0,2.8,Rendah,Nursing,1st phase - general,Reguler (Siang),Perempuan,<=20,19,Single,Tidak,Lunas,Ya,Ya,Tidak,Domestik,131.6,143.0,7,7,14.368,8,8,14.44875,100.0,14.41,Baik (>75%),15.5,2.8,-4.06
STD-4132,Graduate,0,3.2,Rendah,Nursing,Over 23 years old,Reguler (Siang),Perempuan,24-27,25,Single,Tidak,Lunas,Tidak,Tidak,Tidak,Domestik,140.8,123.0,8,7,12.084285714285716,8,7,12.084285714285716,87.5,12.08,Baik (>75%),10.8,1.4,1.74
STD-4133,Enrolled,0,8.9,Rendah,Veterinary Nursing,Tech. specialization holder,Reguler (Siang),Perempuan,21-23,21,Single,Tidak,Lunas,Tidak,Ya,Tidak,Domestik,140.0,140.0,12,8,12.25,12,8,12.2,66.7,12.22,Sedang (50-75%),12.4,0.5,1.79
STD-4134,Enrolled,0,8.0,Rendah,Tourism,1st phase - general,Reguler (Siang),Perempuan,<=20,18,Single,Tidak,Lunas,Tidak,Tidak,Tidak,Domestik,114.2,118.0,6,5,12.2,6,5,11.6,83.3,11.9,Baik (>75%),16.2,0.3,-0.92
STD-4135,Graduate,0,8.3,Rendah,Social Service,1st phase - general,Reguler (Siang),Perempuan,<=20,18,Single,Tidak,Lunas,Ya,Tidak,Tidak,Domestik,127.3,142.0,6,4,11.0,6,6,11.5,83.3,11.25,Baik (>75%),9.4,-0.8,-3.12
STD-4136,Graduate,0,18.7,Rendah,Social Service (eve),1st phase - general,Kelas Malam,Perempuan,28-35,28,Single,Tidak,Lunas,Tidak,Ya,Tidak,Domestik,115.0,115.0,6,5,12.8,6,5,11.0,83.3,11.9,Baik (>75%),9.4,-0.8,-3.12
STD-4137,Graduate,0,1.9,Rendah,Nursing,Change of course,Reguler (Siang),Perempuan,<=20,18,Facto Union,Tidak,Lunas,Ya,Tidak,Tidak,Domestik,118.8,131.0,8,7,11.857142857142858,8,7,11.857142857142858,87.5,11.86,Baik (>75%),12.7,3.7,-1.7
STD-4138,Graduate,0,20.7,Rendah,Tourism,Over 23 years old,Reguler (Siang),Perempuan,>35,41,Married,Tidak,Lunas,Tidak,Tidak,Tidak,Domestik,125.0,130.0,6,6,12.285714285714286,6,5,13.0,91.7,12.64,Baik (>75%),8.9,1.4,3.51
STD-4139,Dropout,1,68.0,Tinggi,Basic Education,2nd phase - general,Reguler (Siang),Perempuan,<=20,18,Single,Tidak,Lunas,Tidak,Tidak,Tidak,Domestik,111.5,133.1,6,3,12.333333333333334,6,4,13.5,58.3,12.92,Sedang (50-75%),7.6,2.6,0.32
STD-4140,Graduate,0,15.9,Rendah,Social Service,2nd phase - general,Reguler (Siang),Perempuan,21-23,21,Single,Tidak,Lunas,Ya,Tidak,Tidak,Domestik,124.2,134.0,6,4,11.25,6,4,11.4,66.7,11.32,Sedang (50-75%),15.5,2.8,-4.06
STD-4141,Dropout,1,93.9,Tinggi,Social Service,Holder of other higher course,Reguler (Siang),Perempuan,>35,41,Divorced,Ya,Lunas,Tidak,Tidak,Tidak,Domestik,130.0,130.0,6,0,0.0,6,0,0.0,0.0,0.0,Kritis (<25%),11.1,0.6,2.02
STD-4142,Dropout,1,88.0,Tinggi,Communication Design,Holder of other higher course,Reguler (Siang),Perempuan,28-35,32,Single,Tidak,Lunas,Tidak,Ya,Tidak,Domestik,120.0,133.1,3,2,16.0,3,1,16.0,50.0,16.0,Rendah (25-50%),7.6,2.6,0.32
STD-4143,Graduate,0,25.0,Rendah,Social Service (eve),Change of course,Kelas Malam,Perempuan,28-35,29,Single,Tidak,Lunas,Tidak,Tidak,Tidak,Domestik,110.0,114.0,6,6,11.666666666666666,6,6,11.0,100.0,11.33,Baik (>75%),7.6,2.6,0.32
STD-4144,Enrolled,0,21.8,Rendah,Oral Hygiene,Over 23 years old,Reguler (Siang),Perempuan,24-27,24,Single,Tidak,Lunas,Tidak,Tidak,Tidak,Domestik,113.3,130.0,7,5,12.4,8,7,12.15,80.0,12.28,Baik (>75%),12.4,0.5,1.79
STD-4145,Enrolled,0,11.8,Rendah,Oral Hygiene,Change of course,Reguler (Siang),Perempuan,21-23,22,Single,Tidak,Lunas,Tidak,Ya,Tidak,Domestik,123.5,128.0,7,6,10.744444444444444,8,8,11.8375,93.3,11.29,Baik (>75%),12.7,3.7,-1.7
STD-4146,Dropout,1,95.6,Tinggi,Social Service,1st phase - general,Reguler (Siang),Perempuan,21-23,21,Single,Tidak,Lunas,Tidak,Tidak,Tidak,Domestik,101.0,133.1,6,0,0.0,6,0,0.0,0.0,0.0,Kritis (<25%),15.5,2.8,-4.06
STD-4147,Dropout,1,59.7,Sedang,Nursing,Over 23 years old,Reguler (Siang),Perempuan,>35,39,Married,Tidak,Lunas,Tidak,Ya,Tidak,Domestik,120.9,133.1,7,4,12.0,7,4,12.5625,57.1,12.28,Sedang (50-75%),11.1,0.6,2.02
STD-4148,Enrolled,0,96.5,Tinggi,Veterinary Nursing,Over 23 years old,Reguler (Siang),Perempuan,>35,44,Divorced,Tidak,Menunggak,Ya,Tidak,Tidak,Domestik,154.6,140.0,6,4,12.75,6,2,10.0,50.0,11.38,Rendah (25-50%),8.9,1.4,3.51
STD-4149,Enrolled,0,41.6,Sedang,Management,1st phase - general,Reguler (Siang),Perempuan,<=20,20,Single,Tidak,Lunas,Tidak,Ya,Tidak,Domestik,120.2,117.0,5,2,10.0,5,2,11.0,40.0,10.5,Rendah (25-50%),7.6,2.6,0.32
STD-4150,Graduate,0,16.1,Rendah,Nursing,Change of course,Reguler (Siang),Perempuan,21-23,21,Single,Tidak,Lunas,Tidak,Tidak,Tidak,Domestik,146.5,139.0,14,12,13.417391304347827,14,12,13.417391304347827,85.7,13.42,Baik (>75%),7.6,2.6,0.32
STD-4151,Graduate,0,11.3,Rendah,Journalism & Comm,1st phase - general,Reguler (Siang),Perempuan,<=20,18,Single,Tidak,Lunas,Tidak,Ya,Tidak,Domestik,160.1,159.0,6,6,15.166666666666666,6,6,14.857142857142858,100.0,15.01,Baik (>75%),7.6,2.6,0.32
STD-4152,Graduate,0,29.8,Rendah,Agronomy,Over 23 years old,Reguler (Siang),Perempuan,28-35,34,Single,Ya,Lunas,Tidak,Tidak,Tidak,Domestik,150.0,140.0,6,5,13.833333333333334,6,5,12.5,83.3,13.17,Baik (>75%),16.2,0.3,-0.92
STD-4153,Graduate,0,7.6,Rendah,Veterinary Nursing,1st phase - general,Reguler (Siang),Perempuan,<=20,18,Single,Tidak,Lunas,Tidak,Ya,Tidak,Domestik,135.8,140.0,5,5,13.333333333333334,5,4,14.8,90.0,14.07,Baik (>75%),7.6,2.6,0.32
STD-4154,Enrolled,0,20.8,Rendah,Animation & Multimedia,1st phase - general,Reguler (Siang),Perempuan,<=20,19,Single,Ya,Lunas,Tidak,Ya,Tidak,Domestik,143.8,135.0,0,0,0.0,0,0,0.0,0.0,0.0,Kritis (<25%),12.7,3.7,-1.7
STD-4155,Dropout,1,43.9,Sedang,Basic Education,1st phase - general,Reguler (Siang),Perempuan,<=20,18,Single,Tidak,Lunas,Tidak,Ya,Tidak,Domestik,116.8,121.0,6,3,11.666666666666666,6,3,10.666666666666666,50.0,11.17,Rendah (25-50%),9.4,-0.8,-3.12
STD-4156,Graduate,0,8.9,Rendah,Veterinary Nursing,1st phase - general,Reguler (Siang),Perempuan,<=20,19,Single,Tidak,Lunas,Tidak,Ya,Tidak,Domestik,113.9,124.0,6,5,15.0,6,6,13.428571428571429,91.7,14.21,Baik (>75%),16.2,0.3,-0.92
STD-4157,Enrolled,0,2.0,Rendah,Nursing,1st phase - general,Reguler (Siang),Perempuan,<=20,18,Single,Tidak,Lunas,Ya,Ya,Tidak,Domestik,118.0,131.0,8,7,13.242857142857144,8,7,13.242857142857144,87.5,13.24,Baik (>75%),12.7,3.7,-1.7
STD-4158,Dropout,1,20.6,Rendah,Equinculture,1st phase - general,Reguler (Siang),Perempuan,<=20,19,Single,Tidak,Lunas,Tidak,Ya,Tidak,Domestik,150.2,160.0,5,1,13.0,5,2,12.5,30.0,12.75,Rendah (25-50%),12.7,3.7,-1.7
STD-4159,Graduate,0,1.9,Rendah,Nursing,1st phase - general,Reguler (Siang),Perempuan,<=20,19,Single,Tidak,Lunas,Ya,Ya,Tidak,Domestik,115.1,120.0,7,6,13.075,8,7,12.05,86.7,12.56,Baik (>75%),12.4,0.5,1.79
STD-4160,Graduate,0,2.9,Rendah,Advertising & Marketing,1st phase - general,Reguler (Siang),Perempuan,<=20,18,Single,Tidak,Lunas,Ya,Ya,Tidak,Domestik,131.3,140.0,6,6,13.5,6,6,13.666666666666666,100.0,13.58,Baik (>75%),10.8,1.4,1.74
STD-4161,Graduate,0,4.5,Rendah,Management (evening),Tech. specialization holder,Kelas Malam,Perempuan,21-23,23,Single,Tidak,Lunas,Ya,Ya,Tidak,Domestik,120.0,120.0,6,5,11.8,6,6,12.333333333333334,91.7,12.07,Baik (>75%),9.4,-0.8,-3.12
STD-4162,Enrolled,0,49.4,Sedang,Tourism,2nd phase - general,Reguler (Siang),Perempuan,<=20,18,Single,Tidak,Menunggak,Tidak,Ya,Tidak,Internasional,110.3,118.0,6,5,12.6,6,5,11.8,83.3,12.2,Baik (>75%),11.1,0.6,2.02
STD-4163,Dropout,1,57.4,Sedang,Basic Education,Change of course,Reguler (Siang),Perempuan,28-35,33,Divorced,Tidak,Lunas,Tidak,Tidak,Tidak,Internasional,100.0,133.1,6,6,12.166666666666666,6,3,11.0,75.0,11.58,Sedang (50-75%),7.6,2.6,0.32
STD-4164,Graduate,0,4.4,Rendah,Social Service,2nd phase - general,Reguler (Siang),Perempuan,<=20,19,Single,Tidak,Lunas,Tidak,Ya,Tidak,Domestik,110.7,111.0,6,6,12.166666666666666,6,6,11.0,100.0,11.58,Baik (>75%),8.9,1.4,3.51
STD-4165,Dropout,1,8.2,Rendah,Animation & Multimedia,Change of course,Reguler (Siang),Perempuan,21-23,21,Single,Tidak,Lunas,Tidak,Ya,Tidak,Domestik,143.4,140.0,0,0,0.0,0,0,0.0,0.0,0.0,Kritis (<25%),9.4,-0.8,-3.12
STD-4166,Graduate,0,3.4,Rendah,Nursing,1st phase - general,Reguler (Siang),Perempuan,<=20,18,Single,Tidak,Lunas,Tidak,Tidak,Tidak,Domestik,115.9,125.0,7,7,13.557142857142855,8,8,13.2,100.0,13.38,Baik (>75%),12.4,0.5,1.79
STD-4167,Enrolled,0,3.3,Rendah,Management (evening),3rd phase - general,Kelas Malam,Perempuan,21-23,21,Single,Tidak,Lunas,Ya,Tidak,Tidak,Domestik,145.0,133.1,5,4,12.25,5,4,11.8,80.0,12.02,Baik (>75%),10.8,1.4,1.74
STD-4168,Graduate,0,2.4,Rendah,Communication Design,2nd phase - general,Reguler (Siang),Perempuan,<=20,19,Single,Tidak,Lunas,Tidak,Ya,Tidak,Domestik,140.9,136.0,6,6,14.333333333333334,6,6,13.5,100.0,13.92,Baik (>75%),9.4,-0.8,-3.12
STD-4169,Graduate,0,38.6,Sedang,Journalism & Comm,1st phase - general,Reguler (Siang),Perempuan,<=20,20,Single,Tidak,Lunas,Tidak,Ya,Tidak,Domestik,108.4,115.0,6,4,10.5,6,4,11.75,66.7,11.12,Sedang (50-75%),7.6,2.6,0.32
STD-4170,Dropout,1,86.5,Tinggi,Journalism & Comm,1st phase - general,Reguler (Siang),Perempuan,<=20,20,Single,Tidak,Lunas,Tidak,Ya,Tidak,Domestik,114.3,116.0,4,0,0.0,4,0,0.0,0.0,0.0,Kritis (<25%),7.6,2.6,0.32
STD-4171,Enrolled,0,53.1,Sedang,Basic Education,3rd phase - general,Reguler (Siang),Perempuan,<=20,20,Single,Tidak,Lunas,Tidak,Ya,Tidak,Domestik,110.0,110.0,6,4,12.75,6,3,11.333333333333334,58.3,12.04,Sedang (50-75%),10.8,1.4,1.74
STD-4172,Enrolled,0,4.7,Rendah,Social Service,1st phase - general,Reguler (Siang),Perempuan,<=20,18,Single,Tidak,Lunas,Ya,Ya,Tidak,Domestik,121.7,135.0,6,0,0.0,6,4,11.0,33.3,5.5,Rendah (25-50%),7.6,2.6,0.32
STD-4173,Enrolled,0,57.5,Sedang,Management,Change of course,Reguler (Siang),Perempuan,<=20,18,Single,Tidak,Lunas,Tidak,Ya,Tidak,Domestik,123.7,131.0,5,1,14.0,5,1,14.0,20.0,14.0,Kritis (<25%),7.6,2.6,0.32
STD-4174,Graduate,0,1.0,Rendah,Nursing,1st phase - general,Reguler (Siang),Perempuan,<=20,20,Single,Tidak,Lunas,Ya,Ya,Tidak,Domestik,116.5,124.0,7,7,14.093333333333332,8,8,15.0,100.0,14.55,Baik (>75%),11.1,0.6,2.02
STD-4175,Graduate,0,1.6,Rendah,Social Service,1st phase - general,Reguler (Siang),Perempuan,21-23,21,Single,Tidak,Lunas,Ya,Tidak,Tidak,Domestik,155.0,163.0,6,6,13.333333333333334,6,6,13.166666666666666,100.0,13.25,Baik (>75%),9.4,-0.8,-3.12
STD-4176,Graduate,0,4.7,Rendah,Nursing,Change of course,Reguler (Siang),Perempuan,<=20,19,Single,Tidak,Lunas,Tidak,Ya,Tidak,Domestik,129.3,137.0,8,7,12.071428571428571,8,7,12.071428571428571,87.5,12.07,Baik (>75%),12.7,3.7,-1.7
STD-4177,Graduate,0,3.9,Rendah,Tourism,1st phase - general,Reguler (Siang),Perempuan,<=20,18,Single,Tidak,Lunas,Ya,Ya,Tidak,Domestik,121.7,128.0,6,6,12.666666666666666,6,6,12.5,100.0,12.58,Baik (>75%),12.4,0.5,1.79
STD-4178,Enrolled,0,33.7,Sedang,Veterinary Nursing,Over 23 years old,Reguler (Siang),Perempuan,24-27,27,Single,Ya,Lunas,Tidak,Ya,Tidak,Domestik,148.2,133.1,6,6,12.125,6,5,12.0,91.7,12.06,Baik (>75%),12.4,0.5,1.79
STD-4179,Graduate,0,4.1,Rendah,Nursing,1st phase - general,Reguler (Siang),Perempuan,21-23,21,Single,Tidak,Lunas,Ya,Ya,Tidak,Domestik,125.5,133.1,7,7,13.2,8,7,13.2575,93.3,13.23,Baik (>75%),15.5,2.8,-4.06
STD-4180,Graduate,0,5.9,Rendah,Nursing,2nd phase - general,Reguler (Siang),Perempuan,<=20,18,Single,Tidak,Lunas,Ya,Ya,Tidak,Domestik,131.9,148.0,7,7,14.15,8,8,14.51125,100.0,14.33,Baik (>75%),15.5,2.8,-4.06
STD-4181,Enrolled,0,60.3,Tinggi,Basic Education,2nd phase - general,Reguler (Siang),Perempuan,<=20,18,Single,Ya,Lunas,Tidak,Ya,Tidak,Domestik,121.8,127.0,6,4,13.5,6,3,10.666666666666666,58.3,12.08,Sedang (50-75%),10.8,1.4,1.74
STD-4182,Dropout,1,98.2,Tinggi,Basic Education,Change of course,Reguler (Siang),Perempuan,28-35,28,Single,Ya,Menunggak,Tidak,Tidak,Tidak,Domestik,107.7,110.0,6,0,0.0,5,0,0.0,0.0,0.0,Kritis (<25%),10.8,1.4,1.74
STD-4183,Dropout,1,69.0,Tinggi,Oral Hygiene,Over 23 years old,Reguler (Siang),Perempuan,>35,36,Single,Tidak,Lunas,Tidak,Tidak,Tidak,Domestik,115.5,133.1,7,5,12.2,7,3,11.4,57.1,11.8,Sedang (50-75%),11.1,0.6,2.02
STD-4184,Graduate,0,2.9,Rendah,Veterinary Nursing,1st phase - general,Reguler (Siang),Perempuan,<=20,20,Single,Tidak,Lunas,Tidak,Ya,Tidak,Domestik,139.8,145.0,5,5,14.8,5,5,14.0,100.0,14.4,Baik (>75%),12.7,3.7,-1.7
STD-4185,Graduate,0,14.7,Rendah,Social Service,1st phase - general,Reguler (Siang),Perempuan,<=20,19,Single,Tidak,Lunas,Tidak,Ya,Tidak,Domestik,133.2,136.0,6,5,11.0,6,5,11.4,83.3,11.2,Baik (>75%),7.6,2.6,0.32
STD-4186,Enrolled,0,81.8,Tinggi,Management (evening),1st phase - general,Kelas Malam,Perempuan,<=20,20,Single,Tidak,Lunas,Tidak,Ya,Tidak,Domestik,118.4,131.0,5,0,0.0,5,0,0.0,0.0,0.0,Kritis (<25%),7.6,2.6,0.32
STD-4187,Enrolled,0,16.5,Rendah,Veterinary Nursing,2nd phase - general,Reguler (Siang),Perempuan,<=20,19,Single,Tidak,Lunas,Tidak,Ya,Tidak,Domestik,123.3,138.0,5,3,14.0,5,4,11.75,70.0,12.88,Sedang (50-75%),9.4,-0.8,-3.12
STD-4188,Graduate,0,9.0,Rendah,Social Service (eve),Over 23 years old,Kelas Malam,Perempuan,28-35,28,Married,Tidak,Lunas,Tidak,Tidak,Tidak,Domestik,134.5,150.0,6,5,11.833333333333334,6,6,13.0,91.7,12.42,Baik (>75%),16.2,0.3,-0.92
STD-4189,Graduate,0,5.8,Rendah,Advertising & Marketing,1st phase - general,Reguler (Siang),Perempuan,<=20,20,Single,Tidak,Lunas,Tidak,Tidak,Tidak,Domestik,110.6,112.0,5,4,11.75,5,5,11.8,90.0,11.78,Baik (>75%),7.6,2.6,0.32
STD-4190,Graduate,0,8.2,Rendah,Tourism,Transfer,Reguler (Siang),Perempuan,28-35,28,Single,Tidak,Lunas,Tidak,Ya,Tidak,Domestik,154.0,154.0,14,12,12.333333333333334,12,8,12.0,76.9,12.17,Baik (>75%),9.4,-0.8,-3.12
STD-4191,Dropout,1,26.0,Rendah,Management (evening),Change of course,Kelas Malam,Perempuan,24-27,24,Single,Tidak,Lunas,Tidak,Tidak,Tidak,Domestik,160.0,160.0,10,3,11.666666666666666,10,6,11.833333333333334,45.0,11.75,Rendah (25-50%),9.4,-0.8,-3.12
STD-4192,Enrolled,0,5.3,Rendah,Veterinary Nursing,Tech. specialization holder,Reguler (Siang),Perempuan,<=20,20,Single,Tidak,Lunas,Tidak,Ya,Tidak,Domestik,140.0,140.0,6,6,12.666666666666666,6,4,11.5,83.3,12.08,Baik (>75%),13.9,-0.3,0.79
STD-4193,Enrolled,0,25.4,Rendah,Basic Education,2nd phase - general,Reguler (Siang),Perempuan,21-23,22,Single,Tidak,Lunas,Tidak,Ya,Tidak,Domestik,132.5,150.0,6,4,12.25,6,5,11.6,75.0,11.92,Sedang (50-75%),10.8,1.4,1.74
STD-4194,Graduate,0,15.8,Rendah,Tourism,2nd phase - general,Reguler (Siang),Perempuan,<=20,18,Single,Tidak,Lunas,Ya,Tidak,Tidak,Domestik,127.7,141.0,6,6,11.285714285714286,6,4,13.5,83.3,12.39,Baik (>75%),16.2,0.3,-0.92
STD-4195,Dropout,1,97.5,Tinggi,Management,1st phase - general,Reguler (Siang),Perempuan,21-23,22,Single,Ya,Menunggak,Tidak,Ya,Tidak,Domestik,117.5,122.0,5,2,11.5,5,0,0.0,20.0,5.75,Kritis (<25%),12.7,3.7,-1.7
STD-4196,Graduate,0,3.6,Rendah,Tourism,1st phase - general,Reguler (Siang),Perempuan,<=20,18,Single,Tidak,Lunas,Ya,Ya,Tidak,Domestik,127.0,120.0,6,6,11.666666666666666,6,4,12.25,83.3,11.96,Baik (>75%),9.4,-0.8,-3.12
STD-4197,Graduate,0,1.6,Rendah,Nursing,1st phase - general,Reguler (Siang),Perempuan,21-23,21,Single,Tidak,Lunas,Ya,Tidak,Tidak,Domestik,125.5,139.0,8,7,13.514285714285714,8,7,13.514285714285714,87.5,13.51,Baik (>75%),12.7,3.7,-1.7
STD-4198,Graduate,0,8.9,Rendah,Journalism & Comm,2nd phase - general,Reguler (Siang),Perempuan,<=20,19,Single,Tidak,Lunas,Tidak,Ya,Tidak,Domestik,140.5,138.0,6,6,13.0,6,6,13.714285714285714,100.0,13.36,Baik (>75%),7.6,2.6,0.32
STD-4199,Enrolled,0,54.2,Sedang,Basic Education,1st phase - Azores,Reguler (Siang),Perempuan,21-23,22,Single,Tidak,Lunas,Tidak,Ya,Tidak,Domestik,118.3,119.0,6,3,15.0,6,4,10.25,58.3,12.62,Sedang (50-75%),9.4,-0.8,-3.12
STD-4200,Graduate,0,1.6,Rendah,Nursing,1st phase - general,Reguler (Siang),Perempuan,<=20,20,Single,Tidak,Lunas,Ya,Ya,Tidak,Domestik,120.8,129.0,8,7,12.744285714285716,8,7,12.744285714285716,87.5,12.74,Baik (>75%),10.8,1.4,1.74
STD-4201,Graduate,0,2.7,Rendah,Management,1st phase - general,Reguler (Siang),Perempuan,<=20,20,Single,Tidak,Lunas,Tidak,Tidak,Tidak,Domestik,95.0,133.1,5,4,11.75,5,5,11.8,90.0,11.78,Baik (>75%),11.1,0.6,2.02
STD-4202,Graduate,0,4.0,Rendah,Social Service (eve),2nd phase - general,Kelas Malam,Perempuan,<=20,19,Single,Ya,Lunas,Tidak,Ya,Tidak,Domestik,122.2,125.0,6,6,12.166666666666666,6,6,11.666666666666666,100.0,11.92,Baik (>75%),10.8,1.4,1.74
STD-4203,Enrolled,0,41.3,Sedang,Animation & Multimedia,2nd phase - general,Reguler (Siang),Perempuan,<=20,20,Single,Tidak,Lunas,Tidak,Ya,Tidak,Domestik,143.9,125.0,0,0,0.0,0,0,0.0,0.0,0.0,Kritis (<25%),15.5,2.8,-4.06
STD-4204,Graduate,0,4.2,Rendah,Communication Design,1st phase - general,Reguler (Siang),Perempuan,<=20,20,Single,Tidak,Lunas,Ya,Ya,Tidak,Domestik,127.2,137.0,6,5,13.4,6,6,12.375,91.7,12.89,Baik (>75%),13.9,-0.3,0.79
STD-4205,Dropout,1,9.3,Rendah,Social Service,1st phase - general,Reguler (Siang),Perempuan,<=20,20,Single,Tidak,Lunas,Tidak,Ya,Tidak,Domestik,120.2,123.0,6,5,11.8,6,4,11.5,75.0,11.65,Sedang (50-75%),7.6,2.6,0.32
STD-4206,Graduate,0,3.7,Rendah,Nursing,1st phase - general,Reguler (Siang),Perempuan,<=20,19,Single,Tidak,Lunas,Tidak,Ya,Tidak,Domestik,134.8,154.0,7,6,13.533333333333331,7,6,13.533333333333331,85.7,13.53,Baik (>75%),7.6,2.6,0.32
STD-4207,Graduate,0,4.1,Rendah,Tourism,1st phase - general,Reguler (Siang),Perempuan,<=20,18,Single,Tidak,Lunas,Ya,Ya,Tidak,Domestik,142.6,144.0,6,6,14.166666666666666,6,4,14.0,83.3,14.08,Baik (>75%),15.5,2.8,-4.06
STD-4208,Graduate,0,1.8,Rendah,Nursing,1st phase - general,Reguler (Siang),Perempuan,<=20,18,Single,Tidak,Lunas,Ya,Tidak,Tidak,Domestik,147.9,153.0,7,7,14.652857142857142,8,8,14.755555555555556,100.0,14.7,Baik (>75%),12.4,0.5,1.79
STD-4209,Dropout,1,65.9,Tinggi,Animation & Multimedia,1st phase - general,Reguler (Siang),Perempuan,<=20,19,Single,Tidak,Menunggak,Tidak,Ya,Tidak,Domestik,160.4,152.0,0,0,0.0,0,0,0.0,0.0,0.0,Kritis (<25%),7.6,2.6,0.32
STD-4210,Graduate,0,4.6,Rendah,Management,1st phase - general,Reguler (Siang),Laki-laki,<=20,20,Single,Tidak,Lunas,Tidak,Tidak,Tidak,Internasional,134.6,150.0,5,5,13.6,5,5,13.0,100.0,13.3,Baik (>75%),9.4,-0.8,-3.12
STD-4211,Graduate,0,7.1,Rendah,Tourism,1st phase - general,Reguler (Siang),Perempuan,21-23,22,Single,Tidak,Lunas,Ya,Tidak,Tidak,Domestik,121.0,129.0,6,6,12.833333333333334,6,4,13.25,83.3,13.04,Baik (>75%),16.2,0.3,-0.92
STD-4212,Graduate,0,2.2,Rendah,Social Service,1st phase - general,Reguler (Siang),Perempuan,<=20,18,Single,Tidak,Lunas,Ya,Ya,Tidak,Domestik,142.7,150.0,6,6,14.666666666666666,6,6,15.166666666666666,100.0,14.92,Baik (>75%),9.4,-0.8,-3.12
STD-4213,Graduate,0,2.8,Rendah,Journalism & Comm,2nd phase - general,Reguler (Siang),Perempuan,<=20,19,Single,Tidak,Lunas,Tidak,Ya,Tidak,Domestik,115.6,125.0,6,6,13.333333333333334,6,6,14.666666666666666,100.0,14.0,Baik (>75%),12.4,0.5,1.79
STD-4214,Graduate,0,27.7,Rendah,Social Service,1st phase - general,Reguler (Siang),Perempuan,<=20,20,Single,Tidak,Menunggak,Ya,Tidak,Tidak,Domestik,130.0,133.1,6,5,13.4,6,5,11.4,83.3,12.4,Baik (>75%),10.8,1.4,1.74
STD-4215,Graduate,0,8.6,Rendah,Nursing,1st phase - general,Reguler (Siang),Perempuan,<=20,19,Single,Tidak,Lunas,Ya,Ya,Tidak,Domestik,124.3,140.0,7,7,13.3125,8,8,15.6375,100.0,14.48,Baik (>75%),13.9,-0.3,0.79
STD-4216,Dropout,1,73.3,Tinggi,Animation & Multimedia,1st phase - general,Reguler (Siang),Perempuan,<=20,18,Single,Ya,Menunggak,Tidak,Ya,Tidak,Domestik,137.9,140.0,0,0,0.0,0,0,0.0,0.0,0.0,Kritis (<25%),8.9,1.4,3.51
STD-4217,Dropout,1,95.0,Tinggi,Journalism & Comm,1st phase - general,Reguler (Siang),Perempuan,<=20,20,Single,Ya,Menunggak,Tidak,Ya,Tidak,Domestik,100.0,133.1,4,0,0.0,5,0,0.0,0.0,0.0,Kritis (<25%),12.4,0.5,1.79
STD-4218,Graduate,0,3.9,Rendah,Journalism & Comm,1st phase - general,Reguler (Siang),Perempuan,<=20,19,Single,Tidak,Lunas,Ya,Ya,Tidak,Domestik,128.2,132.0,6,6,12.333333333333334,6,6,13.5,100.0,12.92,Baik (>75%),9.4,-0.8,-3.12
STD-4219,Enrolled,0,3.9,Rendah,Journalism & Comm,2nd phase - general,Reguler (Siang),Perempuan,<=20,18,Single,Tidak,Lunas,Tidak,Tidak,Tidak,Domestik,135.0,135.0,6,6,13.5,6,6,13.333333333333334,100.0,13.42,Baik (>75%),12.4,0.5,1.79
STD-4220,Graduate,0,2.7,Rendah,Social Service,1st phase - Madeira,Reguler (Siang),Perempuan,<=20,18,Single,Tidak,Lunas,Tidak,Ya,Tidak,Domestik,121.0,135.0,6,5,13.0,6,6,11.833333333333334,91.7,12.42,Baik (>75%),10.8,1.4,1.74
STD-4221,Dropout,1,92.4,Tinggi,Advertising & Marketing,1st phase - general,Reguler (Siang),Perempuan,21-23,22,Single,Tidak,Lunas,Tidak,Tidak,Tidak,Domestik,147.0,133.1,5,2,12.5,5,0,0.0,20.0,6.25,Kritis (<25%),9.4,-0.8,-3.12
STD-4222,Graduate,0,4.2,Rendah,Social Service,1st phase - general,Reguler (Siang),Perempuan,<=20,18,Single,Tidak,Lunas,Tidak,Tidak,Tidak,Domestik,149.5,168.0,6,6,17.0,6,6,16.0,100.0,16.5,Baik (>75%),12.4,0.5,1.79
STD-4223,Graduate,0,1.9,Rendah,Social Service,1st phase - general,Reguler (Siang),Perempuan,<=20,20,Single,Tidak,Lunas,Tidak,Ya,Tidak,Domestik,144.4,143.0,6,6,13.5,6,6,13.0,100.0,13.25,Baik (>75%),10.8,1.4,1.74
STD-4224,Graduate,0,2.1,Rendah,Tourism,2nd phase - general,Reguler (Siang),Perempuan,<=20,19,Single,Tidak,Lunas,Tidak,Ya,Tidak,Domestik,116.0,116.0,6,6,12.714285714285714,6,6,11.833333333333334,100.0,12.27,Baik (>75%),8.9,1.4,3.51
STD-4225,Graduate,0,6.1,Rendah,Nursing,Change of course,Reguler (Siang),Perempuan,<=20,19,Single,Tidak,Lunas,Ya,Tidak,Tidak,Domestik,120.7,134.0,7,6,13.0,8,8,13.927272727272726,93.3,13.46,Baik (>75%),16.2,0.3,-0.92
STD-4226,Graduate,0,3.0,Rendah,Social Service,Tech. specialization holder,Reguler (Siang),Perempuan,21-23,21,Single,Tidak,Lunas,Tidak,Tidak,Tidak,Domestik,141.8,140.0,6,6,12.571428571428571,6,6,13.5,100.0,13.04,Baik (>75%),12.4,0.5,1.79
STD-4227,Dropout,1,2.9,Rendah,Social Service (eve),2nd phase - general,Kelas Malam,Perempuan,<=20,19,Single,Tidak,Lunas,Ya,Ya,Tidak,Domestik,119.7,133.0,6,4,11.5,6,6,11.5,83.3,11.5,Baik (>75%),9.4,-0.8,-3.12
STD-4228,Graduate,0,6.6,Rendah,Social Service,1st phase - general,Reguler (Siang),Perempuan,<=20,19,Single,Tidak,Lunas,Ya,Ya,Tidak,Domestik,118.4,125.0,6,6,13.5,6,6,13.285714285714286,100.0,13.39,Baik (>75%),11.1,0.6,2.02
STD-4229,Enrolled,0,13.4,Rendah,Social Service (eve),Over 23 years old,Kelas Malam,Perempuan,>35,45,Married,Tidak,Lunas,Tidak,Tidak,Tidak,Domestik,134.5,133.1,6,5,13.6,6,5,13.0,83.3,13.3,Baik (>75%),15.5,2.8,-4.06
STD-4230,Dropout,1,97.1,Tinggi,Veterinary Nursing,Over 23 years old,Reguler (Siang),Perempuan,28-35,28,Married,Tidak,Menunggak,Ya,Tidak,Tidak,Domestik,128.2,133.1,5,1,12.0,5,0,0.0,10.0,6.0,Kritis (<25%),9.4,-0.8,-3.12
STD-4231,Graduate,0,4.4,Rendah,Nursing,Change of course,Reguler (Siang),Perempuan,28-35,28,Married,Tidak,Lunas,Tidak,Tidak,Tidak,Domestik,115.0,137.0,7,7,14.95,8,8,14.7375,100.0,14.84,Baik (>75%),13.9,-0.3,0.79
STD-4232,Enrolled,0,25.1,Rendah,Management (evening),Over 23 years old,Kelas Malam,Perempuan,24-27,25,Single,Ya,Lunas,Tidak,Tidak,Tidak,Domestik,130.0,140.0,5,4,11.25,5,4,12.0,80.0,11.62,Baik (>75%),12.7,3.7,-1.7
STD-4233,Dropout,1,89.8,Tinggi,Advertising & Marketing,Change of course,Reguler (Siang),Perempuan,<=20,19,Single,Ya,Menunggak,Tidak,Tidak,Tidak,Domestik,120.7,134.0,6,3,10.666666666666666,6,4,12.25,58.3,11.46,Sedang (50-75%),15.5,2.8,-4.06
STD-4234,Graduate,0,5.4,Rendah,Nursing,1st phase - general,Reguler (Siang),Perempuan,<=20,19,Single,Tidak,Lunas,Tidak,Ya,Tidak,Domestik,130.5,139.0,8,7,14.992857142857142,8,7,14.992857142857142,87.5,14.99,Baik (>75%),10.8,1.4,1.74
STD-4235,Enrolled,0,23.3,Rendah,Management,1st phase - general,Reguler (Siang),Laki-laki,<=20,20,Single,Tidak,Lunas,Tidak,Ya,Tidak,Domestik,107.4,113.0,5,3,10.5,5,4,11.25,70.0,10.88,Sedang (50-75%),12.4,0.5,1.79
STD-4236,Enrolled,0,41.1,Sedang,Social Service,1st phase - general,Reguler (Siang),Laki-laki,21-23,22,Single,Tidak,Lunas,Tidak,Ya,Tidak,Domestik,100.0,133.1,6,4,11.25,6,3,11.0,58.3,11.12,Sedang (50-75%),8.9,1.4,3.51
STD-4237,Graduate,0,3.7,Rendah,Journalism & Comm,Change of course,Reguler (Siang),Laki-laki,<=20,20,Single,Tidak,Lunas,Ya,Ya,Tidak,Domestik,125.0,132.0,6,6,12.333333333333334,6,6,14.0,100.0,13.17,Baik (>75%),12.4,0.5,1.79
STD-4238,Enrolled,0,2.3,Rendah,Nursing,1st phase - general,Reguler (Siang),Laki-laki,<=20,20,Single,Tidak,Lunas,Tidak,Ya,Tidak,Domestik,121.5,127.0,7,6,13.016666666666666,7,6,13.016666666666666,85.7,13.02,Baik (>75%),7.6,2.6,0.32
STD-4239,Dropout,1,94.7,Tinggi,Veterinary Nursing,1st phase - general,Reguler (Siang),Laki-laki,<=20,20,Single,Ya,Menunggak,Tidak,Tidak,Tidak,Domestik,127.2,123.0,5,3,11.333333333333334,5,2,11.5,50.0,11.42,Rendah (25-50%),7.6,2.6,0.32
STD-4240,Graduate,0,27.1,Rendah,Veterinary Nursing,Over 23 years old,Reguler (Siang),Perempuan,24-27,27,Single,Tidak,Lunas,Tidak,Ya,Tidak,Domestik,160.0,130.0,6,6,16.142857142857142,6,6,14.666666666666666,100.0,15.4,Baik (>75%),13.9,-0.3,0.79
STD-4241,Graduate,0,10.3,Rendah,Veterinary Nursing,Change of institution/course,Reguler (Siang),Perempuan,21-23,22,Single,Tidak,Lunas,Tidak,Tidak,Tidak,Domestik,120.0,125.0,6,6,14.833333333333334,6,5,13.833333333333334,91.7,14.33,Baik (>75%),11.1,0.6,2.02
STD-4242,Dropout,1,18.0,Rendah,Nursing,1st phase - general,Reguler (Siang),Perempuan,<=20,19,Single,Ya,Menunggak,Tidak,Ya,Tidak,Domestik,141.5,140.0,8,7,13.327142857142857,8,7,13.327142857142857,87.5,13.33,Baik (>75%),10.8,1.4,1.74
STD-4243,Dropout,1,95.7,Tinggi,Social Service,2nd phase - general,Reguler (Siang),Perempuan,<=20,19,Single,Tidak,Menunggak,Tidak,Ya,Tidak,Domestik,111.4,111.0,6,4,11.0,6,2,11.5,50.0,11.25,Rendah (25-50%),12.7,3.7,-1.7
STD-4244,Enrolled,0,34.1,Sedang,Communication Design,1st phase - general,Reguler (Siang),Perempuan,<=20,18,Single,Tidak,Lunas,Tidak,Ya,Tidak,Domestik,136.6,132.0,6,6,11.714285714285714,6,6,10.375,100.0,11.04,Baik (>75%),13.9,-0.3,0.79
STD-4245,Dropout,1,4.8,Rendah,Animation & Multimedia,1st phase - general,Reguler (Siang),Perempuan,<=20,19,Single,Tidak,Lunas,Tidak,Ya,Tidak,Domestik,154.6,150.0,12,12,12.333333333333334,11,10,12.727272727272728,95.7,12.53,Baik (>75%),8.9,1.4,3.51
STD-4246,Dropout,1,93.1,Tinggi,Basic Education,3rd phase - general,Reguler (Siang),Perempuan,<=20,20,Single,Ya,Menunggak,Tidak,Ya,Tidak,Domestik,111.4,118.0,7,0,0.0,6,0,0.0,0.0,0.0,Kritis (<25%),11.1,0.6,2.02
STD-4247,Dropout,1,66.4,Tinggi,Management (evening),Change of course,Kelas Malam,Perempuan,>35,39,Married,Tidak,Menunggak,Tidak,Tidak,Tidak,Domestik,120.1,150.0,15,12,11.916666666666666,13,8,11.25,71.4,11.58,Sedang (50-75%),10.8,1.4,1.74
STD-4248,Graduate,0,2.6,Rendah,Social Service (eve),Over 23 years old,Kelas Malam,Perempuan,>35,37,Married,Ya,Lunas,Tidak,Tidak,Tidak,Domestik,100.0,100.0,6,6,11.833333333333334,6,6,11.0,100.0,11.42,Baik (>75%),7.6,2.6,0.32
STD-4249,Dropout,1,94.4,Tinggi,Nursing,Over 23 years old,Reguler (Siang),Perempuan,28-35,30,Married,Ya,Menunggak,Tidak,Tidak,Tidak,Domestik,140.0,130.0,7,3,12.333333333333334,7,3,11.666666666666666,42.9,12.0,Rendah (25-50%),13.9,-0.3,0.79
STD-4250,Graduate,0,5.4,Rendah,Management (evening),Change of course,Kelas Malam,Perempuan,>35,41,Married,Tidak,Lunas,Tidak,Tidak,Tidak,Domestik,130.0,130.0,10,10,14.3,10,10,14.2,100.0,14.25,Baik (>75%),12.7,3.7,-1.7
STD-4251,Dropout,1,91.0,Tinggi,Nursing,Over 23 years old,Reguler (Siang),Perempuan,>35,40,Divorced,Tidak,Menunggak,Tidak,Tidak,Tidak,Domestik,100.0,133.1,8,5,11.832,8,5,11.832,62.5,11.83,Sedang (50-75%),9.4,-0.8,-3.12
STD-4252,Dropout,1,81.9,Tinggi,Management,1st phase - general,Reguler (Siang),Perempuan,<=20,20,Single,Tidak,Lunas,Tidak,Tidak,Tidak,Domestik,106.1,112.0,5,2,10.0,5,0,0.0,20.0,5.0,Kritis (<25%),9.4,-0.8,-3.12
STD-4253,Graduate,0,6.3,Rendah,Management (evening),1st phase - general,Kelas Malam,Perempuan,28-35,28,Married,Tidak,Lunas,Tidak,Tidak,Tidak,Domestik,151.4,144.0,5,5,12.0,5,5,11.6,100.0,11.8,Baik (>75%),7.6,2.6,0.32
STD-4254,Dropout,1,94.7,Tinggi,Basic Education,3rd phase - general,Reguler (Siang),Perempuan,<=20,19,Single,Ya,Menunggak,Tidak,Ya,Tidak,Domestik,113.7,120.0,7,5,12.2,7,0,0.0,35.7,6.1,Rendah (25-50%),12.4,0.5,1.79
STD-4255,Dropout,1,12.8,Rendah,Advertising & Marketing,1st phase - general,Reguler (Siang),Perempuan,21-23,23,Single,Tidak,Lunas,Tidak,Ya,Tidak,Domestik,116.5,121.0,5,3,11.333333333333334,5,4,11.25,70.0,11.29,Sedang (50-75%),7.6,2.6,0.32
STD-4256,Dropout,1,6.9,Rendah,Social Service (eve),Holder of other higher course,Kelas Malam,Perempuan,<=20,18,Single,Tidak,Lunas,Tidak,Tidak,Tidak,Domestik,120.0,120.0,16,13,13.846153846153848,11,9,12.555555555555555,81.5,13.2,Baik (>75%),15.5,2.8,-4.06
STD-4257,Graduate,0,6.1,Rendah,Nursing,Over 23 years old,Reguler (Siang),Perempuan,24-27,24,Single,Tidak,Lunas,Tidak,Tidak,Tidak,Domestik,122.0,100.0,8,7,12.412857142857144,8,7,12.412857142857144,87.5,12.41,Baik (>75%),10.8,1.4,1.74
STD-4258,Enrolled,0,9.8,Rendah,Advertising & Marketing,2nd phase - general,Reguler (Siang),Perempuan,21-23,21,Single,Tidak,Lunas,Tidak,Tidak,Tidak,Domestik,117.1,115.0,5,3,12.666666666666666,5,4,12.75,70.0,12.71,Sedang (50-75%),7.6,2.6,0.32
STD-4259,Graduate,0,3.5,Rendah,Nursing,1st phase - general,Reguler (Siang),Perempuan,<=20,19,Single,Tidak,Lunas,Tidak,Ya,Tidak,Domestik,120.8,123.0,8,7,12.545714285714286,8,7,12.545714285714286,87.5,12.55,Baik (>75%),10.8,1.4,1.74
STD-4260,Dropout,1,14.8,Rendah,Journalism & Comm,1st phase - general,Reguler (Siang),Perempuan,<=20,19,Single,Tidak,Lunas,Tidak,Ya,Tidak,Domestik,141.4,134.0,6,3,13.0,6,2,14.0,41.7,13.5,Rendah (25-50%),9.4,-0.8,-3.12
STD-4261,Dropout,1,97.7,Tinggi,Agronomy,Over 23 years old,Reguler (Siang),Perempuan,>35,48,Single,Ya,Menunggak,Tidak,Tidak,Tidak,Domestik,110.0,123.0,6,0,0.0,6,0,0.0,0.0,0.0,Kritis (<25%),11.1,0.6,2.02
STD-4262,Dropout,1,72.4,Tinggi,Management (evening),Change of course,Kelas Malam,Perempuan,>35,38,Married,Tidak,Menunggak,Tidak,Tidak,Tidak,Domestik,120.0,120.0,12,9,12.22222222222222,12,9,13.0,75.0,12.61,Sedang (50-75%),9.4,-0.8,-3.12
STD-4263,Graduate,0,2.3,Rendah,Management,2nd phase - general,Reguler (Siang),Perempuan,<=20,19,Single,Tidak,Lunas,Tidak,Tidak,Tidak,Domestik,120.2,131.0,5,5,13.285714285714286,5,5,13.0,100.0,13.14,Baik (>75%),12.7,3.7,-1.7
STD-4264,Dropout,1,88.8,Tinggi,Management (evening),Over 23 years old,Kelas Malam,Laki-laki,28-35,30,Married,Tidak,Lunas,Tidak,Tidak,Tidak,Domestik,138.4,133.1,5,3,11.666666666666666,5,1,11.0,40.0,11.33,Rendah (25-50%),7.6,2.6,0.32
STD-4265,Graduate,0,1.7,Rendah,Agronomy,Tech. specialization holder,Reguler (Siang),Laki-laki,24-27,24,Single,Tidak,Lunas,Ya,Tidak,Tidak,Domestik,150.0,150.0,6,6,13.555555555555555,6,6,12.666666666666666,100.0,13.11,Baik (>75%),13.9,-0.3,0.79
STD-4266,Graduate,0,5.9,Rendah,Journalism & Comm,2nd phase - general,Reguler (Siang),Laki-laki,<=20,19,Single,Tidak,Lunas,Tidak,Ya,Tidak,Domestik,121.8,134.0,6,6,13.166666666666666,6,6,12.428571428571429,100.0,12.8,Baik (>75%),16.2,0.3,-0.92
STD-4267,Enrolled,0,42.4,Sedang,Animation & Multimedia,Tech. specialization holder,Reguler (Siang),Laki-laki,21-23,21,Single,Tidak,Lunas,Tidak,Tidak,Tidak,Domestik,140.0,140.0,0,0,0.0,0,0,0.0,0.0,0.0,Kritis (<25%),15.5,2.8,-4.06
STD-4268,Graduate,0,9.7,Rendah,Tourism,1st phase - general,Reguler (Siang),Laki-laki,21-23,21,Single,Tidak,Lunas,Ya,Ya,Tidak,Domestik,116.3,117.0,6,6,11.666666666666666,6,5,12.2,91.7,11.93,Baik (>75%),10.8,1.4,1.74
STD-4269,Dropout,1,8.3,Rendah,Management (evening),1st phase - general,Kelas Malam,Laki-laki,<=20,19,Single,Tidak,Lunas,Tidak,Tidak,Tidak,Domestik,131.5,143.0,5,4,11.0,5,4,12.25,80.0,11.62,Baik (>75%),15.5,2.8,-4.06
STD-4270,Enrolled,0,60.9,Tinggi,Communication Design,2nd phase - general,Reguler (Siang),Laki-laki,<=20,18,Single,Tidak,Lunas,Tidak,Ya,Tidak,Domestik,141.0,142.0,6,6,13.0,6,1,10.0,58.3,11.5,Sedang (50-75%),10.8,1.4,1.74
STD-4271,Graduate,0,1.2,Rendah,Communication Design,2nd phase - general,Reguler (Siang),Laki-laki,<=20,18,Single,Tidak,Lunas,Ya,Tidak,Tidak,Domestik,138.0,132.0,6,6,13.666666666666666,6,6,12.0,100.0,12.83,Baik (>75%),12.4,0.5,1.79
STD-4272,Dropout,1,8.7,Rendah,Informatics Engineering,2nd phase - general,Reguler (Siang),Laki-laki,<=20,19,Single,Tidak,Lunas,Tidak,Ya,Tidak,Domestik,127.5,138.0,5,5,14.6,5,5,15.2,100.0,14.9,Baik (>75%),8.9,1.4,3.51
STD-4273,Graduate,0,3.0,Rendah,Nursing,1st phase - general,Reguler (Siang),Laki-laki,<=20,19,Single,Tidak,Lunas,Ya,Tidak,Tidak,Domestik,127.0,131.0,8,7,12.514285714285714,8,7,12.514285714285714,87.5,12.51,Baik (>75%),12.7,3.7,-1.7
STD-4274,Enrolled,0,22.2,Rendah,Veterinary Nursing,2nd phase - general,Reguler (Siang),Laki-laki,<=20,18,Single,Tidak,Lunas,Tidak,Tidak,Tidak,Domestik,118.9,123.0,5,3,14.0,5,3,12.666666666666666,60.0,13.33,Sedang (50-75%),7.6,2.6,0.32
STD-4275,Enrolled,0,5.4,Rendah,Tourism,1st phase - general,Reguler (Siang),Laki-laki,24-27,25,Single,Tidak,Lunas,Tidak,Ya,Tidak,Domestik,134.5,131.0,6,6,13.166666666666666,6,5,12.6,91.7,12.88,Baik (>75%),7.6,2.6,0.32
STD-4276,Enrolled,0,21.4,Rendah,Informatics Engineering,2nd phase - general,Reguler (Siang),Laki-laki,<=20,18,Single,Tidak,Lunas,Tidak,Ya,Tidak,Domestik,133.0,141.0,5,4,13.0,5,3,12.333333333333334,70.0,12.67,Sedang (50-75%),7.6,2.6,0.32
STD-4277,Dropout,1,97.0,Tinggi,Management,Over 23 years old,Reguler (Siang),Laki-laki,28-35,29,Facto Union,Tidak,Menunggak,Tidak,Tidak,Tidak,Domestik,114.0,133.1,5,1,13.0,5,0,0.0,10.0,6.5,Kritis (<25%),8.9,1.4,3.51
STD-4278,Dropout,1,31.6,Sedang,Informatics Engineering,2nd phase - general,Reguler (Siang),Laki-laki,21-23,21,Single,Tidak,Lunas,Tidak,Ya,Tidak,Domestik,116.7,116.0,5,1,10.0,5,3,13.666666666666666,40.0,11.83,Rendah (25-50%),7.6,2.6,0.32
STD-4279,Graduate,0,16.4,Rendah,Journalism & Comm,1st phase - general,Reguler (Siang),Laki-laki,<=20,18,Single,Ya,Lunas,Ya,Ya,Tidak,Domestik,125.1,123.0,6,6,14.333333333333334,6,6,15.333333333333334,100.0,14.83,Baik (>75%),11.1,0.6,2.02
STD-4280,Dropout,1,86.9,Tinggi,Tourism,2nd phase - general,Reguler (Siang),Laki-laki,<=20,20,Single,Tidak,Lunas,Ya,Tidak,Tidak,Domestik,137.2,133.0,6,0,0.0,6,0,0.0,0.0,0.0,Kritis (<25%),10.8,1.4,1.74
STD-4281,Dropout,1,94.6,Tinggi,Management (evening),Over 23 years old,Kelas Malam,Laki-laki,24-27,27,Single,Tidak,Lunas,Tidak,Tidak,Tidak,Domestik,111.4,133.1,5,1,11.0,5,0,0.0,10.0,5.5,Kritis (<25%),13.9,-0.3,0.79
STD-4282,Enrolled,0,95.4,Tinggi,Veterinary Nursing,1st phase - general,Reguler (Siang),Laki-laki,21-23,21,Single,Tidak,Lunas,Tidak,Ya,Tidak,Domestik,105.0,133.1,6,3,11.25,6,0,0.0,25.0,5.62,Kritis (<25%),12.4,0.5,1.79
STD-4283,Dropout,1,16.0,Rendah,Management,3rd phase - general,Reguler (Siang),Laki-laki,<=20,20,Single,Tidak,Lunas,Tidak,Ya,Tidak,Domestik,124.3,140.0,5,4,10.75,5,3,10.571428571428571,70.0,10.66,Sedang (50-75%),10.8,1.4,1.74
STD-4284,Dropout,1,96.7,Tinggi,Management,Over 23 years old,Reguler (Siang),Laki-laki,28-35,28,Single,Ya,Menunggak,Tidak,Tidak,Tidak,Domestik,132.0,100.0,5,1,11.0,5,0,0.0,10.0,5.5,Kritis (<25%),10.8,1.4,1.74
STD-4285,Enrolled,0,1.0,Rendah,Oral Hygiene,Over 23 years old,Reguler (Siang),Laki-laki,24-27,24,Single,Tidak,Lunas,Ya,Tidak,Tidak,Domestik,110.0,130.0,7,6,10.857142857142858,7,7,11.857142857142858,92.9,11.36,Baik (>75%),12.7,3.7,-1.7
STD-4286,Enrolled,0,25.6,Rendah,Management,1st phase - general,Reguler (Siang),Laki-laki,21-23,22,Single,Tidak,Lunas,Tidak,Tidak,Tidak,Domestik,134.7,134.0,5,4,11.75,5,3,11.0,70.0,11.38,Sedang (50-75%),7.6,2.6,0.32
STD-4287,Graduate,0,20.4,Rendah,Veterinary Nursing,1st phase - general,Reguler (Siang),Laki-laki,<=20,20,Single,Tidak,Lunas,Tidak,Ya,Tidak,Domestik,136.8,134.0,5,5,12.8,5,4,13.666666666666666,90.0,13.23,Baik (>75%),10.8,1.4,1.74
STD-4288,Graduate,0,11.8,Rendah,Veterinary Nursing,Tech. specialization holder,Reguler (Siang),Laki-laki,21-23,21,Single,Tidak,Lunas,Tidak,Tidak,Tidak,Domestik,160.0,160.0,5,3,12.333333333333334,5,5,11.4,80.0,11.87,Baik (>75%),9.4,-0.8,-3.12
STD-4289,Dropout,1,95.6,Tinggi,Agronomy,Tech. specialization holder,Reguler (Siang),Laki-laki,21-23,23,Single,Ya,Menunggak,Tidak,Ya,Tidak,Domestik,130.0,130.0,6,2,11.333333333333334,6,2,13.0,33.3,12.17,Rendah (25-50%),13.9,-0.3,0.79
STD-4290,Graduate,0,9.3,Rendah,Social Service,1st phase - general,Reguler (Siang),Laki-laki,<=20,18,Single,Tidak,Lunas,Tidak,Ya,Tidak,Domestik,128.8,141.0,6,5,11.6,6,6,11.166666666666666,91.7,11.38,Baik (>75%),10.8,1.4,1.74
STD-4291,Graduate,0,6.6,Rendah,Animation & Multimedia,1st phase - general,Reguler (Siang),Laki-laki,<=20,20,Single,Tidak,Lunas,Ya,Ya,Tidak,Domestik,148.4,147.0,14,12,10.923076923076923,13,11,12.181818181818182,85.2,11.55,Baik (>75%),11.1,0.6,2.02
STD-4292,Graduate,0,48.8,Sedang,Animation & Multimedia,1st phase - general,Reguler (Siang),Laki-laki,<=20,19,Single,Tidak,Lunas,Tidak,Ya,Tidak,Domestik,130.4,137.0,0,0,0.0,0,0,0.0,0.0,0.0,Kritis (<25%),15.5,2.8,-4.06
STD-4293,Graduate,0,7.1,Rendah,Nursing,Over 23 years old,Reguler (Siang),Laki-laki,28-35,32,Married,Tidak,Lunas,Tidak,Tidak,Tidak,Domestik,126.0,130.0,7,7,13.62857142857143,8,8,13.9125,100.0,13.77,Baik (>75%),13.9,-0.3,0.79
STD-4294,Dropout,1,90.2,Tinggi,Tourism,1st phase - general,Reguler (Siang),Laki-laki,<=20,20,Single,Tidak,Lunas,Tidak,Ya,Tidak,Domestik,118.7,119.0,6,3,10.333333333333334,6,1,11.0,33.3,10.67,Rendah (25-50%),10.8,1.4,1.74
STD-4295,Graduate,0,17.2,Rendah,Agronomy,Over 23 years old,Reguler (Siang),Laki-laki,28-35,32,Single,Tidak,Lunas,Tidak,Tidak,Tidak,Domestik,120.0,130.0,18,18,13.736842105263158,13,12,13.75,96.8,13.74,Baik (>75%),15.5,2.8,-4.06
STD-4296,Enrolled,0,51.3,Sedang,Agronomy,Over 23 years old,Reguler (Siang),Laki-laki,28-35,28,Single,Tidak,Lunas,Tidak,Ya,Tidak,Domestik,120.0,130.0,13,8,11.625,10,6,11.0,60.9,11.31,Sedang (50-75%),15.5,2.8,-4.06
STD-4297,Graduate,0,20.2,Rendah,Communication Design,Tech. specialization holder,Reguler (Siang),Laki-laki,21-23,21,Single,Tidak,Lunas,Ya,Ya,Ya,Domestik,116.3,120.0,7,4,11.5,9,7,12.142857142857142,68.8,11.82,Sedang (50-75%),12.4,0.5,1.79
STD-4298,Graduate,0,2.9,Rendah,Journalism & Comm,1st phase - general,Reguler (Siang),Laki-laki,<=20,19,Single,Tidak,Lunas,Ya,Tidak,Tidak,Domestik,133.9,130.0,6,5,14.0,6,6,13.0,91.7,13.5,Baik (>75%),10.8,1.4,1.74
STD-4299,Dropout,1,81.9,Tinggi,Management (evening),Over 23 years old,Kelas Malam,Laki-laki,24-27,24,Single,Tidak,Lunas,Tidak,Tidak,Tidak,Domestik,150.3,150.0,5,3,11.333333333333334,5,0,0.0,30.0,5.67,Rendah (25-50%),10.8,1.4,1.74
STD-4300,Dropout,1,69.6,Tinggi,Management,2nd phase - general,Reguler (Siang),Laki-laki,<=20,18,Single,Tidak,Lunas,Tidak,Tidak,Tidak,Domestik,118.3,120.0,5,1,10.0,5,1,10.0,20.0,10.0,Kritis (<25%),12.7,3.7,-1.7
STD-4301,Graduate,0,12.0,Rendah,Agronomy,Tech. specialization holder,Reguler (Siang),Laki-laki,<=20,20,Single,Tidak,Lunas,Tidak,Ya,Tidak,Domestik,130.0,130.0,6,5,11.714285714285714,6,5,12.0,83.3,11.86,Baik (>75%),16.2,0.3,-0.92
STD-4302,Dropout,1,64.9,Tinggi,Animation & Multimedia,Change of course,Reguler (Siang),Laki-laki,24-27,25,Single,Tidak,Menunggak,Tidak,Tidak,Tidak,Domestik,140.0,140.0,0,0,0.0,0,0,0.0,0.0,0.0,Kritis (<25%),15.5,2.8,-4.06
STD-4303,Dropout,1,49.2,Sedang,Management,2nd phase - general,Reguler (Siang),Laki-laki,24-27,25,Single,Tidak,Lunas,Tidak,Ya,Tidak,Domestik,110.4,130.0,15,13,10.76923076923077,14,12,11.833333333333334,86.2,11.3,Baik (>75%),7.6,2.6,0.32
STD-4304,Dropout,1,10.0,Rendah,Journalism & Comm,2nd phase - general,Reguler (Siang),Laki-laki,<=20,18,Single,Tidak,Lunas,Tidak,Ya,Tidak,Domestik,139.7,147.0,6,5,11.6,6,6,12.0,91.7,11.8,Baik (>75%),9.4,-0.8,-3.12
STD-4305,Dropout,1,78.9,Tinggi,Management,1st phase - general,Reguler (Siang),Laki-laki,<=20,19,Single,Tidak,Lunas,Tidak,Ya,Tidak,Domestik,138.3,148.0,5,4,13.75,5,0,0.0,40.0,6.88,Rendah (25-50%),12.4,0.5,1.79
STD-4306,Dropout,1,15.7,Rendah,Management,1st phase - general,Reguler (Siang),Laki-laki,<=20,18,Single,Tidak,Lunas,Tidak,Ya,Tidak,Domestik,123.2,133.0,5,4,11.0,5,5,10.5,90.0,10.75,Baik (>75%),13.9,-0.3,0.79
STD-4307,Dropout,1,96.5,Tinggi,Management,Transfer,Reguler (Siang),Laki-laki,24-27,25,Single,Tidak,Menunggak,Tidak,Tidak,Tidak,Domestik,120.0,135.0,5,0,0.0,5,0,0.0,0.0,0.0,Kritis (<25%),15.5,2.8,-4.06
STD-4308,Dropout,1,84.2,Tinggi,Animation & Multimedia,Over 23 years old,Reguler (Siang),Laki-laki,>35,38,Single,Tidak,Lunas,Tidak,Ya,Tidak,Domestik,127.0,116.0,0,0,0.0,0,0,0.0,0.0,0.0,Kritis (<25%),7.6,2.6,0.32
STD-4309,Dropout,1,46.2,Sedang,Animation & Multimedia,Tech. specialization holder,Reguler (Siang),Laki-laki,<=20,19,Single,Tidak,Lunas,Tidak,Tidak,Tidak,Domestik,114.2,110.0,0,0,0.0,0,0,0.0,0.0,0.0,Kritis (<25%),12.4,0.5,1.79
STD-4310,Graduate,0,11.2,Rendah,Journalism & Comm,1st phase - general,Reguler (Siang),Laki-laki,<=20,19,Single,Tidak,Lunas,Tidak,Ya,Tidak,Domestik,119.7,133.0,6,6,12.333333333333334,6,5,13.2,91.7,12.77,Baik (>75%),16.2,0.3,-0.92
STD-4311,Graduate,0,3.6,Rendah,Veterinary Nursing,Tech. specialization holder,Reguler (Siang),Laki-laki,21-23,22,Single,Tidak,Lunas,Ya,Ya,Tidak,Domestik,150.0,150.0,6,6,13.428571428571429,6,6,13.625,100.0,13.53,Baik (>75%),12.4,0.5,1.79
STD-4312,Enrolled,0,42.0,Sedang,Informatics Engineering,1st phase - general,Reguler (Siang),Laki-laki,<=20,18,Single,Tidak,Lunas,Tidak,Ya,Tidak,Domestik,123.5,135.0,5,0,0.0,5,1,10.0,10.0,5.0,Kritis (<25%),7.6,2.6,0.32
STD-4313,Dropout,1,96.7,Tinggi,Management (evening),Holder of other higher course,Kelas Malam,Laki-laki,28-35,32,Single,Tidak,Menunggak,Tidak,Tidak,Tidak,Domestik,130.0,130.0,5,4,14.75,5,2,15.0,60.0,14.88,Sedang (50-75%),16.2,0.3,-0.92
STD-4314,Graduate,0,10.5,Rendah,Basic Education,Change of course,Reguler (Siang),Laki-laki,>35,37,Single,Tidak,Lunas,Tidak,Tidak,Tidak,Domestik,124.6,130.0,21,21,12.476190476190476,19,19,12.210526315789474,100.0,12.34,Baik (>75%),12.4,0.5,1.79
STD-4315,Dropout,1,88.5,Tinggi,Informatics Engineering,2nd phase - general,Reguler (Siang),Laki-laki,21-23,21,Single,Tidak,Lunas,Tidak,Ya,Tidak,Domestik,119.4,132.0,5,0,0.0,5,0,0.0,0.0,0.0,Kritis (<25%),7.6,2.6,0.32
STD-4316,Dropout,1,41.4,Sedang,Tourism,1st phase - general,Reguler (Siang),Laki-laki,<=20,18,Single,Tidak,Lunas,Tidak,Ya,Tidak,Domestik,121.9,125.0,6,3,11.666666666666666,6,2,12.5,41.7,12.08,Rendah (25-50%),10.8,1.4,1.74
STD-4317,Graduate,0,0.7,Rendah,Communication Design,1st phase - general,Reguler (Siang),Laki-laki,<=20,19,Single,Ya,Lunas,Tidak,Ya,Tidak,Domestik,110.0,118.0,6,6,12.0,6,6,13.571428571428571,100.0,12.79,Baik (>75%),8.9,1.4,3.51
STD-4318,Graduate,0,2.3,Rendah,Advertising & Marketing,2nd phase - general,Reguler (Siang),Laki-laki,<=20,19,Single,Tidak,Lunas,Ya,Tidak,Tidak,Domestik,118.7,118.0,6,6,12.0,6,6,14.0,100.0,13.0,Baik (>75%),12.4,0.5,1.79
STD-4319,Graduate,0,6.3,Rendah,Animation & Multimedia,1st phase - general,Reguler (Siang),Perempuan,<=20,19,Single,Tidak,Menunggak,Tidak,Ya,Tidak,Internasional,163.1,161.0,12,12,15.25,11,11,15.0,100.0,15.12,Baik (>75%),8.9,1.4,3.51
STD-4320,Graduate,0,4.2,Rendah,Journalism & Comm,2nd phase - general,Reguler (Siang),Laki-laki,<=20,19,Single,Tidak,Lunas,Ya,Ya,Tidak,Domestik,121.7,136.0,6,5,12.4,6,6,13.166666666666666,91.7,12.78,Baik (>75%),12.7,3.7,-1.7
STD-4321,Enrolled,0,7.8,Rendah,Management,International student,Reguler (Siang),Laki-laki,21-23,21,Single,Ya,Lunas,Tidak,Tidak,Tidak,Internasional,135.0,135.0,5,3,12.333333333333334,5,4,11.25,70.0,11.79,Sedang (50-75%),8.9,1.4,3.51
STD-4322,Enrolled,0,7.4,Rendah,Management (evening),Over 23 years old,Kelas Malam,Perempuan,28-35,28,Divorced,Tidak,Lunas,Tidak,Tidak,Tidak,Domestik,147.9,147.0,5,4,11.5,5,4,12.0,80.0,11.75,Baik (>75%),10.8,1.4,1.74
STD-4323,Dropout,1,93.1,Tinggi,Journalism & Comm,1st phase - general,Reguler (Siang),Perempuan,<=20,19,Single,Ya,Menunggak,Tidak,Ya,Tidak,Internasional,118.1,124.0,6,5,12.2,6,4,11.75,75.0,11.98,Sedang (50-75%),16.2,0.3,-0.92
STD-4324,Dropout,1,95.4,Tinggi,Management (evening),Over 23 years old,Kelas Malam,Perempuan,28-35,28,Single,Ya,Lunas,Tidak,Tidak,Tidak,Domestik,105.3,133.1,5,2,10.5,5,0,0.0,20.0,5.25,Kritis (<25%),12.4,0.5,1.79
STD-4325,Graduate,0,1.1,Rendah,Nursing,1st phase - general,Reguler (Siang),Perempuan,<=20,19,Single,Tidak,Lunas,Ya,Tidak,Tidak,Domestik,139.8,141.0,8,7,14.4,8,7,14.4,87.5,14.4,Baik (>75%),12.7,3.7,-1.7
STD-4326,Graduate,0,18.9,Rendah,Social Service (eve),Holder of other higher course,Kelas Malam,Perempuan,28-35,32,Married,Tidak,Lunas,Tidak,Tidak,Tidak,Domestik,130.0,130.0,14,13,12.846153846153848,11,10,12.8,92.0,12.82,Baik (>75%),10.8,1.4,1.74
STD-4327,Dropout,1,92.8,Tinggi,Social Service (eve),Over 23 years old,Kelas Malam,Perempuan,24-27,26,Single,Ya,Menunggak,Tidak,Tidak,Tidak,Domestik,127.5,110.0,6,4,12.0,6,5,13.2,75.0,12.6,Sedang (50-75%),16.2,0.3,-0.92
STD-4328,Dropout,1,95.1,Tinggi,Management,Over 23 years old,Reguler (Siang),Perempuan,24-27,25,Married,Tidak,Lunas,Tidak,Tidak,Tidak,Domestik,120.0,133.1,5,0,0.0,5,0,0.0,0.0,0.0,Kritis (<25%),9.4,-0.8,-3.12
STD-4329,Dropout,1,19.0,Rendah,Basic Education,Change of course,Reguler (Siang),Perempuan,28-35,31,Married,Tidak,Lunas,Tidak,Tidak,Tidak,Domestik,124.2,130.0,7,6,13.666666666666666,6,5,13.5,84.6,13.58,Baik (>75%),9.4,-0.8,-3.12
STD-4330,Graduate,0,1.4,Rendah,Social Service,2nd phase - general,Reguler (Siang),Perempuan,<=20,20,Single,Tidak,Lunas,Ya,Ya,Tidak,Domestik,113.4,120.0,6,5,11.857142857142858,6,6,11.666666666666666,91.7,11.76,Baik (>75%),12.7,3.7,-1.7
STD-4331,Dropout,1,95.2,Tinggi,Social Service,1st phase - general,Reguler (Siang),Perempuan,<=20,19,Single,Tidak,Lunas,Tidak,Ya,Tidak,Domestik,118.0,133.1,6,0,0.0,6,0,0.0,0.0,0.0,Kritis (<25%),12.7,3.7,-1.7
STD-4332,Dropout,1,52.9,Sedang,Animation & Multimedia,2nd phase - general,Reguler (Siang),Perempuan,21-23,23,Single,Tidak,Lunas,Tidak,Ya,Tidak,Domestik,130.0,145.0,0,0,0.0,0,0,0.0,0.0,0.0,Kritis (<25%),11.1,0.6,2.02
STD-4333,Graduate,0,2.8,Rendah,Social Service,1st phase - general,Reguler (Siang),Perempuan,<=20,18,Single,Tidak,Lunas,Tidak,Ya,Tidak,Domestik,135.9,131.0,6,5,13.2,6,6,11.333333333333334,91.7,12.27,Baik (>75%),9.4,-0.8,-3.12
STD-4334,Dropout,1,5.3,Rendah,Social Service,1st phase - general,Reguler (Siang),Perempuan,<=20,19,Single,Tidak,Lunas,Ya,Ya,Tidak,Domestik,135.8,147.0,6,6,12.714285714285714,6,5,11.0,91.7,11.86,Baik (>75%),13.9,-0.3,0.79
STD-4335,Graduate,0,2.6,Rendah,Tourism,1st phase - general,Reguler (Siang),Perempuan,<=20,18,Single,Tidak,Lunas,Tidak,Tidak,Tidak,Domestik,133.1,138.0,6,6,12.5,6,6,12.666666666666666,100.0,12.58,Baik (>75%),15.5,2.8,-4.06
STD-4336,Enrolled,0,25.8,Rendah,Management,1st phase - general,Reguler (Siang),Perempuan,21-23,21,Single,Tidak,Lunas,Tidak,Ya,Tidak,Domestik,118.8,123.0,5,3,10.666666666666666,5,2,12.5,50.0,11.58,Rendah (25-50%),7.6,2.6,0.32
STD-4337,Enrolled,0,74.6,Tinggi,Journalism & Comm,1st phase - general,Reguler (Siang),Perempuan,<=20,20,Single,Tidak,Lunas,Tidak,Ya,Tidak,Domestik,117.1,129.0,6,1,17.0,6,1,17.0,16.7,17.0,Kritis (<25%),9.4,-0.8,-3.12
STD-4338,Graduate,0,4.3,Rendah,Veterinary Nursing,1st phase - general,Reguler (Siang),Perempuan,24-27,24,Single,Tidak,Lunas,Tidak,Ya,Tidak,Domestik,114.5,125.0,5,5,13.0,5,4,13.25,90.0,13.12,Baik (>75%),12.7,3.7,-1.7
STD-4339,Enrolled,0,4.8,Rendah,Advertising & Marketing,1st phase - general,Reguler (Siang),Perempuan,<=20,18,Single,Tidak,Lunas,Ya,Tidak,Tidak,Domestik,127.2,131.0,5,3,12.666666666666666,5,4,12.5,70.0,12.58,Sedang (50-75%),9.4,-0.8,-3.12
STD-4340,Graduate,0,9.7,Rendah,Nursing,Transfer,Reguler (Siang),Perempuan,24-27,25,Single,Tidak,Lunas,Tidak,Ya,Tidak,Domestik,130.0,100.0,14,12,13.291666666666666,14,12,13.291666666666666,85.7,13.29,Baik (>75%),7.6,2.6,0.32
STD-4341,Graduate,0,8.8,Rendah,Veterinary Nursing,2nd phase - general,Reguler (Siang),Perempuan,<=20,20,Single,Tidak,Lunas,Tidak,Tidak,Tidak,Domestik,116.1,120.0,5,3,11.666666666666666,5,4,11.5,70.0,11.58,Sedang (50-75%),9.4,-0.8,-3.12
STD-4342,Graduate,0,1.2,Rendah,Nursing,2nd phase - general,Reguler (Siang),Perempuan,<=20,18,Single,Tidak,Lunas,Tidak,Ya,Tidak,Domestik,130.5,145.0,8,7,14.24,8,7,14.24,87.5,14.24,Baik (>75%),10.8,1.4,1.74
STD-4343,Dropout,1,48.0,Sedang,Advertising & Marketing,Over 23 years old,Reguler (Siang),Perempuan,24-27,24,Single,Tidak,Lunas,Tidak,Ya,Tidak,Domestik,104.0,120.0,5,3,13.0,5,3,11.333333333333334,60.0,12.17,Sedang (50-75%),7.6,2.6,0.32
STD-4344,Enrolled,0,9.1,Rendah,Nursing,2nd phase - general,Reguler (Siang),Perempuan,<=20,18,Single,Tidak,Lunas,Tidak,Ya,Tidak,Domestik,128.5,140.0,7,5,14.06,7,6,12.571428571428571,78.6,13.32,Baik (>75%),12.4,0.5,1.79
STD-4345,Dropout,1,68.2,Tinggi,Social Service,2nd phase - general,Reguler (Siang),Perempuan,21-23,21,Single,Ya,Menunggak,Tidak,Tidak,Tidak,Domestik,126.0,134.0,6,5,11.833333333333334,6,5,13.2,83.3,12.52,Baik (>75%),13.9,-0.3,0.79
STD-4346,Graduate,0,5.7,Rendah,Journalism & Comm,1st phase - general,Reguler (Siang),Perempuan,<=20,18,Single,Tidak,Lunas,Tidak,Ya,Tidak,Domestik,141.1,140.0,6,6,12.833333333333334,6,6,13.333333333333334,100.0,13.08,Baik (>75%),9.4,-0.8,-3.12
STD-4347,Dropout,1,79.9,Tinggi,Tourism,2nd phase - general,Reguler (Siang),Perempuan,<=20,20,Single,Tidak,Lunas,Tidak,Ya,Tidak,Domestik,102.8,107.0,6,1,10.0,6,0,0.0,8.3,5.0,Kritis (<25%),10.8,1.4,1.74
STD-4348,Dropout,1,38.5,Sedang,Management,2nd phase - general,Reguler (Siang),Perempuan,<=20,19,Single,Tidak,Lunas,Tidak,Ya,Tidak,Domestik,129.2,133.0,5,2,11.0,5,2,10.0,40.0,10.5,Rendah (25-50%),7.6,2.6,0.32
STD-4349,Graduate,0,2.7,Rendah,Nursing,1st phase - general,Reguler (Siang),Perempuan,<=20,20,Single,Tidak,Lunas,Tidak,Ya,Tidak,Domestik,119.3,127.0,7,7,14.105714285714289,8,8,13.6625,100.0,13.88,Baik (>75%),11.1,0.6,2.02
STD-4350,Graduate,0,2.9,Rendah,Nursing,1st phase - general,Reguler (Siang),Perempuan,<=20,20,Single,Tidak,Lunas,Tidak,Ya,Tidak,Domestik,126.3,141.0,8,7,12.471428571428572,8,7,12.471428571428572,87.5,12.47,Baik (>75%),12.7,3.7,-1.7
STD-4351,Graduate,0,3.2,Rendah,Veterinary Nursing,Tech. specialization holder,Reguler (Siang),Perempuan,<=20,20,Single,Tidak,Lunas,Ya,Ya,Tidak,Domestik,140.0,140.0,6,6,11.833333333333334,6,5,11.857142857142858,91.7,11.85,Baik (>75%),12.4,0.5,1.79
STD-4352,Graduate,0,5.1,Rendah,Communication Design,1st phase - general,Reguler (Siang),Perempuan,<=20,20,Single,Tidak,Lunas,Tidak,Ya,Tidak,Domestik,131.5,150.0,6,6,12.5,6,6,12.833333333333334,100.0,12.67,Baik (>75%),7.6,2.6,0.32
STD-4353,Dropout,1,14.2,Rendah,Basic Education,1st phase - general,Reguler (Siang),Perempuan,<=20,18,Single,Tidak,Lunas,Tidak,Ya,Tidak,Domestik,137.6,140.0,6,6,11.666666666666666,6,6,12.333333333333334,100.0,12.0,Baik (>75%),10.8,1.4,1.74
STD-4354,Graduate,0,21.6,Rendah,Animation & Multimedia,1st phase - general,Reguler (Siang),Perempuan,<=20,18,Single,Tidak,Lunas,Tidak,Ya,Tidak,Domestik,142.8,141.0,0,0,0.0,0,0,0.0,0.0,0.0,Kritis (<25%),12.4,0.5,1.79
STD-4355,Enrolled,0,13.3,Rendah,Management (evening),Over 23 years old,Kelas Malam,Perempuan,28-35,30,Divorced,Tidak,Lunas,Tidak,Tidak,Tidak,Domestik,146.2,150.0,5,3,10.333333333333334,5,4,12.8,70.0,11.57,Sedang (50-75%),12.4,0.5,1.79
STD-4356,Graduate,0,7.5,Rendah,Veterinary Nursing,1st phase - general,Reguler (Siang),Perempuan,<=20,18,Single,Tidak,Lunas,Tidak,Ya,Tidak,Domestik,162.1,160.0,5,5,16.166666666666668,5,5,14.285714285714286,100.0,15.23,Baik (>75%),9.4,-0.8,-3.12
STD-4357,Dropout,1,93.7,Tinggi,Veterinary Nursing,Over 23 years old,Reguler (Siang),Perempuan,28-35,35,Single,Tidak,Lunas,Tidak,Tidak,Tidak,Domestik,140.0,133.1,6,3,12.666666666666666,6,0,0.0,25.0,6.33,Kritis (<25%),11.1,0.6,2.02
STD-4358,Dropout,1,95.5,Tinggi,Social Service (eve),Over 23 years old,Kelas Malam,Perempuan,28-35,31,Single,Ya,Menunggak,Tidak,Tidak,Tidak,Domestik,120.0,133.1,6,2,10.5,6,3,12.333333333333334,41.7,11.42,Rendah (25-50%),11.1,0.6,2.02
STD-4359,Dropout,1,80.9,Tinggi,Tourism,Change of course,Reguler (Siang),Perempuan,<=20,19,Single,Ya,Lunas,Tidak,Ya,Tidak,Domestik,133.3,134.0,6,2,11.5,6,1,11.0,25.0,11.25,Kritis (<25%),7.6,2.6,0.32
STD-4360,Graduate,0,5.2,Rendah,Social Service,1st phase - general,Reguler (Siang),Perempuan,<=20,19,Single,Tidak,Lunas,Tidak,Ya,Tidak,Domestik,124.8,130.0,6,6,13.0,6,5,13.4,91.7,13.2,Baik (>75%),8.9,1.4,3.51
STD-4361,Graduate,0,2.6,Rendah,Nursing,2nd phase - general,Reguler (Siang),Perempuan,<=20,19,Single,Tidak,Lunas,Tidak,Ya,Tidak,Domestik,133.3,140.0,7,6,11.966666666666669,7,6,11.966666666666669,85.7,11.97,Baik (>75%),7.6,2.6,0.32
STD-4362,Graduate,0,3.1,Rendah,Nursing,2nd phase - general,Reguler (Siang),Perempuan,<=20,19,Single,Tidak,Lunas,Tidak,Tidak,Tidak,Domestik,141.8,145.0,8,8,13.3475,8,8,13.3475,100.0,13.35,Baik (>75%),9.4,-0.8,-3.12
STD-4363,Graduate,0,9.1,Rendah,Veterinary Nursing,1st phase - general,Reguler (Siang),Perempuan,21-23,21,Single,Tidak,Lunas,Tidak,Tidak,Tidak,Domestik,128.2,133.0,5,5,12.0,5,4,12.5,90.0,12.25,Baik (>75%),7.6,2.6,0.32
STD-4364,Dropout,1,95.7,Tinggi,Basic Education,2nd phase - general,Reguler (Siang),Perempuan,<=20,18,Single,Tidak,Lunas,Tidak,Tidak,Tidak,Domestik,115.0,133.1,6,2,10.5,6,0,0.0,16.7,5.25,Kritis (<25%),7.6,2.6,0.32
STD-4365,Enrolled,0,51.2,Sedang,Social Service,2nd phase - general,Reguler (Siang),Perempuan,<=20,18,Single,Tidak,Lunas,Tidak,Ya,Tidak,Domestik,123.6,132.0,6,4,11.5,6,4,10.75,66.7,11.12,Sedang (50-75%),7.6,2.6,0.32
STD-4366,Graduate,0,30.2,Sedang,Animation & Multimedia,1st phase - general,Reguler (Siang),Laki-laki,<=20,19,Single,Tidak,Lunas,Tidak,Ya,Tidak,Domestik,120.2,117.0,0,0,0.0,0,0,0.0,0.0,0.0,Kritis (<25%),7.6,2.6,0.32
STD-4367,Graduate,0,22.8,Rendah,Advertising & Marketing,1st phase - general,Reguler (Siang),Laki-laki,<=20,18,Single,Tidak,Lunas,Tidak,Ya,Tidak,Domestik,127.0,127.0,6,6,13.571428571428571,6,4,14.0,83.3,13.79,Baik (>75%),12.4,0.5,1.79
STD-4368,Graduate,0,2.3,Rendah,Veterinary Nursing,2nd phase - general,Reguler (Siang),Laki-laki,<=20,18,Single,Tidak,Lunas,Tidak,Ya,Tidak,Domestik,120.4,134.0,6,6,14.7,6,6,12.0,100.0,13.35,Baik (>75%),16.2,0.3,-0.92
STD-4369,Dropout,1,96.4,Tinggi,Management (evening),Over 23 years old,Kelas Malam,Laki-laki,24-27,25,Single,Tidak,Menunggak,Tidak,Ya,Tidak,Domestik,120.0,120.0,5,0,0.0,5,0,0.0,0.0,0.0,Kritis (<25%),9.4,-0.8,-3.12
STD-4370,Enrolled,0,3.4,Rendah,Nursing,1st phase - general,Reguler (Siang),Laki-laki,<=20,18,Single,Tidak,Lunas,Tidak,Ya,Tidak,Domestik,120.0,136.0,7,6,11.833333333333334,7,6,11.833333333333334,85.7,11.83,Baik (>75%),7.6,2.6,0.32
STD-4371,Graduate,0,44.7,Sedang,Animation & Multimedia,1st phase - general,Reguler (Siang),Laki-laki,<=20,19,Single,Tidak,Lunas,Tidak,Ya,Tidak,Domestik,133.9,137.0,0,0,0.0,0,0,0.0,0.0,0.0,Kritis (<25%),12.7,3.7,-1.7
STD-4372,Graduate,0,2.2,Rendah,Nursing,1st phase - general,Reguler (Siang),Laki-laki,<=20,18,Single,Tidak,Lunas,Tidak,Ya,Tidak,Domestik,113.5,118.0,7,7,13.175714285714289,8,8,14.925,100.0,14.05,Baik (>75%),12.4,0.5,1.79
STD-4373,Dropout,1,95.5,Tinggi,Agronomy,Over 23 years old,Reguler (Siang),Laki-laki,24-27,24,Single,Tidak,Lunas,Tidak,Tidak,Tidak,Domestik,126.1,130.0,6,0,0.0,6,0,0.0,0.0,0.0,Kritis (<25%),12.4,0.5,1.79
STD-4374,Enrolled,0,5.4,Rendah,Social Service,1st phase - general,Reguler (Siang),Perempuan,<=20,19,Single,Tidak,Lunas,Tidak,Tidak,Tidak,Domestik,121.2,124.0,6,2,13.0,6,6,10.833333333333334,66.7,11.92,Sedang (50-75%),7.6,2.6,0.32
STD-4375,Graduate,0,2.9,Rendah,Nursing,Holder of other higher course,Reguler (Siang),Perempuan,28-35,29,Facto Union,Tidak,Lunas,Tidak,Tidak,Tidak,Domestik,150.0,150.0,8,7,13.742857142857144,8,7,13.742857142857144,87.5,13.74,Baik (>75%),12.7,3.7,-1.7
STD-4376,Dropout,1,90.9,Tinggi,Management (evening),Change of course,Kelas Malam,Perempuan,24-27,27,Single,Tidak,Lunas,Tidak,Ya,Tidak,Domestik,100.0,161.0,5,0,0.0,5,0,0.0,0.0,0.0,Kritis (<25%),7.6,2.6,0.32
STD-4377,Graduate,0,15.5,Rendah,Nursing,2nd phase - general,Reguler (Siang),Perempuan,<=20,18,Single,Tidak,Lunas,Tidak,Ya,Tidak,Domestik,127.3,143.0,7,7,12.217142857142855,8,7,12.11875,93.3,12.17,Baik (>75%),11.1,0.6,2.02
STD-4378,Dropout,1,33.1,Sedang,Management (evening),Change of course,Kelas Malam,Perempuan,28-35,28,Married,Tidak,Lunas,Tidak,Tidak,Tidak,Domestik,103.8,130.0,15,14,11.071428571428571,14,12,11.333333333333334,89.7,11.2,Baik (>75%),9.4,-0.8,-3.12
STD-4379,Graduate,0,3.6,Rendah,Basic Education,Over 23 years old,Reguler (Siang),Perempuan,28-35,32,Married,Tidak,Lunas,Ya,Tidak,Tidak,Domestik,131.0,133.1,7,7,13.428571428571429,8,8,13.25,100.0,13.34,Baik (>75%),13.9,-0.3,0.79
STD-4380,Dropout,1,9.3,Rendah,Management (evening),Over 23 years old,Kelas Malam,Perempuan,28-35,30,Single,Tidak,Lunas,Tidak,Tidak,Tidak,Domestik,133.9,110.0,5,5,11.4,5,5,13.666666666666666,100.0,12.53,Baik (>75%),10.8,1.4,1.74
STD-4381,Dropout,1,68.7,Tinggi,Nursing,Holder of other higher course,Reguler (Siang),Perempuan,28-35,29,Single,Tidak,Lunas,Tidak,Tidak,Tidak,Domestik,140.0,140.0,8,4,11.325,8,4,11.325,50.0,11.32,Rendah (25-50%),12.7,3.7,-1.7
STD-4382,Enrolled,0,46.5,Sedang,Social Service,1st phase - general,Reguler (Siang),Perempuan,<=20,20,Single,Tidak,Lunas,Tidak,Tidak,Tidak,Domestik,121.4,145.0,6,0,0.0,5,0,0.0,0.0,0.0,Kritis (<25%),9.4,-0.8,-3.12
STD-4383,Graduate,0,1.9,Rendah,Nursing,1st phase - general,Reguler (Siang),Perempuan,<=20,19,Single,Tidak,Lunas,Tidak,Tidak,Tidak,Domestik,122.0,131.0,8,7,15.0,8,7,15.0,87.5,15.0,Baik (>75%),12.7,3.7,-1.7
STD-4384,Graduate,0,6.6,Rendah,Social Service (eve),Over 23 years old,Kelas Malam,Perempuan,28-35,29,Single,Tidak,Lunas,Tidak,Tidak,Tidak,Domestik,150.5,141.0,6,6,13.166666666666666,6,6,15.625,100.0,14.4,Baik (>75%),12.4,0.5,1.79
STD-4385,Dropout,1,82.2,Tinggi,Social Service,1st phase - general,Reguler (Siang),Perempuan,24-27,27,Married,Tidak,Menunggak,Tidak,Tidak,Tidak,Domestik,139.4,145.0,6,2,11.0,6,4,10.5,50.0,10.75,Rendah (25-50%),9.4,-0.8,-3.12
STD-4386,Dropout,1,90.0,Tinggi,Social Service,1st phase - general,Reguler (Siang),Perempuan,<=20,19,Single,Tidak,Lunas,Tidak,Tidak,Tidak,Domestik,112.6,122.0,6,0,0.0,6,0,0.0,0.0,0.0,Kritis (<25%),12.4,0.5,1.79
STD-4387,Dropout,1,47.3,Sedang,Advertising & Marketing,2nd phase - general,Reguler (Siang),Perempuan,21-23,21,Single,Tidak,Lunas,Ya,Ya,Tidak,Domestik,115.2,118.0,5,3,12.333333333333334,5,2,12.5,50.0,12.42,Rendah (25-50%),7.6,2.6,0.32
STD-4388,Dropout,1,88.0,Tinggi,Management (evening),1st phase - general,Kelas Malam,Perempuan,28-35,29,Married,Tidak,Menunggak,Tidak,Tidak,Tidak,Domestik,131.8,150.0,5,4,12.25,5,5,10.166666666666666,90.0,11.21,Baik (>75%),10.8,1.4,1.74
STD-4389,Dropout,1,79.8,Tinggi,Management,Change of course,Reguler (Siang),Perempuan,>35,42,Married,Ya,Menunggak,Tidak,Tidak,Tidak,Domestik,122.8,120.0,13,13,11.923076923076923,12,12,12.5,100.0,12.21,Baik (>75%),15.5,2.8,-4.06
STD-4390,Graduate,0,1.5,Rendah,Social Service,1st phase - general,Reguler (Siang),Perempuan,<=20,18,Single,Tidak,Lunas,Ya,Tidak,Tidak,Domestik,156.2,167.0,6,6,14.333333333333334,6,6,14.142857142857142,100.0,14.24,Baik (>75%),15.5,2.8,-4.06
STD-4391,Graduate,0,5.6,Rendah,Veterinary Nursing,Over 23 years old,Reguler (Siang),Perempuan,24-27,24,Single,Tidak,Lunas,Tidak,Ya,Tidak,Domestik,132.0,150.0,5,5,12.0,5,5,13.0,100.0,12.5,Baik (>75%),10.8,1.4,1.74
STD-4392,Enrolled,0,8.4,Rendah,Nursing,Holder of other higher course,Reguler (Siang),Perempuan,28-35,32,Married,Tidak,Lunas,Tidak,Tidak,Tidak,Domestik,130.0,130.0,7,7,13.761111111111113,8,7,12.06375,93.3,12.91,Baik (>75%),15.5,2.8,-4.06
STD-4393,Enrolled,0,9.2,Rendah,Management,1st phase - general,Reguler (Siang),Perempuan,<=20,18,Single,Tidak,Lunas,Tidak,Tidak,Tidak,Domestik,138.4,151.0,5,4,11.25,5,5,11.0,90.0,11.12,Baik (>75%),10.8,1.4,1.74
STD-4394,Graduate,0,38.5,Sedang,Management (evening),Over 23 years old,Kelas Malam,Perempuan,24-27,27,Single,Tidak,Lunas,Tidak,Tidak,Tidak,Domestik,146.2,120.0,5,3,12.333333333333334,5,3,10.666666666666666,60.0,11.5,Sedang (50-75%),11.1,0.6,2.02
STD-4395,Graduate,0,3.7,Rendah,Nursing,1st phase - general,Reguler (Siang),Perempuan,<=20,18,Single,Tidak,Lunas,Tidak,Ya,Tidak,Domestik,166.0,168.0,8,8,14.88875,8,8,14.88875,100.0,14.89,Baik (>75%),9.4,-0.8,-3.12
STD-4396,Dropout,1,25.4,Rendah,Journalism & Comm,2nd phase - general,Reguler (Siang),Perempuan,<=20,19,Single,Ya,Lunas,Ya,Ya,Tidak,Domestik,133.1,153.0,6,6,12.166666666666666,6,5,12.4,91.7,12.28,Baik (>75%),9.4,-0.8,-3.12
STD-4397,Graduate,0,7.6,Rendah,Journalism & Comm,1st phase - general,Reguler (Siang),Perempuan,<=20,18,Single,Tidak,Lunas,Ya,Ya,Tidak,Domestik,121.9,131.0,6,6,12.666666666666666,6,6,13.333333333333334,100.0,13.0,Baik (>75%),11.1,0.6,2.02
STD-4398,Enrolled,0,52.9,Sedang,Basic Education,1st phase - Azores,Reguler (Siang),Perempuan,21-23,21,Single,Tidak,Lunas,Tidak,Ya,Tidak,Domestik,110.4,116.0,6,5,12.6,6,3,11.666666666666666,66.7,12.13,Sedang (50-75%),9.4,-0.8,-3.12
STD-4399,Graduate,0,9.9,Rendah,Management,Over 23 years old,Reguler (Siang),Perempuan,24-27,26,Single,Tidak,Lunas,Ya,Tidak,Ya,Domestik,121.4,160.0,5,4,13.0,5,4,12.25,80.0,12.62,Baik (>75%),16.2,0.3,-0.92
STD-4400,Graduate,0,2.0,Rendah,Tourism,1st phase - general,Reguler (Siang),Perempuan,21-23,22,Single,Tidak,Lunas,Ya,Ya,Tidak,Domestik,137.0,152.0,6,6,13.875,6,6,14.333333333333334,100.0,14.1,Baik (>75%),9.4,-0.8,-3.12
STD-4401,Dropout,1,58.0,Sedang,Management (evening),Over 23 years old,Kelas Malam,Laki-laki,>35,37,Married,Ya,Lunas,Tidak,Tidak,Tidak,Domestik,140.0,133.1,5,4,10.75,5,3,13.333333333333334,70.0,12.04,Sedang (50-75%),9.4,-0.8,-3.12
STD-4402,Dropout,1,82.0,Tinggi,Veterinary Nursing,Holder of other higher course,Reguler (Siang),Laki-laki,24-27,24,Single,Tidak,Lunas,Tidak,Tidak,Tidak,Domestik,140.0,150.0,5,3,14.666666666666666,5,0,0.0,30.0,7.33,Rendah (25-50%),7.6,2.6,0.32
STD-4403,Enrolled,0,6.6,Rendah,Basic Education,3rd phase - general,Reguler (Siang),Laki-laki,<=20,18,Single,Tidak,Lunas,Tidak,Ya,Tidak,Domestik,126.8,168.0,6,5,12.6,6,6,13.0,91.7,12.8,Baik (>75%),10.8,1.4,1.74
STD-4404,Graduate,0,6.3,Rendah,Nursing,2nd phase - general,Reguler (Siang),Laki-laki,<=20,19,Single,Tidak,Lunas,Ya,Ya,Tidak,Domestik,124.8,137.0,7,6,12.4125,8,7,11.2625,86.7,11.84,Baik (>75%),15.5,2.8,-4.06
STD-4405,Dropout,1,97.5,Tinggi,Equinculture,Over 23 years old,Reguler (Siang),Laki-laki,28-35,28,Married,Ya,Menunggak,Tidak,Ya,Tidak,Domestik,120.0,133.1,6,1,11.0,6,2,10.5,25.0,10.75,Kritis (<25%),16.2,0.3,-0.92
STD-4406,Graduate,0,1.8,Rendah,Nursing,1st phase - general,Reguler (Siang),Laki-laki,<=20,18,Single,Tidak,Lunas,Ya,Ya,Tidak,Domestik,133.0,160.0,8,7,14.314285714285717,8,7,14.314285714285717,87.5,14.31,Baik (>75%),12.7,3.7,-1.7
STD-4407,Enrolled,0,51.9,Sedang,Communication Design,1st phase - general,Reguler (Siang),Laki-laki,<=20,20,Single,Tidak,Lunas,Tidak,Ya,Tidak,Domestik,127.5,145.0,6,4,12.0,6,2,11.333333333333334,50.0,11.67,Rendah (25-50%),10.8,1.4,1.74
STD-4408,Graduate,0,4.7,Rendah,Journalism & Comm,1st phase - general,Reguler (Siang),Laki-laki,<=20,18,Single,Tidak,Lunas,Tidak,Ya,Tidak,Domestik,131.7,138.0,6,6,12.833333333333334,6,6,13.285714285714286,100.0,13.06,Baik (>75%),15.5,2.8,-4.06
STD-4409,Dropout,1,32.5,Sedang,Journalism & Comm,Over 23 years old,Reguler (Siang),Laki-laki,>35,47,Married,Tidak,Lunas,Tidak,Tidak,Tidak,Domestik,133.0,100.0,6,5,11.4,6,6,11.666666666666666,91.7,11.53,Baik (>75%),12.7,3.7,-1.7
STD-4410,Graduate,0,4.9,Rendah,Management (evening),Change of course,Kelas Malam,Laki-laki,>35,38,Married,Tidak,Lunas,Tidak,Tidak,Tidak,Domestik,122.7,140.0,5,5,14.6,5,5,14.333333333333334,100.0,14.47,Baik (>75%),13.9,-0.3,0.79
STD-4411,Graduate,0,3.6,Rendah,Communication Design,1st phase - general,Reguler (Siang),Laki-laki,<=20,20,Single,Tidak,Lunas,Ya,Tidak,Tidak,Domestik,121.2,124.0,6,6,13.5,6,5,12.5,91.7,13.0,Baik (>75%),10.8,1.4,1.74
STD-4412,Dropout,1,34.0,Sedang,Equinculture,Tech. specialization holder,Reguler (Siang),Laki-laki,21-23,21,Single,Tidak,Lunas,Tidak,Ya,Tidak,Domestik,150.0,150.0,6,6,12.5,6,3,13.333333333333334,75.0,12.92,Sedang (50-75%),13.9,-0.3,0.79
STD-4413,Enrolled,0,8.3,Rendah,Communication Design,Change of course,Reguler (Siang),Laki-laki,<=20,19,Single,Tidak,Lunas,Ya,Ya,Tidak,Domestik,133.4,125.0,6,4,13.0,6,5,12.2,75.0,12.6,Sedang (50-75%),13.9,-0.3,0.79
STD-4414,Enrolled,0,68.2,Tinggi,Biofuel Production Tech,Change of course,Reguler (Siang),Laki-laki,24-27,25,Single,Tidak,Lunas,Tidak,Ya,Tidak,Domestik,121.2,143.0,10,5,11.6,8,2,13.0,38.9,12.3,Rendah (25-50%),12.4,0.5,1.79
STD-4415,Graduate,0,5.7,Rendah,Equinculture,1st phase - general,Reguler (Siang),Perempuan,<=20,18,Single,Tidak,Lunas,Tidak,Ya,Tidak,Domestik,129.3,137.0,5,5,11.8,5,5,11.6,100.0,11.7,Baik (>75%),9.4,-0.8,-3.12
STD-4416,Dropout,1,93.5,Tinggi,Nursing,Over 23 years old,Reguler (Siang),Perempuan,>35,46,Divorced,Ya,Menunggak,Tidak,Tidak,Tidak,Domestik,117.8,133.1,7,3,12.333333333333334,7,3,11.083333333333334,42.9,11.71,Rendah (25-50%),11.1,0.6,2.02
STD-4417,Graduate,0,9.7,Rendah,Nursing,Change of course,Reguler (Siang),Perempuan,21-23,23,Single,Tidak,Lunas,Tidak,Tidak,Tidak,Domestik,131.3,136.0,14,12,12.625,14,12,12.625,85.7,12.62,Baik (>75%),7.6,2.6,0.32
STD-4418,Graduate,0,2.3,Rendah,Communication Design,1st phase - general,Reguler (Siang),Perempuan,<=20,20,Single,Tidak,Lunas,Ya,Ya,Tidak,Domestik,133.8,132.0,6,6,13.833333333333334,6,6,13.5,100.0,13.67,Baik (>75%),16.2,0.3,-0.92
STD-4419,Graduate,0,10.1,Rendah,Communication Design,Tech. specialization holder,Reguler (Siang),Laki-laki,<=20,20,Single,Tidak,Lunas,Tidak,Tidak,Tidak,Domestik,120.0,120.0,7,6,12.5,9,7,13.142857142857142,81.2,12.82,Baik (>75%),16.2,0.3,-0.92
STD-4420,Graduate,0,19.2,Rendah,Journalism & Comm,1st phase - general,Reguler (Siang),Laki-laki,<=20,19,Single,Tidak,Lunas,Tidak,Tidak,Tidak,Domestik,122.2,125.0,6,5,13.6,6,5,12.666666666666666,83.3,13.13,Baik (>75%),15.5,2.8,-4.06
STD-4421,Dropout,1,90.7,Tinggi,Journalism & Comm,1st phase - general,Reguler (Siang),Perempuan,<=20,18,Single,Ya,Menunggak,Tidak,Ya,Tidak,Internasional,119.0,120.0,6,6,12.0,6,2,11.0,66.7,11.5,Sedang (50-75%),11.1,0.6,2.02
STD-4422,Dropout,1,74.4,Tinggi,Nursing,1st phase - general,Reguler (Siang),Perempuan,28-35,30,Single,Tidak,Lunas,Ya,Ya,Tidak,Domestik,149.5,154.0,7,7,14.9125,8,1,13.5,53.3,14.21,Sedang (50-75%),13.9,-0.3,0.79
STD-4423,Graduate,0,4.2,Rendah,Management,1st phase - general,Reguler (Siang),Perempuan,<=20,20,Single,Tidak,Lunas,Ya,Ya,Tidak,Domestik,153.8,180.0,5,5,13.8,5,5,12.0,100.0,12.9,Baik (>75%),9.4,-0.8,-3.12
STD-4424,Graduate,0,5.7,Rendah,Journalism & Comm,Ordinance 854-B/99,Reguler (Siang),Perempuan,21-23,22,Single,Tidak,Lunas,Tidak,Ya,Tidak,Internasional,152.0,152.0,6,6,11.666666666666666,6,6,13.0,100.0,12.33,Baik (>75%),12.7,3.7,-1.7
